customer_id,region,customer_type,acquisition_channel,tenure_months,orders,discount_pct,returns,revenue
C000001,East,SMB,Social,3,2,13.4,0,5041.8
C000002,South,SMB,Partner,8,5,8.7,0,11299.93
C000003,West,Consumer,Organic,23,3,7.2,0,4540.92
C000004,East,Consumer,Organic,8,2,6.4,0,3303.0
C000005,North,Consumer,Referral,38,7,7.6,0,8129.65
C000006,West,Consumer,Paid Search,42,7,11.7,0,10810.71
C000007,East,Consumer,Referral,40,6,8.4,0,9290.24
C000008,West,Enterprise,Referral,4,1,5.2,0,7540.55
C000009,North,Consumer,Social,22,8,14.4,0,9025.06
C000010,South,Consumer,Organic,20,9,6.0,1,15046.31
C000011,South,SMB,Paid Search,39,11,16.6,1,38872.65
C000012,West,Consumer,Partner,5,5,6.2,0,11660.06
C000013,East,Consumer,Paid Search,20,4,9.3,1,4223.64
C000014,West,Consumer,Referral,5,2,7.9,0,3302.34
C000015,South,Enterprise,Organic,36,17,8.6,1,131973.67
C000016,South,Consumer,Organic,1,1,7.4,0,1219.08
C000017,South,Consumer,Paid Search,63,16,12.1,1,22145.27
C000018,North,SMB,Paid Search,27,6,15.7,0,14489.67
C000019,West,Consumer,Social,18,3,9.6,0,4345.87
C000020,East,SMB,Referral,11,2,10.0,0,5284.52
C000021,East,Consumer,Partner,41,1,7.1,0,1313.86
C000022,South,Consumer,Partner,5,3,9.9,0,5686.81
C000023,West,Consumer,Organic,1,3,8.0,0,6328.94
C000024,West,Enterprise,Organic,26,14,5.6,1,118317.99
C000025,East,Consumer,Partner,17,6,8.2,0,6738.65
C000026,North,Consumer,Paid Search,23,4,10.8,0,5142.74
C000027,South,Enterprise,Paid Search,21,17,17.1,1,125834.13
C000028,North,Consumer,Organic,29,4,6.0,0,5010.82
C000029,North,SMB,Referral,18,5,7.7,0,10259.17
C000030,East,SMB,Organic,13,3,9.5,0,5598.56
C000031,East,Consumer,Organic,19,4,3.5,0,5974.63
C000032,West,SMB,Referral,32,9,6.3,0,30862.05
C000033,South,SMB,Social,33,11,17.8,1,31844.78
C000034,South,Consumer,Organic,24,5,10.3,0,7050.55
C000035,South,Enterprise,Social,2,2,15.1,0,14350.8
C000036,North,Enterprise,Paid Search,22,5,13.2,0,28035.21
C000037,North,SMB,Paid Search,4,4,7.2,0,9775.62
C000038,South,Consumer,Paid Search,34,6,15.8,0,7200.55
C000039,South,Consumer,Organic,31,7,1.8,0,8547.65
C000040,East,Consumer,Paid Search,9,1,10.4,0,1263.43
C000041,South,Consumer,Partner,28,9,8.6,0,11708.32
C000042,West,Consumer,Organic,19,3,3.1,0,4615.75
C000043,East,Consumer,Partner,10,1,2.2,0,982.17
C000044,South,SMB,Organic,28,11,1.3,0,40295.81
C000045,West,Consumer,Paid Search,48,8,12.3,0,12040.83
C000046,West,Consumer,Referral,13,3,11.5,0,3773.57
C000047,South,Consumer,Social,24,8,19.2,0,14037.07
C000048,South,Consumer,Organic,8,1,6.1,0,1524.48
C000049,East,Enterprise,Organic,11,6,5.5,0,44569.22
C000050,North,SMB,Referral,19,4,9.4,0,7954.95
C000051,North,Consumer,Organic,10,5,9.0,0,5836.05
C000052,North,Consumer,Referral,9,3,7.4,0,3658.37
C000053,West,SMB,Social,7,3,15.5,0,9337.13
C000054,East,Consumer,Organic,41,4,5.6,0,6181.16
C000055,East,SMB,Social,32,10,18.0,0,19753.84
C000056,West,Consumer,Organic,18,7,0.9,1,11304.39
C000057,South,Consumer,Partner,34,7,8.0,0,12612.1
C000058,South,Consumer,Partner,36,9,9.2,0,12597.46
C000059,North,SMB,Referral,16,7,1.3,0,15471.57
C000060,North,Enterprise,Partner,8,11,10.8,0,96144.26
C000061,East,SMB,Social,24,8,18.2,0,19235.83
C000062,South,Consumer,Organic,42,10,0.0,0,17489.05
C000063,South,SMB,Organic,30,10,3.8,1,38462.71
C000064,East,Consumer,Organic,47,8,3.9,1,12783.3
C000065,East,Consumer,Paid Search,35,8,9.3,0,11091.33
C000066,South,Enterprise,Referral,67,32,4.7,4,225603.54
C000067,South,Consumer,Paid Search,25,9,10.4,0,9831.89
C000068,South,Enterprise,Referral,15,6,8.8,0,54878.61
C000069,North,Consumer,Paid Search,32,8,15.7,0,10249.01
C000070,South,Consumer,Organic,43,13,6.7,1,20582.53
C000071,North,Consumer,Organic,22,7,2.3,0,14386.47
C000072,South,Enterprise,Partner,36,20,10.4,3,201303.11
C000073,West,Consumer,Paid Search,14,5,13.8,1,6542.69
C000074,South,SMB,Paid Search,35,11,3.2,0,30327.74
C000075,North,Consumer,Organic,72,11,8.7,0,17138.44
C000076,South,SMB,Partner,14,7,8.4,0,23209.95
C000077,South,Consumer,Organic,23,6,5.5,0,8961.42
C000078,East,Consumer,Referral,29,8,1.8,0,6136.22
C000079,South,SMB,Organic,18,7,9.8,0,17201.56
C000080,West,SMB,Organic,14,6,6.0,1,21046.92
C000081,East,Consumer,Social,20,5,17.3,0,4310.89
C000082,South,Consumer,Referral,39,11,3.0,0,19767.31
C000083,West,Consumer,Referral,5,4,8.5,0,6299.4
C000084,North,Enterprise,Organic,10,4,6.6,0,26046.23
C000085,North,SMB,Partner,17,7,7.5,0,23255.46
C000086,North,SMB,Referral,36,10,3.1,0,28611.38
C000087,East,SMB,Partner,20,7,7.8,0,16916.03
C000088,South,SMB,Organic,12,9,2.1,0,23104.03
C000089,North,Consumer,Paid Search,50,5,9.9,0,8759.81
C000090,South,Consumer,Paid Search,23,9,15.5,1,9886.32
C000091,North,SMB,Social,14,5,15.3,0,9987.07
C000092,East,Consumer,Social,29,3,14.8,0,3549.66
C000093,South,Consumer,Paid Search,28,6,8.5,0,7445.68
C000094,South,Consumer,Organic,23,4,4.9,0,9491.77
C000095,South,SMB,Organic,11,6,4.5,1,15518.49
C000096,East,SMB,Organic,36,7,2.1,0,21683.98
C000097,South,Consumer,Social,56,16,18.3,0,29959.22
C000098,North,Enterprise,Organic,26,14,8.1,0,126190.01
C000099,North,Consumer,Organic,6,3,2.7,0,3764.66
C000100,West,Consumer,Paid Search,72,10,13.2,1,14642.85
C000101,West,Enterprise,Organic,29,11,0.0,0,128741.87
C000102,East,SMB,Partner,9,3,9.0,0,5461.52
C000103,South,Enterprise,Paid Search,35,19,14.3,1,189618.74
C000104,West,SMB,Partner,42,15,4.6,0,49728.61
C000105,East,SMB,Referral,20,1,7.0,0,3664.47
C000106,East,Consumer,Referral,4,1,7.4,0,1361.92
C000107,South,Consumer,Paid Search,24,8,20.7,0,10791.1
C000108,South,Enterprise,Referral,8,6,14.7,0,54866.2
C000109,North,SMB,Referral,29,8,8.0,0,17230.53
C000110,West,Consumer,Organic,12,1,3.0,0,1297.79
C000111,South,Consumer,Partner,27,10,8.7,0,15274.91
C000112,North,Consumer,Paid Search,15,2,15.4,0,2285.62
C000113,South,Consumer,Paid Search,25,9,7.0,0,12220.61
C000114,South,SMB,Paid Search,35,16,5.7,0,74843.87
C000115,North,Consumer,Referral,36,11,3.6,0,22771.06
C000116,West,Consumer,Paid Search,10,3,14.3,0,2435.75
C000117,East,Enterprise,Paid Search,16,6,14.5,1,39560.41
C000118,East,Consumer,Organic,17,2,6.3,0,1993.37
C000119,South,Consumer,Paid Search,24,11,15.3,0,19350.93
C000120,East,Consumer,Organic,44,7,4.5,0,9435.53
C000121,South,Consumer,Partner,18,8,7.2,0,16420.3
C000122,East,Consumer,Paid Search,27,6,13.2,0,5918.15
C000123,North,Consumer,Partner,17,3,13.1,0,3233.78
C000124,South,Consumer,Referral,12,3,8.2,1,4349.37
C000125,North,Consumer,Social,5,5,14.7,0,5677.25
C000126,South,Consumer,Partner,14,4,9.2,0,5883.07
C000127,South,Consumer,Organic,7,2,9.3,1,3795.07
C000128,North,Enterprise,Referral,8,3,5.9,0,26346.53
C000129,North,Consumer,Organic,25,6,3.7,0,8168.01
C000130,South,Consumer,Organic,27,6,3.6,0,9647.07
C000131,North,SMB,Paid Search,37,12,14.4,1,22455.31
C000132,West,Consumer,Referral,3,8,4.7,0,8125.22
C000133,South,Consumer,Social,33,10,16.9,1,17469.44
C000134,South,SMB,Organic,1,6,0.6,0,16901.35
C000135,South,Consumer,Social,12,2,14.2,0,3771.78
C000136,North,Consumer,Organic,17,6,4.8,0,8058.58
C000137,West,SMB,Organic,12,8,10.4,3,23193.89
C000138,South,SMB,Organic,19,11,7.9,0,39473.83
C000139,West,Consumer,Referral,23,9,5.9,0,16121.99
C000140,North,Consumer,Paid Search,1,1,10.4,0,1212.64
C000141,South,Consumer,Organic,28,9,3.0,0,14610.76
C000142,South,SMB,Organic,13,3,1.6,0,9706.22
C000143,West,Consumer,Referral,32,11,11.8,0,16481.85
C000144,South,Consumer,Social,33,6,12.7,0,8983.13
C000145,South,Consumer,Organic,21,9,10.2,0,11523.51
C000146,South,Enterprise,Social,36,22,15.3,3,179514.98
C000147,South,Consumer,Referral,10,6,6.8,0,6885.71
C000148,South,Consumer,Paid Search,12,9,12.3,0,13031.42
C000149,South,Consumer,Organic,3,4,8.6,0,6176.96
C000150,North,SMB,Partner,28,5,5.4,0,11663.12
C000151,West,Consumer,Paid Search,20,6,13.5,0,7726.05
C000152,West,SMB,Paid Search,17,1,11.9,0,2504.31
C000153,North,Consumer,Partner,17,4,9.2,1,4934.98
C000154,South,Consumer,Social,15,3,14.4,0,4930.45
C000155,North,Consumer,Social,8,4,13.9,0,5666.48
C000156,East,Consumer,Social,6,1,16.6,0,1364.58
C000157,South,Consumer,Organic,56,11,0.9,0,27256.33
C000158,East,SMB,Social,27,9,19.2,1,24453.09
C000159,East,Consumer,Paid Search,17,7,12.3,0,6095.4
C000160,East,SMB,Partner,15,5,6.4,1,11083.33
C000161,North,Consumer,Paid Search,25,11,13.1,0,18753.21
C000162,West,Consumer,Organic,41,8,2.9,0,11305.49
C000163,South,Consumer,Paid Search,21,7,12.2,1,9247.06
C000164,North,Consumer,Social,70,14,15.3,1,19016.25
C000165,South,Consumer,Referral,29,7,10.8,0,9732.42
C000166,South,Enterprise,Social,13,12,15.8,0,132978.09
C000167,West,Enterprise,Organic,6,3,1.6,0,25509.95
C000168,West,SMB,Organic,39,7,6.7,0,33325.57
C000169,South,SMB,Referral,9,4,9.2,0,10715.59
C000170,West,Consumer,Paid Search,32,6,7.2,0,7689.55
C000171,South,Consumer,Referral,25,9,3.4,0,12138.19
C000172,South,Consumer,Partner,5,1,14.0,0,1212.34
C000173,South,SMB,Referral,24,10,6.0,1,35849.28
C000174,West,Consumer,Paid Search,27,7,11.1,1,7491.14
C000175,North,Consumer,Referral,15,5,6.9,0,5711.82
C000176,North,SMB,Partner,14,8,6.1,1,25004.08
C000177,South,Consumer,Referral,16,5,1.7,0,5254.47
C000178,West,SMB,Social,39,12,11.6,0,24890.72
C000179,West,Consumer,Paid Search,14,5,10.1,0,7006.41
C000180,East,SMB,Social,4,2,13.5,0,5068.21
C000181,West,SMB,Organic,20,3,2.7,0,8596.88
C000182,West,Consumer,Social,3,1,10.5,0,1537.95
C000183,South,Consumer,Partner,24,6,6.3,0,7809.5
C000184,South,Consumer,Partner,8,2,11.3,0,3962.17
C000185,East,Consumer,Organic,16,3,3.0,0,4713.61
C000186,East,Consumer,Social,8,3,14.5,0,2942.35
C000187,South,Consumer,Organic,48,11,9.3,0,15853.15
C000188,North,Consumer,Paid Search,25,8,9.9,0,7299.34
C000189,East,Consumer,Referral,8,4,16.2,0,5449.86
C000190,South,Consumer,Paid Search,21,1,14.7,0,1089.7
C000191,West,Enterprise,Paid Search,7,2,12.2,0,14071.74
C000192,South,Consumer,Referral,16,1,6.3,0,1458.05
C000193,North,Consumer,Referral,41,8,11.0,1,8109.89
C000194,West,Consumer,Referral,25,5,4.9,0,6339.89
C000195,North,Consumer,Referral,9,3,5.7,0,4571.64
C000196,North,Enterprise,Social,6,7,19.8,0,43195.09
C000197,South,Consumer,Paid Search,28,7,10.9,0,12251.21
C000198,West,SMB,Organic,54,14,3.6,0,49310.11
C000199,North,Consumer,Referral,17,4,5.0,0,4809.99
C000200,South,SMB,Social,39,12,9.2,1,32838.09
C000201,East,SMB,Organic,25,3,8.0,0,6806.33
C000202,West,SMB,Organic,27,11,4.9,0,30394.69
C000203,South,Consumer,Partner,6,4,11.2,0,7871.46
C000204,North,Consumer,Partner,16,8,7.5,0,11533.71
C000205,North,SMB,Referral,17,3,5.7,0,6090.21
C000206,South,Consumer,Social,2,1,13.0,0,1259.29
C000207,North,Consumer,Partner,11,1,10.1,0,1229.45
C000208,East,Consumer,Referral,12,4,4.6,0,5606.97
C000209,North,Consumer,Organic,9,5,6.2,0,10087.84
C000210,South,Consumer,Referral,16,5,7.1,0,8971.27
C000211,East,Consumer,Partner,31,6,4.9,0,7547.43
C000212,South,Consumer,Referral,32,10,5.7,0,13125.04
C000213,North,Consumer,Organic,44,8,5.0,0,15147.18
C000214,West,Consumer,Partner,35,10,7.1,0,13788.61
C000215,East,SMB,Social,22,11,20.7,1,17727.46
C000216,East,Consumer,Paid Search,45,6,12.7,0,7595.65
C000217,North,SMB,Partner,13,4,7.4,1,8678.78
C000218,North,Consumer,Social,18,1,13.9,0,1473.65
C000219,West,Consumer,Social,56,9,14.3,0,11227.57
C000220,South,SMB,Partner,12,6,6.2,0,17470.83
C000221,South,SMB,Organic,2,1,2.5,0,1857.99
C000222,South,SMB,Social,6,2,16.8,0,6811.78
C000223,East,SMB,Paid Search,17,8,16.6,0,14229.95
C000224,West,SMB,Partner,8,4,6.6,0,10185.38
C000225,South,SMB,Partner,5,5,9.3,0,15547.91
C000226,West,SMB,Social,32,7,13.0,0,18631.91
C000227,North,SMB,Social,25,8,15.3,1,32176.91
C000228,South,Consumer,Social,2,6,11.1,1,6233.22
C000229,East,Consumer,Organic,37,5,2.4,0,6102.11
C000230,North,Consumer,Paid Search,66,12,9.3,2,19105.86
C000231,North,Consumer,Organic,11,4,4.6,0,5238.64
C000232,South,SMB,Social,26,7,11.5,0,20429.9
C000233,West,Consumer,Referral,8,4,0.3,0,10532.81
C000234,South,Consumer,Referral,21,1,2.9,0,1623.39
C000235,West,SMB,Organic,26,2,4.5,0,7961.68
C000236,West,Consumer,Referral,17,5,4.6,0,8555.16
C000237,South,SMB,Paid Search,10,2,10.3,0,6861.1
C000238,West,Consumer,Partner,12,2,8.8,0,2761.03
C000239,North,Consumer,Partner,3,4,5.5,0,4093.49
C000240,North,Consumer,Referral,19,6,6.8,0,10426.32
C000241,West,Consumer,Social,51,8,21.4,0,11070.18
C000242,West,Consumer,Organic,6,3,3.9,0,5054.19
C000243,South,Consumer,Organic,44,10,4.4,0,15307.84
C000244,South,Consumer,Referral,15,5,8.1,1,6659.98
C000245,East,Consumer,Social,3,1,12.5,0,1538.94
C000246,West,SMB,Organic,33,6,3.2,1,19530.6
C000247,East,Consumer,Organic,19,2,4.7,0,1784.89
C000248,South,Consumer,Referral,7,1,7.6,0,1508.38
C000249,South,Consumer,Organic,10,4,2.2,0,6074.08
C000250,South,Enterprise,Paid Search,12,9,13.7,1,42947.73
C000251,East,SMB,Paid Search,16,3,16.6,0,5816.69
C000252,West,Enterprise,Partner,20,10,2.3,0,146553.69
C000253,South,Enterprise,Paid Search,21,10,13.2,0,50622.57
C000254,South,Consumer,Organic,31,11,4.7,1,13731.51
C000255,South,SMB,Organic,19,4,4.1,0,7781.35
C000256,East,Consumer,Organic,23,4,6.0,0,3698.54
C000257,West,SMB,Social,19,3,19.1,0,5293.01
C000258,North,Consumer,Paid Search,1,2,12.8,1,2064.22
C000259,North,Consumer,Organic,6,5,7.9,0,9735.73
C000260,South,Enterprise,Partner,8,1,7.9,0,10321.94
C000261,North,SMB,Social,18,8,16.1,2,19119.26
C000262,West,Enterprise,Organic,19,14,3.4,1,168694.38
C000263,South,Consumer,Organic,15,5,5.1,0,7118.19
C000264,North,Consumer,Social,26,4,14.2,0,4252.62
C000265,West,Consumer,Referral,28,6,7.3,0,8033.41
C000266,North,Consumer,Partner,16,3,3.0,0,3180.09
C000267,South,Consumer,Organic,31,13,1.7,1,14459.58
C000268,North,Consumer,Social,14,6,18.6,0,8359.39
C000269,North,SMB,Organic,22,9,9.2,0,26197.33
C000270,North,Consumer,Paid Search,1,7,6.8,0,7564.76
C000271,North,SMB,Social,16,9,13.3,0,25702.42
C000272,North,SMB,Social,32,9,12.8,0,26058.15
C000273,North,Consumer,Organic,18,4,5.8,0,5008.48
C000274,South,Consumer,Organic,7,9,4.7,0,11696.37
C000275,East,Consumer,Social,21,2,17.0,1,2625.43
C000276,South,Consumer,Organic,15,4,0.9,0,7153.37
C000277,South,SMB,Paid Search,23,6,13.0,1,24396.03
C000278,South,Consumer,Organic,10,1,4.0,0,1728.33
C000279,West,Consumer,Organic,16,2,2.8,1,2147.81
C000280,West,Enterprise,Social,7,3,16.3,0,16495.43
C000281,North,SMB,Organic,12,3,4.3,0,8246.04
C000282,North,SMB,Referral,20,8,6.7,0,26324.43
C000283,South,Consumer,Referral,3,2,11.0,0,3131.67
C000284,South,Enterprise,Organic,16,13,5.2,0,101856.41
C000285,South,Consumer,Referral,6,3,12.8,0,3082.95
C000286,South,Consumer,Paid Search,14,5,5.0,0,10513.82
C000287,North,SMB,Social,5,2,15.0,0,6776.42
C000288,South,SMB,Social,61,25,11.7,0,54976.98
C000289,South,Consumer,Social,32,7,12.2,2,11582.21
C000290,North,Consumer,Paid Search,15,6,10.0,0,8524.24
C000291,West,Consumer,Social,44,6,17.8,0,8907.0
C000292,North,SMB,Referral,10,3,5.8,0,11485.26
C000293,West,SMB,Paid Search,38,17,8.6,1,65087.99
C000294,North,Consumer,Organic,23,7,7.0,0,10805.72
C000295,West,Consumer,Organic,10,1,1.5,0,1477.55
C000296,West,SMB,Organic,26,6,10.0,0,16021.24
C000297,West,SMB,Organic,33,14,1.1,1,41747.78
C000298,West,Consumer,Partner,17,4,7.1,1,10103.58
C000299,East,Consumer,Partner,30,5,13.8,1,5871.35
C000300,East,Enterprise,Organic,28,10,4.0,0,85834.38
C000301,East,Consumer,Partner,21,4,9.3,0,5322.77
C000302,North,Consumer,Social,5,5,14.7,1,5249.02
C000303,South,Consumer,Paid Search,21,4,12.0,0,6390.35
C000304,South,Consumer,Partner,1,1,5.5,0,1365.81
C000305,West,SMB,Social,16,7,16.4,0,15254.63
C000306,South,Consumer,Referral,25,4,11.0,0,6615.27
C000307,South,Consumer,Organic,7,1,0.0,0,1281.27
C000308,East,Consumer,Organic,31,6,2.2,0,9441.6
C000309,South,SMB,Partner,11,5,6.3,0,17328.08
C000310,North,Consumer,Organic,8,1,2.3,0,1887.36
C000311,South,Consumer,Organic,28,8,6.9,0,13527.38
C000312,South,Consumer,Organic,45,11,3.2,1,14512.75
C000313,South,Consumer,Paid Search,19,1,12.2,0,1810.33
C000314,South,Enterprise,Paid Search,42,25,16.5,2,246433.62
C000315,South,SMB,Partner,10,3,2.6,0,11529.2
C000316,South,SMB,Paid Search,9,6,13.0,0,19946.21
C000317,South,Consumer,Partner,36,14,7.6,0,15882.33
C000318,East,Consumer,Referral,25,5,6.6,0,7481.69
C000319,South,Enterprise,Referral,5,3,4.3,0,20909.56
C000320,West,Consumer,Organic,47,13,3.9,2,17376.15
C000321,West,SMB,Organic,16,4,5.0,0,10135.76
C000322,South,Consumer,Partner,17,10,7.4,1,11164.7
C000323,South,Consumer,Social,51,11,17.1,0,15589.66
C000324,South,Consumer,Paid Search,43,9,8.7,0,13474.03
C000325,West,Consumer,Partner,41,15,3.8,0,29642.52
C000326,East,Consumer,Social,10,3,9.0,0,4690.17
C000327,West,Consumer,Organic,21,9,5.4,0,13892.45
C000328,South,Consumer,Referral,24,6,9.3,0,10512.29
C000329,East,Consumer,Social,8,2,11.5,0,2340.21
C000330,South,SMB,Social,6,1,11.2,0,2866.37
C000331,East,Consumer,Organic,16,6,10.7,0,7417.29
C000332,North,SMB,Organic,30,10,8.8,1,26547.51
C000333,East,Consumer,Paid Search,1,1,16.0,1,1183.13
C000334,West,Consumer,Organic,18,6,6.0,0,10143.44
C000335,North,Consumer,Organic,6,2,7.1,0,2183.72
C000336,East,Enterprise,Referral,32,11,6.1,2,72823.56
C000337,North,Consumer,Referral,22,6,2.7,0,10226.97
C000338,East,Enterprise,Organic,6,4,0.9,1,27142.64
C000339,North,Consumer,Referral,33,9,7.0,0,11285.03
C000340,West,SMB,Organic,22,7,7.8,0,24908.11
C000341,North,SMB,Paid Search,15,4,11.5,0,9159.11
C000342,West,Enterprise,Social,61,26,16.8,0,210549.38
C000343,West,Consumer,Partner,16,2,7.7,0,2995.88
C000344,South,Enterprise,Organic,11,7,5.9,0,73551.92
C000345,West,Consumer,Partner,26,7,10.3,0,9759.55
C000346,West,SMB,Partner,49,13,12.0,0,30766.27
C000347,West,Consumer,Referral,1,1,7.9,0,1273.18
C000348,South,Consumer,Partner,37,11,13.8,0,21787.67
C000349,South,Consumer,Organic,27,7,4.3,0,9934.44
C000350,North,SMB,Organic,44,14,9.0,0,33904.98
C000351,East,Consumer,Social,39,7,16.7,0,7177.56
C000352,North,Consumer,Paid Search,24,4,6.5,0,5314.44
C000353,South,Consumer,Paid Search,27,3,16.2,0,3822.97
C000354,South,SMB,Organic,19,5,2.2,0,18066.22
C000355,South,Consumer,Organic,45,9,4.3,0,14503.24
C000356,South,SMB,Organic,10,5,7.6,2,13548.48
C000357,East,Consumer,Organic,19,4,2.8,0,6064.84
C000358,West,SMB,Partner,31,7,7.8,0,21508.3
C000359,South,SMB,Organic,33,5,7.0,0,20008.88
C000360,South,SMB,Social,33,13,12.5,0,39989.5
C000361,West,SMB,Organic,25,10,4.3,0,29382.79
C000362,North,Consumer,Paid Search,33,9,10.9,0,11548.74
C000363,North,Consumer,Partner,27,3,10.9,0,4127.6
C000364,North,SMB,Organic,52,17,9.7,0,49560.48
C000365,East,Consumer,Organic,10,4,1.7,0,5306.02
C000366,South,Consumer,Social,33,10,15.2,0,12811.45
C000367,East,SMB,Organic,17,4,3.4,1,11825.82
C000368,East,Consumer,Organic,20,4,5.1,0,5588.25
C000369,South,Consumer,Partner,54,17,13.3,1,24410.2
C000370,West,Enterprise,Paid Search,54,29,13.1,4,257089.41
C000371,East,Consumer,Referral,45,8,5.3,1,10072.58
C000372,South,Consumer,Organic,13,4,0.9,0,6556.53
C000373,South,Consumer,Organic,12,1,8.0,0,1722.37
C000374,South,Consumer,Paid Search,6,6,10.6,1,10388.15
C000375,North,SMB,Referral,48,15,4.7,3,48871.26
C000376,North,SMB,Organic,8,4,5.9,0,9690.83
C000377,West,Consumer,Partner,15,2,9.7,0,3066.51
C000378,South,Consumer,Social,13,4,13.9,0,5732.27
C000379,South,Consumer,Referral,12,7,4.2,0,11966.92
C000380,East,Consumer,Paid Search,3,2,16.1,0,3262.26
C000381,South,SMB,Referral,14,12,9.1,0,34512.36
C000382,West,Consumer,Social,21,7,18.0,0,9080.41
C000383,West,Consumer,Organic,7,1,3.9,0,1352.47
C000384,South,SMB,Partner,10,4,5.5,0,12004.66
C000385,South,SMB,Paid Search,43,13,10.4,0,33568.17
C000386,West,Consumer,Partner,9,5,3.4,0,6138.02
C000387,East,Consumer,Partner,18,7,7.0,0,5943.59
C000388,West,Consumer,Organic,18,9,3.0,0,11964.58
C000389,North,Consumer,Paid Search,10,2,11.8,0,2334.4
C000390,West,Consumer,Referral,36,9,7.1,0,13014.58
C000391,East,SMB,Referral,42,14,7.3,0,31458.07
C000392,North,Enterprise,Social,6,8,13.2,1,72562.16
C000393,South,Consumer,Organic,13,1,1.4,0,1702.38
C000394,East,Consumer,Referral,10,4,2.7,0,6094.8
C000395,North,Consumer,Partner,15,1,8.6,0,1668.87
C000396,South,Consumer,Partner,18,4,8.4,1,7978.3
C000397,West,Consumer,Organic,4,1,0.8,0,1898.04
C000398,South,Consumer,Partner,18,4,12.3,0,4850.39
C000399,South,Enterprise,Organic,2,1,7.5,0,10270.32
C000400,South,SMB,Referral,54,15,3.9,1,50717.07
C000401,South,Enterprise,Organic,40,19,5.8,2,219064.56
C000402,West,Consumer,Referral,21,6,6.6,0,8871.95
C000403,West,Consumer,Organic,4,2,5.8,0,3730.55
C000404,North,Consumer,Organic,32,3,5.5,0,4338.31
C000405,West,Consumer,Paid Search,14,11,14.0,0,15321.82
C000406,West,Consumer,Partner,37,7,12.4,0,11034.0
C000407,South,SMB,Referral,34,9,7.9,0,25685.76
C000408,West,SMB,Social,15,7,16.6,0,20538.97
C000409,North,Consumer,Referral,17,4,11.4,1,3923.63
C000410,West,Consumer,Paid Search,10,1,10.4,0,1554.49
C000411,East,Consumer,Organic,5,3,2.2,0,3071.33
C000412,East,Consumer,Organic,18,2,7.0,1,2805.41
C000413,North,Consumer,Paid Search,29,5,8.3,0,3684.45
C000414,West,Consumer,Partner,20,8,5.6,0,8274.21
C000415,North,Consumer,Organic,17,4,9.5,0,5487.72
C000416,South,Enterprise,Referral,27,17,1.8,1,158302.49
C000417,North,Consumer,Social,16,3,15.9,0,3598.0
C000418,East,Consumer,Partner,21,5,3.7,0,7510.66
C000419,North,Consumer,Organic,14,2,6.2,0,3390.95
C000420,West,SMB,Partner,18,4,13.5,0,18080.83
C000421,East,Consumer,Referral,7,1,4.0,0,1307.45
C000422,North,Consumer,Referral,11,1,,0,1831.87
C000423,North,Consumer,Social,53,13,16.1,1,13861.96
C000424,North,Consumer,Organic,6,4,3.1,0,5211.61
C000425,East,Consumer,Social,55,4,14.4,0,3922.52
C000426,West,Consumer,Referral,21,9,8.1,1,12743.07
C000427,South,Consumer,Social,5,4,16.7,0,5748.81
C000428,West,SMB,Partner,33,13,9.7,0,45544.84
C000429,North,Consumer,Referral,6,2,6.9,0,2992.91
C000430,West,Consumer,Organic,31,3,6.3,0,5784.28
C000431,West,Consumer,Organic,25,2,4.4,0,3947.32
C000432,East,Consumer,Partner,20,8,7.0,0,10125.36
C000433,East,Consumer,Referral,23,1,7.0,0,1229.6
C000434,West,Consumer,Partner,24,2,9.7,0,2096.79
C000435,North,Consumer,Paid Search,16,3,10.1,0,3629.31
C000436,North,Enterprise,Referral,58,22,7.6,0,146970.77
C000437,North,Consumer,Partner,44,10,6.6,0,12021.07
C000438,South,Enterprise,Social,32,19,12.8,1,142322.13
C000439,East,Enterprise,Paid Search,14,8,15.2,0,57656.56
C000440,East,Consumer,Organic,13,1,6.1,0,1343.35
C000441,West,Consumer,Partner,23,6,9.1,0,10467.55
C000442,North,Consumer,Social,13,8,12.2,1,11378.72
C000443,East,Enterprise,Paid Search,16,4,11.3,0,24114.3
C000444,North,Consumer,Referral,32,10,8.8,0,15916.15
C000445,South,Consumer,Organic,45,13,6.1,1,15311.75
C000446,East,Consumer,Paid Search,24,5,19.7,0,6590.13
C000447,West,SMB,Organic,22,8,5.7,0,20389.18
C000448,East,Consumer,Organic,4,2,3.0,0,1654.73
C000449,North,Consumer,Social,31,4,13.7,0,5773.76
C000450,East,Consumer,Paid Search,34,2,9.4,0,2299.59
C000451,North,Consumer,Social,39,10,13.1,0,16487.12
C000452,West,SMB,Paid Search,72,17,12.3,0,56935.59
C000453,East,SMB,Organic,13,1,3.6,0,2136.88
C000454,North,Consumer,Paid Search,49,9,16.0,1,15378.11
C000455,North,Consumer,Organic,46,10,7.6,0,9508.01
C000456,North,SMB,Referral,22,6,9.6,1,17857.43
C000457,West,Consumer,Partner,6,1,7.2,0,1943.42
C000458,South,Consumer,Social,43,13,17.7,0,14408.2
C000459,West,Consumer,Social,51,10,18.1,2,19679.19
C000460,East,Consumer,Partner,8,1,12.8,0,1215.99
C000461,South,Enterprise,Social,30,18,13.4,1,157027.96
C000462,North,SMB,Referral,21,7,7.0,0,24701.21
C000463,West,Consumer,Social,20,5,12.7,0,7474.5
C000464,South,SMB,Paid Search,4,4,19.9,0,8112.02
C000465,South,Consumer,Organic,42,10,4.4,0,8290.07
C000466,East,SMB,Social,15,7,18.8,0,12625.43
C000467,East,Consumer,Social,63,8,15.5,1,7642.02
C000468,West,Consumer,Organic,17,7,7.6,1,8427.01
C000469,North,Consumer,Partner,13,1,8.0,0,1216.0
C000470,South,Consumer,Organic,14,1,7.8,0,860.74
C000471,South,Consumer,Social,17,3,15.8,0,3284.01
C000472,South,Consumer,Partner,17,4,13.1,0,6397.57
C000473,North,SMB,Paid Search,42,10,12.9,0,32185.32
C000474,North,SMB,Partner,17,3,5.8,0,7328.27
C000475,South,Consumer,Social,47,14,16.6,0,22119.34
C000476,South,Consumer,Social,41,8,15.0,0,6684.67
C000477,South,Consumer,Partner,38,4,5.0,0,6618.05
C000478,East,Consumer,Referral,34,6,8.1,0,9434.13
C000479,East,Consumer,Paid Search,9,7,10.1,0,9418.49
C000480,South,SMB,Referral,35,10,6.3,0,30757.46
C000481,South,Enterprise,Paid Search,42,20,12.1,1,98697.45
C000482,North,Consumer,Paid Search,49,9,5.9,1,18540.66
C000483,South,SMB,Organic,5,7,3.7,0,32796.5
C000484,South,Consumer,Paid Search,40,9,14.8,0,14556.11
C000485,North,Consumer,Social,5,1,14.4,0,1675.91
C000486,South,Consumer,Partner,31,9,2.3,0,14514.47
C000487,South,Consumer,Partner,27,8,7.8,1,14172.07
C000488,South,Consumer,Organic,10,5,6.4,0,9133.19
C000489,South,Enterprise,Referral,22,10,6.1,1,86689.86
C000490,South,Consumer,Referral,19,4,6.2,0,5247.25
C000491,East,Consumer,Organic,28,8,3.7,2,12389.56
C000492,East,Consumer,Referral,21,5,8.9,0,8953.73
C000493,East,Enterprise,Paid Search,26,13,9.5,1,115379.05
C000494,South,Consumer,Partner,16,5,9.6,0,7984.15
C000495,West,Enterprise,Organic,72,35,4.2,1,315469.03
C000496,South,SMB,Social,26,10,18.8,0,28574.44
C000497,South,Consumer,Partner,14,3,6.5,0,2930.52
C000498,East,SMB,Social,14,6,11.7,0,14003.37
C000499,South,SMB,Organic,34,10,6.9,0,29424.47
C000500,South,SMB,Organic,72,27,6.5,1,65436.8
C000501,East,Consumer,Partner,45,11,9.2,1,16648.98
C000502,West,Consumer,Organic,20,4,7.5,0,6165.45
C000503,West,Consumer,Organic,4,1,2.0,0,914.52
C000504,South,Consumer,Partner,10,4,5.6,0,6530.03
C000505,South,SMB,Social,13,5,19.0,0,17251.94
C000506,West,SMB,Social,4,6,16.3,0,14042.28
C000507,South,Consumer,Organic,18,4,3.6,0,5183.35
C000508,West,Consumer,Paid Search,31,3,6.7,0,3406.54
C000509,South,Consumer,Social,15,4,11.3,0,5972.23
C000510,North,SMB,Paid Search,36,12,9.1,0,28300.72
C000511,North,Consumer,Organic,14,6,3.3,0,6485.44
C000512,West,SMB,Organic,6,3,5.9,0,12295.38
C000513,North,Consumer,Referral,12,2,2.9,0,3034.22
C000514,South,Consumer,Organic,11,3,3.4,0,4305.82
C000515,South,Enterprise,Partner,5,3,4.2,0,37555.92
C000516,North,Consumer,Organic,9,1,,0,1525.96
C000517,South,Consumer,Organic,3,1,12.2,0,1410.17
C000518,East,SMB,Partner,3,3,11.6,1,7479.5
C000519,North,Consumer,Partner,15,3,9.7,0,3655.81
C000520,West,Enterprise,Referral,13,7,5.4,0,57474.02
C000521,West,Enterprise,Partner,67,33,4.8,7,315131.59
C000522,South,SMB,Organic,9,2,4.7,0,8803.88
C000523,North,Consumer,Paid Search,14,1,7.3,0,1245.87
C000524,East,Consumer,Organic,23,5,6.9,0,7125.14
C000525,North,SMB,Paid Search,38,9,11.4,1,17811.03
C000526,South,Consumer,Social,47,10,14.9,1,15536.48
C000527,West,Enterprise,Social,23,16,10.0,1,184347.81
C000528,West,SMB,Organic,18,4,5.1,0,12013.87
C000529,East,Consumer,Paid Search,11,1,11.3,0,1066.85
C000530,South,Consumer,Partner,21,7,5.1,0,9855.47
C000531,East,SMB,Referral,45,11,7.7,1,30199.14
C000532,East,Consumer,Organic,21,1,3.8,0,1314.42
C000533,South,Consumer,Paid Search,27,11,12.9,0,14579.88
C000534,East,SMB,Paid Search,35,7,13.9,0,18544.83
C000535,North,Consumer,Paid Search,25,5,,0,5744.96
C000536,North,Consumer,Paid Search,28,7,12.3,1,10947.78
C000537,South,SMB,Referral,25,15,7.3,1,43084.75
C000538,North,SMB,Paid Search,8,2,15.7,0,5770.45
C000539,North,Consumer,Referral,21,2,9.5,0,3211.51
C000540,West,Enterprise,Organic,23,13,4.0,0,75526.97
C000541,West,Enterprise,Organic,57,31,3.7,2,262690.03
C000542,South,Consumer,Paid Search,11,4,12.4,0,4258.34
C000543,West,Consumer,Partner,22,4,4.6,0,4251.47
C000544,West,SMB,Social,15,6,12.1,0,15851.71
C000545,North,Consumer,Organic,54,6,3.6,1,9225.63
C000546,South,SMB,Paid Search,41,13,4.9,0,29953.96
C000547,South,Consumer,Referral,22,1,4.0,0,1672.33
C000548,North,Consumer,Paid Search,1,1,11.0,0,1120.82
C000549,East,Consumer,Referral,42,6,15.3,0,6954.51
C000550,South,Consumer,Partner,5,1,6.1,0,2569.55
C000551,South,Enterprise,Organic,3,5,7.0,0,40803.72
C000552,North,Consumer,Referral,36,9,6.4,0,10063.08
C000553,North,Enterprise,Referral,27,12,8.3,1,93199.53
C000554,West,Consumer,Referral,26,2,3.8,0,2917.24
C000555,North,SMB,Organic,12,8,0.4,0,22307.71
C000556,South,Enterprise,Referral,5,10,11.1,1,83693.19
C000557,South,Consumer,Organic,1,2,1.0,0,3148.43
C000558,South,Consumer,Social,26,6,19.5,2,6221.99
C000559,South,SMB,Referral,6,3,5.9,0,10985.75
C000560,South,SMB,Paid Search,29,12,9.5,1,46605.16
C000561,North,Consumer,Partner,7,2,6.5,0,2603.82
C000562,South,Consumer,Social,22,7,19.8,0,9936.09
C000563,West,SMB,Referral,8,5,4.9,0,9949.15
C000564,East,Consumer,Partner,34,5,6.9,0,6261.24
C000565,East,Consumer,Social,25,3,17.9,0,4885.02
C000566,East,Consumer,Organic,21,4,6.4,0,5931.39
C000567,East,Consumer,Referral,9,4,13.2,0,4833.85
C000568,North,SMB,Referral,5,1,10.5,0,2661.34
C000569,South,Consumer,Referral,26,6,4.9,0,8868.47
C000570,South,Enterprise,Partner,12,8,11.9,0,71670.05
C000571,South,Consumer,Paid Search,20,4,6.2,0,7604.59
C000572,West,Consumer,Organic,19,8,7.3,0,10565.23
C000573,South,Consumer,Paid Search,18,8,10.0,0,13805.69
C000574,East,Consumer,Social,41,9,16.8,1,8599.44
C000575,West,SMB,Paid Search,19,11,17.9,0,26066.15
C000576,South,SMB,Organic,8,6,0.0,0,15853.29
C000577,West,SMB,Paid Search,30,10,14.8,1,27712.24
C000578,South,Consumer,Referral,30,6,9.5,0,9110.34
C000579,West,Consumer,Organic,11,2,7.0,0,3171.29
C000580,South,Consumer,Paid Search,9,4,9.1,0,6381.3
C000581,South,SMB,Organic,25,8,4.7,0,29074.31
C000582,South,Consumer,Paid Search,7,1,9.1,1,2275.83
C000583,North,Consumer,Organic,25,5,6.3,0,8137.0
C000584,South,Consumer,Organic,49,14,1.1,0,15396.29
C000585,West,Consumer,Referral,30,1,5.7,0,1413.37
C000586,East,SMB,Organic,51,16,6.9,0,39936.73
C000587,North,Consumer,Organic,20,6,2.8,0,6371.92
C000588,South,Enterprise,Referral,20,12,5.8,0,124779.09
C000589,North,Consumer,Organic,22,6,2.3,0,12574.52
C000590,North,Consumer,Organic,27,8,5.8,0,9505.17
C000591,West,Consumer,Paid Search,26,6,11.6,0,10754.76
C000592,South,SMB,Paid Search,10,7,9.8,0,25825.14
C000593,South,Consumer,Referral,19,7,5.1,0,11578.93
C000594,South,Consumer,Partner,40,10,8.5,1,17825.97
C000595,North,SMB,Paid Search,8,1,8.8,0,2348.08
C000596,South,Consumer,Referral,22,6,6.9,0,11602.42
C000597,East,Consumer,Partner,26,1,8.1,0,1598.14
C000598,East,Consumer,Paid Search,26,6,12.5,0,7797.09
C000599,West,Consumer,Social,5,1,13.4,0,1449.88
C000600,East,SMB,Referral,8,2,8.8,0,4202.24
C000601,South,SMB,Referral,39,15,9.9,0,53892.55
C000602,East,SMB,Partner,39,7,9.9,1,17077.67
C000603,West,SMB,Organic,19,7,5.6,1,20254.79
C000604,East,SMB,Partner,24,6,3.7,0,18843.02
C000605,West,Consumer,Paid Search,9,2,17.0,0,2467.81
C000606,West,Consumer,Referral,6,3,7.2,0,3807.79
C000607,West,Consumer,Paid Search,4,6,12.9,0,10231.31
C000608,North,Enterprise,Organic,6,6,2.9,1,36617.81
C000609,East,Enterprise,Organic,24,14,4.4,1,118432.58
C000610,South,SMB,Partner,17,10,11.5,1,22830.99
C000611,South,Consumer,Referral,21,8,9.3,0,8335.47
C000612,East,Consumer,Partner,21,1,7.1,0,1430.29
C000613,West,SMB,Organic,8,3,9.6,0,9115.49
C000614,West,Consumer,Organic,25,3,2.0,0,4080.61
C000615,South,Consumer,Paid Search,43,18,7.0,0,21920.74
C000616,East,Consumer,Organic,8,1,0.0,0,1444.53
C000617,East,Consumer,Paid Search,18,1,14.4,0,1052.32
C000618,South,SMB,Partner,31,4,5.9,0,14550.2
C000619,North,Enterprise,Partner,39,15,7.6,1,104991.91
C000620,North,SMB,Paid Search,27,9,15.3,0,21004.63
C000621,East,Consumer,Paid Search,9,5,13.0,1,7330.62
C000622,South,Consumer,Referral,3,1,3.4,0,1297.77
C000623,West,Enterprise,Referral,15,11,11.9,1,64646.43
C000624,South,Consumer,Referral,17,5,6.1,0,6425.73
C000625,West,Consumer,Referral,39,7,6.8,0,10784.57
C000626,South,SMB,Organic,14,6,2.9,0,28177.25
C000627,West,Consumer,Organic,8,6,1.7,0,9576.51
C000628,North,Consumer,Partner,10,3,8.7,0,3451.11
C000629,South,SMB,Social,27,7,10.7,0,17476.8
C000630,West,Consumer,Partner,19,6,7.8,0,9458.29
C000631,West,Consumer,Paid Search,17,5,16.8,0,4632.65
C000632,West,Consumer,Referral,40,8,9.3,2,7844.06
C000633,North,Enterprise,Paid Search,2,6,12.6,0,46358.62
C000634,South,Consumer,Partner,35,3,4.7,0,5630.45
C000635,North,Consumer,Organic,1,2,4.8,0,3426.02
C000636,North,Consumer,Referral,34,9,4.6,1,13802.49
C000637,East,Enterprise,Organic,22,6,9.3,1,52891.64
C000638,East,SMB,Organic,21,2,3.6,0,5012.66
C000639,East,Consumer,Organic,21,7,2.6,0,8532.99
C000640,West,Consumer,Referral,34,10,6.3,0,14606.54
C000641,East,SMB,Social,7,6,12.7,1,15003.16
C000642,West,SMB,Partner,29,7,8.7,0,43836.27
C000643,North,SMB,Referral,34,10,12.5,0,25236.59
C000644,South,Enterprise,Referral,18,12,7.0,0,108152.66
C000645,East,Consumer,Social,12,1,12.2,0,1677.78
C000646,West,Consumer,Organic,4,2,4.5,0,3360.97
C000647,North,Consumer,Social,72,14,11.2,1,13327.19
C000648,South,SMB,Social,21,10,23.6,0,35556.74
C000649,East,Consumer,Referral,3,1,12.4,0,1261.8
C000650,North,Consumer,Organic,8,6,8.7,0,4658.13
C000651,South,SMB,Organic,12,6,7.3,1,16919.87
C000652,West,Consumer,Paid Search,35,12,11.5,0,14482.13
C000653,East,SMB,Partner,8,5,7.6,1,11344.51
C000654,South,Consumer,Referral,12,4,6.3,0,6140.8
C000655,West,Consumer,Referral,31,4,14.1,1,6253.14
C000656,South,Consumer,Paid Search,14,1,11.4,0,1883.58
C000657,West,SMB,Social,20,11,13.3,1,38990.22
C000658,South,SMB,Paid Search,6,6,11.7,0,24090.32
C000659,South,Consumer,Organic,7,2,6.6,0,2961.29
C000660,South,Consumer,Referral,8,2,0.0,1,2172.83
C000661,South,Consumer,Paid Search,18,6,13.2,0,5209.04
C000662,West,SMB,Paid Search,20,3,4.4,0,10546.93
C000663,North,Enterprise,Paid Search,22,10,16.4,0,70211.92
C000664,North,SMB,Organic,40,13,0.0,0,52616.24
C000665,South,Consumer,Partner,12,6,5.6,0,10253.68
C000666,East,Consumer,Social,5,1,9.2,0,863.06
C000667,West,Consumer,Partner,32,11,13.4,1,13295.18
C000668,West,Consumer,Partner,22,8,8.0,1,12628.11
C000669,South,Consumer,Paid Search,30,6,18.7,0,6441.86
C000670,South,Consumer,Paid Search,22,3,18.0,1,5484.72
C000671,North,Consumer,Referral,13,5,10.7,0,6132.66
C000672,South,SMB,Organic,13,4,0.8,0,12278.04
C000673,West,Consumer,Partner,11,2,8.5,0,2091.13
C000674,East,SMB,Organic,44,12,9.1,0,44270.06
C000675,South,Enterprise,Referral,69,37,8.2,1,305405.52
C000676,South,Consumer,Referral,28,9,5.9,0,14810.0
C000677,West,Consumer,Partner,16,4,9.1,0,4906.57
C000678,South,SMB,Referral,11,1,8.3,0,2796.42
C000679,North,Consumer,Referral,25,8,2.6,0,12429.5
C000680,South,Consumer,Paid Search,6,1,10.3,0,1614.16
C000681,North,Consumer,Referral,27,7,9.0,1,10721.97
C000682,North,SMB,Social,11,4,17.6,0,12104.05
C000683,North,SMB,Referral,1,7,,1,22265.53
C000684,South,SMB,Social,51,22,13.8,1,69794.36
C000685,East,SMB,Organic,32,7,4.4,0,15840.79
C000686,South,Consumer,Paid Search,5,1,9.7,0,1424.2
C000687,South,SMB,Partner,36,9,7.7,1,21445.5
C000688,West,SMB,Paid Search,11,5,14.6,0,12170.98
C000689,East,Consumer,Referral,35,5,14.3,0,6300.36
C000690,South,Enterprise,Referral,18,8,3.4,0,78292.14
C000691,South,SMB,Partner,19,6,11.8,0,19938.45
C000692,West,Consumer,Organic,20,6,6.1,2,11909.35
C000693,South,Consumer,Organic,18,5,0.2,1,6331.56
C000694,South,Consumer,Partner,8,2,7.7,0,2096.8
C000695,West,SMB,Referral,51,14,6.5,0,39120.85
C000696,South,Consumer,Referral,28,7,7.0,0,14426.23
C000697,East,Consumer,Paid Search,7,3,15.1,0,4587.84
C000698,South,Consumer,Paid Search,12,4,17.9,0,5638.14
C000699,East,SMB,Partner,52,9,11.9,0,20221.37
C000700,South,SMB,Referral,5,4,7.6,0,12851.82
C000701,South,SMB,Partner,27,9,9.0,0,33815.11
C000702,South,Consumer,Partner,8,1,14.2,0,1211.39
C000703,North,Consumer,Referral,10,2,3.8,0,2574.56
C000704,West,SMB,Referral,18,9,10.7,0,25805.13
C000705,South,Consumer,Referral,25,9,3.6,0,17907.4
C000706,South,Consumer,Social,21,6,10.4,1,10483.29
C000707,West,Enterprise,Referral,7,3,8.9,0,16448.31
C000708,West,Consumer,Organic,50,7,0.0,0,13035.83
C000709,South,Consumer,Partner,30,5,6.8,0,7666.9
C000710,South,SMB,Referral,41,14,11.1,1,46648.03
C000711,West,SMB,Partner,17,6,5.3,2,17142.91
C000712,East,Consumer,Paid Search,31,4,17.4,0,4928.85
C000713,West,Consumer,Paid Search,41,11,5.2,0,16577.75
C000714,West,Consumer,Referral,24,7,10.1,0,8889.26
C000715,West,Consumer,Social,23,1,10.8,0,1207.13
C000716,North,Consumer,Organic,27,6,4.4,0,8280.75
C000717,South,Consumer,Paid Search,27,9,12.6,1,10018.39
C000718,North,SMB,Social,24,8,14.2,1,18847.18
C000719,East,Consumer,Partner,34,8,7.2,1,9398.06
C000720,West,Consumer,Organic,17,4,0.6,0,7704.69
C000721,South,Consumer,Organic,48,11,9.2,0,18818.3
C000722,South,Consumer,Paid Search,2,2,8.3,0,4526.0
C000723,North,Consumer,Organic,31,7,1.3,0,7409.38
C000724,West,Consumer,Organic,46,8,4.7,1,11407.02
C000725,North,Enterprise,Referral,12,10,4.9,0,103438.75
C000726,North,Enterprise,Referral,14,11,9.5,0,89392.27
C000727,South,SMB,Paid Search,49,15,10.4,4,42459.52
C000728,North,Consumer,Paid Search,31,4,12.0,0,4381.69
C000729,South,SMB,Partner,32,8,8.3,0,27814.93
C000730,South,SMB,Paid Search,17,8,14.9,0,23320.1
C000731,South,Consumer,Social,16,6,13.4,0,8012.92
C000732,North,Consumer,Organic,17,5,0.0,1,9176.09
C000733,North,SMB,Social,15,6,12.6,0,24615.53
C000734,South,Enterprise,Social,17,9,18.4,1,57487.66
C000735,North,Consumer,Organic,29,1,6.0,0,1584.44
C000736,East,Consumer,Referral,15,2,5.9,0,2612.09
C000737,North,Consumer,Referral,8,7,7.2,2,11095.66
C000738,South,Consumer,Paid Search,45,12,11.2,0,22896.96
C000739,South,SMB,Social,12,6,17.4,0,21735.65
C000740,South,Consumer,Paid Search,14,6,13.0,0,7795.81
C000741,North,Enterprise,Paid Search,6,2,11.2,0,10834.37
C000742,North,SMB,Partner,24,8,10.8,0,21010.9
C000743,West,Consumer,Organic,11,4,8.5,1,5664.42
C000744,North,SMB,Organic,7,1,2.2,0,1691.87
C000745,South,SMB,Organic,36,13,2.3,0,51327.55
C000746,South,Consumer,Partner,58,17,15.2,0,21415.26
C000747,South,Consumer,Organic,13,3,6.9,0,4561.1
C000748,South,SMB,Organic,31,7,10.0,0,18547.06
C000749,West,Consumer,Referral,25,6,9.7,1,8186.44
C000750,West,Consumer,Social,22,4,16.4,0,6798.32
C000751,South,Consumer,Referral,7,3,0.6,2,5003.98
C000752,South,Consumer,Partner,23,4,4.3,0,9654.47
C000753,South,SMB,Organic,32,12,7.0,0,41765.67
C000754,South,Consumer,Referral,68,19,4.3,2,34520.12
C000755,East,Consumer,Referral,3,1,6.6,0,1210.44
C000756,South,Consumer,Paid Search,31,4,14.7,0,5562.62
C000757,South,SMB,Partner,22,9,8.4,0,33444.9
C000758,West,Consumer,Referral,17,4,8.2,0,7333.35
C000759,North,Enterprise,Organic,45,21,9.2,1,170948.48
C000760,South,Enterprise,Organic,13,11,9.5,0,104043.86
C000761,East,Consumer,Organic,57,9,4.8,1,11247.39
C000762,North,SMB,Partner,3,1,11.8,0,2765.02
C000763,North,Consumer,Organic,15,1,2.1,0,1494.34
C000764,North,SMB,Partner,37,11,8.7,1,30367.94
C000765,West,Consumer,Organic,23,6,6.7,0,10772.85
C000766,North,Consumer,Partner,11,2,7.7,0,2741.41
C000767,North,Consumer,Social,13,5,14.3,0,5667.63
C000768,North,Consumer,Organic,27,3,1.6,0,4195.74
C000769,North,SMB,Organic,10,4,4.9,2,10776.94
C000770,East,SMB,Social,49,14,10.2,0,37074.05
C000771,South,Consumer,Organic,19,4,4.6,0,5631.39
C000772,South,Consumer,Organic,17,1,5.2,0,1959.04
C000773,South,Consumer,Social,25,2,17.2,1,2589.11
C000774,West,Consumer,Partner,6,3,4.5,0,6175.9
C000775,North,Consumer,Social,23,9,16.0,0,11399.17
C000776,West,Consumer,Partner,72,13,9.7,0,20549.49
C000777,East,SMB,Referral,18,6,6.9,0,18398.28
C000778,North,Consumer,Social,22,1,16.3,0,1603.6
C000779,East,SMB,Paid Search,33,10,12.8,0,26689.99
C000780,West,Consumer,Social,48,7,7.2,0,17283.89
C000781,South,Consumer,Referral,22,5,4.2,0,7908.96
C000782,West,Consumer,Referral,17,4,13.4,1,4034.43
C000783,South,Consumer,Partner,36,5,10.0,0,7373.64
C000784,East,Consumer,Paid Search,10,10,10.2,1,14211.56
C000785,West,Enterprise,Referral,48,21,8.1,2,188648.49
C000786,South,SMB,Referral,39,15,9.1,0,36705.31
C000787,West,SMB,Organic,35,14,9.6,0,37260.53
C000788,South,Consumer,Paid Search,26,8,10.8,0,10014.08
C000789,West,Consumer,Partner,30,4,6.2,1,5174.43
C000790,East,Consumer,Paid Search,30,6,10.5,0,7115.23
C000791,North,Enterprise,Referral,24,7,5.3,0,61858.73
C000792,South,SMB,Referral,13,5,5.2,0,13520.21
C000793,South,Consumer,Partner,31,12,8.6,1,15940.72
C000794,North,Enterprise,Social,7,1,13.7,0,8455.99
C000795,North,Consumer,Organic,8,1,4.8,0,1203.21
C000796,South,Consumer,Paid Search,49,16,17.6,0,18164.86
C000797,North,Consumer,Social,8,2,12.1,0,4093.15
C000798,North,Consumer,Organic,42,6,6.0,0,7614.03
C000799,East,Enterprise,Referral,8,6,3.6,1,30714.05
C000800,East,SMB,Paid Search,18,4,14.8,0,7180.77
C000801,East,Consumer,Organic,19,1,8.4,0,830.06
C000802,South,Consumer,Partner,5,1,5.4,0,2170.95
C000803,West,Consumer,Partner,29,12,5.9,1,17529.61
C000804,South,Consumer,Social,6,3,17.0,0,3336.28
C000805,North,Consumer,Organic,6,6,4.2,0,9645.99
C000806,North,Consumer,Partner,6,1,12.3,0,1852.75
C000807,East,Consumer,Referral,2,1,3.4,0,1260.24
C000808,North,Consumer,Partner,35,7,11.2,1,12925.37
C000809,South,Consumer,Organic,13,3,11.7,1,4086.61
C000810,West,Enterprise,Organic,16,9,6.2,0,59546.3
C000811,North,Consumer,Referral,17,1,5.1,0,2044.41
C000812,North,Consumer,Partner,14,7,5.7,1,8571.45
C000813,West,Consumer,Organic,8,4,4.5,0,5373.17
C000814,South,SMB,Paid Search,12,5,14.0,0,17467.7
C000815,North,Consumer,Referral,17,4,2.5,0,5891.67
C000816,West,Consumer,Partner,7,2,7.1,0,2862.48
C000817,West,SMB,Social,13,1,15.4,0,2532.64
C000818,South,SMB,Partner,38,11,12.7,0,27737.2
C000819,East,Consumer,Referral,12,2,12.6,0,2446.74
C000820,South,Consumer,Partner,25,6,7.6,2,10084.23
C000821,North,Enterprise,Referral,28,15,3.7,1,117420.73
C000822,South,Consumer,Organic,4,3,5.4,0,5244.56
C000823,South,Consumer,Social,28,6,15.5,0,9084.45
C000824,East,Consumer,Referral,35,4,10.6,0,5216.46
C000825,West,Consumer,Paid Search,26,8,10.7,0,10630.27
C000826,North,Consumer,Organic,14,4,2.0,0,5459.0
C000827,South,SMB,Social,6,2,15.0,0,6041.54
C000828,South,Consumer,Social,27,4,14.0,0,4465.25
C000829,West,Consumer,Paid Search,13,2,10.9,0,5012.42
C000830,South,Consumer,Partner,16,6,5.4,0,5663.34
C000831,East,SMB,Paid Search,10,8,8.2,0,17724.72
C000832,South,Consumer,Organic,17,4,6.8,0,6817.38
C000833,South,Consumer,Organic,17,3,5.8,1,5395.81
C000834,East,SMB,Paid Search,8,8,9.6,0,16491.32
C000835,East,Consumer,Organic,25,4,7.5,0,4385.86
C000836,South,Consumer,Social,49,10,9.5,0,15082.28
C000837,East,Consumer,Social,37,6,13.8,0,5321.42
C000838,West,SMB,Referral,52,14,7.6,2,32039.24
C000839,South,Consumer,Partner,12,7,11.3,0,12208.13
C000840,South,SMB,Partner,9,1,6.3,0,3641.05
C000841,North,SMB,Paid Search,3,4,15.4,0,10175.75
C000842,West,Consumer,Organic,15,4,3.0,0,7128.16
C000843,South,Consumer,Organic,16,3,7.5,1,4664.94
C000844,South,SMB,Referral,19,7,12.0,0,17412.6
C000845,North,Consumer,Paid Search,8,2,9.0,0,2165.41
C000846,West,Enterprise,Referral,22,12,7.5,0,112248.0
C000847,South,SMB,Referral,18,6,8.6,0,15813.24
C000848,East,Consumer,Referral,22,4,3.3,1,6138.85
C000849,North,SMB,Organic,25,6,6.3,0,15866.28
C000850,West,Consumer,Organic,10,8,3.3,0,15799.68
C000851,North,Consumer,Paid Search,20,7,9.5,0,7847.91
C000852,North,Consumer,Social,36,9,13.7,1,9277.02
C000853,West,Consumer,Referral,24,4,5.5,0,6204.01
C000854,West,SMB,Referral,19,9,9.4,0,23957.54
C000855,North,SMB,Referral,11,5,7.0,0,14368.06
C000856,South,Consumer,Referral,15,5,13.9,0,7000.18
C000857,East,Consumer,Organic,5,1,3.4,0,1176.38
C000858,West,SMB,Organic,31,10,6.4,1,27942.5
C000859,South,SMB,Organic,11,9,4.5,0,18305.09
C000860,South,Consumer,Organic,9,3,1.2,0,6588.38
C000861,East,Consumer,Paid Search,6,1,16.8,0,987.94
C000862,East,SMB,Social,10,4,15.4,0,9968.4
C000863,West,Consumer,Organic,13,4,2.7,1,4043.54
C000864,South,Consumer,Organic,41,9,6.2,1,11664.62
C000865,North,Consumer,Organic,11,1,8.1,0,1449.14
C000866,West,Consumer,Organic,47,12,2.5,1,26446.2
C000867,West,Consumer,Organic,41,12,5.2,0,19571.15
C000868,West,Consumer,Organic,40,14,8.1,0,22615.91
C000869,North,SMB,Organic,27,9,5.5,0,23092.96
C000870,North,Enterprise,Partner,4,4,9.7,0,30568.2
C000871,East,Consumer,Paid Search,37,9,11.2,2,10351.06
C000872,North,Consumer,Organic,5,1,0.3,0,1587.13
C000873,West,SMB,Paid Search,8,5,11.2,1,17887.92
C000874,South,Consumer,Organic,13,7,3.3,0,10390.6
C000875,East,Enterprise,Referral,11,8,6.7,0,57275.52
C000876,West,Consumer,Paid Search,32,11,10.4,0,14317.05
C000877,South,Consumer,Partner,30,6,8.5,0,8581.95
C000878,South,Consumer,Partner,17,4,7.0,0,7684.14
C000879,East,Consumer,Social,27,5,17.4,0,6085.2
C000880,South,SMB,Organic,20,5,6.8,0,16355.27
C000881,South,Consumer,Paid Search,18,6,9.2,1,8747.4
C000882,East,SMB,Paid Search,14,6,15.8,0,11454.35
C000883,West,SMB,Social,10,6,12.8,0,18906.14
C000884,South,SMB,Organic,1,2,1.6,0,7666.38
C000885,North,SMB,Referral,32,12,10.2,1,38488.59
C000886,South,Consumer,Paid Search,10,5,10.2,1,7372.92
C000887,South,Consumer,Paid Search,11,2,12.3,0,2472.89
C000888,North,SMB,Paid Search,10,1,8.1,0,3128.63
C000889,North,Consumer,Paid Search,22,4,10.9,1,6624.05
C000890,East,Consumer,Referral,26,5,6.7,0,7436.64
C000891,South,Consumer,Referral,12,4,5.8,0,5310.38
C000892,West,Consumer,Organic,19,4,3.5,0,6544.89
C000893,South,SMB,Organic,12,4,5.1,1,8475.67
C000894,North,Consumer,Partner,32,5,11.0,0,8712.87
C000895,East,SMB,Paid Search,23,4,9.2,0,10132.37
C000896,West,Enterprise,Referral,3,5,0.0,0,46374.65
C000897,South,Consumer,Paid Search,25,9,15.7,0,17040.41
C000898,North,SMB,Referral,20,3,5.0,0,7593.54
C000899,North,Consumer,Referral,9,2,5.3,0,2907.54
C000900,South,Consumer,Organic,8,5,3.4,0,6706.82
C000901,South,Consumer,Referral,30,7,3.0,0,8304.38
C000902,South,Consumer,Referral,31,10,5.8,0,16434.4
C000903,North,Consumer,Organic,20,7,4.2,0,10538.88
C000904,South,Consumer,Social,12,5,16.3,1,4515.67
C000905,West,Consumer,Organic,9,2,3.4,0,3520.7
C000906,East,Consumer,Organic,10,6,,1,8032.04
C000907,South,SMB,Social,14,5,11.0,0,17069.33
C000908,North,Consumer,Partner,36,7,11.3,0,9761.88
C000909,South,SMB,Organic,4,4,2.5,0,15863.88
C000910,South,Enterprise,Referral,18,10,8.6,0,107781.86
C000911,East,SMB,Organic,14,4,2.9,0,10913.17
C000912,West,Consumer,Social,24,5,17.4,1,7823.29
C000913,West,SMB,Paid Search,8,3,12.3,0,9887.2
C000914,West,SMB,Social,15,6,10.6,0,13339.89
C000915,West,Enterprise,Paid Search,30,10,8.5,0,68446.6
C000916,West,Enterprise,Paid Search,20,10,7.5,0,67453.78
C000917,North,Consumer,Social,13,1,17.7,0,1409.78
C000918,North,Consumer,Organic,9,2,1.2,0,2572.97
C000919,South,SMB,Organic,41,15,3.9,1,31681.16
C000920,South,Consumer,Paid Search,6,2,11.8,0,2378.78
C000921,North,Consumer,Referral,45,11,7.7,0,14107.67
C000922,West,SMB,Organic,20,8,3.6,0,26631.91
C000923,East,SMB,Referral,16,1,2.3,0,3416.23
C000924,South,Consumer,Paid Search,35,12,8.4,0,21942.36
C000925,North,Consumer,Referral,36,8,3.8,0,11962.67
C000926,South,Consumer,Partner,19,4,0.1,0,5588.35
C000927,North,Consumer,Paid Search,24,4,13.3,1,3483.92
C000928,West,Enterprise,Referral,7,1,8.5,0,7408.43
C000929,South,SMB,Paid Search,15,7,8.8,0,19894.27
C000930,East,Consumer,Organic,11,4,8.9,0,5018.82
C000931,South,Consumer,Social,42,9,14.7,1,15149.5
C000932,South,SMB,Partner,39,11,10.5,0,37157.01
C000933,South,SMB,Social,7,4,17.3,0,11122.36
C000934,East,Consumer,Partner,7,5,7.6,1,5759.2
C000935,East,Consumer,Paid Search,16,6,5.9,0,5620.74
C000936,North,Consumer,Referral,46,11,7.6,0,12990.44
C000937,West,SMB,Organic,13,10,6.6,0,24258.03
C000938,North,Consumer,Partner,66,15,6.0,0,35522.47
C000939,West,Consumer,Referral,6,5,7.5,0,10855.83
C000940,North,Enterprise,Organic,10,6,4.9,0,37706.05
C000941,South,SMB,Social,7,3,12.1,0,9413.26
C000942,West,Enterprise,Referral,19,13,6.7,1,82620.7
C000943,North,Consumer,Partner,13,1,6.5,0,1466.66
C000944,South,Consumer,Social,43,12,16.1,0,15059.63
C000945,South,Enterprise,Partner,12,7,6.2,0,59674.22
C000946,South,Enterprise,Referral,31,18,4.9,2,197512.68
C000947,East,Enterprise,Referral,7,5,2.1,0,40342.56
C000948,West,SMB,Social,15,6,21.6,0,17633.51
C000949,West,Consumer,Organic,3,2,3.6,1,3357.69
C000950,South,Consumer,Organic,46,12,1.6,0,16828.59
C000951,South,Consumer,Partner,16,6,9.8,0,6870.04
C000952,South,Enterprise,Partner,31,14,8.6,2,112686.46
C000953,South,Consumer,Partner,4,2,9.6,0,2808.71
C000954,North,SMB,Organic,5,2,7.0,0,5026.09
C000955,West,Enterprise,Organic,7,6,8.3,0,42651.63
C000956,West,Enterprise,Partner,11,6,4.8,0,51662.88
C000957,East,Enterprise,Organic,36,18,5.4,3,169663.36
C000958,South,Consumer,Paid Search,12,4,7.3,0,4019.97
C000959,South,Consumer,Paid Search,25,9,11.1,1,10296.22
C000960,South,Enterprise,Partner,54,26,10.0,0,230530.84
C000961,South,Consumer,Referral,14,4,4.3,0,4356.35
C000962,South,Consumer,Organic,5,1,,0,1091.63
C000963,North,Enterprise,Referral,8,6,7.1,1,72334.25
C000964,North,SMB,Organic,27,5,0.0,0,16785.57
C000965,West,Consumer,Social,11,1,17.1,0,2226.88
C000966,South,Consumer,Referral,4,1,13.7,0,1011.91
C000967,West,Consumer,Referral,72,16,0.3,0,38123.0
C000968,North,Enterprise,Paid Search,38,15,14.1,0,84253.62
C000969,South,Consumer,Organic,9,4,2.0,0,7736.32
C000970,North,Consumer,Organic,63,11,4.8,0,10163.81
C000971,South,Consumer,Partner,72,12,4.1,1,20124.14
C000972,North,SMB,Paid Search,56,18,14.6,0,49568.16
C000973,North,Enterprise,Paid Search,15,10,11.0,0,69160.93
C000974,West,Consumer,Paid Search,17,4,15.5,0,4029.51
C000975,South,Consumer,Partner,26,7,4.9,0,10384.54
C000976,East,Consumer,Social,10,2,14.4,0,2424.81
C000977,South,Consumer,Organic,36,6,0.0,0,7863.94
C000978,South,Consumer,Referral,23,9,14.8,2,12139.82
C000979,South,Consumer,Paid Search,35,9,17.8,0,12052.64
C000980,North,Consumer,Social,13,4,21.5,0,5155.46
C000981,West,Consumer,Partner,21,4,12.6,0,4004.37
C000982,West,Consumer,Social,6,3,13.2,0,3641.21
C000983,East,Consumer,Partner,12,6,7.9,0,7727.51
C000984,South,Consumer,Referral,14,5,,0,7017.53
C000985,North,SMB,Paid Search,27,9,13.1,1,18835.55
C000986,West,Consumer,Referral,33,9,3.7,0,16460.11
C000987,South,Consumer,Social,7,4,11.6,0,7081.78
C000988,North,Enterprise,Organic,41,21,1.0,0,205450.06
C000989,South,Consumer,Referral,25,7,5.7,0,10122.69
C000990,West,SMB,Organic,28,10,4.0,0,29020.09
C000991,East,Consumer,Organic,33,7,3.6,0,11693.67
C000992,East,SMB,Partner,8,5,8.8,0,14453.05
C000993,West,Consumer,Organic,41,8,0.9,1,16078.21
C000994,North,Consumer,Social,11,4,12.4,0,5344.87
C000995,West,SMB,Paid Search,17,12,9.7,1,38557.68
C000996,South,SMB,Referral,15,7,9.5,1,23875.12
C000997,East,Consumer,Partner,63,8,8.6,0,13173.05
C000998,North,SMB,Social,9,3,16.0,0,4792.18
C000999,West,Consumer,Social,56,13,12.2,0,18424.09
C001000,South,Enterprise,Organic,47,23,5.1,0,246949.63
C001001,North,SMB,Paid Search,6,1,9.7,0,3427.84
C001002,South,Consumer,Social,11,1,12.8,0,1314.25
C001003,North,SMB,Social,11,4,16.1,0,10884.41
C001004,North,Enterprise,Social,29,18,13.1,0,154025.5
C001005,East,SMB,Social,41,9,14.7,1,26638.99
C001006,South,Consumer,Organic,11,6,4.2,0,10183.66
C001007,West,SMB,Organic,5,2,1.5,0,6533.15
C001008,South,Consumer,Partner,29,6,6.3,1,8787.37
C001009,East,Consumer,Referral,20,5,5.3,1,7999.33
C001010,South,SMB,Social,6,1,13.9,0,3643.66
C001011,East,Consumer,Referral,26,9,1.6,0,14730.41
C001012,South,SMB,Partner,19,9,5.8,0,32452.36
C001013,South,SMB,Partner,7,6,10.7,0,18569.63
C001014,West,Consumer,Organic,12,3,6.3,0,3936.57
C001015,South,Enterprise,Partner,53,29,6.8,2,217932.07
C001016,North,Consumer,Paid Search,1,4,8.5,0,6745.62
C001017,East,Consumer,Paid Search,8,2,12.3,0,2969.88
C001018,West,Consumer,Partner,5,1,10.9,0,1473.96
C001019,North,Consumer,Paid Search,15,1,16.6,0,1313.74
C001020,South,SMB,Organic,21,7,3.4,0,23287.08
C001021,West,Consumer,Referral,17,5,3.8,0,9627.88
C001022,East,Enterprise,Partner,18,8,9.4,1,64504.57
C001023,West,Enterprise,Organic,22,10,6.1,1,76889.87
C001024,South,SMB,Social,12,7,15.0,0,21739.11
C001025,East,Consumer,Referral,72,11,5.1,0,10268.22
C001026,South,SMB,Paid Search,20,6,8.1,0,16082.2
C001027,West,Consumer,Social,6,5,17.0,0,4606.85
C001028,South,SMB,Referral,17,8,9.7,0,20085.2
C001029,East,Consumer,Social,29,3,13.9,0,2993.01
C001030,South,Enterprise,Social,32,15,20.1,2,73879.03
C001031,South,Consumer,Partner,26,4,8.7,0,7618.1
C001032,East,Consumer,Social,20,4,14.5,0,4170.33
C001033,South,Enterprise,Organic,8,9,1.5,0,77702.27
C001034,West,Consumer,Social,23,9,9.9,0,10751.35
C001035,South,SMB,Referral,17,9,5.5,0,31427.53
C001036,East,Enterprise,Organic,10,10,6.1,2,94680.34
C001037,South,Consumer,Referral,20,6,14.0,0,9452.22
C001038,South,Consumer,Social,33,11,15.2,0,16500.62
C001039,South,Consumer,Organic,5,1,6.8,0,1036.1
C001040,North,SMB,Paid Search,8,1,9.5,0,2660.51
C001041,North,Enterprise,Referral,30,13,7.6,2,116212.52
C001042,East,Consumer,Paid Search,7,2,12.2,0,3013.13
C001043,East,SMB,Partner,39,17,5.2,1,49125.11
C001044,East,Consumer,Organic,15,3,9.0,0,5595.59
C001045,North,Consumer,Social,26,3,14.6,1,3322.02
C001046,South,SMB,Social,29,13,18.3,1,30298.01
C001047,North,SMB,Paid Search,18,4,12.0,0,11401.48
C001048,East,Consumer,Referral,41,8,6.0,2,13107.86
C001049,West,Consumer,Organic,20,7,2.7,0,14304.36
C001050,South,Consumer,Organic,21,3,3.9,0,3166.2
C001051,East,Consumer,Referral,6,6,11.4,1,7336.87
C001052,North,Consumer,Organic,54,14,2.3,1,24822.56
C001053,South,SMB,Social,33,13,17.0,1,42839.78
C001054,North,Consumer,Referral,8,7,6.1,0,11038.7
C001055,South,Consumer,Organic,6,2,,1,3023.62
C001056,East,SMB,Paid Search,14,6,12.6,0,7715.87
C001057,West,Consumer,Partner,15,5,4.0,0,11405.81
C001058,North,Consumer,Organic,19,3,5.5,0,4806.27
C001059,South,Enterprise,Social,40,20,21.5,2,123061.41
C001060,East,Consumer,Organic,41,13,5.9,1,15478.75
C001061,West,Consumer,Partner,33,10,10.8,0,14800.74
C001062,East,Consumer,Paid Search,3,4,12.9,0,5172.33
C001063,South,Consumer,Paid Search,50,10,14.4,2,10696.53
C001064,East,Consumer,Referral,36,9,4.8,0,9487.28
C001065,South,Consumer,Paid Search,28,6,11.6,0,9672.53
C001066,West,Consumer,Social,15,8,17.6,0,9250.73
C001067,South,SMB,Organic,26,13,3.9,1,28886.32
C001068,East,Consumer,Organic,5,4,8.2,0,4231.5
C001069,North,Consumer,Organic,25,8,2.0,0,11731.09
C001070,South,Consumer,Referral,35,9,7.2,1,9929.18
C001071,West,Enterprise,Partner,23,13,7.2,0,149316.71
C001072,East,Consumer,Organic,15,7,12.9,0,10438.8
C001073,South,SMB,Partner,42,16,6.8,2,59108.85
C001074,West,Consumer,Social,70,12,16.3,0,16109.34
C001075,West,Enterprise,Organic,27,17,0.0,0,118501.25
C001076,South,Consumer,Organic,34,7,1.5,0,9618.86
C001077,South,Consumer,Paid Search,18,5,12.9,0,9362.59
C001078,South,Consumer,Organic,13,3,4.2,0,4046.1
C001079,East,Consumer,Social,36,1,14.3,0,1149.43
C001080,South,SMB,Referral,60,20,6.0,0,58549.1
C001081,South,SMB,Paid Search,11,10,11.4,0,28336.24
C001082,West,SMB,Social,8,4,9.9,0,11070.39
C001083,West,Consumer,Organic,12,11,4.7,0,15741.04
C001084,West,SMB,Partner,10,4,7.3,1,10671.73
C001085,West,Consumer,Referral,44,10,10.2,0,13268.65
C001086,East,Enterprise,Paid Search,41,16,14.5,0,100373.7
C001087,East,SMB,Referral,12,4,0.0,0,8941.16
C001088,East,Consumer,Organic,22,5,2.8,0,4957.93
C001089,South,SMB,Partner,8,8,13.4,0,21230.38
C001090,South,Consumer,Paid Search,18,3,,0,3544.26
C001091,South,Consumer,Partner,8,3,9.5,0,4421.0
C001092,East,Consumer,Partner,16,5,6.5,0,5098.51
C001093,South,SMB,Referral,8,7,9.2,0,14365.58
C001094,South,Consumer,Social,42,5,10.5,0,9876.95
C001095,South,Consumer,Referral,22,2,5.3,0,2753.72
C001096,South,SMB,Organic,25,9,6.0,0,17894.97
C001097,North,Consumer,Partner,11,6,9.8,0,9419.11
C001098,West,SMB,Paid Search,14,4,12.6,0,9980.36
C001099,West,Consumer,Partner,21,7,9.2,0,9875.34
C001100,North,Consumer,Referral,59,17,7.5,3,24146.85
C001101,North,SMB,Organic,19,6,4.1,0,20749.92
C001102,South,Consumer,Paid Search,47,11,16.0,1,15913.34
C001103,West,SMB,Organic,15,7,10.6,0,14627.12
C001104,West,Consumer,Organic,20,5,4.8,0,5794.97
C001105,North,SMB,Social,40,12,11.5,0,23471.11
C001106,East,Consumer,Organic,32,6,4.3,0,6890.73
C001107,North,SMB,Partner,10,3,8.3,0,8760.21
C001108,South,Consumer,Paid Search,25,4,5.4,0,5211.46
C001109,West,Consumer,Paid Search,26,7,16.0,1,7940.36
C001110,North,Consumer,Organic,29,4,3.1,0,4943.69
C001111,North,Consumer,Organic,11,1,2.5,0,1277.79
C001112,South,Consumer,Referral,7,1,6.0,0,1745.34
C001113,East,Consumer,Paid Search,49,8,10.6,1,8958.03
C001114,West,Consumer,Referral,71,15,7.2,1,26905.83
C001115,West,SMB,Referral,29,6,9.4,0,15146.66
C001116,North,Consumer,Organic,14,3,8.8,0,4063.27
C001117,North,Consumer,Paid Search,44,9,14.4,1,10945.25
C001118,West,Consumer,Paid Search,9,1,9.2,0,1492.0
C001119,South,Consumer,Organic,10,1,4.7,0,1724.11
C001120,West,SMB,Social,51,19,15.3,0,50238.86
C001121,East,Enterprise,Organic,67,24,5.9,1,292034.03
C001122,North,Consumer,Organic,13,5,6.5,0,9389.93
C001123,West,SMB,Referral,11,3,7.2,1,7771.04
C001124,North,Consumer,Paid Search,20,5,11.7,0,8568.5
C001125,South,Enterprise,Partner,9,5,10.7,0,52856.89
C001126,South,Consumer,Social,6,1,14.6,0,1076.84
C001127,South,Consumer,Social,6,1,17.9,0,882.19
C001128,East,Consumer,Referral,25,6,9.4,1,7618.38
C001129,East,Consumer,Paid Search,19,6,16.4,0,6557.76
C001130,West,SMB,Organic,40,12,5.7,0,21593.5
C001131,West,Consumer,Social,51,9,19.3,0,11673.47
C001132,South,Consumer,Paid Search,28,10,11.1,0,14728.57
C001133,North,Consumer,Paid Search,9,1,13.0,0,1149.39
C001134,East,Enterprise,Referral,3,1,9.3,0,9464.11
C001135,West,SMB,Social,15,3,12.0,0,7910.86
C001136,South,Enterprise,Referral,14,8,5.8,0,64776.59
C001137,South,SMB,Organic,9,4,3.0,0,12738.67
C001138,South,Enterprise,Partner,28,17,7.8,0,111011.77
C001139,North,Consumer,Organic,29,3,3.4,0,3600.62
C001140,East,Consumer,Partner,24,4,8.3,0,2803.79
C001141,South,Consumer,Paid Search,69,14,11.8,2,21896.69
C001142,West,Consumer,Partner,6,3,7.2,0,5239.27
C001143,West,SMB,Partner,16,6,8.5,0,18202.68
C001144,West,Consumer,Paid Search,19,2,10.0,0,2937.99
C001145,South,Consumer,Social,14,5,12.4,0,7059.97
C001146,South,SMB,Organic,13,5,1.4,1,21844.69
C001147,East,Consumer,Organic,32,8,0.0,0,10407.7
C001148,West,Consumer,Paid Search,11,2,10.0,0,3364.74
C001149,South,Consumer,Referral,10,5,8.6,0,8768.69
C001150,West,SMB,Organic,29,11,4.4,0,24944.89
C001151,North,Consumer,Referral,28,6,7.0,0,9462.75
C001152,West,Consumer,Partner,5,7,6.8,0,8151.15
C001153,North,Consumer,Partner,40,9,13.8,0,10311.67
C001154,North,SMB,Organic,62,21,5.5,1,56931.2
C001155,South,Consumer,Referral,4,8,5.3,0,15921.69
C001156,North,Consumer,Organic,32,3,1.8,0,3796.82
C001157,North,Enterprise,Organic,23,14,10.1,1,113338.38
C001158,North,SMB,Partner,22,8,3.8,1,16755.19
C001159,South,Consumer,Partner,42,11,5.6,0,16365.39
C001160,East,Consumer,Organic,23,3,2.6,0,3554.86
C001161,North,Consumer,Organic,22,3,4.9,0,5461.51
C001162,East,SMB,Paid Search,14,2,13.1,0,4005.62
C001163,West,Consumer,Paid Search,43,15,12.2,0,15047.71
C001164,North,Enterprise,Organic,5,5,3.9,0,37157.2
C001165,North,SMB,Organic,37,7,0.8,0,18268.64
C001166,West,Consumer,Paid Search,11,1,17.6,0,1351.88
C001167,West,Consumer,Organic,19,1,5.8,0,1917.33
C001168,South,SMB,Social,9,7,16.7,0,17857.11
C001169,West,SMB,Social,15,6,13.0,1,17560.92
C001170,North,SMB,Referral,10,5,6.1,1,13708.71
C001171,South,Consumer,Paid Search,16,5,15.5,0,7650.61
C001172,East,SMB,Social,38,12,8.4,2,24238.57
C001173,South,SMB,Organic,13,5,7.3,0,15120.04
C001174,East,Enterprise,Partner,27,12,7.3,0,102088.61
C001175,South,Consumer,Organic,12,4,6.2,0,5279.63
C001176,East,Consumer,Partner,10,1,13.0,1,1126.63
C001177,South,Consumer,Organic,20,4,3.6,0,6231.99
C001178,South,SMB,Social,2,2,6.9,0,4535.39
C001179,North,Enterprise,Organic,13,8,1.7,0,76675.75
C001180,North,Consumer,Social,44,12,15.0,0,13555.93
C001181,East,Consumer,Referral,26,5,11.9,0,5850.13
C001182,North,Consumer,Organic,19,4,3.8,0,6480.38
C001183,North,Consumer,Social,18,5,19.6,0,6908.58
C001184,North,SMB,Organic,38,11,0.0,0,25834.99
C001185,North,Consumer,Referral,12,3,5.5,0,4587.58
C001186,West,Consumer,Paid Search,15,8,15.1,0,12934.2
C001187,South,Enterprise,Social,2,3,17.8,0,20079.84
C001188,West,Consumer,Partner,18,5,2.1,0,8974.85
C001189,North,Consumer,Paid Search,27,4,9.5,0,5857.42
C001190,East,Consumer,Social,13,6,14.6,1,7583.6
C001191,South,Consumer,Partner,25,4,6.0,1,7326.12
C001192,South,Consumer,Referral,15,4,10.5,0,4918.8
C001193,West,SMB,Paid Search,26,11,12.0,0,25090.52
C001194,West,Consumer,Paid Search,21,3,7.7,0,5470.44
C001195,West,Consumer,Organic,11,5,6.4,0,6892.83
C001196,North,Consumer,Paid Search,16,1,13.5,0,966.16
C001197,South,Consumer,Organic,18,2,1.6,0,3132.16
C001198,East,Consumer,Social,18,4,12.3,0,4619.85
C001199,South,Consumer,Referral,52,18,4.9,0,29572.92
C001200,East,Consumer,Referral,17,4,11.1,0,4431.91
C001201,South,SMB,Organic,44,15,4.7,1,66587.2
C001202,South,Consumer,Organic,8,6,0.0,0,8253.07
C001203,West,SMB,Social,25,5,11.4,1,9438.39
C001204,East,Consumer,Referral,32,1,9.1,0,912.51
C001205,North,Consumer,Partner,5,6,6.8,0,7218.36
C001206,North,Consumer,Referral,28,8,3.3,1,12724.91
C001207,East,Consumer,Organic,3,1,3.9,0,1241.39
C001208,South,Consumer,Referral,12,4,9.9,0,6353.62
C001209,South,SMB,Social,20,10,21.5,0,22578.97
C001210,South,Consumer,Organic,52,12,4.8,0,20397.29
C001211,East,Consumer,Referral,28,6,8.5,0,5380.36
C001212,West,SMB,Organic,12,10,4.7,0,30878.5
C001213,South,Consumer,Organic,38,6,5.7,0,10480.78
C001214,South,Consumer,Organic,7,4,2.2,1,5345.97
C001215,South,Consumer,Referral,4,1,11.3,0,2040.13
C001216,South,Consumer,Social,25,11,13.6,0,10732.32
C001217,South,SMB,Organic,13,6,1.7,1,22299.96
C001218,South,Consumer,Social,20,4,12.7,0,6780.74
C001219,East,Consumer,Social,7,1,17.0,0,938.41
C001220,North,SMB,Paid Search,40,11,9.9,0,31540.18
C001221,North,Consumer,Organic,38,8,9.6,0,9095.87
C001222,North,Consumer,Organic,5,5,6.9,0,7371.49
C001223,West,Consumer,Organic,8,1,7.6,0,1385.74
C001224,East,Consumer,Partner,45,6,6.7,0,7524.5
C001225,North,Consumer,Social,13,2,13.1,0,2308.63
C001226,West,Consumer,Organic,7,1,5.1,0,1325.02
C001227,South,Consumer,Referral,22,5,3.4,0,6795.9
C001228,South,SMB,Organic,13,3,6.4,0,10488.66
C001229,West,SMB,Organic,7,4,7.8,0,16143.18
C001230,North,SMB,Paid Search,53,14,9.9,0,59398.15
C001231,North,Consumer,Organic,3,2,7.1,0,3345.12
C001232,South,Enterprise,Organic,17,11,5.8,2,96354.09
C001233,North,Consumer,Paid Search,33,3,15.3,0,4632.44
C001234,East,SMB,Paid Search,42,12,16.9,1,28761.21
C001235,North,SMB,Paid Search,28,9,14.3,0,21514.47
C001236,North,Consumer,Referral,34,8,6.8,0,16526.71
C001237,North,Consumer,Paid Search,31,6,15.6,0,9201.92
C001238,South,SMB,Paid Search,20,7,12.1,0,17439.42
C001239,North,SMB,Paid Search,10,4,11.2,0,12876.3
C001240,North,Consumer,Partner,14,4,6.2,0,6296.07
C001241,West,SMB,Organic,8,1,5.3,0,2465.78
C001242,South,Consumer,Referral,21,10,10.0,0,15030.95
C001243,South,Consumer,Organic,10,2,1.9,0,3191.97
C001244,North,Consumer,Paid Search,17,4,8.3,0,3264.78
C001245,South,SMB,Referral,16,9,3.3,0,21612.44
C001246,South,Consumer,Social,24,6,18.1,0,10062.39
C001247,East,Consumer,Partner,17,4,9.2,0,4238.92
C001248,North,Consumer,Paid Search,18,1,16.4,0,1408.78
C001249,West,Consumer,Organic,6,1,3.4,0,1958.62
C001250,West,Consumer,Social,12,3,11.3,0,2768.35
C001251,North,Consumer,Organic,1,2,9.7,0,3737.38
C001252,North,SMB,Referral,27,11,4.8,1,30346.43
C001253,North,Consumer,Social,15,6,17.0,0,8069.24
C001254,East,Consumer,Paid Search,13,1,8.0,0,1829.64
C001255,North,Consumer,Referral,21,8,7.5,0,13458.43
C001256,West,Consumer,Organic,19,2,4.5,0,2902.77
C001257,East,Consumer,Organic,21,6,0.7,0,7228.13
C001258,West,Consumer,Partner,24,4,13.7,0,4969.28
C001259,South,Consumer,Organic,17,12,2.3,0,17274.46
C001260,West,Consumer,Paid Search,8,1,9.2,0,1840.77
C001261,North,Consumer,Referral,7,2,5.0,0,3174.9
C001262,South,SMB,Paid Search,11,5,5.5,0,16259.58
C001263,South,Consumer,Organic,49,11,4.0,0,16676.46
C001264,West,Consumer,Organic,19,2,3.0,0,3534.5
C001265,South,Consumer,Paid Search,26,12,15.0,1,11544.85
C001266,West,Consumer,Paid Search,14,2,12.9,0,3982.11
C001267,North,Consumer,Social,16,2,11.2,0,2525.0
C001268,West,SMB,Paid Search,10,4,10.0,0,9373.57
C001269,South,Consumer,Partner,27,8,14.5,0,14194.69
C001270,South,Consumer,Organic,15,3,2.3,0,6054.24
C001271,West,Consumer,Paid Search,28,9,14.5,0,11941.14
C001272,South,Consumer,Partner,2,2,6.0,0,4045.26
C001273,South,Enterprise,Social,29,16,12.0,1,160889.5
C001274,South,Consumer,Paid Search,9,5,10.4,1,7975.43
C001275,North,Consumer,Paid Search,10,1,16.4,0,903.3
C001276,South,Consumer,Social,34,7,10.6,0,10590.08
C001277,North,Consumer,Organic,37,8,7.0,3,11179.72
C001278,North,Consumer,Organic,20,7,8.7,2,9121.2
C001279,West,Consumer,Referral,35,7,5.3,0,9694.73
C001280,South,Consumer,Social,12,3,18.0,0,4717.37
C001281,South,Consumer,Referral,13,1,9.5,0,1164.13
C001282,South,Consumer,Paid Search,43,9,9.6,0,17045.3
C001283,South,Consumer,Partner,3,1,5.2,0,1548.52
C001284,East,Consumer,Organic,26,2,4.5,0,2178.83
C001285,West,SMB,Social,17,7,15.3,0,17623.38
C001286,West,Consumer,Organic,22,14,3.9,1,22050.64
C001287,South,Enterprise,Social,19,12,16.7,0,124713.48
C001288,South,Enterprise,Referral,21,13,4.7,1,133516.27
C001289,South,Consumer,Organic,16,3,2.3,0,6124.89
C001290,South,Consumer,Referral,21,3,7.0,1,4545.7
C001291,South,SMB,Partner,26,15,8.7,1,43315.55
C001292,East,Consumer,Paid Search,14,1,15.9,0,1645.96
C001293,South,Consumer,Organic,17,1,,0,1502.43
C001294,South,Consumer,Organic,21,6,7.1,0,8242.82
C001295,South,Consumer,Referral,36,8,6.0,0,10895.77
C001296,South,SMB,Referral,5,5,6.0,0,16452.18
C001297,North,SMB,Paid Search,8,7,10.1,0,15199.07
C001298,North,SMB,Organic,54,16,,1,47051.93
C001299,East,SMB,Social,24,7,15.4,0,16522.26
C001300,South,Consumer,Paid Search,23,8,12.3,1,13029.3
C001301,North,Consumer,Organic,72,21,4.4,0,21221.99
C001302,South,Enterprise,Paid Search,23,19,11.9,0,104943.9
C001303,East,Enterprise,Referral,13,6,12.0,0,37005.74
C001304,South,SMB,Partner,2,5,8.8,0,14634.13
C001305,West,SMB,Referral,16,10,8.8,0,22975.86
C001306,West,Enterprise,Organic,19,18,6.4,0,20182.32
C001307,South,Consumer,Social,32,8,14.5,0,12305.44
C001308,East,SMB,Organic,33,7,6.6,0,16585.1
C001309,North,Consumer,Partner,27,6,8.1,0,9722.9
C001310,West,Consumer,Paid Search,37,5,8.2,0,5490.12
C001311,South,Consumer,Partner,21,8,6.3,0,12103.64
C001312,West,Consumer,Partner,5,5,14.0,1,9462.77
C001313,South,Consumer,Partner,15,3,11.5,0,4127.82
C001314,North,Consumer,Organic,15,3,4.1,0,3840.21
C001315,North,Consumer,Social,20,2,17.0,0,2988.28
C001316,East,Consumer,Social,37,8,15.7,0,11617.08
C001317,South,Consumer,Paid Search,18,5,17.2,0,6016.05
C001318,North,Consumer,Paid Search,18,1,11.6,0,1185.08
C001319,East,SMB,Referral,72,25,7.7,2,74074.31
C001320,West,Consumer,Partner,9,1,5.6,0,1578.75
C001321,South,Consumer,Social,23,3,14.6,0,4509.01
C001322,South,Consumer,Paid Search,12,6,3.8,1,9985.45
C001323,North,Consumer,Referral,24,7,7.8,0,9583.47
C001324,West,SMB,Organic,40,10,8.0,0,35414.61
C001325,South,Consumer,Paid Search,30,6,17.1,0,10834.23
C001326,West,Consumer,Social,22,6,16.4,0,6429.73
C001327,South,SMB,Referral,18,8,5.9,0,29665.25
C001328,South,Consumer,Social,37,7,12.5,0,10017.88
C001329,South,SMB,Referral,31,14,5.6,1,33722.36
C001330,North,Enterprise,Paid Search,18,11,7.2,0,72123.22
C001331,East,Consumer,Social,72,16,14.2,1,17075.55
C001332,South,Enterprise,Organic,11,8,1.3,0,91228.04
C001333,South,Consumer,Partner,70,18,6.2,0,22653.21
C001334,West,Consumer,Partner,38,8,7.4,0,8139.1
C001335,West,Consumer,Partner,7,4,9.0,0,5437.27
C001336,West,Consumer,Partner,11,4,3.0,0,5554.5
C001337,North,Consumer,Referral,22,7,6.0,1,12226.76
C001338,South,Consumer,Paid Search,5,4,14.1,0,5968.33
C001339,West,Consumer,Social,31,2,19.2,0,2934.98
C001340,South,Consumer,Organic,18,4,4.8,0,5807.79
C001341,North,Consumer,Social,32,7,21.6,0,6452.64
C001342,West,Consumer,Organic,30,8,7.1,0,15218.07
C001343,South,Consumer,Partner,16,7,8.2,0,9423.08
C001344,South,Consumer,Referral,12,5,10.7,0,8385.68
C001345,West,SMB,Social,3,1,13.5,0,2531.39
C001346,East,Consumer,Paid Search,72,15,8.9,0,21040.76
C001347,South,SMB,Referral,28,8,9.8,0,25295.59
C001348,South,Consumer,Partner,7,6,9.6,0,9181.93
C001349,South,Consumer,Paid Search,18,8,15.1,1,12172.46
C001350,North,Enterprise,Organic,36,16,8.1,1,119100.96
C001351,West,Consumer,Organic,20,3,11.0,0,2990.27
C001352,West,Consumer,Referral,6,1,2.6,0,1625.3
C001353,South,Consumer,Referral,31,5,5.9,0,9761.95
C001354,South,Consumer,Referral,6,1,6.1,0,1535.67
C001355,West,Consumer,Organic,34,7,8.5,0,9474.67
C001356,North,Consumer,Organic,25,4,6.1,0,5936.04
C001357,South,Consumer,Partner,18,1,11.5,0,1776.16
C001358,South,Enterprise,Referral,18,10,7.8,0,81494.9
C001359,East,Consumer,Organic,15,4,4.9,0,3808.53
C001360,North,Consumer,Organic,28,5,7.0,0,7198.85
C001361,East,SMB,Organic,7,1,5.8,0,2735.79
C001362,South,Consumer,Social,12,1,16.2,0,1431.7
C001363,East,SMB,Social,46,15,17.0,0,30448.94
C001364,North,Consumer,Referral,67,13,8.3,0,19118.51
C001365,South,Consumer,Referral,16,5,9.9,0,7097.89
C001366,South,Enterprise,Partner,21,13,8.2,1,102241.77
C001367,North,Consumer,Paid Search,8,4,12.5,0,4958.37
C001368,North,SMB,Paid Search,10,5,9.0,1,14130.65
C001369,North,Consumer,Paid Search,3,2,14.9,0,2700.48
C001370,South,SMB,Partner,5,5,13.1,0,12938.56
C001371,North,Consumer,Referral,14,6,1.6,0,9215.66
C001372,West,Consumer,Referral,35,11,8.9,1,17035.62
C001373,South,Consumer,Social,18,3,14.6,0,4725.84
C001374,West,Enterprise,Organic,45,22,4.4,3,206701.46
C001375,West,Consumer,Paid Search,12,1,13.9,0,1759.68
C001376,North,Consumer,Referral,39,7,6.9,0,11213.48
C001377,East,SMB,Partner,72,17,9.2,1,62226.99
C001378,West,Consumer,Organic,24,7,3.9,1,13022.65
C001379,East,Consumer,Paid Search,3,1,16.5,0,1376.75
C001380,South,Consumer,Partner,3,4,7.3,1,4787.49
C001381,South,Consumer,Social,5,1,12.7,0,1675.68
C001382,North,Consumer,Referral,10,1,8.0,0,1636.07
C001383,South,Consumer,Organic,33,6,2.5,0,9567.53
C001384,West,Consumer,Organic,13,5,5.7,0,4930.58
C001385,West,Consumer,Paid Search,39,7,16.9,0,5749.97
C001386,North,Consumer,Organic,11,1,4.9,0,1348.93
C001387,East,Consumer,Social,72,14,10.9,0,15122.12
C001388,South,SMB,Social,46,13,13.8,0,27442.43
C001389,West,Consumer,Social,13,4,17.4,0,5622.72
C001390,North,Consumer,Organic,9,1,5.3,0,1132.37
C001391,West,Consumer,Paid Search,47,10,14.1,1,9695.83
C001392,West,Consumer,Social,7,1,13.1,0,2067.85
C001393,North,SMB,Organic,12,4,3.8,0,12770.0
C001394,North,Consumer,Organic,7,1,6.9,0,1282.48
C001395,West,SMB,Paid Search,22,4,16.8,0,7903.16
C001396,North,SMB,Organic,41,14,3.8,1,33845.28
C001397,South,SMB,Organic,13,5,5.1,0,13825.42
C001398,West,SMB,Paid Search,35,10,15.3,1,23931.75
C001399,South,Consumer,Partner,23,4,8.4,1,5667.79
C001400,South,Enterprise,Organic,7,8,6.9,0,54988.32
C001401,South,SMB,Referral,12,4,4.8,0,10552.16
C001402,North,Consumer,Referral,5,6,7.0,1,5944.35
C001403,West,Consumer,Referral,7,5,5.1,0,5029.71
C001404,South,Consumer,Referral,56,17,1.9,1,20240.67
C001405,North,Consumer,Organic,20,7,2.3,0,9080.69
C001406,South,Consumer,Organic,18,4,6.3,0,5814.79
C001407,West,SMB,Referral,20,7,8.7,0,22095.12
C001408,North,Consumer,Partner,9,2,10.3,0,2924.02
C001409,West,Consumer,Paid Search,13,6,13.5,1,9260.37
C001410,East,Consumer,Paid Search,24,5,11.3,0,5632.98
C001411,West,Consumer,Partner,4,1,2.5,0,1750.69
C001412,West,Consumer,Social,2,6,11.6,1,5441.5
C001413,West,SMB,Social,11,4,18.3,0,11615.41
C001414,West,Consumer,Referral,10,1,4.5,0,1492.2
C001415,North,Enterprise,Partner,43,18,7.8,2,170983.53
C001416,West,SMB,Referral,9,7,7.2,0,11972.28
C001417,South,SMB,Referral,24,9,2.8,0,34645.41
C001418,South,Consumer,Social,10,5,16.0,1,5005.87
C001419,West,SMB,Paid Search,23,8,16.6,0,26289.2
C001420,West,Enterprise,Partner,21,6,7.9,0,41666.85
C001421,East,SMB,Partner,50,10,7.2,1,27226.79
C001422,South,Consumer,Referral,8,2,3.5,0,3130.08
C001423,South,SMB,Organic,8,5,4.2,0,19364.12
C001424,South,Consumer,Social,72,14,16.6,0,19856.87
C001425,South,Consumer,Paid Search,40,7,12.0,0,13914.32
C001426,South,SMB,Referral,12,5,5.7,0,13472.66
C001427,North,SMB,Organic,8,7,8.0,0,15707.8
C001428,North,Consumer,Social,7,1,14.2,0,1129.3
C001429,East,Consumer,Partner,39,1,6.7,0,1429.64
C001430,South,SMB,Organic,10,9,5.4,1,32155.68
C001431,West,Consumer,Social,9,1,18.9,0,987.43
C001432,East,Consumer,Partner,9,1,7.5,0,1053.94
C001433,North,SMB,Organic,27,4,2.3,1,12420.15
C001434,North,SMB,Organic,15,4,6.6,0,14378.08
C001435,North,Consumer,Paid Search,40,8,11.0,0,9280.45
C001436,West,Consumer,Social,63,17,16.7,0,16767.46
C001437,North,Consumer,Paid Search,21,7,5.9,0,12075.71
C001438,South,Consumer,Organic,22,3,5.1,0,3311.49
C001439,West,SMB,Organic,14,1,4.3,0,3358.32
C001440,West,SMB,Paid Search,20,8,9.1,0,14845.82
C001441,South,Consumer,Organic,3,1,1.4,0,1588.2
C001442,North,Consumer,Referral,24,4,6.2,0,5244.13
C001443,North,Consumer,Organic,34,10,1.8,0,12596.19
C001444,North,Consumer,Social,7,1,6.1,0,1878.42
C001445,North,Consumer,Social,56,10,11.5,2,13055.58
C001446,South,Consumer,Partner,11,5,4.3,0,7634.03
C001447,West,SMB,Organic,47,11,5.1,1,31236.52
C001448,South,Consumer,Referral,29,11,3.4,0,15036.48
C001449,East,SMB,Social,6,1,15.0,0,3307.73
C001450,North,Consumer,Referral,38,8,4.1,1,10672.48
C001451,West,SMB,Organic,18,4,7.3,0,16925.97
C001452,East,Enterprise,Organic,25,4,6.1,0,24360.1
C001453,West,Consumer,Referral,15,3,6.1,0,4452.97
C001454,West,Consumer,Paid Search,16,6,12.4,0,7523.16
C001455,South,SMB,Partner,4,1,9.7,0,2537.53
C001456,North,Consumer,Social,27,4,15.2,1,4899.27
C001457,South,Consumer,Social,18,4,15.4,0,7789.53
C001458,South,Consumer,Partner,22,7,1.7,1,14688.46
C001459,West,SMB,Referral,26,7,5.4,0,20961.79
C001460,South,Consumer,Organic,25,7,2.7,0,8550.36
C001461,East,Consumer,Organic,28,6,8.2,0,7930.37
C001462,South,Consumer,Social,4,1,13.8,0,1279.51
C001463,North,SMB,Paid Search,15,9,10.0,0,20034.55
C001464,South,Consumer,Partner,6,1,9.7,0,1692.96
C001465,East,SMB,Organic,1,3,0.4,0,6244.59
C001466,East,SMB,Organic,25,10,4.7,1,26271.11
C001467,South,Consumer,Social,63,14,9.1,1,22959.48
C001468,South,Consumer,Social,1,2,12.8,1,3282.96
C001469,East,SMB,Partner,27,9,6.6,0,17560.86
C001470,North,SMB,Organic,14,4,9.4,0,15188.99
C001471,West,Consumer,Paid Search,16,1,11.6,0,1468.57
C001472,North,Consumer,Referral,26,5,4.3,0,7139.02
C001473,North,Consumer,Partner,24,9,7.6,0,9516.91
C001474,South,Consumer,Organic,15,6,9.3,0,7573.21
C001475,South,Consumer,Referral,12,4,0.8,0,6060.91
C001476,South,Consumer,Organic,24,8,7.3,0,12096.67
C001477,South,Consumer,Social,2,1,16.1,0,1474.13
C001478,West,SMB,Organic,26,8,4.7,0,22244.18
C001479,South,SMB,Partner,14,5,7.1,0,20355.03
C001480,South,SMB,Organic,44,16,9.3,2,44129.84
C001481,South,Consumer,Referral,18,4,9.2,0,6191.86
C001482,North,Consumer,Social,42,8,11.9,1,13191.42
C001483,South,Consumer,Organic,8,5,5.1,0,6972.65
C001484,South,SMB,Organic,7,3,8.7,0,6835.23
C001485,East,Consumer,Referral,10,4,8.6,0,4515.56
C001486,North,Consumer,Referral,49,11,7.8,0,18149.17
C001487,West,Enterprise,Social,17,9,11.1,0,71958.71
C001488,South,SMB,Referral,11,4,13.9,0,12932.99
C001489,West,Consumer,Organic,24,2,7.2,0,2234.8
C001490,South,SMB,Partner,10,2,13.4,0,4114.18
C001491,North,Consumer,Organic,23,7,5.9,0,11030.64
C001492,West,Consumer,Referral,17,6,6.9,0,9380.57
C001493,East,Consumer,Partner,11,1,6.1,0,1049.49
C001494,West,Consumer,Partner,18,5,10.9,0,5547.16
C001495,South,SMB,Organic,18,8,9.5,0,22984.46
C001496,East,Consumer,Organic,32,8,8.1,0,9779.91
C001497,West,Consumer,Referral,6,8,13.8,1,8462.11
C001498,East,Enterprise,Paid Search,12,8,12.4,0,52571.51
C001499,South,Consumer,Social,21,4,13.1,0,4266.96
C001500,East,Consumer,Referral,9,4,7.8,0,4358.8
C001501,East,Consumer,Organic,15,1,7.4,0,955.76
C001502,West,Consumer,Paid Search,11,9,11.2,0,12248.2
C001503,South,Consumer,Referral,13,1,6.9,0,1344.19
C001504,South,Consumer,Social,7,4,15.6,0,7256.87
C001505,West,SMB,Paid Search,63,18,13.5,2,51846.35
C001506,South,Consumer,Organic,2,1,5.4,0,1194.04
C001507,East,Consumer,Paid Search,11,1,12.6,0,1408.06
C001508,South,Consumer,Referral,17,8,8.9,1,11496.18
C001509,North,SMB,Social,17,7,17.3,0,20091.68
C001510,East,Consumer,Partner,39,7,6.5,0,6784.27
C001511,North,Consumer,Partner,6,6,2.5,1,9841.43
C001512,North,Enterprise,Referral,4,3,3.9,0,36721.97
C001513,East,Consumer,Partner,12,5,9.4,0,6835.58
C001514,East,Consumer,Organic,17,1,2.8,0,1159.11
C001515,West,Consumer,Referral,14,1,7.8,0,1817.71
C001516,South,Consumer,Referral,34,10,6.8,0,13339.7
C001517,North,Enterprise,Social,7,6,15.2,0,47379.04
C001518,West,Consumer,Social,11,8,16.5,0,16400.98
C001519,North,Consumer,Organic,26,4,8.6,1,4858.98
C001520,North,Consumer,Partner,18,6,8.0,0,9124.92
C001521,South,Consumer,Partner,40,9,4.9,0,20981.94
C001522,South,Consumer,Partner,18,7,8.9,0,12745.09
C001523,West,SMB,Paid Search,6,5,14.1,0,15524.58
C001524,East,Consumer,Partner,36,7,1.2,1,6271.03
C001525,East,SMB,Social,34,7,12.8,0,13524.89
C001526,North,SMB,Referral,23,6,7.1,1,19786.93
C001527,South,Consumer,Paid Search,70,14,10.6,1,19312.21
C001528,South,SMB,Social,18,8,15.4,0,20129.04
C001529,North,SMB,Social,19,1,13.1,0,3281.93
C001530,South,Consumer,Referral,33,7,9.8,1,11831.55
C001531,South,Consumer,Partner,22,8,8.2,1,10228.51
C001532,North,Consumer,Organic,19,7,0.0,0,12165.37
C001533,South,Consumer,Referral,4,1,9.2,0,1229.67
C001534,East,SMB,Paid Search,5,4,14.4,0,6690.58
C001535,North,Consumer,Paid Search,5,1,11.9,0,1400.01
C001536,South,Consumer,Paid Search,13,3,6.5,0,3590.46
C001537,West,Consumer,Paid Search,41,11,14.7,0,11425.22
C001538,East,Consumer,Paid Search,55,7,8.9,0,6973.98
C001539,West,SMB,Organic,45,17,3.9,1,52813.65
C001540,South,SMB,Organic,46,16,3.3,1,59313.89
C001541,West,SMB,Social,8,5,10.7,2,13164.18
C001542,South,Consumer,Paid Search,18,8,,1,9058.9
C001543,South,Consumer,Organic,7,5,5.6,2,6167.95
C001544,North,SMB,Organic,23,9,5.3,0,18589.26
C001545,South,Consumer,Organic,14,3,4.4,1,5417.06
C001546,South,SMB,Organic,4,1,2.8,0,2655.54
C001547,South,Consumer,Partner,25,6,12.4,0,8997.07
C001548,East,Consumer,Referral,10,4,7.6,0,3446.77
C001549,South,Consumer,Paid Search,16,1,9.2,0,1914.78
C001550,South,SMB,Referral,12,7,8.3,0,20941.97
C001551,North,Consumer,Organic,27,7,6.1,0,7139.51
C001552,South,SMB,Social,20,7,16.8,0,16875.3
C001553,South,Consumer,Partner,18,5,7.9,0,7809.01
C001554,South,Consumer,Organic,44,11,3.1,0,14598.35
C001555,South,SMB,Organic,12,6,0.9,0,20906.64
C001556,East,Consumer,Referral,24,7,5.4,0,11437.27
C001557,West,Consumer,Organic,13,11,0.0,2,20607.33
C001558,South,Enterprise,Organic,72,37,5.9,1,320896.36
C001559,East,SMB,Referral,37,8,2.2,0,27845.18
C001560,West,Consumer,Referral,53,6,5.9,0,9158.34
C001561,West,SMB,Organic,19,3,7.2,0,8468.28
C001562,East,Consumer,Social,38,5,14.3,0,5615.56
C001563,West,Consumer,Organic,7,4,4.8,0,6044.62
C001564,West,Consumer,Paid Search,6,1,13.3,0,1475.06
C001565,West,Consumer,Social,15,5,16.5,0,5444.42
C001566,South,Consumer,Referral,22,4,10.1,0,7369.32
C001567,North,Consumer,Referral,41,10,8.7,2,17576.61
C001568,North,SMB,Referral,18,8,8.1,0,35798.35
C001569,South,Consumer,Referral,15,3,1.1,0,3439.04
C001570,South,Consumer,Partner,31,9,8.7,1,13517.76
C001571,South,SMB,Referral,51,16,12.0,4,39197.62
C001572,South,Enterprise,Paid Search,32,15,13.9,3,136156.47
C001573,South,Consumer,Social,25,8,,0,13708.93
C001574,West,Enterprise,Organic,38,19,3.0,1,164279.4
C001575,North,SMB,Social,36,12,14.8,1,28592.47
C001576,South,Consumer,Organic,33,11,6.7,1,15247.74
C001577,West,Consumer,Paid Search,37,7,13.3,0,9124.44
C001578,West,Consumer,Social,23,5,17.4,0,6959.22
C001579,West,SMB,Referral,58,16,3.6,0,51913.35
C001580,West,Consumer,Organic,6,3,2.6,0,6161.97
C001581,West,Consumer,Paid Search,28,6,8.1,0,8351.68
C001582,South,SMB,Social,10,5,15.8,1,16567.42
C001583,South,Consumer,Partner,21,4,7.4,0,5086.84
C001584,South,Consumer,Paid Search,6,1,11.4,0,1128.84
C001585,East,SMB,Organic,13,2,3.0,1,6375.8
C001586,West,Enterprise,Paid Search,15,10,9.5,0,87374.99
C001587,South,SMB,Paid Search,26,9,12.0,0,23459.55
C001588,South,Consumer,Organic,12,3,8.3,1,3767.44
C001589,South,Consumer,Partner,16,6,12.7,0,7842.38
C001590,North,Consumer,Referral,32,10,11.7,0,13807.77
C001591,North,Consumer,Paid Search,42,7,10.6,0,9669.07
C001592,North,Consumer,Paid Search,14,1,8.5,0,1026.01
C001593,West,Enterprise,Organic,46,24,7.7,0,153115.57
C001594,South,SMB,Referral,30,11,10.8,1,33235.35
C001595,West,Consumer,Paid Search,46,9,13.3,0,13799.23
C001596,East,Consumer,Paid Search,20,7,11.9,0,7103.27
C001597,North,Consumer,Referral,15,3,5.1,0,3211.37
C001598,North,Consumer,Paid Search,18,5,13.8,1,6502.73
C001599,West,SMB,Referral,25,8,8.7,0,14794.38
C001600,South,Consumer,Partner,20,14,8.8,0,19484.79
C001601,West,SMB,Paid Search,20,6,8.7,0,19430.95
C001602,North,Consumer,Paid Search,30,9,9.0,0,11693.78
C001603,East,Consumer,Partner,12,2,7.7,0,1821.3
C001604,West,Enterprise,Paid Search,22,13,15.1,1,133127.94
C001605,South,Consumer,Paid Search,6,2,14.7,0,2818.09
C001606,South,Consumer,Social,19,7,13.8,0,10379.56
C001607,West,Consumer,Referral,14,3,1.5,0,5547.59
C001608,South,Consumer,Partner,15,6,12.0,0,8401.27
C001609,South,Consumer,Paid Search,7,1,15.7,0,1316.39
C001610,South,Consumer,Paid Search,12,2,12.4,0,3694.82
C001611,South,Consumer,Organic,26,2,3.7,0,2698.12
C001612,East,Consumer,Organic,9,3,4.1,0,4663.61
C001613,East,Consumer,Referral,3,1,9.8,0,971.28
C001614,South,SMB,Organic,28,16,6.6,1,42628.62
C001615,West,SMB,Paid Search,67,18,10.7,2,53670.19
C001616,North,Consumer,Organic,11,6,11.6,0,10586.64
C001617,North,Consumer,Organic,57,14,0.4,1,21541.84
C001618,South,Consumer,Paid Search,3,1,10.2,0,1119.81
C001619,West,Consumer,Referral,27,4,5.3,0,6877.86
C001620,North,Consumer,Paid Search,10,2,12.3,1,2244.55
C001621,North,SMB,Social,66,21,18.4,1,58346.74
C001622,South,Consumer,Organic,17,11,7.5,1,17782.35
C001623,West,Consumer,Organic,12,1,5.4,0,1103.52
C001624,North,SMB,Partner,1,2,4.0,0,6190.33
C001625,South,SMB,Partner,33,10,10.9,0,22968.71
C001626,East,Consumer,Paid Search,32,5,8.6,0,8085.23
C001627,South,Consumer,Paid Search,45,15,10.8,1,16119.16
C001628,North,Enterprise,Partner,23,9,7.8,1,68319.41
C001629,North,Consumer,Referral,15,1,4.6,0,1184.29
C001630,South,SMB,Organic,40,14,2.5,0,59729.79
C001631,South,SMB,Organic,13,7,7.7,0,15642.09
C001632,West,Consumer,Organic,6,1,9.4,0,2274.23
C001633,East,Consumer,Social,27,4,14.8,0,4280.1
C001634,East,Consumer,Referral,37,7,1.7,0,8297.95
C001635,West,Consumer,Organic,5,1,5.8,0,1731.57
C001636,South,Consumer,Organic,22,7,2.9,0,11138.48
C001637,South,SMB,Organic,34,11,6.1,1,28756.53
C001638,West,SMB,Social,12,8,15.9,1,18189.94
C001639,South,Enterprise,Partner,57,31,2.4,1,256118.52
C001640,East,Enterprise,Referral,11,6,5.8,0,37641.57
C001641,East,SMB,Social,11,3,16.8,0,7924.89
C001642,North,Consumer,Organic,13,1,4.7,0,1454.3
C001643,South,Consumer,Referral,8,3,3.7,0,5229.08
C001644,North,Consumer,Paid Search,11,2,14.0,1,2372.76
C001645,North,Consumer,Organic,21,5,0.0,0,8531.54
C001646,South,Consumer,Paid Search,10,3,12.7,0,3761.41
C001647,South,Consumer,Social,29,11,13.4,0,13073.51
C001648,West,Consumer,Organic,5,1,6.3,0,1332.85
C001649,West,Consumer,Paid Search,10,1,11.3,0,1857.56
C001650,West,SMB,Partner,57,12,9.5,0,30486.99
C001651,South,Consumer,Social,11,2,19.1,0,2400.8
C001652,South,Consumer,Paid Search,19,3,14.1,0,4441.95
C001653,South,Consumer,Organic,20,2,7.0,0,2989.86
C001654,North,Consumer,Social,8,2,16.7,0,2010.55
C001655,West,Consumer,Organic,10,6,0.0,1,7461.45
C001656,South,Consumer,Organic,24,9,5.2,0,16352.75
C001657,South,Consumer,Organic,11,1,5.8,0,1225.48
C001658,West,SMB,Paid Search,11,4,13.7,0,12977.55
C001659,South,Consumer,Referral,10,4,6.7,0,5608.63
C001660,North,Enterprise,Social,44,21,17.1,0,92984.03
C001661,North,SMB,Paid Search,39,15,9.1,0,46555.78
C001662,East,Consumer,Partner,21,1,14.0,0,1362.87
C001663,West,Consumer,Referral,16,2,8.7,0,3231.05
C001664,North,Consumer,Referral,20,3,4.2,0,3927.22
C001665,West,SMB,Organic,26,9,9.1,1,24001.56
C001666,West,SMB,Organic,26,2,1.7,0,5654.24
C001667,West,SMB,Referral,11,4,7.0,0,10144.49
C001668,South,SMB,Social,14,1,15.3,0,2956.46
C001669,North,Consumer,Organic,13,3,3.8,0,4154.88
C001670,West,SMB,Paid Search,23,13,11.6,0,32988.59
C001671,South,Consumer,Paid Search,43,13,12.2,0,16333.66
C001672,East,Consumer,Paid Search,19,1,8.8,0,1268.11
C001673,East,Consumer,Organic,20,3,5.8,0,4916.04
C001674,North,SMB,Organic,10,2,5.0,0,5837.28
C001675,West,Consumer,Paid Search,4,5,17.8,0,4936.55
C001676,West,Consumer,Partner,14,1,12.5,0,1371.39
C001677,East,Consumer,Social,29,4,12.8,0,5184.57
C001678,South,Enterprise,Organic,10,6,4.6,0,61682.77
C001679,West,Consumer,Organic,3,1,2.9,0,1695.56
C001680,South,Consumer,Paid Search,26,11,11.2,2,16554.33
C001681,East,Consumer,Organic,25,1,7.6,0,2145.23
C001682,West,Consumer,Social,12,1,14.7,0,1058.82
C001683,East,SMB,Paid Search,11,8,10.5,1,26042.18
C001684,South,Enterprise,Partner,15,10,9.8,0,94210.33
C001685,North,SMB,Organic,12,4,0.0,0,18985.73
C001686,South,SMB,Partner,50,15,6.8,2,34529.55
C001687,South,Consumer,Social,14,4,19.1,0,7260.7
C001688,South,Consumer,Social,23,5,19.3,0,9238.62
C001689,South,Consumer,Partner,16,3,11.9,1,4225.96
C001690,South,SMB,Paid Search,24,5,8.3,0,12764.34
C001691,West,Consumer,Organic,12,3,1.3,0,7130.53
C001692,West,SMB,Paid Search,12,3,10.5,0,7172.47
C001693,South,Consumer,Social,19,4,15.0,0,6916.35
C001694,East,Consumer,Partner,10,4,5.8,0,6859.88
C001695,East,Consumer,Paid Search,14,2,7.0,0,2431.61
C001696,South,SMB,Social,29,10,17.8,0,26233.01
C001697,North,SMB,Organic,39,15,7.3,0,59378.23
C001698,West,Consumer,Organic,61,14,3.2,0,20072.12
C001699,West,SMB,Referral,27,7,9.1,0,17928.48
C001700,East,SMB,Paid Search,23,4,14.8,0,5363.51
C001701,West,Consumer,Organic,9,2,0.0,0,3942.11
C001702,West,SMB,Social,36,13,16.9,1,31580.37
C001703,South,Consumer,Referral,49,10,6.8,1,17984.45
C001704,East,Consumer,Referral,13,3,0.0,0,3932.55
C001705,South,Consumer,Organic,57,12,8.1,2,23767.15
C001706,West,Consumer,Organic,39,7,5.2,0,13760.39
C001707,North,Consumer,Referral,27,3,2.2,1,3606.51
C001708,South,Consumer,Partner,16,5,9.2,0,6827.17
C001709,West,Consumer,Organic,6,2,5.5,0,3343.64
C001710,South,SMB,Social,50,20,16.6,0,72935.81
C001711,West,Consumer,Social,6,2,9.2,0,2925.57
C001712,South,Consumer,Social,52,10,14.1,0,14794.09
C001713,West,Consumer,Referral,55,15,4.1,0,24291.99
C001714,West,Consumer,Paid Search,9,3,11.5,0,3509.76
C001715,South,SMB,Social,6,4,9.9,0,10862.05
C001716,East,SMB,Paid Search,13,4,8.6,0,9512.21
C001717,South,Consumer,Organic,17,5,9.6,0,9110.9
C001718,East,SMB,Paid Search,12,2,15.5,0,6533.65
C001719,East,Consumer,Paid Search,13,3,14.9,0,2873.01
C001720,West,Enterprise,Referral,18,9,11.4,0,82216.5
C001721,North,Consumer,Partner,49,11,2.4,0,16822.76
C001722,South,Consumer,Paid Search,16,7,11.8,0,9214.53
C001723,East,Consumer,Organic,29,8,5.7,0,8405.68
C001724,South,Consumer,Partner,7,4,6.8,0,6439.0
C001725,South,Consumer,Organic,20,1,0.0,0,1467.83
C001726,North,Consumer,Organic,14,2,7.7,0,2983.47
C001727,South,Consumer,Social,28,3,16.9,0,3366.34
C001728,West,SMB,Partner,6,6,6.1,0,14231.49
C001729,North,SMB,Referral,42,12,9.5,0,40396.41
C001730,South,Consumer,Paid Search,13,3,12.4,0,4508.94
C001731,West,SMB,Referral,10,2,8.9,0,5940.26
C001732,North,Consumer,Social,55,14,12.3,0,16644.34
C001733,East,Enterprise,Partner,22,10,8.7,0,81282.59
C001734,South,Consumer,Organic,17,4,5.7,0,6000.52
C001735,West,SMB,Partner,6,3,7.3,0,10235.34
C001736,East,Enterprise,Referral,9,6,0.0,0,41920.45
C001737,West,SMB,Organic,6,3,5.5,0,7220.82
C001738,North,SMB,Organic,19,9,5.7,1,22016.88
C001739,South,Consumer,Organic,39,13,2.2,1,22831.63
C001740,East,SMB,Partner,23,7,9.7,0,14005.96
C001741,South,Consumer,Paid Search,19,3,12.7,0,6208.49
C001742,South,Consumer,Social,18,6,16.2,0,6319.47
C001743,North,Enterprise,Organic,33,14,3.9,0,110986.12
C001744,West,Consumer,Social,15,7,9.9,1,12605.16
C001745,East,Consumer,Paid Search,5,5,6.9,0,6653.63
C001746,East,Enterprise,Partner,36,16,10.1,0,102540.69
C001747,East,Consumer,Referral,7,1,3.7,0,1636.41
C001748,South,Consumer,Social,4,1,12.6,0,1197.66
C001749,South,Consumer,Referral,22,5,9.5,0,7047.77
C001750,South,SMB,Referral,3,1,0.6,0,2373.69
C001751,East,SMB,Partner,18,4,3.2,0,12475.95
C001752,North,Consumer,Paid Search,20,5,14.4,0,7180.99
C001753,West,Consumer,Partner,25,7,8.3,0,11313.89
C001754,West,Consumer,Organic,23,8,0.0,0,12932.4
C001755,South,SMB,Referral,6,3,5.7,0,9488.71
C001756,South,SMB,Partner,33,11,8.5,2,33940.22
C001757,North,Enterprise,Partner,18,6,4.7,0,51659.21
C001758,West,Consumer,Paid Search,14,4,7.7,0,5968.32
C001759,West,Consumer,Paid Search,6,1,6.9,0,1217.08
C001760,West,Consumer,Social,37,7,17.5,0,5790.11
C001761,South,Consumer,Paid Search,35,7,15.1,0,14888.58
C001762,North,Consumer,Partner,12,2,10.3,0,2363.7
C001763,North,Consumer,Organic,25,7,8.7,0,9255.59
C001764,North,Consumer,Organic,30,6,8.8,0,10255.42
C001765,North,Enterprise,Social,15,12,10.5,1,97653.03
C001766,North,Consumer,Paid Search,35,4,15.0,1,3831.13
C001767,West,Consumer,Paid Search,36,11,12.3,0,12036.52
C001768,North,SMB,Paid Search,4,1,17.7,0,2944.3
C001769,North,Consumer,Partner,29,6,18.2,0,8295.54
C001770,West,Consumer,Referral,12,4,6.4,1,5318.25
C001771,South,Consumer,Partner,9,6,7.1,0,9121.41
C001772,East,Consumer,Paid Search,3,4,10.8,0,4854.02
C001773,East,Consumer,Paid Search,19,6,12.2,1,7472.77
C001774,West,Consumer,Organic,15,3,5.7,0,4846.92
C001775,East,Consumer,Paid Search,12,7,19.9,1,7003.1
C001776,South,Consumer,Organic,30,9,5.4,1,16162.03
C001777,East,Consumer,Organic,72,5,3.7,0,7320.13
C001778,South,Consumer,Paid Search,25,7,12.0,0,12100.17
C001779,South,Consumer,Social,14,3,12.5,1,5053.08
C001780,South,Enterprise,Paid Search,36,19,7.0,0,191772.03
C001781,North,Consumer,Referral,8,4,6.6,0,5116.84
C001782,West,Consumer,Paid Search,12,4,19.0,0,4977.96
C001783,South,Consumer,Referral,20,4,9.7,0,5026.67
C001784,North,SMB,Social,20,10,13.6,1,26983.68
C001785,South,Consumer,Social,33,5,16.1,0,5896.64
C001786,West,Consumer,Social,48,7,22.5,0,9386.33
C001787,South,Consumer,Organic,33,6,5.6,0,11879.36
C001788,East,Consumer,Paid Search,48,10,9.3,0,12242.81
C001789,West,SMB,Social,50,16,15.2,0,38353.25
C001790,North,Consumer,Partner,22,3,9.9,0,4475.57
C001791,East,SMB,Referral,16,3,8.2,0,9140.94
C001792,South,Consumer,Paid Search,28,7,16.4,0,8314.54
C001793,North,SMB,Social,4,1,15.3,0,2600.4
C001794,East,Consumer,Partner,33,8,1.0,0,11384.08
C001795,West,SMB,Paid Search,30,13,13.4,0,33544.68
C001796,South,SMB,Organic,8,4,6.2,0,13719.1
C001797,South,Consumer,Social,45,12,16.0,0,11986.83
C001798,South,Consumer,Social,37,9,12.5,0,13918.81
C001799,South,Consumer,Organic,27,10,11.0,1,21021.29
C001800,East,Consumer,Paid Search,16,8,8.7,0,11029.89
C001801,East,SMB,Referral,46,11,4.1,0,28701.3
C001802,East,Consumer,Social,5,2,14.3,0,1814.31
C001803,North,SMB,Social,18,8,19.0,0,18150.85
C001804,East,SMB,Organic,29,9,9.1,3,23496.51
C001805,East,SMB,Organic,40,8,6.9,1,20488.49
C001806,East,SMB,Social,36,5,17.7,0,8680.35
C001807,North,Consumer,Organic,7,1,1.1,0,1559.34
C001808,South,Consumer,Paid Search,25,7,6.9,1,9058.43
C001809,South,Consumer,Referral,21,5,5.9,0,6920.53
C001810,North,SMB,Paid Search,4,1,14.7,0,3061.78
C001811,South,Enterprise,Social,7,4,17.7,0,29345.82
C001812,South,Consumer,Organic,3,6,2.4,1,8490.96
C001813,East,Enterprise,Social,4,1,12.1,0,5522.33
C001814,South,Enterprise,Referral,7,5,10.5,0,36264.22
C001815,West,Consumer,Referral,17,3,7.6,0,3919.32
C001816,South,SMB,Partner,17,12,1.8,0,46166.9
C001817,East,Consumer,Organic,24,1,1.6,0,1319.92
C001818,South,Consumer,Social,11,2,16.5,0,3505.86
C001819,South,Consumer,Organic,41,10,1.4,0,12879.11
C001820,East,Consumer,Partner,35,7,5.0,0,11622.02
C001821,West,SMB,Organic,24,11,2.2,0,32888.48
C001822,South,Consumer,Referral,53,15,9.6,0,21384.92
C001823,South,SMB,Organic,22,6,5.0,0,17937.31
C001824,East,SMB,Paid Search,5,3,17.0,0,10564.02
C001825,East,SMB,Organic,28,7,3.7,0,16545.56
C001826,North,Consumer,Organic,20,3,4.4,0,6509.39
C001827,South,Consumer,Organic,13,6,6.0,0,11060.25
C001828,South,Consumer,Organic,15,5,3.1,0,6408.91
C001829,West,Consumer,Social,26,10,10.2,0,11668.91
C001830,South,Consumer,Paid Search,23,7,10.9,1,10693.96
C001831,South,Consumer,Organic,60,16,2.8,0,26199.05
C001832,West,Consumer,Partner,21,1,7.6,0,1343.86
C001833,South,Consumer,Referral,22,6,5.2,0,8432.45
C001834,North,Consumer,Organic,20,6,6.4,1,11482.77
C001835,North,Consumer,Paid Search,19,6,10.9,2,8269.67
C001836,North,SMB,Paid Search,8,7,7.2,0,21409.86
C001837,North,Consumer,Referral,12,5,5.1,0,7286.5
C001838,South,Enterprise,Partner,25,11,4.4,1,99180.7
C001839,East,Consumer,Referral,5,3,12.8,0,5433.87
C001840,East,Consumer,Partner,15,5,8.1,0,6956.63
C001841,North,Enterprise,Social,43,18,17.0,0,214898.57
C001842,South,SMB,Partner,15,5,7.7,0,17794.79
C001843,North,Consumer,Referral,51,12,12.5,0,13823.6
C001844,West,Consumer,Referral,15,4,3.2,0,7820.77
C001845,North,Consumer,Social,37,10,12.6,0,12910.12
C001846,East,Consumer,Social,20,5,18.3,0,7481.04
C001847,South,SMB,Organic,8,1,3.4,0,2784.64
C001848,East,Consumer,Organic,59,11,2.8,0,10512.99
C001849,South,Consumer,Organic,7,2,3.3,0,3256.95
C001850,East,Consumer,Organic,13,4,10.8,0,6460.37
C001851,South,Consumer,Partner,64,16,14.1,0,19990.46
C001852,West,Consumer,Social,22,3,16.2,0,4446.43
C001853,South,Consumer,Organic,10,4,5.6,0,5444.71
C001854,East,SMB,Paid Search,19,7,14.4,0,19540.96
C001855,West,Consumer,Organic,28,7,6.2,0,9613.4
C001856,West,Consumer,Social,15,6,15.5,0,8425.4
C001857,South,Consumer,Partner,46,9,6.6,0,12975.9
C001858,South,Consumer,Organic,11,3,3.2,0,4123.87
C001859,South,Consumer,Paid Search,3,1,13.5,0,971.63
C001860,South,Consumer,Partner,34,11,8.4,2,12819.37
C001861,South,Enterprise,Referral,17,11,11.4,1,86189.85
C001862,West,Enterprise,Partner,37,17,7.2,0,154022.76
C001863,West,SMB,Paid Search,14,5,9.2,0,20720.62
C001864,South,SMB,Organic,25,10,0.6,0,29563.12
C001865,East,Consumer,Referral,14,6,4.7,0,6795.98
C001866,West,Consumer,Organic,16,3,0.7,1,3599.67
C001867,West,Consumer,Social,5,3,18.4,0,4575.15
C001868,North,SMB,Social,7,4,13.7,0,11609.92
C001869,South,Consumer,Paid Search,23,1,9.7,0,1629.44
C001870,West,Consumer,Paid Search,34,6,13.4,0,8767.73
C001871,South,Consumer,Social,25,8,20.8,1,9702.42
C001872,South,Consumer,Partner,9,6,6.7,0,12120.19
C001873,West,SMB,Paid Search,27,12,8.6,0,29578.48
C001874,West,Consumer,Social,9,1,13.8,0,1234.9
C001875,West,Consumer,Organic,23,8,0.0,0,10282.4
C001876,West,Consumer,Partner,11,6,9.5,0,8334.63
C001877,South,SMB,Referral,17,8,8.7,1,20640.76
C001878,South,Consumer,Organic,12,1,3.7,0,1401.02
C001879,South,Consumer,Social,27,6,11.6,0,6884.44
C001880,South,Consumer,Social,13,4,22.2,0,4239.1
C001881,South,Consumer,Social,28,7,11.3,0,7426.51
C001882,East,SMB,Paid Search,2,1,9.7,0,2619.11
C001883,South,Consumer,Social,35,8,15.1,0,9431.68
C001884,East,Enterprise,Social,9,3,17.6,0,26100.99
C001885,South,Consumer,Paid Search,48,13,11.5,2,22941.59
C001886,South,Consumer,Organic,14,5,5.1,1,7939.11
C001887,North,Enterprise,Partner,43,21,9.8,0,180452.77
C001888,North,Consumer,Referral,4,1,16.6,0,1485.34
C001889,West,SMB,Paid Search,39,12,10.3,1,30710.99
C001890,South,Consumer,Partner,10,3,6.5,0,4443.7
C001891,South,Consumer,Organic,38,12,4.7,0,23410.05
C001892,East,Consumer,Social,19,3,17.0,0,4224.68
C001893,South,Consumer,Paid Search,15,3,19.6,0,3410.91
C001894,North,SMB,Organic,43,15,4.7,1,67878.1
C001895,South,Consumer,Partner,12,6,9.7,0,6820.79
C001896,North,Consumer,Social,51,11,8.5,0,9558.47
C001897,East,Consumer,Organic,16,7,5.2,0,12643.23
C001898,South,Consumer,Partner,20,11,8.0,0,19317.82
C001899,North,Consumer,Partner,21,8,11.1,0,11070.98
C001900,North,Enterprise,Social,7,3,13.4,0,25966.9
C001901,South,Consumer,Organic,24,8,1.3,0,11374.0
C001902,North,Consumer,Organic,10,3,5.7,0,2997.54
C001903,West,Consumer,Social,8,1,10.3,0,1291.26
C001904,North,Consumer,Partner,8,1,5.6,0,1231.7
C001905,East,Consumer,Organic,14,4,5.2,0,4200.93
C001906,South,SMB,Paid Search,44,17,4.8,1,47342.12
C001907,South,Consumer,Organic,11,7,4.2,0,9835.95
C001908,North,SMB,Paid Search,24,9,16.7,0,20465.2
C001909,West,Consumer,Referral,42,10,2.2,0,16623.4
C001910,West,Consumer,Organic,16,4,2.9,0,6839.32
C001911,North,SMB,Referral,21,7,8.8,0,20334.39
C001912,North,SMB,Referral,47,10,9.4,0,16351.15
C001913,West,Enterprise,Paid Search,27,15,12.2,1,95902.67
C001914,South,Consumer,Partner,25,8,7.4,0,10000.01
C001915,North,Enterprise,Organic,19,15,10.0,0,145779.48
C001916,North,SMB,Organic,50,14,5.6,0,33459.95
C001917,East,SMB,Paid Search,14,7,8.8,0,11794.02
C001918,East,SMB,Referral,13,3,7.4,0,8608.77
C001919,South,Enterprise,Organic,15,14,4.6,0,127178.5
C001920,West,Consumer,Partner,29,10,6.7,3,24297.44
C001921,South,SMB,Organic,23,11,0.0,0,27538.67
C001922,South,SMB,Organic,9,5,5.0,2,15006.41
C001923,South,SMB,Social,31,10,16.7,0,22339.72
C001924,South,SMB,Partner,27,9,10.3,1,21658.94
C001925,South,Consumer,Referral,11,1,7.0,0,1301.69
C001926,North,Consumer,Organic,24,6,5.1,0,6856.52
C001927,South,Consumer,Paid Search,36,8,10.3,2,12288.91
C001928,East,SMB,Organic,15,6,7.9,0,15109.37
C001929,North,SMB,Referral,4,3,3.4,0,8639.34
C001930,South,SMB,Referral,17,4,5.4,0,16092.59
C001931,East,SMB,Paid Search,15,7,9.6,0,19103.24
C001932,East,Consumer,Referral,3,2,6.7,0,2977.23
C001933,East,Consumer,Social,13,5,18.9,0,5653.88
C001934,West,Consumer,Organic,7,1,1.4,0,1652.01
C001935,East,SMB,Organic,43,9,5.8,0,27557.3
C001936,North,Consumer,Social,43,8,15.9,0,8029.37
C001937,South,SMB,Organic,25,10,2.1,1,28345.39
C001938,East,Enterprise,Organic,17,8,4.4,0,59369.66
C001939,South,Consumer,Organic,14,8,2.3,0,13003.95
C001940,North,SMB,Referral,34,13,7.3,0,27208.14
C001941,South,Consumer,Referral,16,3,6.6,0,5384.46
C001942,South,Consumer,Referral,18,12,11.5,1,23368.9
C001943,South,Consumer,Paid Search,22,6,9.7,1,11742.71
C001944,North,Consumer,Referral,49,13,6.5,1,15871.94
C001945,West,Consumer,Organic,4,1,3.9,0,1794.02
C001946,West,Consumer,Social,11,5,19.1,1,5877.33
C001947,North,Consumer,Partner,6,4,6.5,0,5689.65
C001948,West,Consumer,Referral,25,2,4.3,0,3757.9
C001949,North,Consumer,Paid Search,4,6,9.7,0,10626.16
C001950,West,Consumer,Social,10,1,12.6,0,1260.09
C001951,West,SMB,Organic,21,6,3.3,0,16473.39
C001952,North,Consumer,Paid Search,31,5,9.4,0,9169.2
C001953,East,Consumer,Partner,17,2,8.0,0,2434.36
C001954,West,Enterprise,Organic,10,5,1.1,0,24217.96
C001955,West,SMB,Organic,14,2,6.7,0,6418.55
C001956,West,SMB,Referral,14,7,7.1,0,17450.96
C001957,South,SMB,Referral,34,12,11.9,0,32959.44
C001958,North,Consumer,Referral,11,3,8.4,0,4641.19
C001959,West,SMB,Organic,32,12,6.1,0,24522.23
C001960,East,Consumer,Social,17,8,21.0,0,9941.06
C001961,East,Consumer,Organic,38,3,6.3,0,2802.81
C001962,South,Consumer,Partner,20,10,7.4,0,13169.77
C001963,South,SMB,Organic,12,5,2.4,0,17162.08
C001964,North,Consumer,Organic,37,4,9.4,0,4250.16
C001965,East,Consumer,Referral,65,12,4.0,1,12167.83
C001966,North,Consumer,Organic,21,4,1.6,0,6313.1
C001967,East,SMB,Referral,34,11,3.6,0,31828.06
C001968,West,Consumer,Organic,20,5,2.7,0,7394.86
C001969,South,Consumer,Paid Search,11,4,12.1,0,6566.68
C001970,South,Consumer,Organic,39,9,4.2,1,31841.22
C001971,South,SMB,Paid Search,7,1,13.6,0,2116.52
C001972,West,Consumer,Organic,6,4,1.7,0,3957.16
C001973,East,Enterprise,Paid Search,39,15,9.4,0,130153.78
C001974,South,Consumer,Organic,15,5,5.5,1,6154.16
C001975,North,Consumer,Social,8,6,12.1,0,8517.85
C001976,North,Consumer,Social,51,10,10.9,1,15090.54
C001977,South,Consumer,Organic,30,9,0.4,1,14688.4
C001978,West,Consumer,Organic,17,4,4.9,0,6333.65
C001979,East,Consumer,Organic,23,4,4.8,0,7236.01
C001980,North,SMB,Organic,21,3,4.7,0,7588.59
C001981,West,Consumer,Paid Search,29,6,15.7,2,10283.93
C001982,South,Consumer,Paid Search,17,4,12.9,0,4423.66
C001983,West,Consumer,Partner,31,5,8.0,0,7771.79
C001984,South,Consumer,Social,20,1,19.0,0,1473.17
C001985,East,Consumer,Organic,3,1,7.9,0,1224.52
C001986,West,Consumer,Organic,12,8,2.8,0,14869.9
C001987,South,Consumer,Organic,27,7,7.5,1,10776.64
C001988,East,Consumer,Organic,6,1,10.3,0,1294.22
C001989,West,Enterprise,Referral,20,9,12.3,0,61169.0
C001990,North,SMB,Organic,15,5,7.9,0,11314.76
C001991,North,Enterprise,Organic,52,24,6.2,1,155939.82
C001992,East,Consumer,Organic,32,6,5.9,0,6742.61
C001993,South,SMB,Referral,6,9,11.4,0,20366.04
C001994,North,Consumer,Organic,28,11,1.0,0,23732.64
C001995,South,Consumer,Partner,15,5,11.8,0,6841.75
C001996,East,SMB,Paid Search,19,5,12.4,0,11804.51
C001997,South,Consumer,Paid Search,15,5,9.2,0,5954.54
C001998,South,Consumer,Paid Search,53,9,8.5,0,20451.31
C001999,West,SMB,Referral,50,17,1.9,2,49922.8
C002000,South,Consumer,Paid Search,11,4,13.7,0,5062.69
C002001,West,Consumer,Paid Search,38,5,17.8,0,5860.68
C002002,South,Consumer,Paid Search,12,2,10.5,0,2831.46
C002003,West,Consumer,Paid Search,10,4,9.4,0,5371.31
C002004,East,Enterprise,Organic,20,5,8.6,0,26709.74
C002005,North,Consumer,Referral,18,2,7.3,0,3303.07
C002006,West,Consumer,Referral,9,2,10.8,0,2248.67
C002007,South,Consumer,Referral,5,5,4.1,1,9302.07
C002008,North,Enterprise,Partner,19,14,10.0,0,82079.37
C002009,North,SMB,Paid Search,9,5,17.4,0,12826.8
C002010,East,Consumer,Partner,16,1,4.9,0,1046.02
C002011,North,Enterprise,Paid Search,40,15,11.0,0,98103.61
C002012,South,Consumer,Paid Search,16,13,10.9,0,21042.05
C002013,North,SMB,Referral,4,3,9.2,0,10349.17
C002014,South,Consumer,Organic,37,3,8.8,0,6499.86
C002015,South,Consumer,Organic,26,13,3.0,1,22418.43
C002016,South,Consumer,Referral,33,5,14.5,0,7046.06
C002017,South,Enterprise,Organic,18,13,5.2,0,95036.54
C002018,North,Enterprise,Organic,18,6,3.3,0,34480.53
C002019,East,Consumer,Social,67,17,19.3,0,20967.07
C002020,South,Consumer,Paid Search,26,3,12.4,0,4121.92
C002021,East,Consumer,Organic,37,5,3.9,0,6498.51
C002022,North,Consumer,Organic,72,17,3.4,1,22747.37
C002023,North,Consumer,Partner,66,11,14.3,0,12249.24
C002024,South,Consumer,Partner,7,4,5.0,0,7178.62
C002025,South,SMB,Referral,9,6,10.4,0,24949.51
C002026,South,Consumer,Organic,6,3,2.6,0,3792.69
C002027,West,Enterprise,Paid Search,18,7,10.1,0,38609.25
C002028,South,Consumer,Paid Search,72,15,11.8,0,20827.41
C002029,South,Consumer,Social,1,1,16.4,0,1194.94
C002030,South,Consumer,Referral,12,5,2.1,1,10234.1
C002031,North,Consumer,Social,18,6,13.4,0,8624.16
C002032,South,Consumer,Paid Search,8,3,15.1,1,6139.94
C002033,South,SMB,Partner,15,8,11.1,0,29115.43
C002034,South,Consumer,Paid Search,16,1,11.1,0,1497.92
C002035,North,Consumer,Paid Search,5,3,8.5,0,4240.83
C002036,West,SMB,Paid Search,32,10,12.6,0,29772.05
C002037,West,Consumer,Referral,15,5,9.5,1,5940.82
C002038,North,Consumer,Partner,7,4,8.5,0,5989.28
C002039,East,SMB,Paid Search,18,3,16.2,0,8928.5
C002040,East,Consumer,Partner,32,6,7.2,0,6624.51
C002041,South,Consumer,Paid Search,17,8,8.0,1,11570.6
C002042,West,SMB,Paid Search,8,4,10.2,0,12902.93
C002043,East,Enterprise,Organic,21,9,5.0,0,88271.06
C002044,West,Consumer,Organic,63,10,2.9,0,13183.42
C002045,West,Consumer,Social,12,5,13.4,0,7161.57
C002046,North,SMB,Organic,9,1,7.9,0,2745.75
C002047,South,Consumer,Paid Search,13,4,9.6,0,5648.16
C002048,South,Consumer,Organic,10,2,1.0,0,2252.57
C002049,North,Consumer,Social,10,4,17.4,0,4270.63
C002050,South,SMB,Partner,7,2,9.9,0,4652.07
C002051,West,Consumer,Social,37,7,11.9,1,9455.3
C002052,North,Consumer,Paid Search,30,4,14.1,0,4707.54
C002053,South,Consumer,Paid Search,14,4,8.6,0,4755.49
C002054,West,Consumer,Organic,11,4,2.8,0,5805.94
C002055,South,Enterprise,Partner,24,13,4.7,0,168226.97
C002056,South,Consumer,Organic,21,5,3.6,0,6965.45
C002057,West,Consumer,Partner,20,5,9.7,1,6580.56
C002058,South,Enterprise,Social,44,26,15.8,1,195639.1
C002059,North,Consumer,Social,26,8,12.6,1,9066.25
C002060,North,Consumer,Social,72,11,15.6,1,10157.68
C002061,West,Consumer,Paid Search,12,5,13.1,0,9827.04
C002062,South,SMB,Organic,65,25,7.9,0,52684.43
C002063,South,SMB,Paid Search,25,11,13.1,1,22388.82
C002064,North,SMB,Organic,8,1,7.2,0,3233.83
C002065,South,Consumer,Social,10,4,15.2,1,3714.86
C002066,West,Consumer,Paid Search,29,10,9.6,0,16611.86
C002067,South,Consumer,Partner,6,1,8.5,0,1793.52
C002068,West,Enterprise,Partner,17,17,11.6,0,114258.15
C002069,South,Consumer,Organic,72,11,8.8,1,16690.9
C002070,South,Consumer,Organic,1,2,0.0,1,3266.84
C002071,West,SMB,Paid Search,17,8,13.9,0,18469.96
C002072,South,Consumer,Organic,10,4,3.5,0,5631.62
C002073,South,Consumer,Referral,66,16,8.2,1,23486.3
C002074,West,Consumer,Social,16,1,10.9,0,1278.19
C002075,South,Consumer,Social,9,2,13.7,0,3195.41
C002076,South,Enterprise,Paid Search,6,7,7.2,1,58938.53
C002077,West,Consumer,Social,7,1,13.7,0,1487.62
C002078,North,Enterprise,Referral,60,28,8.8,3,200857.87
C002079,South,Consumer,Partner,2,1,9.3,0,1700.95
C002080,North,Consumer,Social,26,7,21.4,0,9848.84
C002081,South,Enterprise,Social,47,27,13.5,1,146968.92
C002082,North,SMB,Organic,17,15,2.4,1,47370.44
C002083,East,Consumer,Social,7,6,19.2,0,5695.9
C002084,North,SMB,Paid Search,26,5,6.9,0,12791.7
C002085,East,SMB,Paid Search,9,9,12.6,0,22610.2
C002086,South,SMB,Paid Search,11,1,13.5,0,2925.27
C002087,South,Consumer,Paid Search,10,2,5.1,0,2988.74
C002088,South,Consumer,Organic,10,4,1.7,0,7405.15
C002089,East,Consumer,Organic,35,6,0.9,0,8320.11
C002090,South,Consumer,Social,15,5,17.5,0,5848.43
C002091,South,Consumer,Referral,27,7,5.1,0,13654.61
C002092,West,Consumer,Partner,27,9,7.2,0,16275.44
C002093,South,Consumer,Social,18,4,10.2,0,5942.6
C002094,North,Consumer,Paid Search,49,10,9.6,0,12127.11
C002095,West,Consumer,Social,8,7,12.6,0,8258.23
C002096,South,Consumer,Referral,17,7,6.3,0,15122.65
C002097,North,Consumer,Organic,3,1,4.1,0,1386.45
C002098,South,Consumer,Partner,19,6,12.4,0,8928.64
C002099,North,SMB,Partner,34,15,10.1,0,44019.7
C002100,South,Consumer,Organic,5,1,0.0,0,949.61
C002101,East,Consumer,Social,12,1,18.1,0,920.59
C002102,North,Consumer,Organic,10,1,7.6,0,2152.73
C002103,West,Consumer,Partner,1,2,8.2,0,1652.8
C002104,West,Consumer,Referral,7,5,10.0,0,5254.33
C002105,East,Consumer,Organic,29,4,8.6,1,4511.21
C002106,East,Consumer,Social,17,1,13.5,0,957.57
C002107,East,SMB,Referral,23,3,3.3,0,6740.45
C002108,West,Consumer,Organic,34,5,6.7,0,5831.76
C002109,South,Consumer,Social,57,12,12.6,1,16720.25
C002110,North,Consumer,Social,7,1,15.8,0,1356.52
C002111,South,Consumer,Paid Search,26,5,8.9,0,8142.7
C002112,South,Consumer,Social,11,1,17.9,0,1149.31
C002113,North,SMB,Organic,8,3,2.7,0,10637.29
C002114,East,Consumer,Paid Search,14,7,11.4,1,8615.63
C002115,North,Consumer,Referral,27,2,6.2,0,3486.26
C002116,West,Consumer,Organic,19,7,0.8,0,11585.83
C002117,South,Consumer,Paid Search,13,8,15.2,0,10623.07
C002118,North,SMB,Partner,29,11,11.9,1,27727.79
C002119,North,Consumer,Social,28,7,14.6,0,9621.55
C002120,South,Consumer,Referral,12,7,4.7,0,14168.63
C002121,South,Consumer,Referral,26,8,6.3,0,12681.83
C002122,North,SMB,Partner,18,9,6.5,1,26322.58
C002123,South,Consumer,Partner,10,4,7.9,0,6805.96
C002124,North,Enterprise,Organic,28,11,4.1,3,62871.38
C002125,South,Enterprise,Paid Search,28,19,9.3,1,121040.78
C002126,South,SMB,Organic,7,10,8.4,0,31573.97
C002127,South,Consumer,Organic,26,6,4.4,1,7816.93
C002128,South,SMB,Organic,37,13,10.8,1,36297.8
C002129,North,Consumer,Referral,7,3,7.3,0,4160.36
C002130,North,SMB,Social,21,3,13.8,0,12569.37
C002131,North,Consumer,Partner,7,1,7.2,0,1343.66
C002132,East,Consumer,Paid Search,8,3,10.9,0,2364.23
C002133,West,Consumer,Paid Search,4,2,11.7,1,2897.23
C002134,West,SMB,Organic,40,12,5.7,1,43689.97
C002135,South,SMB,Organic,37,13,1.6,1,46956.36
C002136,South,Consumer,Organic,38,9,1.9,1,15986.72
C002137,South,Consumer,Partner,13,2,10.3,0,2554.52
C002138,East,SMB,Organic,34,10,6.5,0,23209.03
C002139,East,SMB,Social,8,4,10.3,1,8174.58
C002140,West,SMB,Paid Search,6,1,13.6,0,2349.55
C002141,West,Consumer,Referral,13,5,9.5,0,6835.94
C002142,South,Consumer,Partner,35,7,8.8,0,12661.77
C002143,East,SMB,Partner,21,8,3.0,0,37278.03
C002144,West,Consumer,Organic,12,3,1.0,0,4816.9
C002145,South,Consumer,Partner,12,5,7.9,0,8465.64
C002146,West,Consumer,Organic,40,9,10.6,1,7822.38
C002147,North,Consumer,Social,30,6,13.4,0,7137.89
C002148,West,SMB,Organic,41,13,6.8,1,51845.64
C002149,East,Consumer,Referral,40,9,5.1,1,11748.24
C002150,North,Consumer,Social,3,2,20.1,1,2347.23
C002151,East,Consumer,Social,36,7,15.1,0,14332.05
C002152,North,SMB,Social,30,8,11.4,0,26976.56
C002153,East,SMB,Organic,8,1,2.6,0,3068.63
C002154,West,Consumer,Partner,13,4,5.3,1,5890.64
C002155,East,SMB,Paid Search,16,2,12.3,0,5000.56
C002156,West,Consumer,Organic,56,10,2.9,0,23452.91
C002157,North,SMB,Organic,19,4,3.5,0,18097.04
C002158,South,SMB,Organic,29,9,10.8,0,23792.7
C002159,South,Consumer,Organic,36,7,3.2,1,8079.96
C002160,North,Enterprise,Referral,13,9,7.5,1,71465.17
C002161,South,Consumer,Organic,39,10,4.2,0,18415.48
C002162,South,Consumer,Referral,17,5,6.9,1,11022.79
C002163,South,Consumer,Organic,72,20,7.0,1,30052.2
C002164,South,SMB,Social,8,12,8.4,0,33830.22
C002165,West,Consumer,Organic,16,5,5.5,0,9295.46
C002166,South,Consumer,Paid Search,37,11,10.9,0,13445.82
C002167,West,Consumer,Referral,10,4,7.5,0,5557.21
C002168,South,Enterprise,Partner,32,19,7.4,0,164684.74
C002169,South,Consumer,Partner,14,1,7.4,0,1506.16
C002170,South,Consumer,Paid Search,7,1,12.9,0,1856.15
C002171,South,Consumer,Partner,6,1,6.3,0,1720.83
C002172,South,SMB,Referral,21,6,12.9,0,15479.24
C002173,South,Consumer,Partner,25,10,5.1,0,14938.73
C002174,North,Consumer,Organic,8,3,9.3,0,7142.2
C002175,South,Enterprise,Organic,27,14,1.3,2,96797.22
C002176,South,Consumer,Organic,5,4,4.2,0,4342.55
C002177,South,Consumer,Social,13,5,15.9,0,5412.96
C002178,West,SMB,Organic,17,3,2.2,0,9821.62
C002179,South,Consumer,Organic,16,6,2.0,1,12179.08
C002180,West,Consumer,Referral,20,7,6.2,0,10106.18
C002181,West,Consumer,Partner,16,9,10.7,0,11308.05
C002182,West,SMB,Referral,15,5,7.2,0,12619.07
C002183,West,Enterprise,Social,15,13,20.7,0,65057.56
C002184,North,Consumer,Organic,11,2,6.7,0,3854.1
C002185,South,Consumer,Partner,27,13,6.6,1,19239.07
C002186,North,Consumer,Organic,15,2,0.0,0,3136.54
C002187,West,Consumer,Organic,10,5,0.3,0,9311.67
C002188,South,Consumer,Paid Search,26,8,11.2,0,15468.38
C002189,South,Consumer,Organic,23,10,0.3,1,15723.91
C002190,West,Consumer,Referral,8,6,6.4,0,7370.2
C002191,North,SMB,Referral,44,10,7.7,0,27570.61
C002192,South,Consumer,Organic,13,3,4.1,1,4623.66
C002193,East,Consumer,Organic,13,8,4.2,0,9254.22
C002194,North,Consumer,Organic,17,4,10.9,0,4153.27
C002195,South,Consumer,Organic,23,8,5.2,0,13526.26
C002196,West,Consumer,Partner,18,2,7.6,0,3793.99
C002197,North,Consumer,Referral,9,2,4.0,0,4088.34
C002198,South,Consumer,Organic,4,1,5.0,0,1347.43
C002199,South,Consumer,Organic,44,13,3.6,1,29394.19
C002200,East,SMB,Social,8,5,20.4,0,8622.83
C002201,North,SMB,Social,25,11,16.7,0,28321.75
C002202,West,SMB,Partner,18,4,12.3,1,13620.28
C002203,West,Consumer,Organic,3,3,5.6,0,4981.56
C002204,North,Enterprise,Referral,11,7,10.7,0,70471.01
C002205,South,Consumer,Organic,51,6,2.0,0,7904.04
C002206,South,Consumer,Social,4,3,15.7,0,4023.21
C002207,East,Consumer,Paid Search,14,6,9.4,0,7046.5
C002208,South,Consumer,Referral,23,10,5.7,0,19540.9
C002209,North,Consumer,Organic,8,2,5.1,0,2718.23
C002210,North,Consumer,Social,19,6,12.1,1,8289.59
C002211,West,SMB,Organic,26,10,0.6,1,29734.55
C002212,South,Consumer,Social,24,4,18.0,0,5818.3
C002213,West,SMB,Organic,19,4,0.0,0,10842.34
C002214,South,SMB,Social,16,6,20.1,0,12646.59
C002215,West,Consumer,Organic,9,2,2.6,0,2776.87
C002216,North,Consumer,Referral,26,6,8.7,0,6838.47
C002217,North,Consumer,Social,18,3,16.9,0,3590.86
C002218,West,Consumer,Paid Search,55,12,8.7,0,20175.95
C002219,West,Enterprise,Organic,30,12,6.4,0,76716.19
C002220,South,SMB,Paid Search,12,9,12.5,0,23922.98
C002221,South,SMB,Organic,21,3,6.9,0,14226.52
C002222,South,Consumer,Referral,7,3,10.6,0,3090.64
C002223,South,SMB,Organic,3,2,7.4,0,4888.09
C002224,North,SMB,Organic,12,4,2.4,0,12441.67
C002225,West,Consumer,Organic,5,1,4.6,0,1090.22
C002226,South,Consumer,Organic,28,3,2.5,0,4701.4
C002227,East,Consumer,Organic,52,10,3.3,0,18242.3
C002228,North,Consumer,Social,36,7,16.5,0,7735.96
C002229,North,SMB,Organic,13,6,6.8,0,14025.01
C002230,East,Consumer,Partner,29,1,9.7,0,880.22
C002231,South,Consumer,Social,11,8,15.9,1,9307.82
C002232,East,Enterprise,Paid Search,40,16,13.3,1,101139.8
C002233,North,Consumer,Partner,26,1,6.6,0,2147.11
C002234,West,Consumer,Referral,17,5,11.1,0,6744.39
C002235,East,Enterprise,Referral,17,7,9.0,0,47392.17
C002236,West,Enterprise,Paid Search,26,10,11.9,0,77867.2
C002237,North,SMB,Referral,17,9,10.4,1,20317.27
C002238,South,Consumer,Organic,35,11,3.5,0,10923.91
C002239,South,Enterprise,Referral,13,10,7.4,0,115548.45
C002240,South,SMB,Organic,15,6,7.7,0,20620.16
C002241,South,SMB,Paid Search,16,8,8.3,0,30228.81
C002242,North,Consumer,Referral,15,1,13.7,0,1356.73
C002243,South,Consumer,Organic,9,4,3.2,0,8055.1
C002244,South,SMB,Organic,12,8,3.6,1,18690.24
C002245,South,SMB,Social,17,9,15.1,0,25472.28
C002246,North,Consumer,Organic,16,1,7.2,0,1543.33
C002247,South,Consumer,Organic,47,12,7.5,0,23841.3
C002248,East,SMB,Paid Search,23,4,16.5,1,9800.77
C002249,South,Consumer,Partner,41,10,7.8,1,16536.12
C002250,South,Consumer,Referral,5,1,8.0,0,1588.21
C002251,South,Consumer,Referral,32,6,2.4,0,7189.21
C002252,East,Consumer,Social,23,6,11.8,0,6344.46
C002253,South,SMB,Referral,16,5,6.7,0,13916.6
C002254,South,Consumer,Social,8,1,16.1,0,1635.35
C002255,West,Consumer,Referral,28,7,6.9,0,11375.11
C002256,South,Enterprise,Partner,25,11,9.6,0,125658.34
C002257,West,SMB,Referral,28,8,6.8,0,25894.63
C002258,West,Consumer,Organic,12,1,4.3,0,1444.35
C002259,North,Consumer,Organic,35,4,12.2,0,6808.4
C002260,South,SMB,Organic,26,12,4.2,1,29579.05
C002261,East,Consumer,Referral,13,2,10.0,0,2292.67
C002262,West,Consumer,Partner,44,8,4.1,0,9998.45
C002263,South,Consumer,Social,20,8,15.4,0,8924.65
C002264,North,Consumer,Social,4,6,13.0,1,6300.45
C002265,South,SMB,Referral,13,6,12.9,0,15108.77
C002266,North,Consumer,Partner,35,10,6.3,1,14600.41
C002267,East,Consumer,Social,13,2,14.9,0,2142.09
C002268,South,Consumer,Organic,18,5,2.5,0,8472.63
C002269,East,Consumer,Paid Search,35,7,9.3,0,8958.82
C002270,West,Consumer,Paid Search,13,4,11.8,0,3482.08
C002271,East,SMB,Organic,30,10,6.1,0,26149.45
C002272,East,Consumer,Organic,7,1,8.2,0,1066.67
C002273,East,Consumer,Organic,22,2,3.3,0,1879.82
C002274,West,Consumer,Organic,21,4,3.2,0,6380.96
C002275,West,SMB,Organic,24,5,8.9,0,14532.14
C002276,North,Consumer,Partner,26,6,12.8,0,8082.47
C002277,South,Enterprise,Paid Search,19,12,11.7,0,113811.62
C002278,North,SMB,Social,17,6,16.4,0,13130.64
C002279,West,Consumer,Organic,18,3,10.0,0,3486.9
C002280,East,SMB,Partner,43,14,15.9,0,31530.67
C002281,South,Consumer,Social,20,6,16.3,0,7554.66
C002282,North,Enterprise,Partner,64,27,10.3,0,353153.83
C002283,South,Enterprise,Referral,25,15,7.4,0,125794.98
C002284,East,Consumer,Referral,20,6,2.6,1,7839.57
C002285,North,Consumer,Paid Search,7,3,13.0,0,3260.13
C002286,North,Consumer,Paid Search,31,4,16.1,1,4053.32
C002287,West,Consumer,Social,15,8,12.7,0,7801.53
C002288,East,SMB,Organic,34,10,0.0,1,24974.83
C002289,North,Enterprise,Organic,11,4,6.8,0,30001.33
C002290,South,Consumer,Partner,18,1,2.7,0,1971.37
C002291,West,SMB,Organic,15,7,0.3,0,20601.93
C002292,East,SMB,Social,29,11,10.1,0,24240.18
C002293,East,Consumer,Organic,45,9,0.0,0,12532.24
C002294,South,Consumer,Paid Search,18,7,15.2,0,9422.45
C002295,South,SMB,Organic,14,8,5.4,1,29698.25
C002296,North,SMB,Paid Search,8,3,18.2,0,9628.67
C002297,East,Enterprise,Social,13,2,17.2,0,12332.33
C002298,North,Consumer,Partner,46,8,14.2,0,8311.42
C002299,North,Consumer,Organic,18,6,3.1,0,8303.0
C002300,East,Consumer,Paid Search,25,6,13.1,0,7196.61
C002301,West,Consumer,Social,6,2,11.2,0,2092.84
C002302,East,Consumer,Organic,5,1,4.2,0,1195.56
C002303,South,SMB,Organic,5,4,9.3,0,8693.46
C002304,South,Consumer,Paid Search,39,9,11.9,0,13936.96
C002305,South,SMB,Social,18,7,14.3,0,15544.41
C002306,South,Consumer,Paid Search,10,4,11.9,0,5339.65
C002307,South,Consumer,Organic,32,6,5.4,0,8899.44
C002308,South,SMB,Partner,14,8,8.4,0,18319.75
C002309,South,SMB,Partner,34,12,12.0,1,34460.16
C002310,West,Consumer,Referral,18,6,4.8,1,7106.93
C002311,West,Enterprise,Referral,34,17,6.4,0,187474.7
C002312,North,Consumer,Partner,9,6,8.3,0,10570.19
C002313,South,Consumer,Referral,24,8,4.3,0,15688.51
C002314,North,Consumer,Social,28,7,13.7,0,9163.34
C002315,South,SMB,Paid Search,5,4,14.3,0,11888.41
C002316,South,Consumer,Organic,18,10,2.5,0,15250.47
C002317,North,SMB,Social,7,3,23.3,0,7547.74
C002318,East,Consumer,Referral,6,2,11.9,0,3241.53
C002319,South,Consumer,Organic,15,5,5.5,0,6295.42
C002320,West,SMB,Referral,25,3,8.7,0,9254.67
C002321,North,Consumer,Social,11,3,17.3,0,2595.2
C002322,North,Consumer,Organic,16,6,6.7,0,7594.71
C002323,South,Consumer,Social,12,5,15.3,0,6778.32
C002324,North,Consumer,Organic,33,11,13.3,0,14973.5
C002325,South,Consumer,Referral,40,12,4.8,0,21198.19
C002326,West,Consumer,Partner,72,16,6.8,2,29978.23
C002327,North,Consumer,Partner,37,10,8.2,0,10221.02
C002328,North,Consumer,Partner,26,7,9.9,1,11058.3
C002329,South,Consumer,Referral,33,8,13.0,0,16181.62
C002330,South,Consumer,Paid Search,12,3,12.0,0,3970.76
C002331,South,Consumer,Referral,15,1,8.7,0,1339.33
C002332,South,Consumer,Paid Search,22,10,13.2,1,14669.29
C002333,West,SMB,Referral,5,2,6.8,0,5696.87
C002334,North,Consumer,Referral,11,1,10.7,0,1282.35
C002335,South,Consumer,Referral,66,15,8.3,1,30239.96
C002336,East,Consumer,Paid Search,15,8,15.0,0,14767.1
C002337,West,Consumer,Paid Search,4,2,11.1,0,2623.89
C002338,South,Consumer,Paid Search,13,5,10.4,0,11738.09
C002339,South,SMB,Organic,21,13,4.0,2,38356.85
C002340,North,Consumer,Paid Search,25,8,12.9,1,12159.68
C002341,North,Consumer,Organic,18,4,8.4,0,4458.54
C002342,North,Enterprise,Partner,24,7,14.3,1,42732.93
C002343,East,Consumer,Organic,11,4,,0,4781.45
C002344,South,SMB,Social,41,12,20.6,1,37130.16
C002345,East,SMB,Organic,35,11,6.9,0,28823.55
C002346,North,Consumer,Partner,4,2,6.0,0,2029.5
C002347,West,Consumer,Social,8,4,15.4,0,4082.18
C002348,West,Consumer,Partner,32,9,10.3,0,8998.96
C002349,North,Enterprise,Partner,23,7,10.5,1,56739.79
C002350,North,Consumer,Social,22,5,13.6,1,6673.34
C002351,North,SMB,Organic,20,6,3.9,0,17745.9
C002352,West,Consumer,Referral,37,9,6.0,2,13640.64
C002353,South,Consumer,Paid Search,22,7,11.4,1,8792.1
C002354,South,Consumer,Partner,25,7,8.9,0,10882.4
C002355,South,Consumer,Partner,20,4,13.7,0,7585.72
C002356,West,Consumer,Paid Search,9,1,10.7,0,1575.71
C002357,South,Enterprise,Referral,33,14,2.1,0,101397.96
C002358,South,Consumer,Paid Search,14,5,6.9,0,7182.19
C002359,West,Enterprise,Referral,14,9,9.5,0,64100.83
C002360,North,Enterprise,Referral,16,8,5.4,1,76722.42
C002361,West,Consumer,Referral,7,4,7.8,0,4700.82
C002362,North,Consumer,Partner,60,12,5.9,0,17561.68
C002363,South,Consumer,Organic,32,8,4.6,0,11755.16
C002364,West,Consumer,Social,8,1,14.0,0,1159.14
C002365,East,Enterprise,Referral,48,18,4.9,0,136477.46
C002366,East,SMB,Organic,12,6,8.7,0,14147.5
C002367,South,Enterprise,Paid Search,14,13,15.9,0,118614.19
C002368,South,Consumer,Organic,12,3,6.9,0,4179.33
C002369,South,Consumer,Referral,42,12,13.1,0,13580.02
C002370,South,Consumer,Partner,38,13,4.1,1,19734.92
C002371,South,SMB,Organic,17,4,4.4,0,13266.35
C002372,South,Consumer,Organic,18,6,4.0,0,10738.03
C002373,South,Consumer,Paid Search,31,8,14.1,1,10924.08
C002374,South,Consumer,Organic,30,10,1.2,0,19295.95
C002375,South,Consumer,Organic,18,3,7.0,0,3520.33
C002376,North,Consumer,Referral,19,5,2.7,0,8877.13
C002377,West,Consumer,Paid Search,32,6,14.2,1,9085.5
C002378,East,SMB,Social,5,3,18.5,1,6041.17
C002379,North,SMB,Paid Search,24,11,8.6,0,37196.61
C002380,East,Consumer,Referral,23,8,5.9,0,10815.48
C002381,West,SMB,Paid Search,43,16,15.6,0,54918.27
C002382,South,Consumer,Organic,26,4,9.2,2,5130.36
C002383,North,SMB,Paid Search,28,7,7.7,0,16909.38
C002384,North,Consumer,Social,11,5,16.1,1,7023.79
C002385,North,Consumer,Partner,12,5,10.0,1,6841.47
C002386,East,Consumer,Organic,24,4,5.0,1,3846.5
C002387,West,Consumer,Referral,3,1,11.3,0,2030.67
C002388,North,Consumer,Referral,15,1,5.4,0,2014.4
C002389,East,SMB,Organic,7,1,3.8,0,2698.78
C002390,North,SMB,Social,12,4,13.0,0,9099.9
C002391,South,Consumer,Organic,4,1,5.7,0,1362.38
C002392,East,Consumer,Partner,8,3,7.2,1,4060.68
C002393,South,SMB,Referral,40,15,9.6,1,59641.31
C002394,North,Consumer,Organic,7,8,4.0,1,19553.05
C002395,South,Consumer,Social,10,1,14.5,0,1328.22
C002396,West,Consumer,Organic,13,1,5.8,0,1381.69
C002397,South,Consumer,Social,28,5,12.7,0,6967.91
C002398,North,Consumer,Social,16,8,18.2,1,10651.82
C002399,North,Consumer,Referral,5,2,9.2,0,2296.0
C002400,South,Consumer,Organic,3,4,7.1,0,4668.68
C002401,South,SMB,Paid Search,15,5,9.1,0,14315.89
C002402,West,SMB,Referral,16,4,11.8,0,11823.8
C002403,East,SMB,Referral,33,4,1.6,0,14973.3
C002404,West,Consumer,Referral,8,2,9.4,0,2299.77
C002405,West,Enterprise,Paid Search,46,21,12.6,0,205323.3
C002406,South,SMB,Social,5,5,17.2,0,13385.58
C002407,South,Consumer,Social,5,4,14.5,0,5374.25
C002408,South,Consumer,Referral,14,9,7.4,0,10081.96
C002409,South,Consumer,Organic,33,8,7.3,1,13234.12
C002410,West,Consumer,Paid Search,22,6,12.2,0,8766.09
C002411,East,SMB,Paid Search,8,3,12.8,0,11116.73
C002412,West,SMB,Social,61,16,15.9,0,40254.31
C002413,South,Enterprise,Social,21,14,21.8,0,139664.5
C002414,South,Enterprise,Partner,22,12,3.4,1,101975.34
C002415,South,Consumer,Organic,31,12,9.1,1,16809.18
C002416,North,Enterprise,Social,23,9,16.5,2,45644.39
C002417,South,Enterprise,Partner,13,8,9.2,0,85478.3
C002418,South,Consumer,Organic,50,9,1.4,0,15051.14
C002419,North,Consumer,Organic,43,10,8.6,0,13696.74
C002420,West,Consumer,Organic,56,8,1.8,0,11675.5
C002421,North,Consumer,Referral,14,3,11.6,0,4169.83
C002422,North,Consumer,Paid Search,49,7,10.5,1,8151.59
C002423,East,Consumer,Organic,7,1,9.6,0,1335.25
C002424,North,Consumer,Referral,19,3,5.0,0,3532.01
C002425,West,Consumer,Social,30,9,12.4,0,12089.11
C002426,East,Consumer,Partner,6,2,,0,2746.79
C002427,North,SMB,Social,53,14,12.9,2,48476.5
C002428,East,SMB,Partner,13,6,7.5,0,15627.31
C002429,East,Enterprise,Referral,44,16,12.2,0,139283.98
C002430,East,Consumer,Social,7,1,13.5,0,1164.82
C002431,West,Consumer,Paid Search,18,2,12.7,0,2280.88
C002432,East,SMB,Partner,11,3,12.9,0,10698.14
C002433,South,Consumer,Partner,11,3,8.9,0,4406.43
C002434,South,Enterprise,Referral,7,7,10.5,0,70789.61
C002435,East,SMB,Paid Search,7,2,13.8,0,4111.33
C002436,West,Consumer,Organic,8,5,8.2,0,8022.77
C002437,South,Consumer,Paid Search,8,4,12.0,0,6222.31
C002438,East,Consumer,Organic,38,4,6.9,1,5027.21
C002439,South,Consumer,Organic,42,4,10.6,1,8853.63
C002440,East,Consumer,Paid Search,6,1,11.2,0,1306.13
C002441,West,SMB,Organic,15,6,6.4,0,16425.15
C002442,North,Consumer,Partner,38,9,6.1,0,17366.75
C002443,North,Consumer,Referral,28,6,10.3,0,5619.62
C002444,South,Consumer,Social,15,5,10.1,0,5540.73
C002445,South,Consumer,Paid Search,11,7,11.3,0,12216.46
C002446,South,Consumer,Organic,6,3,8.2,0,4754.92
C002447,North,SMB,Organic,51,15,4.7,0,38445.45
C002448,South,Consumer,Partner,23,10,2.8,0,17346.78
C002449,South,SMB,Organic,20,3,2.8,0,11910.39
C002450,South,Consumer,Referral,9,7,5.1,0,8872.88
C002451,East,Consumer,Organic,17,1,9.9,0,1195.23
C002452,East,SMB,Paid Search,38,8,14.5,0,18610.74
C002453,East,SMB,Organic,5,1,7.8,0,2646.65
C002454,West,SMB,Paid Search,9,1,8.5,0,3278.6
C002455,East,Consumer,Organic,6,1,5.2,0,863.38
C002456,South,SMB,Partner,45,15,12.8,3,48049.97
C002457,East,Consumer,Organic,5,4,7.8,1,3398.95
C002458,North,Consumer,Organic,22,7,3.6,0,10047.34
C002459,South,SMB,Organic,6,4,7.5,1,9886.84
C002460,South,Consumer,Partner,20,8,4.3,1,13138.97
C002461,West,SMB,Referral,6,5,4.6,0,17165.0
C002462,East,Consumer,Referral,12,2,1.5,1,2690.09
C002463,North,Consumer,Referral,49,10,6.8,2,12267.99
C002464,South,Consumer,Partner,25,5,10.0,0,5706.87
C002465,South,SMB,Organic,20,5,2.3,0,16001.73
C002466,East,SMB,Social,24,8,14.9,2,16944.28
C002467,West,Consumer,Social,52,7,12.6,0,10306.66
C002468,South,Consumer,Organic,20,5,3.4,0,7311.82
C002469,South,Consumer,Organic,36,3,2.0,1,6421.24
C002470,South,Consumer,Referral,37,9,10.9,0,13355.47
C002471,South,SMB,Organic,34,10,,0,38432.51
C002472,West,Consumer,Organic,72,16,4.4,0,21802.53
C002473,East,Consumer,Paid Search,28,5,10.6,1,6990.17
C002474,South,Consumer,Organic,35,8,6.1,1,14042.13
C002475,South,Consumer,Social,12,4,22.6,0,4458.22
C002476,North,SMB,Paid Search,18,4,20.5,0,7070.98
C002477,North,SMB,Referral,18,5,6.5,0,18074.34
C002478,North,Consumer,Paid Search,9,1,13.4,0,1194.36
C002479,South,Enterprise,Paid Search,10,7,15.0,2,48888.74
C002480,West,Consumer,Paid Search,18,3,15.9,0,3742.07
C002481,South,SMB,Partner,21,9,10.1,0,22094.58
C002482,South,Consumer,Paid Search,51,8,15.5,3,12651.81
C002483,North,Consumer,Referral,9,1,8.4,0,1371.54
C002484,South,SMB,Social,8,9,13.3,0,26020.89
C002485,West,Consumer,Referral,5,1,10.5,0,1770.05
C002486,South,SMB,Organic,31,9,5.6,1,28601.78
C002487,East,Consumer,Organic,58,10,6.2,1,17353.57
C002488,West,Consumer,Referral,17,6,3.1,0,9120.85
C002489,North,SMB,Social,22,9,12.8,0,17421.3
C002490,East,Consumer,Social,17,2,14.0,0,1944.71
C002491,West,Consumer,Referral,29,5,8.7,0,6216.54
C002492,South,Consumer,Organic,7,2,10.5,0,3020.88
C002493,North,Consumer,Social,25,6,17.5,0,10067.07
C002494,West,SMB,Referral,17,6,6.6,1,18331.32
C002495,West,Consumer,Partner,32,5,5.2,0,7131.91
C002496,South,Enterprise,Social,31,16,18.9,1,114186.78
C002497,South,Consumer,Paid Search,23,6,13.1,2,9594.71
C002498,North,Consumer,Referral,15,7,0.0,0,11409.79
C002499,West,Consumer,Referral,9,2,10.3,0,3314.29
C002500,South,Consumer,Paid Search,31,16,13.3,0,19883.89
C002501,North,SMB,Referral,19,6,0.7,0,28036.61
C002502,East,Consumer,Organic,19,1,7.0,0,1171.91
C002503,West,Consumer,Organic,13,4,5.4,0,5248.63
C002504,West,SMB,Social,46,16,11.2,1,56834.1
C002505,South,Consumer,Paid Search,47,13,18.3,1,20991.44
C002506,North,Consumer,Social,14,4,16.5,0,4404.67
C002507,West,SMB,Paid Search,10,3,10.7,0,9664.07
C002508,West,Consumer,Social,15,3,12.8,0,3783.68
C002509,South,SMB,Social,11,1,14.6,0,3064.48
C002510,East,SMB,Social,25,9,14.7,0,21723.9
C002511,South,Consumer,Paid Search,18,4,13.9,1,9455.15
C002512,South,Consumer,Partner,30,11,7.4,1,22194.78
C002513,North,Consumer,Paid Search,14,2,10.9,0,3308.59
C002514,North,SMB,Social,72,19,15.6,0,56067.74
C002515,South,Consumer,Paid Search,6,6,10.8,0,6872.85
C002516,West,SMB,Organic,18,10,4.8,0,31118.47
C002517,North,Consumer,Referral,69,16,11.3,1,19499.02
C002518,South,Consumer,Paid Search,30,3,10.7,0,4375.23
C002519,South,Consumer,Organic,16,1,4.6,0,1601.4
C002520,North,Consumer,Paid Search,24,7,9.7,0,6728.67
C002521,North,Consumer,Organic,7,1,8.3,0,1299.58
C002522,South,Consumer,Partner,19,5,2.9,0,8216.93
C002523,South,Enterprise,Referral,7,6,4.5,0,64467.89
C002524,East,Consumer,Organic,4,2,7.1,0,2144.44
C002525,West,SMB,Social,44,10,14.5,0,22994.74
C002526,North,Consumer,Referral,11,6,9.6,0,6854.88
C002527,West,SMB,Social,6,2,14.4,0,5060.35
C002528,West,Consumer,Referral,15,5,5.0,1,5970.71
C002529,West,SMB,Organic,29,9,4.6,0,35265.73
C002530,East,Consumer,Organic,7,7,1.1,1,10914.97
C002531,East,Consumer,Social,13,7,12.5,0,14232.03
C002532,East,Consumer,Social,31,11,17.7,0,10989.25
C002533,East,Consumer,Social,19,8,14.2,0,11006.56
C002534,North,Consumer,Organic,44,9,4.9,0,10071.88
C002535,West,Consumer,Social,31,6,15.4,0,10726.18
C002536,South,Enterprise,Paid Search,26,12,7.3,1,99640.47
C002537,West,Consumer,Referral,31,8,2.3,0,12104.51
C002538,South,Consumer,Organic,6,3,6.1,0,5998.65
C002539,North,SMB,Social,18,6,13.8,0,19782.3
C002540,South,SMB,Partner,63,19,7.3,0,47778.07
C002541,South,Consumer,Organic,14,5,6.8,0,7527.69
C002542,South,Consumer,Social,18,4,12.2,0,7705.6
C002543,South,Consumer,Referral,12,3,5.3,0,4355.1
C002544,South,Consumer,Organic,11,4,3.9,1,6742.81
C002545,South,Consumer,Organic,34,8,6.0,0,13817.73
C002546,South,SMB,Social,61,17,13.9,2,64024.42
C002547,West,SMB,Organic,48,12,3.1,0,41861.86
C002548,North,Consumer,Organic,3,3,10.1,1,3853.22
C002549,South,Consumer,Partner,17,5,8.1,0,5119.53
C002550,South,Consumer,Referral,14,1,9.0,0,1728.36
C002551,South,Consumer,Social,7,4,9.6,0,6175.65
C002552,South,Consumer,Referral,35,9,3.1,0,20525.8
C002553,East,Consumer,Referral,15,1,8.8,0,1381.46
C002554,West,Consumer,Social,8,1,14.3,0,1205.16
C002555,South,Enterprise,Organic,24,14,3.8,0,98143.47
C002556,East,Consumer,Paid Search,7,1,9.1,0,1185.54
C002557,North,Consumer,Referral,40,9,9.9,0,13078.85
C002558,South,Consumer,Partner,42,13,10.0,1,19713.54
C002559,South,Consumer,Paid Search,30,10,11.8,0,11306.44
C002560,North,Consumer,Partner,26,9,8.7,0,7059.02
C002561,East,Consumer,Social,17,2,14.1,0,1915.29
C002562,East,Consumer,Paid Search,23,7,9.9,0,5227.39
C002563,East,SMB,Paid Search,17,6,10.4,0,11927.91
C002564,South,Enterprise,Organic,5,3,7.3,0,27289.03
C002565,East,Consumer,Referral,29,7,5.8,0,11887.47
C002566,South,Consumer,Organic,46,12,5.2,1,11504.71
C002567,North,Consumer,Paid Search,12,7,10.7,0,7638.13
C002568,North,Consumer,Organic,33,10,7.8,0,14967.84
C002569,East,Enterprise,Partner,18,7,6.0,0,45999.47
C002570,West,Consumer,Paid Search,12,4,16.6,0,5427.9
C002571,North,SMB,Paid Search,3,3,10.3,0,8705.63
C002572,South,Enterprise,Paid Search,30,18,10.3,2,139029.51
C002573,East,Consumer,Organic,26,4,11.0,0,6115.36
C002574,West,Consumer,Paid Search,8,7,8.8,0,16343.75
C002575,South,Consumer,Social,15,3,14.9,1,3402.82
C002576,East,Consumer,Referral,18,8,10.0,0,11699.79
C002577,East,Consumer,Paid Search,23,1,7.4,0,1905.58
C002578,West,Enterprise,Social,37,17,15.8,0,170634.75
C002579,North,Consumer,Organic,16,6,0.4,1,7810.01
C002580,West,Consumer,Social,5,1,15.1,0,1252.23
C002581,North,Consumer,Organic,19,3,11.1,0,2828.95
C002582,West,Consumer,Partner,14,5,0.9,0,6963.35
C002583,North,Consumer,Partner,10,1,7.8,0,1241.5
C002584,North,SMB,Social,33,12,13.6,0,34084.46
C002585,North,Consumer,Organic,9,6,2.0,0,7027.11
C002586,South,Consumer,Referral,6,6,2.4,0,9802.92
C002587,South,Consumer,Social,13,5,18.3,0,7027.01
C002588,North,Consumer,Referral,18,3,7.6,0,3788.09
C002589,South,Consumer,Paid Search,20,5,6.4,0,9131.62
C002590,South,SMB,Paid Search,40,14,9.2,2,38323.48
C002591,East,Consumer,Organic,11,3,3.4,1,4175.44
C002592,West,SMB,Paid Search,30,8,,1,18015.56
C002593,East,SMB,Organic,13,8,5.3,1,17505.93
C002594,North,Consumer,Referral,3,1,7.8,0,1675.84
C002595,South,Consumer,Paid Search,38,13,12.7,0,13406.0
C002596,West,SMB,Organic,5,3,11.1,0,9765.81
C002597,North,Enterprise,Organic,22,11,2.2,2,85646.09
C002598,South,Consumer,Partner,6,4,6.6,0,4105.85
C002599,West,Consumer,Referral,25,7,5.4,0,9541.89
C002600,West,Consumer,Referral,7,2,9.6,0,3298.0
C002601,South,SMB,Social,4,4,17.2,0,17337.13
C002602,East,Enterprise,Referral,15,9,3.6,1,96389.5
C002603,South,Enterprise,Paid Search,2,8,16.3,1,51976.34
C002604,East,Consumer,Referral,16,4,4.3,0,6063.42
C002605,North,Consumer,Organic,30,4,7.6,0,5069.06
C002606,North,SMB,Referral,62,15,9.4,1,36077.18
C002607,East,Consumer,Organic,21,10,6.2,0,15485.09
C002608,South,Enterprise,Partner,17,6,7.0,0,54598.07
C002609,East,Consumer,Referral,39,4,6.1,0,5310.32
C002610,South,SMB,Organic,7,4,6.4,0,8833.9
C002611,West,SMB,Referral,9,2,8.6,0,4746.31
C002612,West,Consumer,Organic,29,9,7.1,0,10997.89
C002613,South,Consumer,Paid Search,12,6,14.1,1,9422.35
C002614,East,SMB,Partner,14,3,9.0,0,8532.91
C002615,South,Consumer,Social,19,9,19.2,0,16977.59
C002616,South,SMB,Social,7,1,13.2,0,2372.97
C002617,North,Consumer,Paid Search,4,1,12.1,0,1874.48
C002618,West,Consumer,Paid Search,9,7,10.3,1,9387.78
C002619,West,Consumer,Organic,14,1,12.3,0,1403.28
C002620,West,Enterprise,Referral,25,14,9.3,2,110710.96
C002621,West,SMB,Referral,18,10,10.0,1,29824.01
C002622,West,SMB,Organic,29,3,6.3,0,10179.63
C002623,South,SMB,Organic,18,6,4.8,0,23196.52
C002624,West,Consumer,Organic,32,9,13.0,0,11743.96
C002625,South,Enterprise,Organic,15,9,8.6,0,78290.38
C002626,South,Consumer,Organic,2,2,4.0,0,2640.27
C002627,South,Consumer,Paid Search,11,4,11.2,0,6711.69
C002628,South,Consumer,Paid Search,19,6,12.7,0,9115.01
C002629,South,Consumer,Paid Search,27,5,10.4,0,6327.85
C002630,South,SMB,Organic,12,7,4.0,0,17293.49
C002631,North,Consumer,Referral,21,5,2.4,0,7559.23
C002632,South,SMB,Social,13,3,7.8,0,11853.57
C002633,West,Enterprise,Organic,9,5,10.9,0,54604.45
C002634,East,Consumer,Paid Search,27,2,10.5,0,1865.65
C002635,South,Consumer,Referral,23,7,6.1,0,13074.21
C002636,South,SMB,Organic,72,25,5.2,1,91734.36
C002637,South,Consumer,Paid Search,12,4,14.1,0,7478.67
C002638,North,SMB,Paid Search,41,13,14.3,0,36757.92
C002639,West,Consumer,Paid Search,5,2,15.1,0,2501.35
C002640,North,Consumer,Social,41,10,16.7,2,14621.77
C002641,East,Consumer,Social,18,3,14.2,0,2075.49
C002642,East,Consumer,Paid Search,14,5,15.8,0,4661.12
C002643,South,Consumer,Paid Search,23,3,11.5,0,3681.49
C002644,West,Consumer,Partner,25,2,11.1,0,2447.84
C002645,South,Consumer,Referral,38,10,2.4,1,11882.32
C002646,West,SMB,Partner,8,5,11.9,0,12394.73
C002647,East,Consumer,Social,5,1,12.3,0,1059.85
C002648,West,Consumer,Organic,24,7,0.6,1,10396.24
C002649,East,Consumer,Organic,23,5,1.1,0,7065.67
C002650,West,Consumer,Organic,38,3,5.6,0,3472.9
C002651,West,Consumer,Social,12,9,21.9,0,10112.22
C002652,South,SMB,Paid Search,11,2,11.4,0,5741.55
C002653,West,Consumer,Referral,23,3,6.7,0,3042.67
C002654,East,SMB,Referral,19,8,9.3,0,19304.66
C002655,South,Consumer,Social,26,7,13.3,0,10503.56
C002656,West,Consumer,Social,10,1,14.6,0,1565.24
C002657,South,Consumer,Organic,41,9,4.0,1,10948.48
C002658,South,SMB,Paid Search,22,6,17.9,1,15770.35
C002659,North,Enterprise,Referral,37,15,7.2,2,151615.44
C002660,South,Consumer,Social,16,7,17.2,0,6758.24
C002661,West,Enterprise,Social,10,5,12.9,0,38815.83
C002662,South,Consumer,Referral,24,4,3.6,0,4692.21
C002663,South,Consumer,Social,29,6,17.0,1,7540.58
C002664,South,SMB,Paid Search,4,3,12.8,0,7349.04
C002665,South,Consumer,Organic,59,12,8.1,1,19610.54
C002666,West,Consumer,Partner,11,2,5.3,0,2812.01
C002667,West,Consumer,Referral,20,6,6.7,1,6830.12
C002668,North,SMB,Social,28,7,11.1,0,25317.83
C002669,South,Consumer,Paid Search,19,3,10.5,0,4590.85
C002670,South,SMB,Referral,19,6,2.7,1,23468.98
C002671,East,Consumer,Paid Search,20,8,11.1,0,7712.49
C002672,South,Enterprise,Paid Search,3,10,15.9,0,72687.22
C002673,South,Consumer,Organic,21,6,2.4,1,11799.57
C002674,South,Consumer,Social,12,6,12.4,0,7464.45
C002675,South,Consumer,Organic,36,7,4.5,0,11019.06
C002676,South,Consumer,Paid Search,32,7,11.4,1,10100.2
C002677,South,Consumer,Paid Search,5,3,14.3,0,2644.5
C002678,West,SMB,Paid Search,5,1,8.1,0,2855.31
C002679,East,Consumer,Referral,60,13,0.0,2,16139.69
C002680,South,Consumer,Referral,1,1,7.2,0,1481.23
C002681,West,Enterprise,Referral,11,4,12.1,0,27174.64
C002682,West,Consumer,Paid Search,7,3,11.4,0,3235.06
C002683,North,Consumer,Paid Search,40,12,13.2,0,13277.9
C002684,South,Consumer,Organic,16,4,4.8,0,5654.9
C002685,South,Consumer,Referral,10,4,9.2,1,6766.24
C002686,East,Consumer,Partner,19,5,7.1,1,5606.52
C002687,South,SMB,Paid Search,57,20,11.8,1,59505.94
C002688,East,Consumer,Partner,26,3,12.9,0,3672.34
C002689,South,Consumer,Organic,25,7,8.4,0,9495.02
C002690,South,Consumer,Social,4,3,12.9,0,5235.99
C002691,West,Consumer,Social,38,1,13.0,0,1271.23
C002692,South,Consumer,Referral,8,5,5.2,0,6990.8
C002693,West,Enterprise,Referral,24,9,3.6,0,96581.85
C002694,West,Consumer,Organic,10,3,3.3,0,4695.98
C002695,West,Consumer,Social,19,8,14.6,0,6669.35
C002696,North,SMB,Paid Search,18,5,9.7,2,7958.64
C002697,West,SMB,Referral,72,18,8.5,0,71352.39
C002698,North,SMB,Organic,13,6,0.0,0,18300.93
C002699,South,SMB,Organic,22,12,1.5,0,37672.87
C002700,West,Consumer,Partner,16,1,10.0,0,909.54
C002701,East,Consumer,Paid Search,6,1,17.7,0,1079.02
C002702,South,SMB,Paid Search,24,12,12.8,0,27964.27
C002703,South,SMB,Organic,33,14,2.5,1,42289.74
C002704,West,SMB,Referral,7,4,3.7,0,10488.91
C002705,East,Consumer,Social,15,1,13.9,0,1096.95
C002706,South,SMB,Partner,19,9,11.8,0,27229.38
C002707,West,Consumer,Referral,31,9,8.5,1,13974.1
C002708,South,Consumer,Organic,32,14,1.3,0,22503.76
C002709,North,Consumer,Organic,4,1,6.1,0,1438.85
C002710,East,Consumer,Organic,60,11,9.3,2,9426.26
C002711,West,SMB,Referral,26,3,10.5,0,8316.98
C002712,South,Consumer,Partner,18,8,12.0,0,12106.8
C002713,South,SMB,Organic,31,13,7.4,1,39100.36
C002714,North,Consumer,Paid Search,44,10,8.2,0,18535.07
C002715,West,Consumer,Referral,16,7,4.6,0,9976.41
C002716,South,Consumer,Referral,15,2,12.2,0,2223.2
C002717,South,Consumer,Referral,7,2,6.0,0,3101.7
C002718,West,SMB,Paid Search,15,5,6.3,0,13156.49
C002719,North,Consumer,Organic,27,9,6.8,0,8911.02
C002720,South,Consumer,Paid Search,15,7,15.2,0,9215.6
C002721,South,Consumer,Paid Search,14,5,11.8,0,9774.88
C002722,West,Consumer,Social,52,12,16.6,0,14641.48
C002723,South,Consumer,Organic,22,7,2.5,0,13985.53
C002724,South,Enterprise,Paid Search,22,12,10.6,0,115786.3
C002725,North,Consumer,Partner,27,9,2.6,0,21109.48
C002726,East,Consumer,Referral,35,5,3.8,0,7110.56
C002727,West,SMB,Organic,19,8,9.3,0,23208.52
C002728,North,SMB,Partner,9,2,0.0,0,6108.24
C002729,South,Consumer,Organic,26,9,3.8,0,15103.93
C002730,West,Consumer,Social,38,8,13.4,0,10358.89
C002731,North,Enterprise,Organic,25,17,6.8,1,121652.62
C002732,South,Consumer,Partner,31,8,1.6,0,14243.43
C002733,South,Consumer,Organic,14,7,2.7,0,9902.5
C002734,South,SMB,Paid Search,10,3,10.2,0,6120.03
C002735,South,SMB,Partner,21,7,9.2,0,16139.39
C002736,South,Enterprise,Referral,13,9,7.0,1,108788.58
C002737,North,Consumer,Organic,45,10,0.0,0,14072.83
C002738,South,Enterprise,Organic,26,13,4.0,0,136069.89
C002739,East,Consumer,Organic,13,2,2.7,0,2284.89
C002740,South,SMB,Organic,8,4,6.4,0,14760.1
C002741,North,SMB,Referral,37,12,6.3,2,36558.48
C002742,West,Consumer,Paid Search,9,3,17.2,0,5826.02
C002743,North,Consumer,Partner,19,4,6.0,0,7339.01
C002744,East,Consumer,Social,22,1,13.3,0,1355.98
C002745,South,SMB,Partner,9,6,6.4,0,16474.17
C002746,West,Consumer,Referral,17,6,6.4,0,6991.7
C002747,North,SMB,Paid Search,41,14,14.5,0,34916.61
C002748,North,Consumer,Referral,6,2,5.7,0,2839.79
C002749,South,Consumer,Paid Search,37,8,10.8,1,10849.74
C002750,North,Consumer,Organic,21,4,6.1,0,6487.31
C002751,South,Enterprise,Social,11,8,12.2,0,66700.47
C002752,East,Consumer,Referral,5,2,8.9,0,2458.51
C002753,West,Consumer,Paid Search,17,2,10.9,0,3806.89
C002754,North,Consumer,Paid Search,12,1,9.3,0,1389.28
C002755,West,Enterprise,Organic,17,8,0.0,0,54448.02
C002756,West,SMB,Referral,28,8,3.7,1,29782.67
C002757,West,Consumer,Paid Search,5,3,11.4,0,4365.49
C002758,East,Consumer,Partner,20,3,7.7,0,3539.87
C002759,East,Consumer,Referral,54,9,6.1,1,9423.41
C002760,South,Consumer,Paid Search,13,4,7.6,0,7848.06
C002761,East,SMB,Social,25,11,14.4,0,35648.96
C002762,West,Consumer,Partner,3,1,3.3,0,1331.38
C002763,North,Consumer,Social,5,1,11.2,0,1413.68
C002764,South,SMB,Paid Search,11,3,15.3,0,9154.82
C002765,North,Consumer,Paid Search,42,13,11.6,3,12163.12
C002766,West,Consumer,Referral,12,7,8.3,0,10021.95
C002767,South,Consumer,Social,26,9,19.2,0,8470.29
C002768,East,Consumer,Partner,12,5,7.7,0,6207.53
C002769,West,Consumer,Paid Search,7,4,14.8,0,8440.01
C002770,West,Consumer,Referral,16,3,8.1,0,3249.72
C002771,North,Consumer,Organic,27,8,2.7,0,16992.74
C002772,West,Consumer,Organic,37,10,4.5,0,21457.47
C002773,West,SMB,Organic,17,8,2.6,0,24517.45
C002774,North,Consumer,Organic,26,4,6.7,0,6205.53
C002775,East,Consumer,Referral,19,3,9.9,0,3447.96
C002776,South,Consumer,Paid Search,21,4,7.8,0,5564.59
C002777,East,Consumer,Referral,9,5,4.3,0,6727.86
C002778,South,Consumer,Referral,10,4,5.8,0,5324.78
C002779,South,Consumer,Organic,7,4,2.5,0,7073.63
C002780,North,SMB,Referral,13,6,6.2,0,17024.73
C002781,North,Consumer,Organic,34,4,6.0,0,4555.87
C002782,North,SMB,Organic,49,16,8.8,0,50450.5
C002783,East,Consumer,Partner,33,5,6.4,1,7319.51
C002784,South,Consumer,Organic,25,5,3.2,0,9997.06
C002785,North,Consumer,Paid Search,19,2,13.0,0,2371.24
C002786,East,Consumer,Referral,33,6,6.7,0,9284.09
C002787,East,SMB,Paid Search,72,17,7.2,1,65698.74
C002788,South,SMB,Paid Search,22,5,9.3,0,15054.6
C002789,West,SMB,Social,27,4,13.8,0,11122.09
C002790,South,Consumer,Referral,22,5,9.2,0,8580.01
C002791,West,SMB,Referral,58,19,10.2,3,34852.34
C002792,North,Consumer,Partner,17,6,4.7,0,6526.44
C002793,East,Consumer,Organic,10,5,2.6,0,5888.8
C002794,West,Consumer,Paid Search,29,6,14.5,0,7547.01
C002795,West,Consumer,Organic,10,2,3.5,0,3108.73
C002796,South,Consumer,Organic,23,6,6.0,0,9816.96
C002797,East,SMB,Partner,19,8,7.3,0,15215.15
C002798,South,Consumer,Social,25,11,15.0,0,19425.81
C002799,East,Consumer,Organic,20,3,3.6,0,4173.18
C002800,East,Consumer,Paid Search,4,1,15.2,0,1158.58
C002801,West,Enterprise,Organic,28,14,0.2,0,137554.56
C002802,South,SMB,Referral,24,8,5.7,1,22012.45
C002803,North,Consumer,Paid Search,39,7,15.0,0,8509.23
C002804,South,Consumer,Partner,11,3,7.2,0,3699.24
C002805,North,Consumer,Organic,3,1,4.5,0,921.84
C002806,South,Consumer,Paid Search,29,9,14.7,1,12082.13
C002807,South,Enterprise,Partner,28,20,9.2,0,239731.48
C002808,East,Enterprise,Partner,27,11,10.4,0,67292.61
C002809,North,Enterprise,Organic,2,7,8.4,0,39920.89
C002810,North,Consumer,Paid Search,64,12,7.5,0,18640.85
C002811,North,SMB,Partner,1,1,6.5,0,2548.9
C002812,West,SMB,Referral,3,4,4.4,0,13146.74
C002813,East,Consumer,Referral,6,1,7.8,0,1420.57
C002814,North,Consumer,Referral,31,8,10.0,0,9759.48
C002815,North,Consumer,Partner,41,9,0.3,1,14623.69
C002816,South,Consumer,Referral,20,5,2.1,0,8019.68
C002817,South,Enterprise,Organic,28,15,0.0,1,94618.48
C002818,South,SMB,Paid Search,10,3,9.2,0,8093.87
C002819,South,Consumer,Social,8,6,14.9,0,7136.63
C002820,West,Consumer,Paid Search,4,1,16.6,0,971.52
C002821,South,Consumer,Paid Search,28,8,7.8,2,10273.29
C002822,East,Consumer,Referral,39,7,13.9,0,9305.4
C002823,North,Consumer,Paid Search,6,2,13.3,0,2608.31
C002824,West,Consumer,Partner,10,4,9.4,0,3938.05
C002825,West,SMB,Paid Search,13,6,13.9,1,13030.89
C002826,East,SMB,Social,7,3,10.5,0,7271.54
C002827,South,SMB,Referral,23,8,5.0,0,25065.11
C002828,North,Consumer,Organic,14,1,1.7,0,1382.97
C002829,West,SMB,Paid Search,43,11,13.7,0,34765.81
C002830,East,Consumer,Organic,10,2,2.0,0,2848.66
C002831,South,Consumer,Social,34,9,14.1,0,11378.66
C002832,South,Consumer,Social,5,1,12.7,0,1258.47
C002833,South,Consumer,Organic,11,5,9.0,0,7210.89
C002834,West,Consumer,Paid Search,20,6,9.9,1,5612.88
C002835,East,Consumer,Partner,24,3,4.4,1,4104.74
C002836,East,Consumer,Organic,48,6,6.1,0,5915.81
C002837,East,Enterprise,Partner,23,8,7.5,1,72102.69
C002838,South,Consumer,Organic,23,3,8.9,0,3202.01
C002839,South,Consumer,Organic,8,2,5.6,0,3354.2
C002840,North,Enterprise,Referral,9,5,7.5,0,26398.23
C002841,West,Consumer,Organic,12,6,7.3,0,7698.96
C002842,South,Consumer,Partner,18,6,9.1,1,9739.87
C002843,South,Enterprise,Referral,17,14,9.1,0,142950.55
C002844,South,Consumer,Referral,24,7,8.8,0,12528.08
C002845,North,Consumer,Referral,44,7,5.7,0,11360.5
C002846,South,Consumer,Referral,19,10,3.1,0,18756.04
C002847,South,Consumer,Social,31,7,14.2,0,11823.46
C002848,North,SMB,Referral,9,1,0.7,0,2660.15
C002849,East,Consumer,Social,49,9,12.5,0,9836.93
C002850,South,Consumer,Referral,18,1,5.5,0,1782.7
C002851,South,SMB,Paid Search,48,16,15.6,0,55385.72
C002852,South,Enterprise,Paid Search,15,9,11.2,1,72239.86
C002853,West,Consumer,Paid Search,13,5,17.0,0,5847.36
C002854,South,Consumer,Paid Search,11,6,13.1,0,7645.0
C002855,East,Enterprise,Paid Search,7,4,6.8,0,24047.13
C002856,West,Consumer,Paid Search,35,7,15.1,0,10229.82
C002857,East,Consumer,Organic,10,4,7.8,1,6213.33
C002858,South,Consumer,Social,23,4,9.7,0,6533.08
C002859,East,SMB,Social,6,3,16.9,0,6672.1
C002860,South,Consumer,Paid Search,58,15,16.0,3,30352.16
C002861,South,Consumer,Partner,36,7,1.3,0,11357.31
C002862,South,SMB,Partner,34,11,4.5,0,45588.69
C002863,South,Consumer,Partner,21,6,10.6,0,7105.45
C002864,North,Consumer,Organic,17,7,4.2,0,10487.79
C002865,South,Consumer,Paid Search,12,1,16.2,0,1134.48
C002866,North,SMB,Paid Search,48,13,14.6,0,27668.36
C002867,South,Consumer,Social,5,6,17.2,0,6965.65
C002868,South,SMB,Referral,28,13,10.3,0,38954.21
C002869,West,Consumer,Referral,10,2,4.3,0,2747.35
C002870,North,Consumer,Social,6,2,13.8,0,1709.02
C002871,East,Enterprise,Partner,14,8,13.6,0,48461.22
C002872,South,Consumer,Referral,14,5,5.7,1,6864.34
C002873,North,Consumer,Partner,24,9,11.0,1,8468.53
C002874,South,SMB,Social,38,16,14.2,0,49595.62
C002875,North,Consumer,Paid Search,16,1,9.5,0,1550.65
C002876,North,Consumer,Social,3,1,11.8,0,1496.67
C002877,South,SMB,Organic,9,3,6.4,0,13027.18
C002878,South,Consumer,Organic,16,1,8.7,0,1203.63
C002879,South,SMB,Partner,13,9,9.2,1,21653.19
C002880,North,Consumer,Paid Search,28,2,12.5,0,2606.99
C002881,North,Consumer,Paid Search,23,4,8.3,0,5372.53
C002882,North,SMB,Partner,32,7,7.8,0,19886.24
C002883,South,Consumer,Paid Search,2,1,12.3,0,1710.39
C002884,South,SMB,Organic,36,16,2.1,0,49112.87
C002885,South,Enterprise,Organic,4,3,6.1,0,32382.55
C002886,South,SMB,Referral,27,15,4.7,0,40429.86
C002887,North,Consumer,Organic,42,12,3.6,1,15678.81
C002888,West,Consumer,Organic,2,1,7.1,0,1171.62
C002889,North,SMB,Social,17,1,19.6,0,1219.16
C002890,North,Consumer,Paid Search,13,2,16.3,0,1769.42
C002891,North,SMB,Referral,6,9,6.3,0,30257.76
C002892,West,SMB,Organic,2,3,6.4,0,11027.42
C002893,East,Consumer,Referral,37,6,8.7,0,5726.03
C002894,East,Consumer,Referral,6,1,8.6,0,1486.57
C002895,West,Consumer,Paid Search,72,17,12.1,2,14480.68
C002896,North,Consumer,Paid Search,7,3,15.7,0,3086.35
C002897,West,Consumer,Paid Search,7,3,9.9,0,3877.15
C002898,North,Consumer,Organic,1,4,1.3,0,7311.28
C002899,East,SMB,Organic,6,5,5.8,1,18251.09
C002900,South,Consumer,Paid Search,8,4,10.8,0,5366.39
C002901,South,Consumer,Organic,17,1,10.5,0,1456.68
C002902,West,SMB,Organic,27,6,3.4,0,22481.95
C002903,North,SMB,Organic,11,3,7.9,0,12994.05
C002904,West,Enterprise,Social,27,13,16.2,1,123304.53
C002905,South,Consumer,Paid Search,52,16,7.6,0,19149.78
C002906,East,SMB,Referral,14,10,8.6,1,29402.84
C002907,West,SMB,Referral,12,6,4.8,0,15811.95
C002908,North,SMB,Paid Search,7,5,19.0,0,16079.18
C002909,West,Consumer,Organic,18,1,2.4,0,1744.66
C002910,South,Consumer,Paid Search,47,10,9.0,0,12237.21
C002911,East,Consumer,Referral,17,2,0.2,0,3361.14
C002912,North,Consumer,Paid Search,27,4,9.5,0,6035.93
C002913,South,Consumer,Organic,18,7,7.0,1,11632.45
C002914,East,Enterprise,Partner,17,7,4.7,1,51340.12
C002915,South,Consumer,Social,72,12,16.3,1,14924.72
C002916,North,Enterprise,Organic,23,13,5.6,0,118018.89
C002917,South,Consumer,Partner,34,12,4.9,0,29246.42
C002918,West,SMB,Organic,25,9,4.4,0,39696.83
C002919,North,Consumer,Organic,17,4,2.0,1,5667.1
C002920,East,Consumer,Organic,11,1,7.4,0,820.73
C002921,West,Consumer,Partner,46,8,2.3,1,11033.22
C002922,North,Enterprise,Organic,3,6,7.0,1,48836.18
C002923,North,Consumer,Social,10,1,12.6,0,1387.96
C002924,East,Consumer,Referral,10,8,7.1,0,12008.2
C002925,North,Enterprise,Referral,35,18,8.2,3,162407.87
C002926,South,Consumer,Paid Search,48,12,12.2,0,20161.19
C002927,East,Consumer,Organic,5,8,11.0,0,8468.27
C002928,South,Consumer,Social,15,8,13.5,0,10283.95
C002929,South,Consumer,Paid Search,34,7,7.7,1,8587.16
C002930,East,Consumer,Referral,10,1,13.3,0,1232.91
C002931,South,Consumer,Organic,27,6,5.9,0,11075.74
C002932,North,Consumer,Social,15,3,15.2,1,4725.67
C002933,South,Consumer,Referral,65,13,13.5,2,11235.13
C002934,West,SMB,Referral,11,2,2.9,0,6720.9
C002935,East,Enterprise,Paid Search,30,13,11.5,1,71455.82
C002936,South,Consumer,Paid Search,13,6,8.5,0,10193.44
C002937,South,Consumer,Paid Search,20,10,11.5,0,11839.71
C002938,North,Consumer,Organic,6,2,0.5,0,3457.35
C002939,South,SMB,Referral,27,11,7.1,0,29627.09
C002940,North,Consumer,Organic,39,3,4.9,0,3775.73
C002941,West,SMB,Organic,5,5,4.7,2,17626.49
C002942,South,Consumer,Organic,9,1,0.0,0,1477.65
C002943,West,Consumer,Organic,36,9,7.1,1,15952.14
C002944,North,SMB,Referral,13,5,6.1,0,16338.01
C002945,South,Consumer,Referral,16,4,14.7,0,5505.9
C002946,South,Consumer,Paid Search,7,1,10.4,0,1350.21
C002947,South,Consumer,Paid Search,39,8,9.9,0,15351.48
C002948,West,Consumer,Referral,6,1,7.3,0,1723.66
C002949,West,Consumer,Referral,16,3,3.1,0,6359.02
C002950,West,SMB,Social,11,7,18.5,1,12682.09
C002951,North,Consumer,Social,31,6,12.0,0,7475.06
C002952,East,Consumer,Social,72,11,12.4,0,11876.22
C002953,North,Consumer,Social,4,3,17.4,0,4117.94
C002954,West,Consumer,Partner,10,4,8.6,0,4762.67
C002955,South,Enterprise,Referral,13,14,7.6,0,102900.45
C002956,South,Consumer,Referral,5,5,2.9,0,8076.66
C002957,North,Consumer,Social,18,1,17.9,0,846.28
C002958,North,Consumer,Organic,33,9,1.9,0,8856.8
C002959,South,Enterprise,Paid Search,21,14,6.8,0,119221.04
C002960,West,SMB,Partner,28,13,9.1,1,63292.37
C002961,West,Consumer,Referral,10,2,6.4,0,3016.11
C002962,West,Consumer,Organic,28,9,4.3,0,12581.41
C002963,North,SMB,Paid Search,21,6,14.0,1,16874.88
C002964,South,SMB,Organic,6,4,4.0,0,14225.98
C002965,South,Consumer,Paid Search,18,2,6.8,1,2997.74
C002966,South,SMB,Referral,11,2,6.0,0,5419.27
C002967,South,Consumer,Referral,72,19,7.9,0,21099.3
C002968,South,Consumer,Paid Search,35,9,12.5,0,15558.23
C002969,South,Consumer,Organic,20,2,4.5,0,2868.35
C002970,North,Consumer,Paid Search,44,11,19.2,0,14658.41
C002971,South,Consumer,Organic,28,1,10.0,0,1834.45
C002972,East,Consumer,Paid Search,6,1,8.4,0,1162.98
C002973,North,SMB,Referral,53,11,2.9,1,23902.78
C002974,West,SMB,Organic,5,6,9.0,0,16437.31
C002975,South,Consumer,Partner,49,11,11.2,1,15623.65
C002976,West,Consumer,Referral,21,5,11.4,0,7703.52
C002977,East,SMB,Organic,18,6,3.7,0,13914.45
C002978,East,Consumer,Paid Search,9,4,11.5,0,4219.18
C002979,East,Consumer,Organic,22,6,0.0,0,7498.88
C002980,West,SMB,Organic,27,11,5.4,1,35309.96
C002981,East,Consumer,Partner,26,4,6.1,0,6070.56
C002982,South,Consumer,Referral,21,8,4.7,1,20060.31
C002983,North,SMB,Social,16,4,17.8,0,14507.59
C002984,East,Consumer,Referral,30,5,6.5,0,6144.82
C002985,North,Consumer,Partner,13,1,10.5,0,1162.73
C002986,South,SMB,Partner,17,11,7.7,0,29577.24
C002987,North,Enterprise,Organic,24,9,6.6,0,54953.24
C002988,South,Consumer,Organic,18,9,1.1,0,15056.3
C002989,North,Consumer,Paid Search,5,3,9.0,0,3359.14
C002990,East,Consumer,Paid Search,21,5,13.4,1,4684.61
C002991,West,Consumer,Referral,21,6,12.1,0,6745.3
C002992,West,Consumer,Organic,20,2,6.4,0,3521.74
C002993,South,Consumer,Social,16,9,15.0,0,12415.74
C002994,South,Consumer,Organic,14,3,9.5,1,3411.06
C002995,South,SMB,Social,19,10,14.3,0,33731.33
C002996,South,Consumer,Paid Search,10,2,9.6,0,3785.73
C002997,East,SMB,Organic,46,8,5.0,0,18717.35
C002998,North,Consumer,Social,25,10,16.1,0,10759.56
C002999,West,SMB,Paid Search,23,6,8.2,0,14572.45
C003000,North,Consumer,Social,38,9,15.4,1,12043.24
C003001,West,Consumer,Partner,9,1,2.8,0,1837.06
C003002,South,SMB,Organic,12,5,4.1,0,16365.99
C003003,South,SMB,Organic,11,7,4.5,1,16855.11
C003004,East,Consumer,Organic,24,5,4.9,1,7941.75
C003005,North,Consumer,Organic,8,2,0.0,0,2967.59
C003006,East,Consumer,Partner,31,5,8.3,1,5945.89
C003007,South,Consumer,Social,23,8,17.6,1,11856.04
C003008,North,Consumer,Paid Search,11,1,16.2,0,1548.69
C003009,North,SMB,Referral,6,2,11.4,0,4233.34
C003010,East,Consumer,Partner,23,8,8.1,0,7589.51
C003011,South,Consumer,Organic,4,1,12.4,0,1431.6
C003012,West,Consumer,Organic,10,3,2.7,0,4564.29
C003013,East,Enterprise,Social,17,5,12.8,0,39950.63
C003014,East,Consumer,Social,16,4,15.1,0,5907.79
C003015,South,Consumer,Organic,11,4,7.5,0,5520.68
C003016,East,Consumer,Paid Search,30,3,13.9,0,3723.72
C003017,West,SMB,Organic,9,4,0.0,0,13812.63
C003018,North,Consumer,Referral,11,3,4.1,0,4823.85
C003019,South,Consumer,Referral,20,4,9.3,0,4328.5
C003020,South,Consumer,Organic,20,4,2.3,0,7157.34
C003021,South,SMB,Social,7,2,14.6,0,4772.91
C003022,East,Consumer,Paid Search,19,1,13.1,0,1315.32
C003023,South,Consumer,Social,12,6,16.5,0,6559.16
C003024,South,Consumer,Referral,11,7,9.6,0,10564.28
C003025,South,Consumer,Paid Search,22,2,15.8,0,2611.75
C003026,North,Enterprise,Organic,8,15,6.9,0,32070.93
C003027,South,Consumer,Organic,15,5,1.3,0,6805.67
C003028,West,Consumer,Social,17,2,16.8,0,2157.79
C003029,East,Consumer,Referral,22,4,10.2,0,6498.76
C003030,South,Consumer,Organic,10,2,6.4,0,3659.3
C003031,West,Consumer,Partner,26,8,11.9,0,11640.69
C003032,North,Consumer,Social,31,4,15.7,0,4558.63
C003033,South,Consumer,Organic,30,13,4.6,0,16120.28
C003034,South,Consumer,Organic,6,5,2.5,0,7316.29
C003035,West,Consumer,Referral,30,4,13.1,1,4875.46
C003036,East,SMB,Organic,31,12,1.9,0,27382.68
C003037,East,Enterprise,Partner,52,22,8.0,0,138519.35
C003038,North,Consumer,Referral,7,2,5.9,0,2502.09
C003039,North,Consumer,Organic,42,10,1.0,0,17851.14
C003040,East,Enterprise,Paid Search,4,6,14.7,0,29378.94
C003041,South,Enterprise,Organic,31,15,6.5,1,140673.75
C003042,West,Consumer,Paid Search,35,10,12.7,0,14386.8
C003043,East,Consumer,Organic,30,5,3.1,0,6402.02
C003044,South,SMB,Social,5,5,16.7,0,15577.79
C003045,East,Enterprise,Social,41,16,14.2,1,113502.39
C003046,West,SMB,Partner,72,18,9.4,0,51992.53
C003047,South,Consumer,Organic,8,5,9.3,0,9255.29
C003048,East,Consumer,Paid Search,14,2,4.7,0,1561.87
C003049,West,Enterprise,Social,10,7,18.0,0,78769.83
C003050,South,Consumer,Paid Search,27,8,19.1,0,13396.93
C003051,West,Consumer,Paid Search,13,7,17.2,0,12791.9
C003052,North,SMB,Partner,28,7,10.3,0,15699.14
C003053,East,Consumer,Social,16,1,18.7,1,1105.99
C003054,West,Consumer,Partner,20,9,5.5,0,14167.14
C003055,East,Consumer,Paid Search,18,4,12.7,0,4350.57
C003056,South,Consumer,Referral,4,1,6.6,0,1588.21
C003057,East,Consumer,Paid Search,19,5,10.6,1,6324.52
C003058,North,Consumer,Paid Search,5,1,15.0,0,997.59
C003059,North,Consumer,Organic,6,1,4.4,0,1654.5
C003060,South,Consumer,Social,41,16,9.4,1,27144.73
C003061,South,Consumer,Paid Search,27,5,13.3,1,6214.91
C003062,South,Enterprise,Referral,25,11,6.9,0,73474.45
C003063,South,Consumer,Partner,19,8,10.1,0,12116.99
C003064,West,Enterprise,Social,66,29,13.8,2,188443.48
C003065,South,Consumer,Organic,19,6,0.0,0,10446.91
C003066,South,Consumer,Referral,17,6,4.1,1,8101.06
C003067,South,SMB,Paid Search,16,2,9.3,0,8076.58
C003068,North,SMB,Organic,37,14,1.9,2,35909.28
C003069,East,Consumer,Organic,18,2,3.3,0,2183.47
C003070,South,Consumer,Referral,22,11,9.2,2,16559.43
C003071,North,SMB,Social,39,9,10.9,0,17473.75
C003072,West,Consumer,Partner,26,10,10.6,0,11841.7
C003073,West,Consumer,Paid Search,33,12,8.2,1,12458.26
C003074,East,Consumer,Paid Search,10,1,10.9,0,1255.02
C003075,West,Consumer,Organic,7,2,4.9,0,3606.35
C003076,West,SMB,Partner,47,13,7.1,1,34909.82
C003077,South,Consumer,Social,32,12,16.9,0,21145.38
C003078,East,SMB,Partner,28,8,7.7,0,16819.31
C003079,East,SMB,Paid Search,23,8,11.5,0,17413.54
C003080,South,Enterprise,Organic,18,11,0.0,0,123006.83
C003081,South,Consumer,Referral,10,5,8.2,0,8739.7
C003082,North,Consumer,Paid Search,10,4,17.6,0,5416.49
C003083,East,Consumer,Paid Search,7,1,10.5,0,1508.57
C003084,West,Consumer,Organic,5,6,7.0,0,8698.5
C003085,East,Consumer,Organic,9,2,2.5,0,2796.94
C003086,South,SMB,Paid Search,14,8,15.0,1,19582.0
C003087,North,Consumer,Partner,47,6,9.6,0,11959.27
C003088,South,Consumer,Social,5,4,13.9,0,5193.39
C003089,South,SMB,Social,20,10,13.7,0,27291.42
C003090,West,SMB,Organic,50,15,6.9,0,45872.95
C003091,West,Consumer,Social,37,11,15.1,2,16808.52
C003092,West,SMB,Paid Search,18,4,8.3,0,13176.36
C003093,West,Consumer,Organic,11,4,0.4,0,3649.93
C003094,West,SMB,Paid Search,3,1,13.8,0,3866.33
C003095,South,Consumer,Organic,20,6,2.7,0,13291.58
C003096,North,Consumer,Partner,29,4,8.1,0,7083.48
C003097,North,Consumer,Social,11,3,16.8,0,3855.35
C003098,South,Consumer,Organic,38,13,1.4,0,27144.26
C003099,South,SMB,Referral,17,11,4.0,1,36723.26
C003100,North,Consumer,Paid Search,23,2,16.9,0,2620.61
C003101,West,Consumer,Organic,18,8,3.8,0,13937.63
C003102,North,Consumer,Referral,38,11,10.1,2,16536.53
C003103,West,Consumer,Social,39,9,22.5,0,13482.47
C003104,East,SMB,Social,26,11,15.7,1,16281.27
C003105,East,Consumer,Organic,15,2,2.4,0,2588.83
C003106,East,SMB,Referral,18,4,7.4,1,7834.04
C003107,South,SMB,Organic,68,21,4.4,1,79809.11
C003108,East,Consumer,Organic,51,11,5.2,0,11730.0
C003109,North,SMB,Organic,19,6,7.2,1,15785.01
C003110,West,Consumer,Organic,7,1,7.5,0,1756.89
C003111,South,Consumer,Paid Search,34,7,6.0,1,14104.15
C003112,South,Consumer,Paid Search,13,4,15.6,0,6646.21
C003113,East,Enterprise,Referral,45,18,7.8,0,26046.21
C003114,East,Consumer,Paid Search,11,4,10.3,1,3819.97
C003115,South,Consumer,Organic,13,7,7.2,0,8745.46
C003116,East,SMB,Partner,7,5,4.8,0,9829.83
C003117,North,Consumer,Partner,57,19,5.0,1,21920.28
C003118,East,Enterprise,Organic,9,6,8.2,0,43490.59
C003119,South,Consumer,Paid Search,32,12,12.2,0,21256.85
C003120,South,Consumer,Organic,16,5,9.7,0,9102.68
C003121,North,Consumer,Partner,13,3,5.9,0,2924.0
C003122,South,Consumer,Paid Search,13,4,12.9,0,5706.97
C003123,South,Consumer,Organic,44,11,6.2,2,16116.77
C003124,South,Enterprise,Social,72,37,16.2,3,182383.07
C003125,North,Enterprise,Social,41,16,16.9,1,133420.36
C003126,North,Consumer,Organic,4,1,6.4,0,1648.26
C003127,South,Consumer,Paid Search,32,11,12.1,0,14128.05
C003128,North,Consumer,Paid Search,16,6,6.2,0,7935.24
C003129,East,Consumer,Organic,17,8,7.6,1,10273.84
C003130,West,Consumer,Organic,21,4,0.0,0,6843.56
C003131,South,SMB,Social,19,6,11.3,0,15425.63
C003132,West,SMB,Social,26,5,12.9,0,11552.66
C003133,North,Consumer,Referral,16,7,9.7,0,7630.63
C003134,North,Consumer,Referral,35,5,6.3,0,9465.15
C003135,East,Consumer,Referral,20,4,12.6,0,6023.32
C003136,East,Enterprise,Paid Search,20,10,7.8,0,56690.3
C003137,West,Consumer,Social,18,1,11.7,0,1162.61
C003138,North,Consumer,Organic,32,9,0.0,0,10919.71
C003139,East,Consumer,Organic,14,6,1.6,0,5922.36
C003140,South,SMB,Organic,26,10,3.1,1,47239.38
C003141,South,SMB,Social,20,8,19.4,0,18371.91
C003142,North,Consumer,Referral,45,9,10.1,0,14127.58
C003143,West,Consumer,Paid Search,14,7,12.7,0,8994.6
C003144,North,SMB,Paid Search,35,10,11.1,2,25524.46
C003145,West,Consumer,Social,23,5,17.3,0,6146.93
C003146,East,Consumer,Organic,43,6,8.8,1,7950.61
C003147,East,Enterprise,Paid Search,20,2,10.1,0,13255.48
C003148,East,Consumer,Social,13,6,13.4,0,8142.34
C003149,West,Consumer,Referral,13,3,5.7,0,5614.07
C003150,North,Consumer,Paid Search,22,3,6.8,0,3704.65
C003151,North,SMB,Organic,19,11,8.6,0,31419.31
C003152,South,SMB,Partner,14,7,6.2,1,15628.49
C003153,South,Consumer,Paid Search,22,5,11.1,0,6607.09
C003154,North,SMB,Partner,2,4,12.4,0,10550.4
C003155,North,Enterprise,Social,16,9,13.4,0,63663.81
C003156,South,SMB,Partner,19,8,11.8,0,22783.21
C003157,North,Consumer,Organic,5,1,0.0,1,1663.28
C003158,North,Consumer,Paid Search,8,4,13.7,1,5986.43
C003159,West,SMB,Organic,9,6,3.7,0,11896.74
C003160,South,Consumer,Organic,18,4,0.3,0,6825.49
C003161,West,Consumer,Organic,15,1,1.6,0,1455.24
C003162,West,Consumer,Paid Search,16,6,12.4,0,7517.77
C003163,North,SMB,Paid Search,5,4,9.1,0,14421.05
C003164,East,Consumer,Referral,37,9,8.1,1,7857.82
C003165,East,Consumer,Paid Search,44,8,,0,9638.54
C003166,East,Consumer,Organic,6,4,0.1,0,7193.66
C003167,North,Consumer,Paid Search,15,2,14.9,0,2590.02
C003168,North,Consumer,Referral,15,3,7.9,0,3427.41
C003169,North,Consumer,Organic,25,3,0.0,1,4309.41
C003170,East,Consumer,Social,13,6,17.0,1,9580.78
C003171,West,Enterprise,Paid Search,35,17,12.4,0,168017.2
C003172,East,Consumer,Referral,8,3,5.7,0,3443.28
C003173,East,SMB,Social,29,9,13.8,0,28472.88
C003174,West,Consumer,Referral,24,5,11.0,0,7961.44
C003175,East,Consumer,Referral,6,4,8.0,0,2987.84
C003176,North,Consumer,Partner,14,8,12.2,0,10314.68
C003177,West,Consumer,Organic,7,5,6.4,1,10618.46
C003178,South,Consumer,Paid Search,60,10,12.7,0,13960.04
C003179,North,Consumer,Partner,17,4,5.7,0,7669.11
C003180,South,Enterprise,Social,13,9,15.5,0,53371.79
C003181,West,Consumer,Referral,4,5,10.1,0,5449.07
C003182,South,Enterprise,Organic,23,12,5.2,1,133405.91
C003183,South,Consumer,Paid Search,14,2,17.8,0,3216.61
C003184,North,Consumer,Partner,29,8,11.1,1,10612.41
C003185,North,Consumer,Referral,49,10,3.4,0,17240.0
C003186,North,Consumer,Organic,32,5,3.5,0,6428.52
C003187,East,Consumer,Organic,8,2,7.0,0,2004.54
C003188,West,Consumer,Social,13,1,10.4,0,1524.67
C003189,North,Consumer,Referral,6,3,6.7,0,3964.36
C003190,South,SMB,Partner,11,4,5.2,0,13601.13
C003191,North,Consumer,Paid Search,36,9,12.1,0,12366.67
C003192,North,Enterprise,Paid Search,11,6,9.2,0,43305.72
C003193,South,Consumer,Organic,29,8,,0,17663.53
C003194,East,Consumer,Paid Search,12,2,10.5,0,1963.6
C003195,East,Consumer,Paid Search,31,5,14.0,0,5985.44
C003196,South,Consumer,Organic,8,1,0.5,0,1611.42
C003197,South,SMB,Paid Search,7,6,11.1,1,18718.14
C003198,North,SMB,Organic,60,16,1.2,0,47868.6
C003199,North,Consumer,Social,9,1,18.6,0,1515.3
C003200,West,Consumer,Organic,37,4,2.7,0,6525.45
C003201,East,SMB,Paid Search,26,10,11.7,1,20931.89
C003202,West,Consumer,Referral,10,3,8.1,0,3536.14
C003203,West,Consumer,Organic,11,3,2.8,0,3937.68
C003204,East,Consumer,Referral,15,3,3.4,0,3325.01
C003205,West,Consumer,Social,37,9,15.6,0,13702.76
C003206,South,Consumer,Referral,13,8,1.2,0,12827.95
C003207,North,Consumer,Paid Search,29,7,16.0,0,9545.96
C003208,North,SMB,Social,24,8,14.6,1,15560.08
C003209,North,Consumer,Partner,24,4,3.6,0,5429.88
C003210,North,Enterprise,Social,61,22,14.2,1,176723.24
C003211,South,SMB,Paid Search,28,11,13.7,1,38570.11
C003212,East,Consumer,Referral,24,6,4.5,0,5747.42
C003213,West,Consumer,Referral,4,5,1.2,0,10646.24
C003214,South,Consumer,Paid Search,44,15,11.6,0,29187.02
C003215,North,SMB,Paid Search,32,7,14.3,0,22059.65
C003216,East,Consumer,Social,24,3,15.7,0,4397.4
C003217,South,Enterprise,Paid Search,15,11,13.2,0,82768.21
C003218,North,Consumer,Partner,4,2,10.9,0,2278.85
C003219,South,Consumer,Partner,27,11,12.7,0,16116.33
C003220,South,Consumer,Paid Search,19,5,3.9,0,8420.28
C003221,South,Consumer,Organic,58,19,1.0,0,27388.59
C003222,West,SMB,Partner,29,9,8.5,0,29184.84
C003223,East,SMB,Organic,21,10,,0,33716.87
C003224,East,Consumer,Social,70,6,10.4,0,8680.93
C003225,North,Consumer,Organic,19,6,2.7,0,8840.11
C003226,West,Consumer,Organic,55,12,10.2,0,10417.52
C003227,East,Consumer,Organic,3,1,3.9,0,954.22
C003228,North,Consumer,Organic,72,14,5.6,0,19454.71
C003229,East,Consumer,Partner,37,4,13.4,0,5317.21
C003230,South,SMB,Organic,9,3,5.3,0,7054.43
C003231,South,Consumer,Organic,65,16,7.4,0,24919.76
C003232,North,Consumer,Referral,2,1,8.7,0,1578.88
C003233,South,SMB,Partner,7,5,7.0,1,15147.19
C003234,North,SMB,Paid Search,27,9,10.8,0,21270.17
C003235,North,SMB,Social,44,18,18.5,0,32717.23
C003236,North,Consumer,Organic,24,6,5.0,0,9978.58
C003237,West,Consumer,Social,4,2,12.0,0,2431.91
C003238,South,SMB,Social,10,6,18.2,0,22512.07
C003239,South,Consumer,Partner,13,4,0.0,0,6837.91
C003240,South,Consumer,Referral,26,3,11.7,1,4705.85
C003241,West,Consumer,Partner,17,6,7.4,0,10336.33
C003242,South,Consumer,Paid Search,42,13,12.0,1,17549.23
C003243,West,Enterprise,Social,4,8,15.2,0,66513.37
C003244,South,Consumer,Social,29,9,19.0,0,10571.55
C003245,North,Consumer,Organic,7,2,5.5,0,2415.54
C003246,South,Enterprise,Partner,49,27,7.9,4,193761.98
C003247,South,Enterprise,Social,30,21,12.1,2,156504.58
C003248,West,Consumer,Partner,17,4,5.9,0,8948.04
C003249,West,SMB,Paid Search,14,2,13.9,0,4527.35
C003250,South,Consumer,Social,25,12,15.7,0,18871.45
C003251,West,SMB,Paid Search,41,10,17.1,0,24954.54
C003252,South,Consumer,Partner,24,2,5.6,0,2482.06
C003253,South,Consumer,Organic,17,6,1.5,1,11423.91
C003254,South,Consumer,Referral,9,4,7.9,0,5496.37
C003255,North,SMB,Organic,17,7,4.7,0,18304.07
C003256,West,Consumer,Social,41,11,11.4,0,19062.51
C003257,North,Consumer,Paid Search,33,7,10.4,0,8927.51
C003258,South,SMB,Partner,45,15,10.1,0,46538.46
C003259,South,Consumer,Partner,8,1,4.0,0,1575.23
C003260,North,SMB,Paid Search,4,3,8.6,0,8072.89
C003261,North,Consumer,Social,31,8,12.8,0,8036.65
C003262,East,Consumer,Referral,5,4,4.9,0,6096.68
C003263,North,Consumer,Paid Search,45,7,14.4,0,9396.04
C003264,South,Consumer,Paid Search,32,5,10.3,0,8708.25
C003265,South,Consumer,Organic,24,9,9.9,0,13692.04
C003266,South,Consumer,Organic,7,1,1.9,0,1999.34
C003267,North,Consumer,Referral,19,2,8.1,0,2841.88
C003268,East,Consumer,Referral,17,1,6.9,0,1653.76
C003269,West,Consumer,Paid Search,24,9,12.0,1,10407.64
C003270,North,SMB,Partner,54,16,0.6,1,40734.03
C003271,West,Consumer,Organic,8,4,1.7,0,8853.57
C003272,South,Consumer,Partner,15,6,7.5,0,10804.73
C003273,East,SMB,Social,18,6,9.1,0,21385.57
C003274,East,Consumer,Social,46,8,6.2,1,11451.56
C003275,East,Consumer,Referral,20,4,3.3,0,4939.32
C003276,West,Enterprise,Organic,30,12,6.0,0,146254.75
C003277,South,Consumer,Partner,49,7,9.4,0,7273.72
C003278,South,Enterprise,Social,23,19,11.3,1,184912.46
C003279,South,Consumer,Social,15,5,14.4,0,4249.27
C003280,North,Consumer,Organic,43,8,6.3,0,15196.78
C003281,East,Consumer,Referral,53,7,11.0,0,6847.97
C003282,North,Consumer,Paid Search,28,9,15.9,0,10679.08
C003283,South,Enterprise,Referral,11,8,9.7,0,55666.92
C003284,North,Consumer,Social,14,1,13.4,0,1462.32
C003285,North,Enterprise,Organic,52,22,4.9,0,171384.65
C003286,East,SMB,Organic,31,9,5.2,0,30371.3
C003287,East,Enterprise,Organic,16,7,4.4,0,44871.99
C003288,South,Enterprise,Organic,4,7,0.9,0,51217.47
C003289,North,Consumer,Organic,32,12,9.3,0,14858.76
C003290,South,Enterprise,Organic,28,15,6.3,0,182352.22
C003291,South,SMB,Paid Search,32,11,14.6,0,38190.99
C003292,East,Consumer,Referral,10,1,9.0,0,1548.27
C003293,South,SMB,Social,15,6,13.7,0,15304.11
C003294,South,Consumer,Paid Search,39,5,7.5,0,5860.95
C003295,South,Consumer,Organic,1,4,7.3,0,8130.22
C003296,West,Consumer,Social,15,1,17.1,0,991.25
C003297,East,Consumer,Paid Search,5,1,12.9,0,1177.28
C003298,South,Consumer,Organic,9,3,11.5,0,3835.08
C003299,South,Consumer,Paid Search,35,12,10.3,0,18030.45
C003300,North,SMB,Partner,17,4,7.1,0,7920.22
C003301,West,SMB,Paid Search,7,3,12.6,0,9791.15
C003302,South,SMB,Partner,27,11,6.5,0,44643.55
C003303,South,Enterprise,Organic,12,7,4.3,0,77190.51
C003304,West,SMB,Organic,17,6,8.1,0,13903.53
C003305,East,Consumer,Organic,22,1,3.1,0,1426.84
C003306,North,Consumer,Social,45,8,13.3,0,10053.62
C003307,North,Enterprise,Referral,22,14,8.7,1,108632.75
C003308,North,Consumer,Referral,14,6,3.0,0,12165.94
C003309,South,Consumer,Partner,25,5,7.8,0,6972.48
C003310,North,Consumer,Referral,27,3,6.6,1,4814.65
C003311,West,Consumer,Organic,13,3,6.9,1,3102.96
C003312,West,SMB,Social,17,2,17.4,0,5279.24
C003313,South,Consumer,Organic,18,5,4.5,0,9491.14
C003314,East,SMB,Referral,40,9,6.7,0,22000.84
C003315,South,Consumer,Partner,2,1,7.9,0,1718.48
C003316,North,Consumer,Paid Search,25,5,11.1,1,5669.67
C003317,East,Consumer,Paid Search,33,8,15.9,0,8274.15
C003318,North,Consumer,Referral,39,5,8.5,0,6680.13
C003319,North,SMB,Organic,5,5,8.8,1,12273.43
C003320,South,Consumer,Paid Search,5,5,9.4,0,8945.71
C003321,North,Consumer,Referral,12,9,10.8,1,14984.66
C003322,South,Consumer,Organic,30,8,5.4,0,14214.15
C003323,East,SMB,Organic,36,13,7.1,0,19653.15
C003324,West,Enterprise,Referral,4,6,1.3,0,49596.1
C003325,East,SMB,Paid Search,22,7,16.9,1,18586.88
C003326,West,Consumer,Paid Search,35,5,13.3,0,6607.85
C003327,South,Enterprise,Partner,13,11,13.6,0,84991.52
C003328,West,Consumer,Organic,23,6,8.3,0,10447.93
C003329,South,Consumer,Organic,6,7,0.0,0,14069.21
C003330,South,Consumer,Partner,28,9,12.6,0,14629.36
C003331,West,Consumer,Organic,16,7,5.6,0,7728.0
C003332,South,Consumer,Partner,15,3,9.9,0,3565.63
C003333,North,Consumer,Referral,23,6,8.6,0,8899.15
C003334,South,Consumer,Referral,3,1,6.7,0,1015.5
C003335,South,Consumer,Organic,12,5,3.8,0,11016.9
C003336,South,Consumer,Paid Search,35,12,,1,17477.67
C003337,South,Consumer,Social,4,6,12.5,0,7524.71
C003338,West,SMB,Organic,4,2,5.1,0,5375.72
C003339,South,SMB,Social,13,1,19.2,1,3394.43
C003340,South,Consumer,Social,18,4,11.3,1,4550.47
C003341,South,Consumer,Social,22,6,14.4,0,5768.72
C003342,West,Consumer,Organic,58,13,,1,15359.33
C003343,North,Consumer,Social,22,1,12.5,0,1392.36
C003344,North,Consumer,Social,24,5,9.3,0,9371.72
C003345,South,Consumer,Organic,39,7,0.0,0,14733.69
C003346,East,SMB,Partner,9,7,6.6,1,16177.27
C003347,West,SMB,Organic,25,2,10.1,0,5993.63
C003348,South,SMB,Partner,30,13,5.7,1,43370.27
C003349,East,Consumer,Organic,27,5,4.1,0,6766.64
C003350,South,SMB,Organic,22,3,5.2,0,6329.74
C003351,North,SMB,Referral,21,11,10.3,0,27800.39
C003352,North,SMB,Organic,7,7,7.6,1,22726.08
C003353,North,SMB,Organic,14,8,4.5,0,33286.34
C003354,South,SMB,Organic,49,17,6.8,0,56614.15
C003355,South,SMB,Social,12,4,18.2,0,13435.58
C003356,South,Consumer,Organic,19,5,0.1,1,9833.29
C003357,South,Consumer,Referral,18,6,5.9,1,8634.26
C003358,South,Consumer,Referral,25,5,3.4,1,6101.29
C003359,East,Consumer,Referral,18,2,4.8,0,3223.28
C003360,East,Consumer,Paid Search,16,5,14.0,1,8408.22
C003361,South,Consumer,Organic,34,9,1.4,2,13456.29
C003362,South,Consumer,Partner,22,8,14.9,1,14256.1
C003363,South,Consumer,Social,21,10,17.0,0,14113.2
C003364,South,Enterprise,Partner,12,10,6.2,0,66552.9
C003365,South,Consumer,Social,14,1,14.6,0,1422.36
C003366,South,Consumer,Social,23,6,11.1,0,7855.47
C003367,East,Consumer,Partner,36,8,3.6,0,11375.25
C003368,East,Consumer,Paid Search,44,10,10.8,0,13043.34
C003369,North,SMB,Partner,24,10,11.9,1,23231.03
C003370,South,Consumer,Organic,64,15,0.8,0,18900.55
C003371,West,Consumer,Organic,15,3,8.7,0,3936.23
C003372,North,Consumer,Paid Search,15,6,11.4,0,10871.49
C003373,West,Consumer,Paid Search,41,10,12.7,0,10872.74
C003374,North,SMB,Paid Search,21,7,12.2,0,21313.41
C003375,South,Enterprise,Referral,13,7,9.3,0,66912.13
C003376,South,Enterprise,Referral,19,17,10.3,1,127682.22
C003377,North,Consumer,Partner,8,3,7.4,0,3520.49
C003378,West,SMB,Paid Search,17,6,13.5,0,18410.57
C003379,South,SMB,Paid Search,8,5,15.9,0,13798.98
C003380,West,SMB,Social,8,3,17.4,0,7058.09
C003381,South,Consumer,Referral,23,3,5.8,0,5124.13
C003382,West,Consumer,Social,2,2,14.4,0,3732.66
C003383,West,Consumer,Paid Search,8,1,9.0,0,1836.53
C003384,South,Consumer,Organic,10,4,10.5,0,6060.78
C003385,North,SMB,Partner,14,1,8.9,0,1390.07
C003386,East,Consumer,Organic,28,1,0.8,0,1276.74
C003387,South,Consumer,Referral,14,6,4.5,0,7734.93
C003388,West,SMB,Paid Search,48,11,11.5,0,29442.18
C003389,South,Consumer,Paid Search,11,5,16.0,1,6462.48
C003390,South,Enterprise,Social,3,4,14.4,0,30054.73
C003391,North,SMB,Paid Search,8,4,13.8,0,12828.84
C003392,East,SMB,Organic,22,5,2.9,0,12524.87
C003393,West,SMB,Social,8,3,16.9,1,7438.31
C003394,North,Consumer,Organic,11,1,8.9,1,1503.16
C003395,East,Consumer,Organic,41,10,7.4,0,10117.91
C003396,West,Enterprise,Referral,49,21,0.0,2,175183.01
C003397,North,Consumer,Paid Search,6,1,11.5,0,1009.29
C003398,North,Consumer,Referral,16,6,3.8,0,9806.27
C003399,East,Consumer,Paid Search,22,3,14.0,0,3648.08
C003400,East,Consumer,Paid Search,35,2,12.2,0,3585.42
C003401,North,Consumer,Paid Search,13,1,17.1,0,896.9
C003402,West,Consumer,Partner,22,8,7.0,1,14227.04
C003403,South,Consumer,Organic,39,10,5.2,0,11015.15
C003404,West,SMB,Partner,19,7,7.6,0,16694.97
C003405,West,Consumer,Paid Search,1,2,14.2,0,1759.64
C003406,West,Consumer,Paid Search,16,9,9.1,1,13064.2
C003407,South,Consumer,Social,10,1,12.0,0,1533.39
C003408,South,Consumer,Paid Search,10,3,10.3,0,4163.05
C003409,South,Consumer,Referral,11,4,8.8,1,3888.22
C003410,North,Consumer,Partner,2,1,11.1,0,1198.78
C003411,East,SMB,Social,47,14,14.7,1,33087.49
C003412,North,Consumer,Referral,37,10,8.8,1,11393.18
C003413,South,SMB,Social,52,17,16.5,0,46579.74
C003414,North,Consumer,Paid Search,68,9,11.8,0,14779.93
C003415,South,Consumer,Social,21,12,14.8,0,15040.38
C003416,South,Consumer,Organic,12,4,7.3,1,4922.65
C003417,East,SMB,Organic,26,7,10.7,1,16606.86
C003418,West,Consumer,Referral,27,9,10.0,0,18342.68
C003419,North,Consumer,Organic,12,2,8.6,0,3033.46
C003420,West,Consumer,Social,12,7,21.1,1,6432.12
C003421,West,Consumer,Organic,18,4,2.9,0,8022.95
C003422,South,SMB,Organic,11,10,7.1,3,28220.13
C003423,East,Enterprise,Referral,27,13,11.4,2,84088.27
C003424,South,Consumer,Referral,7,1,9.8,0,1150.11
C003425,North,Consumer,Partner,31,12,6.2,1,17392.38
C003426,South,Consumer,Organic,44,12,2.6,3,13046.34
C003427,North,Enterprise,Organic,50,20,9.9,2,122270.04
C003428,West,Consumer,Organic,72,11,6.2,0,18351.93
C003429,West,Consumer,Paid Search,27,8,12.9,0,11256.21
C003430,West,Enterprise,Organic,6,8,5.1,0,58276.28
C003431,South,Enterprise,Social,20,13,19.5,0,94123.65
C003432,South,Consumer,Organic,64,16,7.9,0,27952.63
C003433,West,Consumer,Partner,49,14,7.4,1,22043.37
C003434,South,SMB,Referral,15,8,9.7,0,27214.7
C003435,North,SMB,Referral,3,1,7.5,0,2188.13
C003436,South,Consumer,Organic,26,5,7.6,0,6617.07
C003437,South,Consumer,Organic,5,4,9.1,0,8835.14
C003438,South,Consumer,Paid Search,26,8,15.7,0,10278.91
C003439,North,Consumer,Referral,28,9,1.8,0,12092.76
C003440,South,Consumer,Referral,47,12,8.5,2,18567.22
C003441,South,SMB,Paid Search,3,4,16.4,1,11532.85
C003442,North,Consumer,Organic,35,8,2.8,0,9554.53
C003443,North,Consumer,Partner,18,7,14.0,0,5488.77
C003444,South,SMB,Organic,55,20,6.9,0,57617.55
C003445,West,Consumer,Organic,34,7,7.9,0,10114.91
C003446,South,Consumer,Paid Search,22,5,14.9,0,4928.44
C003447,East,Enterprise,Paid Search,9,6,8.0,0,44541.33
C003448,East,Consumer,Paid Search,19,4,15.0,0,4908.59
C003449,South,SMB,Referral,41,17,8.5,1,62354.68
C003450,West,Consumer,Referral,19,5,5.7,0,5962.26
C003451,East,Consumer,Referral,19,1,11.9,0,1280.03
C003452,South,Consumer,Organic,19,2,0.0,0,3684.95
C003453,North,Consumer,Organic,12,3,3.2,0,5853.87
C003454,North,Consumer,Social,9,4,19.4,0,5734.23
C003455,West,Consumer,Organic,10,1,8.0,0,1789.81
C003456,West,Consumer,Paid Search,21,7,10.4,0,10184.0
C003457,West,Consumer,Paid Search,36,6,9.9,1,7778.81
C003458,West,SMB,Social,23,8,14.5,0,27775.15
C003459,North,Consumer,Organic,42,10,6.2,0,10915.69
C003460,West,Consumer,Partner,49,7,7.0,0,13911.36
C003461,South,Consumer,Paid Search,67,17,12.0,1,28919.07
C003462,West,Consumer,Partner,63,17,8.6,1,22880.57
C003463,North,Consumer,Organic,6,2,4.3,0,2089.22
C003464,South,Consumer,Social,29,8,14.0,0,11193.41
C003465,East,SMB,Paid Search,14,5,8.9,0,10831.53
C003466,West,Consumer,Social,10,3,15.3,0,2916.25
C003467,East,Consumer,Paid Search,17,4,12.2,0,4229.08
C003468,South,SMB,Partner,53,18,5.6,0,67173.27
C003469,South,Consumer,Social,41,6,16.2,1,8279.74
C003470,West,Consumer,Referral,21,6,10.9,0,8023.19
C003471,South,SMB,Organic,33,9,5.6,0,20488.58
C003472,South,SMB,Organic,27,11,6.7,0,32654.4
C003473,South,Consumer,Partner,17,7,11.3,0,14034.44
C003474,South,Consumer,Partner,11,5,8.3,2,7622.46
C003475,South,Consumer,Organic,19,3,8.1,0,4231.75
C003476,South,Consumer,Organic,34,9,0.0,0,17245.46
C003477,West,Consumer,Organic,57,11,3.3,1,21578.07
C003478,West,Consumer,Organic,29,5,2.1,0,10161.06
C003479,West,SMB,Organic,13,10,9.6,1,30506.46
C003480,South,Enterprise,Social,9,5,17.3,0,27839.73
C003481,South,Consumer,Organic,26,8,1.7,1,15823.19
C003482,East,Consumer,Partner,3,5,5.4,0,5903.44
C003483,West,Consumer,Partner,72,16,4.3,1,21706.07
C003484,South,Consumer,Organic,29,6,6.4,0,7626.24
C003485,East,Consumer,Paid Search,47,7,13.0,1,9163.44
C003486,East,SMB,Referral,40,7,6.1,0,21490.87
C003487,East,Consumer,Organic,29,6,2.7,0,6896.03
C003488,East,Consumer,Social,27,6,15.3,0,7801.94
C003489,North,Consumer,Referral,35,7,15.1,0,11106.54
C003490,South,Enterprise,Organic,16,14,4.2,0,134927.14
C003491,South,Consumer,Partner,21,6,11.8,1,8732.77
C003492,North,SMB,Paid Search,37,7,11.5,0,18027.15
C003493,West,SMB,Organic,6,7,8.3,0,17732.91
C003494,East,Consumer,Partner,21,1,10.2,1,1411.63
C003495,North,Consumer,Organic,19,6,5.3,0,10704.48
C003496,West,Consumer,Organic,3,3,7.3,0,4496.87
C003497,East,Consumer,Organic,31,6,9.0,1,6743.61
C003498,East,Consumer,Paid Search,24,7,12.6,0,9112.95
C003499,South,Consumer,Paid Search,21,6,11.8,0,7288.9
C003500,West,SMB,Referral,41,12,9.4,0,44039.51
C003501,South,SMB,Paid Search,37,8,17.3,2,27431.36
C003502,South,Consumer,Referral,39,5,3.2,0,8820.53
C003503,North,Consumer,Organic,19,11,1.6,1,14903.43
C003504,East,Consumer,Paid Search,15,5,16.6,0,5417.9
C003505,East,Consumer,Partner,24,8,6.7,0,7114.72
C003506,South,SMB,Social,29,17,19.1,0,38938.05
C003507,South,Consumer,Social,33,8,13.3,0,13256.24
C003508,West,SMB,Paid Search,10,4,11.0,0,9607.31
C003509,East,Consumer,Paid Search,27,1,15.5,0,1838.76
C003510,South,SMB,Social,45,15,17.6,1,36932.73
C003511,West,Consumer,Partner,11,2,5.0,0,2485.73
C003512,East,Consumer,Social,3,1,17.2,0,1195.76
C003513,West,SMB,Paid Search,1,4,10.4,0,12185.74
C003514,West,Consumer,Organic,15,6,6.7,0,11585.02
C003515,West,Consumer,Organic,9,5,5.5,0,7070.09
C003516,East,SMB,Organic,30,5,4.9,0,10748.45
C003517,East,Consumer,Paid Search,26,5,10.5,1,5376.24
C003518,North,Consumer,Organic,4,3,0.4,0,5701.48
C003519,South,Consumer,Paid Search,43,15,10.5,0,30756.65
C003520,East,Consumer,Referral,12,3,9.5,0,3253.14
C003521,South,Consumer,Referral,10,3,8.7,0,4385.86
C003522,West,SMB,Referral,26,11,4.9,0,43451.85
C003523,North,Consumer,Organic,14,3,8.7,0,4759.44
C003524,South,Consumer,Referral,24,8,8.5,0,10736.87
C003525,South,Consumer,Partner,18,6,10.2,1,7011.53
C003526,South,Consumer,Paid Search,47,10,9.3,0,13071.41
C003527,North,SMB,Partner,24,6,13.8,0,18292.37
C003528,North,Consumer,Paid Search,17,4,13.9,0,3812.27
C003529,West,Consumer,Referral,20,4,12.0,1,5742.99
C003530,South,Consumer,Paid Search,40,6,10.5,0,8191.27
C003531,North,SMB,Referral,10,6,1.9,0,15171.08
C003532,North,Consumer,Partner,31,8,5.6,0,10221.63
C003533,South,Consumer,Paid Search,21,4,15.6,0,6600.12
C003534,North,Enterprise,Social,21,8,12.0,0,66207.19
C003535,East,Consumer,Partner,9,4,12.9,0,5753.97
C003536,West,Consumer,Social,15,8,13.3,0,9233.97
C003537,South,SMB,Organic,13,8,6.6,1,17530.79
C003538,South,Enterprise,Organic,21,16,6.1,1,144948.65
C003539,North,Consumer,Partner,6,1,7.5,0,1376.31
C003540,South,Enterprise,Social,3,5,14.5,0,36041.02
C003541,West,Consumer,Partner,14,3,5.5,0,2988.8
C003542,South,Enterprise,Organic,41,20,11.3,1,195988.39
C003543,West,Consumer,Social,29,7,17.0,0,5043.81
C003544,South,Consumer,Social,19,3,10.6,0,5073.9
C003545,South,Consumer,Partner,9,1,4.4,0,1792.2
C003546,South,SMB,Referral,1,1,9.0,0,3369.57
C003547,South,Enterprise,Organic,12,7,5.4,0,60760.92
C003548,West,Consumer,Referral,17,4,2.0,0,3895.49
C003549,North,Consumer,Referral,8,1,15.1,1,918.41
C003550,West,Consumer,Paid Search,28,4,4.1,0,5082.67
C003551,West,Consumer,Organic,27,10,4.0,1,21757.22
C003552,South,SMB,Partner,14,6,8.5,1,21803.48
C003553,South,Consumer,Organic,18,6,3.4,0,9167.85
C003554,South,Enterprise,Paid Search,18,12,,0,83861.01
C003555,South,Enterprise,Referral,26,15,9.0,1,130282.5
C003556,West,Consumer,Partner,10,1,8.9,0,1689.48
C003557,South,Consumer,Referral,72,15,7.2,2,24247.15
C003558,West,Enterprise,Paid Search,6,10,14.0,0,57772.77
C003559,East,SMB,Organic,10,2,4.8,0,6809.5
C003560,South,SMB,Paid Search,23,13,7.9,2,43246.76
C003561,East,Consumer,Organic,57,9,8.3,0,10009.82
C003562,South,Consumer,Social,13,3,20.7,0,4187.55
C003563,West,SMB,Paid Search,9,4,12.7,0,13941.01
C003564,North,Consumer,Organic,16,3,5.7,0,4556.69
C003565,West,SMB,Partner,32,8,8.3,0,25093.07
C003566,West,SMB,Organic,33,10,1.5,0,41917.17
C003567,West,Consumer,Organic,29,3,3.8,0,3989.19
C003568,South,Consumer,Paid Search,61,15,14.8,2,17315.16
C003569,West,Consumer,Organic,33,8,6.2,0,10759.5
C003570,South,SMB,Organic,37,15,10.6,3,52374.58
C003571,East,Consumer,Partner,40,6,10.7,1,8761.07
C003572,North,Consumer,Social,8,4,14.2,0,5316.99
C003573,South,Enterprise,Social,18,12,17.5,0,78139.8
C003574,South,SMB,Referral,10,5,6.9,0,21930.84
C003575,South,Consumer,Organic,11,9,0.5,0,11713.32
C003576,South,SMB,Social,15,7,18.6,0,17157.26
C003577,West,Consumer,Paid Search,25,5,14.0,0,5882.69
C003578,South,Enterprise,Organic,55,33,14.3,6,326950.43
C003579,East,SMB,Paid Search,31,10,10.8,3,23245.8
C003580,North,Consumer,Referral,27,10,9.7,1,18822.87
C003581,East,Consumer,Organic,15,1,3.2,0,1533.78
C003582,West,Consumer,Organic,59,11,2.9,1,13964.96
C003583,South,SMB,Paid Search,6,3,19.4,1,7489.47
C003584,East,Consumer,Paid Search,33,2,6.3,0,2273.68
C003585,West,Consumer,Organic,3,2,5.3,0,3934.28
C003586,West,Enterprise,Referral,22,11,12.7,0,101509.89
C003587,South,Consumer,Organic,40,5,0.8,0,5959.25
C003588,South,SMB,Referral,20,6,5.9,0,20694.85
C003589,East,SMB,Organic,47,15,8.2,0,36714.89
C003590,South,Consumer,Paid Search,9,5,8.8,0,5830.11
C003591,West,Consumer,Referral,1,1,8.4,0,1222.81
C003592,South,SMB,Referral,6,2,5.1,0,5998.58
C003593,West,Consumer,Organic,16,6,9.4,0,5499.32
C003594,North,Consumer,Referral,25,1,11.3,0,1390.72
C003595,North,SMB,Social,12,6,14.0,0,15745.28
C003596,West,Consumer,Organic,22,1,0.0,0,1496.93
C003597,West,Consumer,Referral,29,11,9.0,0,15879.96
C003598,West,SMB,Paid Search,10,6,15.5,0,15264.92
C003599,West,Consumer,Social,10,1,17.0,0,1044.08
C003600,South,Consumer,Paid Search,5,1,13.6,0,1254.18
C003601,South,Consumer,Partner,47,12,9.2,0,15390.73
C003602,North,Consumer,Referral,48,5,6.4,0,7962.36
C003603,South,Consumer,Referral,22,6,5.1,0,7591.96
C003604,South,Consumer,Organic,7,4,5.5,0,5584.42
C003605,West,Consumer,Referral,54,6,6.7,0,8863.82
C003606,North,SMB,Organic,10,6,7.4,2,12288.53
C003607,North,Consumer,Paid Search,5,2,9.8,0,2470.27
C003608,South,Enterprise,Organic,10,10,4.1,0,90078.67
C003609,North,Consumer,Referral,9,2,7.6,0,2858.91
C003610,South,Consumer,Social,7,1,13.1,0,1534.12
C003611,East,Enterprise,Partner,12,3,4.1,0,18855.5
C003612,South,Consumer,Organic,21,5,7.2,0,6138.06
C003613,East,Consumer,Partner,33,6,4.4,0,7035.7
C003614,West,SMB,Social,16,8,15.9,0,21982.52
C003615,East,SMB,Partner,16,4,9.9,0,9160.93
C003616,East,Consumer,Social,16,1,19.6,0,866.19
C003617,South,Consumer,Organic,5,1,12.2,0,2251.06
C003618,North,Enterprise,Partner,32,11,12.3,0,69855.07
C003619,South,Consumer,Referral,40,11,5.2,1,13168.37
C003620,West,SMB,Social,52,17,14.4,0,39812.13
C003621,East,Consumer,Organic,15,5,6.2,1,7524.78
C003622,South,Consumer,Organic,50,11,5.1,0,19302.23
C003623,South,SMB,Organic,35,11,5.8,0,48857.57
C003624,West,Enterprise,Referral,7,4,11.0,0,25952.99
C003625,East,Consumer,Paid Search,10,2,12.7,0,2218.78
C003626,South,Consumer,Partner,21,4,11.0,0,7193.22
C003627,West,SMB,Organic,16,10,1.9,2,25051.06
C003628,East,Consumer,Organic,6,1,6.7,0,1588.28
C003629,East,SMB,Paid Search,21,6,7.3,0,15121.92
C003630,North,Consumer,Organic,21,3,8.6,0,3505.88
C003631,North,Consumer,Paid Search,35,5,11.7,1,4698.63
C003632,West,SMB,Social,13,2,11.1,0,6217.39
C003633,South,Enterprise,Partner,10,5,7.4,0,58160.09
C003634,South,Consumer,Organic,5,7,6.7,0,11534.51
C003635,South,SMB,Organic,24,10,1.6,0,35152.44
C003636,North,Consumer,Social,22,4,12.6,0,5527.89
C003637,West,Consumer,Organic,57,10,4.1,0,18163.95
C003638,North,Consumer,Social,33,10,17.8,1,15757.84
C003639,West,SMB,Referral,13,3,1.2,0,5243.78
C003640,South,Consumer,Partner,20,1,9.6,0,1399.15
C003641,South,Consumer,Organic,6,4,4.5,0,5569.76
C003642,North,SMB,Partner,14,3,11.5,0,8271.39
C003643,West,Consumer,Partner,22,2,9.5,0,2633.46
C003644,North,Consumer,Organic,58,9,9.3,1,13384.84
C003645,North,Consumer,Paid Search,9,4,13.5,0,5548.43
C003646,East,SMB,Paid Search,46,11,8.6,1,18504.41
C003647,South,Consumer,Organic,24,4,6.6,1,3988.75
C003648,South,SMB,Partner,33,13,9.7,1,45064.79
C003649,South,Consumer,Organic,19,3,3.2,0,4057.83
C003650,West,Consumer,Organic,11,1,3.6,0,2141.12
C003651,South,SMB,Organic,45,12,0.0,0,46960.3
C003652,North,Consumer,Referral,14,4,9.4,0,3801.97
C003653,South,Consumer,Partner,32,6,7.8,0,7782.31
C003654,North,Consumer,Referral,7,3,5.5,0,4461.31
C003655,South,Consumer,Referral,8,6,4.2,0,8674.41
C003656,North,Consumer,Organic,3,1,3.7,0,1395.31
C003657,North,Enterprise,Social,18,16,16.5,2,90988.24
C003658,South,Consumer,Paid Search,24,7,12.7,0,10804.47
C003659,West,Consumer,Paid Search,20,4,11.2,0,5616.38
C003660,North,Consumer,Referral,5,1,3.5,0,1683.66
C003661,North,Consumer,Partner,8,2,7.2,0,2757.23
C003662,West,Consumer,Social,33,7,12.7,0,8487.52
C003663,West,Enterprise,Referral,13,10,6.5,1,85767.39
C003664,East,Consumer,Paid Search,21,3,14.0,0,3745.19
C003665,South,SMB,Organic,12,6,3.5,1,19114.4
C003666,South,Consumer,Referral,30,8,12.2,0,14816.52
C003667,North,Consumer,Referral,12,6,5.4,0,6852.18
C003668,North,Enterprise,Social,17,12,10.0,1,110093.84
C003669,South,Consumer,Referral,38,10,6.5,0,12088.68
C003670,South,SMB,Paid Search,20,10,10.3,2,33730.51
C003671,South,SMB,Organic,9,7,15.4,1,12956.5
C003672,East,Enterprise,Organic,27,13,3.7,0,90210.27
C003673,South,Consumer,Social,5,3,10.5,0,5361.28
C003674,South,Consumer,Partner,9,4,8.1,0,5582.85
C003675,West,Consumer,Referral,5,6,6.5,1,8653.73
C003676,West,Enterprise,Referral,31,15,3.5,0,136173.73
C003677,South,Consumer,Referral,25,8,8.1,0,7601.01
C003678,South,Consumer,Organic,28,6,6.7,0,9772.66
C003679,South,Consumer,Organic,23,10,5.2,0,12881.52
C003680,North,Consumer,Organic,44,10,4.2,1,17281.79
C003681,East,Consumer,Partner,22,4,6.9,0,4903.92
C003682,North,Consumer,Organic,12,3,3.1,0,4577.9
C003683,South,Consumer,Referral,10,3,3.2,0,3753.06
C003684,South,SMB,Paid Search,22,8,16.5,0,25676.38
C003685,North,Consumer,Referral,42,9,14.3,0,11409.46
C003686,North,Consumer,Organic,6,2,1.9,0,2157.66
C003687,South,Consumer,Partner,28,3,6.2,0,4152.91
C003688,West,Consumer,Paid Search,17,9,8.8,1,14635.66
C003689,East,Consumer,Partner,38,8,10.7,0,9805.61
C003690,South,Consumer,Referral,4,3,4.0,1,5419.85
C003691,North,Consumer,Paid Search,57,11,14.1,0,13040.81
C003692,East,SMB,Social,16,7,16.3,1,19938.73
C003693,North,Consumer,Referral,3,2,6.5,0,3678.55
C003694,South,Consumer,Organic,6,2,9.1,0,2089.44
C003695,East,Consumer,Social,62,10,14.0,1,12920.63
C003696,South,Consumer,Referral,28,10,7.0,0,20544.94
C003697,South,Consumer,Referral,15,5,3.3,0,8683.98
C003698,North,Consumer,Social,71,14,7.7,0,19015.08
C003699,North,Consumer,Referral,22,4,10.2,0,4088.88
C003700,South,Consumer,Paid Search,36,8,10.1,0,11032.09
C003701,West,SMB,Paid Search,8,6,15.5,1,14267.78
C003702,South,Consumer,Organic,15,2,3.9,0,3741.34
C003703,South,Consumer,Referral,21,7,6.7,0,13010.37
C003704,East,Consumer,Organic,13,5,5.6,0,6097.28
C003705,North,Consumer,Organic,44,9,3.4,0,10669.23
C003706,North,SMB,Social,27,8,10.2,0,13929.87
C003707,South,Consumer,Organic,6,1,2.4,0,1792.11
C003708,East,Consumer,Organic,16,5,2.1,0,7229.92
C003709,South,Enterprise,Social,10,3,14.9,0,15551.78
C003710,East,Consumer,Social,28,6,18.4,0,7255.69
C003711,West,Consumer,Social,13,4,12.8,0,6470.42
C003712,East,Consumer,Paid Search,3,3,11.7,0,2040.24
C003713,West,Enterprise,Referral,25,10,7.7,1,66612.25
C003714,East,Consumer,Partner,13,1,5.6,0,2073.59
C003715,West,Consumer,Organic,48,11,6.2,0,16324.94
C003716,West,Consumer,Organic,7,2,8.3,0,4526.71
C003717,East,Consumer,Organic,10,1,6.2,0,1316.16
C003718,West,Consumer,Partner,15,4,7.8,0,7201.56
C003719,West,Consumer,Organic,25,10,2.5,0,14372.34
C003720,South,Consumer,Paid Search,38,11,11.6,0,13972.2
C003721,East,Consumer,Referral,15,1,4.7,0,930.52
C003722,South,Consumer,Partner,22,7,6.2,0,12020.88
C003723,West,SMB,Paid Search,5,5,11.6,0,11702.3
C003724,South,SMB,Referral,10,1,6.4,1,2540.54
C003725,West,SMB,Partner,13,4,11.1,1,8172.54
C003726,West,Enterprise,Organic,15,12,3.2,1,104081.69
C003727,West,Consumer,Referral,30,3,8.2,0,5039.09
C003728,South,SMB,Organic,64,20,3.6,2,60535.83
C003729,East,Consumer,Organic,11,2,2.3,0,2466.59
C003730,East,Enterprise,Organic,28,11,6.8,0,106313.98
C003731,West,Consumer,Paid Search,44,13,13.3,0,12834.68
C003732,West,Consumer,Organic,42,12,3.2,0,26239.24
C003733,South,Consumer,Social,9,2,5.6,0,2375.46
C003734,South,SMB,Paid Search,41,12,15.4,1,32680.71
C003735,North,SMB,Paid Search,7,6,14.3,0,16594.72
C003736,West,SMB,Referral,6,5,10.5,0,17136.81
C003737,South,Consumer,Partner,20,5,11.6,0,5293.82
C003738,East,Consumer,Paid Search,13,5,12.0,0,6137.17
C003739,West,Enterprise,Organic,51,25,3.8,2,189730.71
C003740,South,Consumer,Organic,3,1,0.0,0,2012.32
C003741,North,Consumer,Partner,20,3,8.4,0,3634.55
C003742,North,Consumer,Social,37,8,13.7,0,7026.14
C003743,West,Consumer,Paid Search,3,1,9.7,0,1529.72
C003744,South,SMB,Organic,14,5,0.9,0,16245.26
C003745,North,Consumer,Referral,36,5,3.9,1,10277.06
C003746,East,SMB,Referral,19,6,3.0,0,19043.4
C003747,South,SMB,Paid Search,19,5,15.0,1,11762.48
C003748,West,Consumer,Organic,38,9,8.3,1,15787.23
C003749,South,Consumer,Paid Search,26,7,9.8,1,10620.34
C003750,North,Consumer,Referral,11,3,10.7,0,4633.83
C003751,North,Consumer,Partner,57,12,8.3,1,14182.39
C003752,South,Consumer,Organic,16,6,9.4,0,8313.62
C003753,South,SMB,Partner,6,3,9.8,0,10169.28
C003754,East,Consumer,Paid Search,19,4,13.9,0,5379.96
C003755,South,Consumer,Referral,18,3,7.7,0,2997.49
C003756,South,SMB,Partner,25,8,5.8,1,27920.2
C003757,South,Enterprise,Referral,29,20,3.0,1,153188.24
C003758,South,Consumer,Organic,5,2,5.6,0,3264.78
C003759,West,Consumer,Organic,15,4,4.7,0,4312.73
C003760,North,Consumer,Social,26,5,22.8,0,6908.58
C003761,West,Consumer,Referral,19,6,9.2,0,9822.07
C003762,South,Consumer,Paid Search,12,2,9.5,0,2532.06
C003763,North,Consumer,Referral,32,6,6.7,0,9099.58
C003764,South,Consumer,Organic,32,10,3.9,0,15740.08
C003765,North,SMB,Organic,1,1,4.9,0,3219.88
C003766,West,Consumer,Social,22,6,11.1,0,6369.89
C003767,South,SMB,Paid Search,25,7,14.7,0,15461.22
C003768,South,Consumer,Organic,15,1,3.8,0,1371.18
C003769,East,Consumer,Paid Search,21,4,14.0,0,4596.6
C003770,East,Consumer,Partner,16,1,6.2,0,1754.97
C003771,West,Enterprise,Organic,25,9,3.8,1,79982.47
C003772,West,Consumer,Organic,13,10,6.8,0,17734.18
C003773,East,Consumer,Paid Search,13,4,5.8,0,4268.97
C003774,West,Consumer,Organic,16,5,8.0,1,6461.33
C003775,West,SMB,Organic,25,8,9.4,0,19944.36
C003776,South,Consumer,Organic,27,4,9.4,0,5747.14
C003777,East,Consumer,Organic,46,8,2.9,0,11982.39
C003778,North,SMB,Referral,7,2,7.9,0,5167.24
C003779,East,Consumer,Organic,2,1,3.7,0,1223.66
C003780,West,Consumer,Paid Search,32,12,7.5,1,19635.83
C003781,North,Consumer,Social,20,4,15.3,0,4592.24
C003782,West,Enterprise,Organic,3,1,0.6,0,7598.77
C003783,West,SMB,Organic,16,6,6.8,0,16471.63
C003784,South,Consumer,Partner,38,6,10.5,0,12763.63
C003785,South,SMB,Referral,13,3,10.9,0,10519.61
C003786,West,SMB,Referral,22,11,8.5,1,46340.17
C003787,West,Consumer,Referral,11,2,5.8,0,2286.85
C003788,North,Consumer,Partner,8,2,7.4,0,3003.41
C003789,South,Consumer,Organic,34,9,5.4,0,13039.7
C003790,East,Consumer,Organic,12,2,9.4,0,2297.96
C003791,South,Consumer,Social,15,3,19.4,0,2931.7
C003792,South,SMB,Organic,19,13,4.7,0,53025.4
C003793,North,Consumer,Referral,10,1,9.9,0,977.04
C003794,North,Consumer,Organic,72,12,3.5,0,20752.29
C003795,South,Consumer,Paid Search,31,9,13.3,0,11899.14
C003796,East,Consumer,Referral,6,1,6.0,0,1057.59
C003797,East,Consumer,Referral,36,9,7.7,0,9264.03
C003798,East,Consumer,Referral,22,4,4.5,0,5208.95
C003799,South,Consumer,Organic,24,7,0.7,1,10658.9
C003800,South,Consumer,Organic,17,6,1.3,0,9780.13
C003801,North,Consumer,Social,15,3,16.7,0,2519.89
C003802,North,SMB,Organic,36,13,1.7,1,25366.64
C003803,South,Consumer,Referral,7,4,6.0,1,4310.47
C003804,North,Consumer,Referral,42,10,9.7,0,15902.64
C003805,North,Consumer,Paid Search,20,1,15.4,0,1695.33
C003806,North,Consumer,Paid Search,5,1,9.1,0,1293.47
C003807,East,Consumer,Social,4,1,7.8,0,1444.42
C003808,East,Consumer,Paid Search,11,7,9.6,0,9156.11
C003809,West,Consumer,Organic,12,1,5.6,0,1878.36
C003810,West,Enterprise,Partner,4,2,10.0,1,20444.03
C003811,South,Consumer,Organic,26,10,1.5,0,12692.45
C003812,North,SMB,Social,29,6,9.7,0,16892.37
C003813,South,SMB,Organic,28,9,2.3,0,34439.83
C003814,North,SMB,Paid Search,34,14,10.4,2,44700.72
C003815,South,Consumer,Referral,13,5,13.3,1,8338.34
C003816,South,Enterprise,Organic,24,16,5.3,1,140745.77
C003817,South,Consumer,Social,34,10,16.9,0,15697.92
C003818,South,SMB,Organic,26,10,8.3,0,22776.77
C003819,East,Consumer,Referral,22,5,5.7,1,4838.18
C003820,West,SMB,Social,43,15,15.3,0,54115.01
C003821,East,Enterprise,Referral,14,5,7.8,0,43843.04
C003822,East,Enterprise,Paid Search,14,11,13.8,1,99547.62
C003823,South,Consumer,Paid Search,20,4,11.6,0,5657.7
C003824,North,SMB,Organic,20,9,8.1,0,20406.1
C003825,East,Consumer,Partner,20,5,11.3,0,5767.54
C003826,South,SMB,Referral,4,2,6.1,0,9131.49
C003827,South,Consumer,Referral,37,10,9.3,0,12654.91
C003828,South,SMB,Paid Search,24,9,13.2,0,24900.7
C003829,West,Consumer,Paid Search,1,1,20.0,1,1607.46
C003830,East,Consumer,Organic,3,1,7.7,0,1266.27
C003831,South,Consumer,Organic,43,7,6.2,0,10025.32
C003832,East,Consumer,Paid Search,12,4,10.3,0,5633.94
C003833,South,Consumer,Organic,19,5,1.9,0,7356.87
C003834,South,SMB,Organic,8,6,6.6,1,20345.65
C003835,South,SMB,Referral,72,22,1.9,0,43945.0
C003836,South,SMB,Paid Search,17,4,16.9,0,7727.73
C003837,East,SMB,Paid Search,12,1,5.8,0,2427.26
C003838,North,Consumer,Social,35,12,11.9,1,20708.03
C003839,West,Consumer,Referral,7,10,10.0,1,13717.97
C003840,South,Consumer,Organic,38,14,4.9,1,21740.25
C003841,East,Consumer,Social,16,1,15.5,0,1199.18
C003842,East,Consumer,Paid Search,30,2,9.9,1,2240.43
C003843,East,SMB,Referral,22,4,6.6,0,7311.45
C003844,East,Consumer,Partner,15,5,10.1,1,6964.36
C003845,West,SMB,Organic,4,8,2.5,0,25911.57
C003846,South,Consumer,Referral,20,8,6.2,0,13260.12
C003847,East,SMB,Organic,9,4,5.0,0,8210.13
C003848,East,Consumer,Organic,20,2,4.2,0,3510.11
C003849,South,SMB,Paid Search,33,11,14.3,0,28548.24
C003850,South,Consumer,Organic,26,7,6.4,1,14391.48
C003851,South,Consumer,Organic,1,4,4.7,0,4124.73
C003852,South,Consumer,Paid Search,14,3,6.9,0,4231.72
C003853,South,Consumer,Paid Search,11,5,15.5,0,9453.41
C003854,South,Consumer,Paid Search,12,4,9.2,0,5824.59
C003855,East,Consumer,Organic,21,5,10.3,0,3705.26
C003856,North,Consumer,Paid Search,13,2,9.5,0,2240.75
C003857,West,Enterprise,Paid Search,9,6,12.8,1,49388.39
C003858,South,Consumer,Paid Search,6,2,13.9,0,3786.28
C003859,East,Consumer,Social,13,1,14.4,0,1090.99
C003860,North,SMB,Partner,31,11,8.9,2,37426.35
C003861,South,Consumer,Organic,32,12,4.2,0,20527.4
C003862,North,SMB,Paid Search,23,8,17.7,0,18190.22
C003863,East,Consumer,Partner,2,1,8.6,0,1444.24
C003864,South,Consumer,Referral,21,8,6.7,0,14923.85
C003865,West,Consumer,Partner,46,10,8.7,1,13576.47
C003866,South,Consumer,Social,6,5,18.4,0,5829.81
C003867,South,Consumer,Social,13,4,16.2,0,4002.45
C003868,South,SMB,Organic,31,13,5.6,0,44026.69
C003869,East,Consumer,Organic,3,6,0.7,0,7167.62
C003870,South,Enterprise,Referral,13,12,10.5,0,111476.39
C003871,South,Consumer,Referral,53,12,8.1,1,19293.41
C003872,North,Consumer,Social,49,13,13.7,2,18056.47
C003873,North,SMB,Partner,49,11,9.0,0,29059.56
C003874,North,SMB,Organic,13,4,9.2,0,8442.59
C003875,West,Consumer,Paid Search,42,11,14.1,1,16358.06
C003876,South,Consumer,Partner,22,10,13.9,0,16798.63
C003877,North,Consumer,Social,9,1,17.6,0,1967.77
C003878,West,Consumer,Social,11,3,9.2,0,3809.75
C003879,North,SMB,Referral,25,8,10.8,1,17362.27
C003880,South,Consumer,Partner,2,1,2.8,0,1269.83
C003881,East,SMB,Paid Search,16,2,16.1,0,4485.5
C003882,West,Consumer,Organic,20,6,7.7,0,10241.42
C003883,East,Consumer,Organic,28,2,10.0,0,2903.92
C003884,South,Consumer,Paid Search,3,5,13.3,0,9789.13
C003885,West,Consumer,Social,17,8,15.9,0,11445.77
C003886,North,Consumer,Paid Search,34,6,15.7,0,5968.73
C003887,West,Enterprise,Referral,62,25,3.5,0,225894.23
C003888,West,SMB,Paid Search,9,4,12.1,1,7278.31
C003889,West,SMB,Social,42,11,14.3,0,27707.83
C003890,South,Consumer,Organic,33,8,3.7,1,11676.83
C003891,North,Enterprise,Referral,47,21,,0,185333.2
C003892,East,SMB,Organic,3,1,5.5,0,2786.11
C003893,South,SMB,Paid Search,30,15,14.2,1,36632.79
C003894,South,Consumer,Paid Search,42,9,16.5,1,10758.91
C003895,West,Consumer,Referral,18,7,6.1,0,10486.79
C003896,East,SMB,Referral,14,2,5.9,0,5589.41
C003897,South,Consumer,Partner,20,6,0.0,0,11469.23
C003898,South,Consumer,Partner,39,11,12.4,0,14427.5
C003899,North,Consumer,Organic,9,3,0.9,0,4415.88
C003900,North,Consumer,Organic,9,2,6.4,0,2279.88
C003901,North,Consumer,Organic,2,1,5.9,0,1149.04
C003902,West,SMB,Organic,17,5,8.0,0,9843.77
C003903,East,Consumer,Organic,5,1,2.4,0,1161.0
C003904,South,Consumer,Partner,17,6,9.7,1,11545.23
C003905,South,Consumer,Partner,8,8,12.9,0,15263.88
C003906,East,Enterprise,Organic,12,7,5.7,1,56565.85
C003907,West,Consumer,Social,13,5,12.4,0,8435.29
C003908,West,Consumer,Social,21,8,10.6,1,13245.38
C003909,South,Consumer,Paid Search,22,5,16.5,0,7131.91
C003910,West,Consumer,Partner,15,1,6.7,0,902.75
C003911,South,SMB,Partner,13,6,7.3,1,28875.8
C003912,South,Consumer,Partner,12,6,15.6,0,8016.37
C003913,West,SMB,Social,4,8,17.8,1,19853.29
C003914,South,Consumer,Paid Search,39,7,15.4,0,13086.76
C003915,South,Enterprise,Organic,9,10,9.9,1,86978.63
C003916,South,Consumer,Partner,19,6,3.3,0,15841.06
C003917,South,Consumer,Organic,6,2,9.6,0,2526.39
C003918,South,Consumer,Paid Search,29,5,17.0,0,8424.65
C003919,East,Consumer,Organic,19,3,3.7,0,3713.42
C003920,South,Enterprise,Paid Search,23,15,14.3,4,122631.99
C003921,North,SMB,Organic,6,6,7.9,1,13900.55
C003922,West,Consumer,Social,24,1,12.9,0,1209.48
C003923,South,Consumer,Referral,3,3,9.7,0,5785.91
C003924,West,Enterprise,Paid Search,11,5,10.1,0,44496.51
C003925,North,SMB,Paid Search,7,2,19.8,0,5237.13
C003926,South,Consumer,Referral,19,6,7.5,1,6606.76
C003927,South,Consumer,Social,41,15,16.7,0,14958.12
C003928,West,Consumer,Partner,27,4,3.1,1,5075.97
C003929,North,SMB,Social,47,13,16.2,1,30193.33
C003930,West,Consumer,Paid Search,19,1,15.7,0,1300.72
C003931,South,SMB,Social,30,12,12.3,2,36997.46
C003932,South,Consumer,Referral,36,7,5.4,0,13405.16
C003933,South,Consumer,Referral,36,13,4.9,0,27372.28
C003934,North,Consumer,Referral,6,3,3.5,0,4514.64
C003935,South,SMB,Paid Search,9,4,8.1,0,10242.7
C003936,South,Consumer,Paid Search,33,8,15.1,0,12967.21
C003937,South,SMB,Referral,48,17,3.2,1,56343.33
C003938,East,Consumer,Paid Search,8,4,6.6,1,5537.07
C003939,South,SMB,Social,9,1,13.4,0,3637.36
C003940,North,SMB,Paid Search,27,8,12.2,0,19500.32
C003941,North,SMB,Referral,13,5,8.7,1,18324.93
C003942,North,Consumer,Social,35,8,12.3,1,7914.64
C003943,North,SMB,Organic,28,12,3.2,0,40313.7
C003944,East,Consumer,Organic,38,3,6.6,1,3321.05
C003945,North,Consumer,Referral,14,6,9.7,0,8500.41
C003946,West,SMB,Organic,12,6,8.7,0,18428.63
C003947,North,SMB,Organic,10,3,6.4,0,7853.3
C003948,North,Consumer,Social,47,11,10.0,0,13062.5
C003949,West,Enterprise,Organic,6,4,2.4,0,29398.72
C003950,South,Consumer,Referral,5,1,10.8,0,1558.74
C003951,South,Enterprise,Organic,20,4,10.3,0,38085.37
C003952,West,SMB,Organic,12,2,4.7,0,8641.1
C003953,West,Enterprise,Paid Search,36,16,11.5,1,120073.98
C003954,East,SMB,Partner,5,3,5.0,0,5660.41
C003955,North,Enterprise,Referral,16,10,11.3,0,82866.6
C003956,South,Consumer,Paid Search,3,1,8.8,0,1062.67
C003957,West,Consumer,Paid Search,14,1,17.9,0,1781.34
C003958,West,Consumer,Referral,20,4,6.8,0,6832.74
C003959,North,SMB,Referral,17,5,4.4,0,11720.72
C003960,South,Consumer,Organic,16,9,0.0,0,10815.52
C003961,South,Enterprise,Organic,29,18,4.2,2,135703.01
C003962,North,Consumer,Paid Search,8,1,11.6,0,1474.61
C003963,East,SMB,Referral,24,6,6.0,0,13056.55
C003964,South,Consumer,Social,16,6,15.0,0,9763.9
C003965,South,SMB,Referral,14,6,11.2,0,21210.7
C003966,North,Enterprise,Referral,26,8,8.9,0,55255.92
C003967,South,Consumer,Paid Search,21,8,12.6,0,13766.78
C003968,North,SMB,Referral,25,9,10.4,0,30803.2
C003969,South,Consumer,Referral,60,14,4.3,0,24755.06
C003970,North,SMB,Organic,16,3,7.1,0,9324.37
C003971,West,SMB,Partner,5,5,10.1,0,12653.16
C003972,North,Consumer,Paid Search,8,1,16.5,0,1880.02
C003973,South,Consumer,Referral,46,7,2.9,0,9215.55
C003974,North,Consumer,Referral,13,2,4.4,0,2625.01
C003975,North,Consumer,Partner,29,7,5.6,0,11958.68
C003976,North,SMB,Organic,17,2,6.4,0,5209.04
C003977,North,Consumer,Partner,7,1,8.7,0,1289.72
C003978,North,Enterprise,Organic,20,9,6.7,0,54363.91
C003979,South,Enterprise,Organic,10,8,0.0,0,68099.09
C003980,East,Enterprise,Partner,11,5,12.4,1,54306.94
C003981,North,Consumer,Organic,17,3,5.7,0,3948.93
C003982,South,Consumer,Referral,4,1,8.7,0,1945.58
C003983,South,SMB,Paid Search,28,13,13.1,1,33738.02
C003984,South,SMB,Partner,12,7,6.1,0,17527.05
C003985,South,Enterprise,Social,31,19,16.6,1,126776.17
C003986,North,Consumer,Paid Search,30,4,12.2,0,6090.34
C003987,South,Consumer,Social,15,3,15.2,0,2712.89
C003988,South,Enterprise,Organic,20,13,6.5,1,159819.32
C003989,West,SMB,Referral,24,6,6.7,1,19399.5
C003990,West,Consumer,Social,13,1,10.9,0,1302.23
C003991,West,SMB,Social,3,3,14.5,0,6894.05
C003992,South,Consumer,Referral,20,2,11.9,0,2619.26
C003993,North,Consumer,Social,36,7,13.3,0,11459.13
C003994,South,Consumer,Referral,10,6,7.3,0,6693.76
C003995,South,Consumer,Partner,32,8,10.5,0,11684.46
C003996,North,Consumer,Organic,6,1,11.4,0,1665.68
C003997,North,Consumer,Paid Search,15,5,11.2,0,4441.16
C003998,South,Consumer,Social,16,3,11.3,0,3872.18
C003999,South,Consumer,Paid Search,18,7,14.0,0,7338.75
C004000,North,Consumer,Paid Search,9,4,9.6,0,4191.54
C004001,East,Consumer,Social,6,1,15.9,0,1185.6
C004002,South,SMB,Referral,15,4,8.8,0,13707.52
C004003,West,SMB,Organic,26,6,3.6,0,16785.59
C004004,South,Consumer,Organic,10,10,4.2,0,11711.63
C004005,South,Consumer,Paid Search,16,1,14.5,0,1186.46
C004006,North,SMB,Paid Search,60,12,15.3,0,33011.33
C004007,South,SMB,Organic,22,11,5.1,0,34204.1
C004008,North,Enterprise,Social,15,10,15.5,1,56722.89
C004009,North,Enterprise,Organic,17,10,1.6,1,75863.64
C004010,East,Consumer,Social,53,5,15.4,0,6674.37
C004011,South,SMB,Partner,27,11,6.8,1,35218.48
C004012,North,Consumer,Paid Search,10,1,12.2,0,1068.52
C004013,West,SMB,Partner,28,9,12.3,1,26165.75
C004014,North,Enterprise,Organic,7,6,1.6,0,44849.43
C004015,South,SMB,Referral,19,9,10.5,0,23359.96
C004016,South,Consumer,Partner,40,8,8.6,0,12387.63
C004017,South,Consumer,Social,19,9,14.9,0,10145.54
C004018,South,Consumer,Organic,7,5,2.4,0,7373.21
C004019,North,Consumer,Organic,18,2,5.8,0,3484.29
C004020,East,SMB,Organic,40,9,11.5,1,35241.7
C004021,South,SMB,Partner,9,3,0.4,0,6999.67
C004022,North,Consumer,Organic,28,6,0.0,0,7550.62
C004023,South,SMB,Referral,41,16,6.5,1,61889.91
C004024,West,Consumer,Paid Search,23,1,13.0,0,1065.97
C004025,West,Consumer,Paid Search,18,1,14.8,0,1308.03
C004026,West,Consumer,Paid Search,10,1,13.4,0,1953.86
C004027,East,Consumer,Paid Search,11,6,7.1,0,6505.4
C004028,East,SMB,Referral,15,5,8.8,0,11708.42
C004029,South,SMB,Paid Search,28,14,11.5,0,31604.01
C004030,West,SMB,Paid Search,69,19,14.7,2,58563.0
C004031,South,Consumer,Referral,10,1,4.8,0,1098.35
C004032,South,SMB,Paid Search,26,5,7.4,0,13306.07
C004033,East,Consumer,Social,35,4,13.6,0,3599.14
C004034,South,Consumer,Referral,18,4,8.5,0,5663.16
C004035,North,Consumer,Referral,18,1,8.1,0,1997.94
C004036,South,SMB,Organic,5,1,5.1,0,3383.08
C004037,South,Enterprise,Organic,20,10,3.2,2,94933.33
C004038,West,Consumer,Social,17,4,14.6,1,5707.89
C004039,South,SMB,Partner,14,6,12.4,0,17265.12
C004040,West,Consumer,Organic,23,6,12.7,1,10665.08
C004041,South,Consumer,Paid Search,8,1,13.3,0,1669.98
C004042,East,SMB,Paid Search,9,1,15.1,0,1767.06
C004043,North,SMB,Referral,21,9,4.8,1,31237.29
C004044,West,SMB,Organic,46,13,9.1,1,39016.91
C004045,South,SMB,Partner,16,9,7.0,0,30251.88
C004046,South,Consumer,Organic,18,5,1.2,0,5453.83
C004047,South,Enterprise,Partner,18,12,11.5,0,99312.02
C004048,South,Enterprise,Organic,8,8,5.3,1,68894.31
C004049,South,Consumer,Paid Search,14,3,16.2,0,3611.25
C004050,East,Consumer,Organic,20,2,7.5,1,3095.4
C004051,West,Consumer,Organic,20,3,1.1,0,3369.15
C004052,East,SMB,Partner,24,7,8.6,0,31646.86
C004053,South,Enterprise,Paid Search,7,7,9.3,0,47471.61
C004054,South,SMB,Organic,11,4,8.8,0,13225.29
C004055,West,Consumer,Partner,4,5,8.3,0,7537.69
C004056,West,Consumer,Organic,42,13,3.0,1,25088.35
C004057,South,Consumer,Organic,13,2,0.0,0,4609.7
C004058,West,Consumer,Organic,21,8,8.5,0,10568.04
C004059,South,Consumer,Paid Search,18,5,11.0,0,7605.3
C004060,West,Consumer,Partner,2,2,7.2,0,2683.84
C004061,West,Consumer,Organic,6,2,6.5,0,2427.4
C004062,East,Consumer,Social,17,7,12.3,0,8344.39
C004063,North,SMB,Organic,26,9,0.4,0,26746.38
C004064,South,Consumer,Organic,24,6,5.6,0,9366.45
C004065,North,Consumer,Social,5,1,12.2,0,1221.03
C004066,West,Consumer,Social,8,1,14.8,0,1436.41
C004067,South,Enterprise,Referral,23,12,4.4,0,125417.26
C004068,East,SMB,Organic,24,10,0.9,1,21022.77
C004069,West,Consumer,Organic,5,5,0.1,0,8900.18
C004070,North,SMB,Social,23,6,15.3,0,20834.64
C004071,South,SMB,Referral,17,4,10.3,0,9174.01
C004072,East,SMB,Paid Search,15,7,14.9,0,16589.41
C004073,South,Consumer,Organic,47,12,5.1,1,20578.06
C004074,North,Consumer,Social,16,1,19.3,0,1415.81
C004075,North,Consumer,Organic,12,10,3.4,0,17335.58
C004076,South,Consumer,Referral,30,8,9.5,0,15199.66
C004077,East,Consumer,Referral,29,10,5.5,2,13109.12
C004078,South,Consumer,Organic,41,10,2.8,0,13137.86
C004079,North,Consumer,Paid Search,28,3,14.4,0,3585.86
C004080,South,Consumer,Referral,27,8,8.3,0,16155.16
C004081,South,Consumer,Referral,18,1,8.9,0,1260.65
C004082,South,Consumer,Partner,66,15,3.5,1,26495.45
C004083,East,Consumer,Referral,8,1,10.1,0,1437.15
C004084,South,Consumer,Organic,25,6,7.0,0,10406.03
C004085,South,SMB,Paid Search,7,4,10.8,0,14179.7
C004086,West,Consumer,Referral,18,5,8.7,0,7144.38
C004087,South,Consumer,Paid Search,17,1,15.3,0,1369.49
C004088,East,Consumer,Social,18,2,12.8,0,3385.41
C004089,North,Consumer,Organic,3,1,2.8,0,2163.13
C004090,North,Consumer,Organic,13,5,4.1,0,9605.37
C004091,North,Consumer,Organic,72,14,0.0,0,23438.13
C004092,East,Consumer,Partner,19,1,9.0,0,1094.82
C004093,West,Enterprise,Referral,34,20,9.7,1,165649.69
C004094,North,SMB,Referral,23,8,8.7,0,21352.68
C004095,North,Consumer,Paid Search,61,12,13.4,0,19426.79
C004096,South,Consumer,Partner,23,5,11.1,0,7929.87
C004097,South,SMB,Partner,19,6,7.7,0,20538.69
C004098,East,Consumer,Paid Search,6,1,7.3,0,1243.14
C004099,East,Enterprise,Social,6,7,15.4,0,27507.87
C004100,West,Consumer,Partner,11,4,11.9,0,7216.2
C004101,South,Consumer,Paid Search,15,2,13.1,0,2830.98
C004102,East,Consumer,Paid Search,7,5,10.9,0,7299.13
C004103,South,Enterprise,Referral,19,11,9.4,0,87087.59
C004104,South,Enterprise,Paid Search,19,9,13.2,1,101036.25
C004105,West,SMB,Social,51,20,14.4,1,48456.93
C004106,North,Consumer,Referral,56,8,7.4,0,10955.2
C004107,East,SMB,Organic,30,6,4.0,0,15601.72
C004108,East,Consumer,Paid Search,30,6,13.8,0,5163.94
C004109,West,Consumer,Referral,38,9,4.3,0,14726.02
C004110,South,SMB,Organic,23,7,6.0,0,25621.72
C004111,South,Enterprise,Paid Search,39,16,14.6,1,138946.0
C004112,West,Consumer,Organic,5,2,5.7,0,4721.87
C004113,East,Consumer,Social,33,4,15.7,0,3809.11
C004114,South,Consumer,Organic,7,2,5.2,0,2215.75
C004115,East,Consumer,Organic,8,1,6.6,0,993.6
C004116,South,Consumer,Social,37,6,13.9,0,8668.51
C004117,South,SMB,Organic,10,4,4.6,0,16005.03
C004118,West,Consumer,Referral,8,1,4.3,0,1560.82
C004119,South,SMB,Paid Search,24,7,11.2,1,18585.84
C004120,South,Consumer,Social,9,6,9.0,0,12153.86
C004121,West,Consumer,Organic,8,1,5.1,0,1460.49
C004122,West,Consumer,Organic,5,1,6.8,0,1115.25
C004123,West,Consumer,Organic,12,3,4.8,0,5492.72
C004124,South,Consumer,Partner,30,3,10.8,0,5023.46
C004125,West,Consumer,Social,33,4,19.0,0,5351.34
C004126,North,Enterprise,Organic,15,8,5.0,0,89346.84
C004127,South,Consumer,Organic,51,12,2.0,1,19003.3
C004128,South,Consumer,Organic,25,5,8.3,0,8000.82
C004129,West,Enterprise,Organic,38,18,7.7,0,121992.57
C004130,West,Consumer,Organic,11,4,6.3,0,5127.97
C004131,East,SMB,Partner,14,6,6.4,0,13792.14
C004132,East,Enterprise,Organic,15,9,6.1,1,74262.56
C004133,South,SMB,Partner,14,9,7.1,0,24101.61
C004134,South,Consumer,Organic,2,2,2.8,0,3146.25
C004135,South,SMB,Social,19,4,16.1,0,10591.9
C004136,North,Consumer,Paid Search,23,4,9.1,0,5396.85
C004137,South,Consumer,Organic,22,3,7.3,0,3938.19
C004138,West,Enterprise,Social,54,27,15.8,2,194670.96
C004139,East,Consumer,Organic,57,14,4.7,1,14303.56
C004140,West,SMB,Partner,4,3,7.9,0,8634.64
C004141,South,Consumer,Social,44,14,11.8,0,20259.65
C004142,South,Consumer,Partner,52,15,5.0,0,23856.29
C004143,North,Consumer,Social,2,2,20.2,0,2677.42
C004144,South,SMB,Organic,29,12,4.5,1,54305.45
C004145,South,Consumer,Paid Search,19,8,7.7,0,8743.76
C004146,South,SMB,Referral,50,13,9.8,0,35928.85
C004147,North,Consumer,Paid Search,48,10,8.9,0,11384.14
C004148,East,Enterprise,Referral,72,29,8.7,2,215576.77
C004149,South,Consumer,Organic,29,4,9.4,0,6889.11
C004150,South,SMB,Referral,26,14,6.3,1,33962.29
C004151,South,Consumer,Paid Search,9,6,15.5,0,8915.1
C004152,South,Consumer,Organic,12,7,7.2,0,12743.73
C004153,South,Enterprise,Partner,27,16,12.7,1,142187.24
C004154,South,Consumer,Social,12,1,16.7,0,1284.69
C004155,South,Consumer,Paid Search,19,2,10.4,0,3384.83
C004156,North,SMB,Organic,4,2,0.0,0,5701.64
C004157,West,SMB,Social,20,9,12.6,1,29697.18
C004158,North,SMB,Organic,3,4,3.5,0,12426.09
C004159,South,SMB,Referral,37,17,10.0,0,48623.8
C004160,North,Enterprise,Social,21,10,18.6,0,53799.95
C004161,South,Consumer,Organic,11,3,1.7,0,4882.59
C004162,South,Consumer,Organic,16,5,8.7,0,6079.16
C004163,West,SMB,Organic,12,2,2.7,0,4932.13
C004164,South,SMB,Paid Search,9,8,9.5,0,22285.52
C004165,East,Consumer,Referral,13,2,2.8,0,2584.78
C004166,South,Consumer,Organic,13,5,6.0,0,6107.12
C004167,North,Consumer,Partner,15,6,6.2,0,8167.56
C004168,South,SMB,Social,2,1,18.9,0,2552.03
C004169,South,Consumer,Organic,39,10,2.3,0,14298.09
C004170,South,SMB,Referral,39,13,9.2,0,37003.91
C004171,West,SMB,Paid Search,18,9,8.4,2,29542.04
C004172,East,Consumer,Paid Search,59,10,15.1,0,10606.42
C004173,West,Consumer,Referral,14,1,7.4,0,1638.31
C004174,South,Consumer,Organic,19,3,5.9,0,4584.28
C004175,West,Consumer,Organic,26,2,3.9,0,3711.05
C004176,South,Consumer,Organic,19,10,3.8,0,18670.83
C004177,East,Consumer,Organic,11,6,6.5,0,7258.4
C004178,West,SMB,Referral,18,1,12.4,0,2408.14
C004179,East,Consumer,Partner,5,1,4.9,0,1414.63
C004180,West,Consumer,Referral,9,1,6.0,0,1333.04
C004181,East,Consumer,Partner,34,7,6.2,0,6478.95
C004182,North,SMB,Referral,72,17,2.5,1,57605.23
C004183,East,Consumer,Organic,11,2,0.4,0,2379.29
C004184,South,Consumer,Partner,16,1,5.8,0,1027.36
C004185,West,Enterprise,Organic,15,10,3.8,0,84556.3
C004186,West,Consumer,Organic,22,1,9.2,0,1724.53
C004187,North,Consumer,Partner,37,14,11.0,1,16610.74
C004188,North,Consumer,Referral,20,8,4.5,1,10689.45
C004189,North,SMB,Partner,6,9,10.3,1,26758.93
C004190,South,SMB,Organic,11,7,2.6,1,20542.26
C004191,North,Consumer,Social,24,9,14.7,0,11278.77
C004192,East,SMB,Organic,14,7,6.0,0,21248.71
C004193,South,SMB,Paid Search,14,3,18.3,0,9261.97
C004194,West,SMB,Partner,14,4,8.8,0,12023.1
C004195,South,Enterprise,Paid Search,17,12,7.6,1,74279.45
C004196,South,SMB,Referral,8,7,9.2,0,23573.86
C004197,North,Consumer,Partner,34,7,11.4,0,8596.05
C004198,West,Consumer,Partner,6,4,10.7,0,6204.7
C004199,North,Enterprise,Organic,23,10,2.0,0,61502.56
C004200,North,Consumer,Organic,12,2,5.4,0,3423.43
C004201,North,Consumer,Partner,19,1,7.9,0,1167.75
C004202,West,Enterprise,Referral,43,21,12.3,0,179170.44
C004203,North,SMB,Paid Search,43,11,13.9,0,34243.39
C004204,East,SMB,Organic,36,6,10.2,0,15730.1
C004205,East,SMB,Organic,48,11,2.9,1,31154.25
C004206,East,Consumer,Partner,72,13,7.3,0,16558.54
C004207,North,SMB,Paid Search,34,12,10.4,0,25273.34
C004208,North,Enterprise,Social,26,12,17.9,1,109161.41
C004209,South,Consumer,Organic,8,6,8.4,0,11289.74
C004210,North,Consumer,Organic,29,10,6.2,0,13033.5
C004211,East,SMB,Referral,20,5,7.3,0,6304.72
C004212,South,Consumer,Partner,55,16,9.3,2,29285.45
C004213,South,Consumer,Organic,32,6,0.9,1,6816.47
C004214,North,Consumer,Paid Search,7,1,10.8,0,1488.25
C004215,South,Consumer,Referral,23,4,6.0,1,5362.73
C004216,North,Consumer,Organic,34,5,5.0,0,7843.29
C004217,East,Enterprise,Paid Search,19,12,10.0,0,23839.260000000002
C004218,North,SMB,Referral,72,24,4.5,1,68836.54
C004219,West,SMB,Organic,31,8,0.2,1,17878.1
C004220,East,Consumer,Referral,9,1,8.3,0,1241.73
C004221,North,Consumer,Organic,8,3,0.9,0,4455.56
C004222,North,Consumer,Social,10,1,18.0,0,1419.94
C004223,South,SMB,Social,13,6,16.0,0,15114.59
C004224,North,Enterprise,Social,19,11,17.7,0,81431.01
C004225,North,Consumer,Referral,24,9,4.3,0,11934.41
C004226,West,Enterprise,Referral,43,23,12.6,0,196446.07
C004227,East,Consumer,Paid Search,34,7,18.7,0,8307.95
C004228,North,Consumer,Paid Search,14,3,12.1,0,4716.35
C004229,South,SMB,Organic,14,5,6.2,1,12241.3
C004230,South,Consumer,Social,33,9,15.0,0,12393.78
C004231,West,Enterprise,Organic,12,7,8.0,0,60833.67
C004232,North,Consumer,Paid Search,27,6,14.4,0,11085.16
C004233,East,SMB,Referral,5,1,1.7,0,3945.76
C004234,East,Consumer,Referral,25,7,4.5,0,6876.34
C004235,North,Consumer,Paid Search,22,6,13.2,0,6908.06
C004236,North,Consumer,Paid Search,13,1,14.3,0,779.88
C004237,South,Enterprise,Referral,6,9,7.4,0,120900.45
C004238,West,Consumer,Partner,5,3,2.9,0,4888.84
C004239,South,Consumer,Referral,21,2,8.7,0,3383.9
C004240,East,Consumer,Organic,24,7,10.5,0,7939.49
C004241,West,Consumer,Social,3,1,8.1,0,1446.31
C004242,West,Consumer,Organic,3,1,7.8,0,1820.13
C004243,South,SMB,Organic,7,3,10.5,1,7187.63
C004244,South,Consumer,Organic,8,5,7.8,1,6068.99
C004245,East,Consumer,Paid Search,10,2,11.8,0,2269.48
C004246,South,Consumer,Referral,21,7,9.7,0,10450.42
C004247,West,Consumer,Referral,36,4,6.7,0,6568.49
C004248,North,Consumer,Social,37,5,16.6,1,6279.68
C004249,North,Consumer,Referral,29,6,7.2,0,7053.51
C004250,West,Consumer,Organic,36,6,5.3,0,8293.02
C004251,South,SMB,Referral,9,4,4.7,0,13032.82
C004252,North,Consumer,Social,28,8,13.6,0,11832.42
C004253,North,SMB,Referral,31,7,11.9,0,22594.46
C004254,South,Consumer,Paid Search,4,1,10.1,0,1404.08
C004255,West,Enterprise,Referral,44,21,1.1,0,160906.65
C004256,North,Enterprise,Referral,32,10,17.5,0,58595.29
C004257,North,Consumer,Paid Search,11,5,10.7,0,8457.83
C004258,South,Consumer,Partner,4,2,7.2,1,2806.51
C004259,West,Consumer,Organic,21,5,3.8,1,6502.69
C004260,South,SMB,Organic,14,5,5.0,0,16207.95
C004261,West,Consumer,Social,6,4,12.7,0,7595.79
C004262,West,Consumer,Social,18,4,19.5,0,4215.51
C004263,South,Consumer,Referral,13,7,6.4,1,12167.86
C004264,West,Consumer,Paid Search,32,3,8.9,0,3930.08
C004265,East,SMB,Partner,3,2,0.0,0,5521.32
C004266,South,Consumer,Paid Search,35,9,15.3,2,14793.33
C004267,South,SMB,Paid Search,17,8,10.7,0,30065.97
C004268,West,SMB,Referral,29,13,8.1,0,33850.79
C004269,West,Consumer,Paid Search,46,6,9.2,0,9970.02
C004270,East,Consumer,Referral,24,1,7.3,0,1312.32
C004271,West,Enterprise,Partner,34,16,7.9,1,142551.92
C004272,South,SMB,Organic,5,1,7.8,0,3895.58
C004273,West,SMB,Organic,5,9,5.5,0,23241.48
C004274,West,Enterprise,Paid Search,14,10,8.6,1,95248.48
C004275,North,Consumer,Referral,11,4,14.2,0,5312.07
C004276,North,SMB,Social,26,10,16.3,0,31818.03
C004277,South,SMB,Partner,26,13,5.2,1,44145.27
C004278,West,Consumer,Referral,40,7,7.6,0,9883.84
C004279,South,Consumer,Partner,17,4,9.2,1,7133.52
C004280,East,Consumer,Organic,5,3,6.5,0,3380.23
C004281,North,Consumer,Organic,40,7,6.1,0,9100.75
C004282,South,Consumer,Paid Search,39,7,12.7,0,8676.65
C004283,East,SMB,Social,14,3,17.8,0,5873.75
C004284,North,SMB,Organic,39,12,7.2,0,19331.99
C004285,West,Consumer,Organic,4,4,7.2,0,5278.74
C004286,North,Consumer,Paid Search,15,1,6.7,1,1379.08
C004287,West,Consumer,Paid Search,7,2,6.8,0,3417.98
C004288,North,Consumer,Referral,34,7,4.6,1,8331.98
C004289,West,Consumer,Partner,11,1,7.3,0,1320.96
C004290,East,Consumer,Organic,36,8,2.7,1,10144.31
C004291,North,SMB,Referral,7,3,4.0,0,10069.38
C004292,North,Consumer,Organic,64,10,5.7,0,14663.37
C004293,North,Consumer,Organic,14,2,2.4,0,3155.72
C004294,South,SMB,Paid Search,13,7,4.8,0,26234.35
C004295,West,Consumer,Referral,32,10,2.9,1,16911.42
C004296,South,SMB,Referral,24,10,5.2,1,27730.92
C004297,South,Consumer,Referral,14,9,6.2,0,19610.71
C004298,South,Consumer,Social,13,7,17.7,1,6498.14
C004299,South,Consumer,Organic,52,14,6.3,1,25904.64
C004300,East,Consumer,Social,17,2,9.0,0,2683.03
C004301,South,Enterprise,Referral,17,14,11.4,1,148745.95
C004302,East,SMB,Organic,7,1,4.4,0,2463.6
C004303,West,Consumer,Paid Search,45,11,12.2,2,13773.99
C004304,South,Consumer,Organic,9,1,5.4,0,1252.15
C004305,North,Enterprise,Organic,8,4,2.4,0,26826.0
C004306,North,Consumer,Organic,35,4,6.7,0,5414.11
C004307,South,Consumer,Organic,1,1,0.0,0,1394.25
C004308,South,Enterprise,Partner,21,9,12.0,0,64230.59
C004309,West,Consumer,Partner,13,4,8.6,0,4657.96
C004310,East,Consumer,Referral,15,4,8.1,0,6102.59
C004311,South,Consumer,Social,9,2,16.6,0,2381.86
C004312,West,Consumer,Partner,11,2,6.7,0,3184.82
C004313,South,SMB,Paid Search,3,3,15.8,0,8128.07
C004314,West,Consumer,Referral,32,7,4.8,2,11250.12
C004315,North,Enterprise,Referral,14,11,4.0,2,85172.23
C004316,East,Consumer,Partner,36,5,8.4,0,7219.47
C004317,West,Consumer,Social,70,16,10.9,3,25384.58
C004318,West,SMB,Organic,7,4,3.3,0,15518.27
C004319,West,Consumer,Social,28,2,15.8,0,2323.92
C004320,South,Consumer,Organic,8,3,7.2,0,3877.96
C004321,West,Consumer,Organic,10,3,4.9,0,4157.28
C004322,South,SMB,Referral,17,6,4.3,0,19383.48
C004323,East,SMB,Referral,62,20,6.0,1,56401.7
C004324,North,Consumer,Organic,13,7,3.0,0,8985.1
C004325,North,Consumer,Paid Search,16,2,11.7,0,2757.06
C004326,South,Consumer,Social,21,7,13.1,0,9676.89
C004327,North,Consumer,Organic,16,6,2.1,0,8354.2
C004328,East,Consumer,Social,7,2,11.7,1,2379.93
C004329,West,Enterprise,Paid Search,39,16,6.5,1,180265.32
C004330,West,Consumer,Referral,12,1,10.2,0,1656.63
C004331,North,Consumer,Organic,5,3,7.1,0,5156.42
C004332,West,Consumer,Partner,22,6,4.3,1,9723.55
C004333,North,Consumer,Partner,40,7,10.0,0,13440.15
C004334,South,Consumer,Organic,9,6,5.1,0,11225.2
C004335,West,Consumer,Referral,14,7,3.1,0,8033.18
C004336,North,Consumer,Social,17,8,11.8,0,12241.88
C004337,North,Consumer,Organic,12,7,4.6,0,10718.48
C004338,North,SMB,Referral,18,6,9.2,0,18509.75
C004339,South,Consumer,Partner,51,9,9.8,0,9923.09
C004340,West,Consumer,Referral,18,4,5.4,0,4447.3
C004341,North,Consumer,Partner,25,5,9.4,0,6667.04
C004342,North,Consumer,Organic,13,2,4.5,1,2016.57
C004343,South,Consumer,Partner,22,5,5.8,0,8945.29
C004344,South,Consumer,Partner,24,3,10.9,0,4542.79
C004345,East,Consumer,Organic,31,8,5.5,0,15067.31
C004346,West,Consumer,Paid Search,12,7,13.5,0,10278.44
C004347,East,Consumer,Referral,15,9,3.7,0,13442.2
C004348,West,SMB,Partner,33,11,6.4,0,36414.0
C004349,South,Enterprise,Organic,13,8,7.5,0,70284.96
C004350,West,SMB,Paid Search,7,3,11.2,1,8591.35
C004351,North,Consumer,Social,12,7,14.3,0,8897.54
C004352,North,SMB,Paid Search,32,13,8.8,1,22068.15
C004353,East,Consumer,Referral,35,6,7.6,0,9367.68
C004354,North,Consumer,Referral,28,9,3.8,0,16287.3
C004355,West,Enterprise,Partner,39,19,9.1,1,183212.42
C004356,East,SMB,Organic,48,10,2.0,0,26933.96
C004357,West,Consumer,Partner,29,6,7.4,0,8517.48
C004358,South,Enterprise,Referral,16,15,11.7,0,98702.25
C004359,South,Consumer,Partner,5,4,9.1,0,4670.37
C004360,East,Consumer,Organic,6,1,4.0,0,1150.83
C004361,South,Consumer,Referral,9,5,9.6,1,7767.41
C004362,South,Consumer,Social,36,11,12.8,0,17054.23
C004363,East,Enterprise,Social,10,5,12.0,1,30365.39
C004364,West,Consumer,Organic,10,1,3.9,0,1166.2
C004365,East,Consumer,Paid Search,11,1,15.3,0,1000.74
C004366,North,SMB,Organic,17,2,8.1,0,5384.01
C004367,South,SMB,Organic,22,7,3.5,1,16311.48
C004368,South,Enterprise,Social,22,13,14.1,0,108302.82
C004369,North,Enterprise,Partner,11,10,9.3,0,106426.87
C004370,South,Enterprise,Referral,35,21,14.3,1,143298.15
C004371,South,Consumer,Organic,16,5,4.3,0,12062.7
C004372,North,Consumer,Organic,32,2,9.1,0,2368.58
C004373,South,Enterprise,Paid Search,18,12,12.7,1,93679.57
C004374,North,Consumer,Organic,11,1,7.6,0,1526.64
C004375,South,Consumer,Social,13,6,18.0,0,8043.16
C004376,North,Consumer,Organic,9,5,5.5,0,5049.4
C004377,East,Consumer,Organic,5,2,4.9,0,2699.5
C004378,North,Consumer,Social,20,7,14.4,0,9128.85
C004379,West,Enterprise,Organic,8,8,6.1,1,63611.02
C004380,North,Consumer,Paid Search,6,2,15.6,0,2568.56
C004381,South,Consumer,Referral,30,7,11.0,0,11230.14
C004382,South,Consumer,Organic,41,7,8.6,0,8841.07
C004383,South,SMB,Referral,10,4,5.6,0,13870.54
C004384,South,Consumer,Paid Search,72,14,10.3,0,18343.42
C004385,West,Consumer,Referral,30,4,4.5,0,8179.02
C004386,West,Consumer,Organic,20,3,5.5,0,5497.68
C004387,South,Consumer,Paid Search,3,1,14.8,0,1151.76
C004388,North,Consumer,Referral,25,8,5.3,0,14533.32
C004389,East,Consumer,Organic,7,3,4.5,0,4196.12
C004390,South,Consumer,Organic,8,6,6.9,0,10247.93
C004391,North,SMB,Organic,27,10,4.0,0,27773.63
C004392,East,Consumer,Organic,59,12,4.4,0,14460.89
C004393,South,Consumer,Organic,20,8,8.3,0,11467.08
C004394,East,SMB,Partner,34,9,8.1,0,18455.96
C004395,South,SMB,Paid Search,58,22,9.8,2,45043.36
C004396,South,Consumer,Referral,5,1,7.3,0,1346.35
C004397,North,SMB,Organic,27,8,6.3,0,19775.52
C004398,East,Consumer,Organic,42,7,12.5,0,6649.29
C004399,North,Consumer,Social,38,13,19.6,0,17613.52
C004400,East,SMB,Social,40,9,24.6,0,19238.81
C004401,West,Consumer,Partner,12,7,4.8,1,9322.94
C004402,East,Consumer,Organic,23,1,9.2,0,1151.77
C004403,North,SMB,Organic,42,12,9.7,0,33991.29
C004404,South,SMB,Social,27,9,15.1,0,21803.63
C004405,South,Enterprise,Paid Search,6,3,10.8,0,15011.95
C004406,South,SMB,Organic,7,2,7.2,0,7780.59
C004407,West,Consumer,Paid Search,38,9,11.0,1,12329.88
C004408,South,Consumer,Organic,1,1,1.6,0,1713.77
C004409,West,Consumer,Social,28,4,10.7,0,5822.83
C004410,North,SMB,Partner,32,12,3.5,0,26031.26
C004411,South,Consumer,Referral,24,6,7.7,0,7964.66
C004412,North,Consumer,Paid Search,32,8,14.0,0,10292.51
C004413,East,Consumer,Social,31,9,12.1,0,10262.77
C004414,North,SMB,Referral,2,6,8.5,1,13126.64
C004415,South,Consumer,Social,3,1,16.4,0,1477.22
C004416,East,Consumer,Referral,10,2,8.0,0,2783.54
C004417,South,SMB,Partner,24,5,10.0,0,13761.34
C004418,North,SMB,Organic,23,14,5.6,0,48450.29
C004419,North,Consumer,Referral,7,3,11.0,0,4455.42
C004420,South,Consumer,Social,44,13,16.9,0,19257.68
C004421,South,Enterprise,Partner,69,34,4.2,1,275596.54
C004422,North,Consumer,Partner,31,6,13.5,0,7525.17
C004423,East,Consumer,Paid Search,22,7,9.1,0,10147.83
C004424,South,Enterprise,Referral,25,16,7.0,0,104118.68
C004425,South,Consumer,Organic,11,8,12.7,0,8736.58
C004426,South,Consumer,Referral,6,1,8.5,0,1391.51
C004427,North,Consumer,Organic,35,7,2.5,0,10196.18
C004428,North,Consumer,Paid Search,31,8,13.0,0,10238.37
C004429,South,Consumer,Partner,35,10,9.6,1,16557.62
C004430,North,SMB,Social,24,8,15.6,0,21258.71
C004431,South,Consumer,Paid Search,5,1,10.5,0,1482.93
C004432,West,SMB,Organic,5,1,1.2,0,2929.92
C004433,West,SMB,Paid Search,8,4,8.5,1,13574.76
C004434,South,SMB,Organic,48,12,2.7,0,48983.87
C004435,South,Consumer,Organic,5,1,8.9,1,1416.72
C004436,South,SMB,Partner,16,7,4.3,0,23896.81
C004437,West,Consumer,Paid Search,12,1,12.5,0,1308.91
C004438,South,SMB,Organic,5,4,9.2,0,9410.05
C004439,South,Consumer,Social,26,7,17.0,0,6868.36
C004440,South,SMB,Organic,49,15,9.3,0,56800.56
C004441,North,Consumer,Paid Search,17,2,10.2,1,3161.25
C004442,South,Consumer,Organic,4,5,6.9,0,8324.48
C004443,West,Consumer,Organic,14,5,8.5,1,8797.87
C004444,West,Consumer,Referral,11,4,9.8,0,4841.55
C004445,North,Consumer,Social,14,4,17.7,0,5900.82
C004446,South,Consumer,Paid Search,15,2,8.4,0,3240.99
C004447,South,SMB,Social,54,17,17.0,2,42718.42
C004448,South,SMB,Partner,25,3,9.5,0,5651.11
C004449,South,Consumer,Social,25,5,14.5,0,5299.32
C004450,North,SMB,Partner,11,3,6.2,0,11907.34
C004451,West,SMB,Partner,34,12,9.4,1,47974.2
C004452,West,Enterprise,Social,37,16,12.0,0,94633.14
C004453,East,Consumer,Organic,28,7,3.7,0,6104.04
C004454,East,Consumer,Organic,26,4,7.8,1,6461.01
C004455,South,SMB,Social,5,4,18.1,0,10637.1
C004456,South,Consumer,Social,24,6,16.4,0,7165.83
C004457,North,Consumer,Social,46,11,13.6,1,11138.46
C004458,South,Consumer,Referral,25,10,3.7,0,12394.59
C004459,North,Consumer,Social,31,4,12.7,0,6799.52
C004460,West,Consumer,Social,14,8,18.9,0,10741.03
C004461,South,SMB,Referral,10,3,7.6,1,6391.88
C004462,South,Consumer,Organic,7,2,4.7,0,2732.91
C004463,South,SMB,Paid Search,41,13,12.5,1,51514.4
C004464,West,Consumer,Organic,17,8,7.1,0,12432.97
C004465,North,SMB,Organic,38,8,1.9,0,17804.94
C004466,North,SMB,Referral,13,6,5.5,0,14937.26
C004467,North,Consumer,Organic,39,2,6.9,0,2732.48
C004468,East,Consumer,Partner,19,6,8.7,0,8941.8
C004469,West,Consumer,Paid Search,14,3,15.3,0,3923.99
C004470,South,Enterprise,Referral,14,8,9.3,0,89358.76
C004471,West,Consumer,Organic,33,6,2.7,0,9690.52
C004472,South,Consumer,Social,25,6,5.0,0,5947.26
C004473,East,Consumer,Paid Search,34,6,12.6,1,7878.67
C004474,North,Consumer,Referral,46,6,3.9,0,8339.15
C004475,South,Consumer,Referral,16,3,8.5,0,4093.66
C004476,East,SMB,Referral,29,10,11.8,0,25768.23
C004477,South,Consumer,Referral,17,4,3.9,0,6034.82
C004478,South,SMB,Social,13,4,16.9,0,11419.66
C004479,West,Consumer,Social,25,6,17.6,0,7012.92
C004480,West,Consumer,Paid Search,5,3,13.0,0,3672.98
C004481,South,SMB,Partner,36,14,9.0,1,52463.01
C004482,East,SMB,Paid Search,23,7,5.8,1,18215.03
C004483,West,SMB,Organic,11,7,5.2,0,22687.63
C004484,South,Consumer,Paid Search,23,6,12.0,0,7761.33
C004485,West,Consumer,Paid Search,4,1,15.1,0,1654.31
C004486,South,SMB,Paid Search,7,6,14.9,0,17558.09
C004487,East,Consumer,Social,7,1,13.5,0,1091.46
C004488,North,SMB,Referral,6,2,1.3,0,7629.32
C004489,South,Consumer,Partner,16,1,3.2,0,1492.73
C004490,South,Consumer,Organic,23,11,9.2,0,17086.52
C004491,South,SMB,Referral,72,29,6.8,1,70125.67
C004492,West,SMB,Organic,40,12,0.7,0,33120.78
C004493,West,SMB,Paid Search,3,4,8.0,0,13539.83
C004494,North,SMB,Paid Search,55,17,12.7,1,44075.53
C004495,South,Consumer,Referral,11,4,7.4,0,6225.3
C004496,South,Consumer,Social,27,10,20.0,0,12964.9
C004497,South,Enterprise,Organic,16,7,4.8,0,61701.81
C004498,South,Consumer,Organic,58,13,6.2,0,18059.34
C004499,West,Consumer,Paid Search,38,3,11.9,0,3788.73
C004500,East,Enterprise,Organic,52,18,7.5,1,120099.05
C004501,North,Consumer,Referral,28,2,12.3,0,2482.73
C004502,South,Enterprise,Referral,13,4,9.8,1,37002.59
C004503,East,Consumer,Social,31,5,20.9,0,5817.63
C004504,South,SMB,Partner,46,17,9.6,0,66005.82
C004505,North,Consumer,Paid Search,9,1,7.2,0,1598.81
C004506,South,SMB,Partner,26,8,5.5,0,20896.65
C004507,South,SMB,Social,35,10,17.5,0,23811.36
C004508,North,Consumer,Organic,12,4,4.3,0,6916.5
C004509,East,Consumer,Social,14,2,15.0,0,2618.9
C004510,South,Enterprise,Paid Search,18,9,9.6,2,93644.31
C004511,South,Enterprise,Social,26,17,19.3,2,128169.86
C004512,South,Enterprise,Social,19,9,19.6,1,64230.73
C004513,West,Consumer,Partner,21,2,7.3,0,3127.08
C004514,North,Consumer,Social,62,14,14.3,1,13672.3
C004515,North,Consumer,Social,19,1,18.8,0,1170.78
C004516,South,Consumer,Paid Search,50,15,15.1,1,31092.75
C004517,South,Consumer,Partner,72,14,3.1,1,20953.96
C004518,South,Consumer,Referral,10,4,9.0,0,5987.31
C004519,East,Consumer,Social,38,5,16.5,0,5411.83
C004520,South,Consumer,Partner,13,4,8.6,0,8147.46
C004521,North,Consumer,Organic,37,6,2.4,0,6931.0
C004522,South,Consumer,Paid Search,13,2,9.4,1,3421.67
C004523,East,Consumer,Social,2,1,5.7,0,1175.24
C004524,West,SMB,Partner,33,9,6.0,0,23400.86
C004525,East,Enterprise,Social,21,11,9.1,1,54707.39
C004526,South,Consumer,Paid Search,47,13,10.4,0,27080.19
C004527,East,Enterprise,Organic,13,5,6.2,0,41464.33
C004528,East,SMB,Referral,19,4,3.5,1,7992.88
C004529,South,Consumer,Paid Search,12,3,16.0,1,3232.31
C004530,South,Consumer,Partner,6,2,,0,2497.06
C004531,East,Consumer,Referral,25,5,7.7,0,6884.52
C004532,South,Consumer,Paid Search,19,4,13.8,0,5545.06
C004533,East,Consumer,Paid Search,3,1,7.1,0,1044.8
C004534,South,Consumer,Partner,48,11,8.6,0,16323.28
C004535,South,Enterprise,Referral,21,7,2.8,0,81979.34
C004536,North,Consumer,Organic,12,2,0.0,0,3379.12
C004537,East,Consumer,Referral,34,8,3.2,0,7284.42
C004538,West,Enterprise,Paid Search,41,23,11.5,3,147198.73
C004539,North,Enterprise,Paid Search,7,8,11.9,0,58360.22
C004540,South,SMB,Social,6,4,14.8,0,11551.85
C004541,North,SMB,Organic,14,2,1.5,0,7678.66
C004542,North,Enterprise,Paid Search,26,11,12.3,0,81833.76
C004543,West,Consumer,Paid Search,53,9,9.9,0,14226.01
C004544,South,SMB,Paid Search,1,1,12.4,0,1866.56
C004545,South,Consumer,Referral,64,13,6.3,1,18562.51
C004546,South,Consumer,Referral,22,4,1.6,0,7468.66
C004547,West,Consumer,Organic,45,6,3.0,0,13373.23
C004548,South,Consumer,Organic,43,13,6.6,0,15325.48
C004549,East,Consumer,Social,19,6,17.5,0,6457.0
C004550,South,Consumer,Partner,14,4,4.3,0,4440.61
C004551,North,Consumer,Organic,28,7,2.7,0,9808.32
C004552,East,Consumer,Organic,23,5,3.7,0,8005.88
C004553,North,Consumer,Partner,12,1,11.5,0,1596.67
C004554,East,SMB,Organic,19,10,6.4,1,25026.71
C004555,South,Consumer,Partner,15,3,4.2,0,4503.23
C004556,East,SMB,Social,20,2,16.5,0,7585.5
C004557,East,Consumer,Organic,40,8,8.8,0,9429.66
C004558,East,SMB,Organic,15,6,5.6,0,13697.26
C004559,North,Consumer,Partner,24,5,5.7,0,6318.29
C004560,East,Consumer,Organic,19,7,7.5,0,6516.25
C004561,West,Consumer,Referral,18,5,7.6,0,7942.79
C004562,South,Enterprise,Organic,16,8,4.3,1,81483.93
C004563,South,Enterprise,Referral,28,14,9.7,0,133607.32
C004564,West,SMB,Social,1,2,15.0,0,6250.88
C004565,North,SMB,Referral,29,9,7.2,0,22235.45
C004566,East,Consumer,Organic,23,8,7.6,0,9653.52
C004567,East,SMB,Referral,22,8,5.5,0,25692.62
C004568,North,Consumer,Referral,32,3,3.5,0,3951.65
C004569,South,Consumer,Organic,4,2,6.0,0,2771.48
C004570,South,Enterprise,Social,40,19,19.7,0,174006.57
C004571,South,Enterprise,Referral,16,14,0.2,1,111376.81
C004572,West,Consumer,Organic,15,1,7.2,0,1162.25
C004573,North,Consumer,Partner,10,3,8.1,0,3351.35
C004574,South,Consumer,Paid Search,11,2,10.4,0,5074.85
C004575,West,Consumer,Organic,4,1,3.1,0,1866.02
C004576,North,Consumer,Organic,21,2,7.7,0,3134.77
C004577,West,Consumer,Paid Search,13,3,14.0,0,3367.02
C004578,North,Consumer,Paid Search,35,9,8.9,0,13585.43
C004579,South,Consumer,Organic,25,8,5.9,0,17428.54
C004580,North,Consumer,Social,23,2,19.1,0,2608.42
C004581,East,SMB,Referral,14,5,9.1,0,9835.47
C004582,West,Consumer,Organic,17,7,0.0,0,12267.24
C004583,West,Consumer,Social,52,12,16.9,0,15209.57
C004584,West,SMB,Social,14,4,11.3,1,11486.22
C004585,East,SMB,Referral,1,2,7.7,0,4108.45
C004586,East,Consumer,Partner,16,4,5.8,0,4367.69
C004587,South,SMB,Organic,8,8,6.2,0,22528.19
C004588,West,Consumer,Organic,15,8,3.0,1,10460.72
C004589,East,Consumer,Organic,20,6,1.9,0,7852.79
C004590,West,Consumer,Paid Search,9,3,12.9,0,3589.39
C004591,South,Enterprise,Paid Search,3,4,12.3,0,45502.99
C004592,South,Enterprise,Organic,17,11,7.5,0,104966.04
C004593,East,SMB,Referral,48,13,5.4,1,38641.34
C004594,North,Enterprise,Partner,19,8,3.5,1,63820.32
C004595,North,Consumer,Social,24,10,17.0,2,8336.74
C004596,West,SMB,Referral,15,3,11.3,0,9914.25
C004597,South,Consumer,Referral,27,10,5.3,0,15286.73
C004598,North,Consumer,Social,32,1,16.5,0,1361.31
C004599,South,Consumer,Paid Search,42,10,11.1,0,14460.83
C004600,South,SMB,Paid Search,50,16,17.8,2,27803.59
C004601,East,SMB,Paid Search,25,8,10.4,1,17757.32
C004602,West,SMB,Organic,43,12,4.9,0,30471.41
C004603,West,Consumer,Referral,35,11,0.9,2,17897.02
C004604,East,Enterprise,Paid Search,27,11,16.7,0,76824.61
C004605,East,SMB,Organic,19,3,3.4,0,12039.7
C004606,South,SMB,Organic,3,1,8.9,0,3300.44
C004607,West,Consumer,Social,70,13,13.0,0,15924.57
C004608,North,Consumer,Organic,21,7,4.8,0,9185.24
C004609,North,SMB,Paid Search,14,7,9.7,1,21023.18
C004610,West,Enterprise,Organic,14,5,2.2,1,51677.6
C004611,West,Consumer,Organic,32,5,4.1,0,5886.61
C004612,South,Consumer,Social,7,1,14.6,0,1341.09
C004613,East,Consumer,Organic,48,8,3.9,1,10062.44
C004614,South,Consumer,Organic,24,9,0.4,0,10706.91
C004615,South,SMB,Partner,11,5,8.9,1,17360.24
C004616,South,Consumer,Paid Search,29,9,6.1,0,14586.28
C004617,North,Consumer,Referral,33,9,6.0,0,12201.2
C004618,South,SMB,Referral,11,4,2.3,0,13539.85
C004619,South,Consumer,Organic,28,4,7.7,0,6942.15
C004620,South,Consumer,Paid Search,15,3,15.7,0,6143.55
C004621,North,Consumer,Paid Search,15,6,13.8,0,8843.54
C004622,West,Consumer,Organic,16,6,3.6,0,7245.25
C004623,East,Enterprise,Organic,1,3,2.8,0,39209.88
C004624,West,SMB,Referral,40,14,6.2,1,33048.63
C004625,North,Enterprise,Organic,15,9,4.8,0,78731.54
C004626,East,Consumer,Organic,15,3,6.4,0,3637.15
C004627,West,SMB,Referral,43,9,8.2,1,25415.78
C004628,South,Consumer,Paid Search,26,10,5.9,0,16749.78
C004629,North,SMB,Referral,10,4,9.0,0,11960.49
C004630,South,Consumer,Organic,24,5,6.2,0,10198.95
C004631,South,Consumer,Social,27,7,12.7,0,8839.38
C004632,South,Consumer,Social,17,9,12.1,1,14139.48
C004633,South,SMB,Referral,58,22,7.2,0,76080.86
C004634,South,SMB,Social,16,6,15.5,0,26787.63
C004635,East,Consumer,Paid Search,19,5,8.7,0,6810.43
C004636,North,Consumer,Organic,20,8,5.2,0,9038.13
C004637,South,SMB,Paid Search,32,12,12.6,1,45560.4
C004638,East,Consumer,Paid Search,9,3,14.6,0,3165.31
C004639,North,Consumer,Partner,35,2,7.7,0,2330.95
C004640,South,SMB,Paid Search,72,27,5.9,2,109316.93
C004641,North,Consumer,Paid Search,5,1,12.8,0,1343.14
C004642,North,SMB,Partner,10,1,2.9,0,2799.12
C004643,South,SMB,Organic,5,1,2.5,0,4507.69
C004644,North,SMB,Referral,2,1,2.9,0,2629.14
C004645,South,Consumer,Paid Search,9,4,13.5,1,5145.22
C004646,West,Enterprise,Partner,10,9,4.7,1,84542.38
C004647,West,Consumer,Organic,34,8,8.0,0,7381.01
C004648,North,SMB,Social,43,17,11.5,0,46613.12
C004649,South,SMB,Referral,23,8,1.0,0,26554.98
C004650,South,SMB,Partner,39,13,7.0,1,33634.18
C004651,West,Consumer,Partner,32,2,4.0,1,3013.68
C004652,West,Consumer,Social,12,2,18.9,0,2690.69
C004653,North,Consumer,Organic,26,1,3.0,0,1442.45
C004654,North,Consumer,Paid Search,8,1,15.5,0,1492.28
C004655,South,Consumer,Partner,19,7,7.1,0,11325.03
C004656,West,Consumer,Referral,23,1,8.1,0,1399.21
C004657,West,Enterprise,Partner,29,10,6.4,2,96118.59
C004658,North,Consumer,Social,54,6,22.1,0,7397.62
C004659,South,Consumer,Paid Search,6,4,8.6,0,10994.84
C004660,North,Consumer,Organic,19,9,0.0,1,16565.9
C004661,East,Consumer,Paid Search,48,8,12.8,0,8471.27
C004662,West,Consumer,Referral,11,5,3.9,0,5365.73
C004663,South,SMB,Paid Search,9,1,12.6,0,2518.48
C004664,North,Consumer,Organic,31,10,4.8,0,9491.89
C004665,South,Consumer,Social,28,5,13.4,0,8160.91
C004666,South,Consumer,Organic,5,4,3.8,0,5990.29
C004667,West,Consumer,Paid Search,13,3,13.2,1,3516.87
C004668,South,SMB,Paid Search,8,1,10.9,0,3313.85
C004669,West,Consumer,Referral,8,1,6.5,0,1367.76
C004670,South,Consumer,Organic,27,7,3.5,0,12059.83
C004671,North,Consumer,Social,27,1,19.9,0,1139.22
C004672,South,Consumer,Social,19,6,18.9,0,8153.41
C004673,North,Consumer,Referral,6,1,2.6,0,1891.16
C004674,South,Consumer,Partner,8,4,8.0,0,7291.24
C004675,East,Enterprise,Organic,25,7,2.6,0,69467.31
C004676,North,Consumer,Organic,5,3,1.3,0,4758.08
C004677,North,Consumer,Organic,3,4,0.0,0,4177.91
C004678,North,SMB,Social,13,4,14.0,0,8999.82
C004679,North,Consumer,Organic,19,4,4.3,0,4156.71
C004680,West,Consumer,Partner,4,6,,0,9981.85
C004681,West,SMB,Referral,26,6,10.1,0,17043.5
C004682,North,SMB,Social,18,5,16.5,0,16112.85
C004683,East,Enterprise,Paid Search,7,6,14.2,0,48467.41
C004684,East,SMB,Social,20,7,17.6,0,15186.62
C004685,West,Consumer,Paid Search,3,1,13.5,0,1931.68
C004686,South,Enterprise,Referral,14,6,11.2,0,60353.13
C004687,South,Consumer,Social,15,7,11.2,0,10424.83
C004688,South,Consumer,Organic,19,2,3.5,0,3473.86
C004689,West,SMB,Partner,21,13,6.1,0,51018.75
C004690,East,SMB,Social,32,6,13.3,0,15360.65
C004691,South,Enterprise,Social,18,8,14.5,0,55977.76
C004692,South,Consumer,Organic,5,3,9.9,0,3524.81
C004693,East,SMB,Organic,9,5,7.7,0,11818.16
C004694,West,Consumer,Organic,72,12,8.7,0,15059.19
C004695,South,SMB,Referral,4,7,6.8,0,22426.62
C004696,East,SMB,Organic,65,17,4.6,1,39501.29
C004697,South,Consumer,Partner,58,13,9.7,1,17939.12
C004698,South,SMB,Partner,5,4,9.3,0,15258.33
C004699,South,Consumer,Organic,36,12,6.3,2,25836.81
C004700,East,Consumer,Social,26,9,22.0,0,8112.33
C004701,West,Enterprise,Organic,41,20,6.8,0,154831.57
C004702,South,SMB,Paid Search,9,1,9.6,0,2849.15
C004703,South,Consumer,Organic,26,4,2.9,0,6823.67
C004704,South,Consumer,Social,11,1,17.5,1,1458.22
C004705,North,Consumer,Partner,7,1,10.3,0,1215.61
C004706,South,Consumer,Organic,20,6,7.9,0,10096.58
C004707,North,Consumer,Organic,32,7,6.6,0,8941.76
C004708,South,Consumer,Paid Search,30,10,8.9,0,13949.9
C004709,North,Consumer,Referral,38,3,11.6,0,3316.66
C004710,South,SMB,Organic,10,5,9.0,0,18469.9
C004711,West,Consumer,Social,58,13,13.8,1,21167.89
C004712,South,Consumer,Partner,20,1,9.1,0,1607.55
C004713,East,Enterprise,Paid Search,7,6,12.6,0,45804.26
C004714,West,Consumer,Partner,36,15,6.9,1,27454.01
C004715,South,SMB,Referral,18,9,3.5,0,33312.16
C004716,North,Consumer,Referral,12,4,8.7,0,6336.37
C004717,South,Consumer,Social,18,4,10.5,0,5421.41
C004718,South,SMB,Paid Search,3,3,10.2,0,6581.76
C004719,South,Consumer,Referral,51,16,12.1,1,19812.08
C004720,North,Consumer,Organic,28,5,6.2,0,10912.25
C004721,South,SMB,Social,20,11,16.1,1,29043.57
C004722,South,Consumer,Organic,15,6,4.1,0,13076.4
C004723,South,SMB,Organic,39,18,0.3,1,65995.91
C004724,East,Consumer,Paid Search,53,12,13.2,0,13977.57
C004725,North,Consumer,Paid Search,6,3,13.5,0,3249.8
C004726,South,SMB,Organic,20,8,7.4,0,21238.82
C004727,West,Consumer,Organic,24,5,3.8,0,7378.74
C004728,South,Consumer,Partner,39,12,6.8,0,17963.42
C004729,East,Enterprise,Referral,31,12,8.7,0,93491.34
C004730,South,Consumer,Paid Search,26,7,8.2,0,9257.74
C004731,South,SMB,Social,18,7,17.4,0,16782.05
C004732,West,Consumer,Social,6,1,14.5,0,1603.34
C004733,South,Consumer,Organic,21,6,5.9,0,13618.69
C004734,South,SMB,Referral,15,2,13.9,0,5780.59
C004735,West,SMB,Paid Search,6,2,11.2,0,6113.23
C004736,East,Consumer,Referral,53,11,7.4,1,13353.41
C004737,East,SMB,Social,20,6,15.1,0,13578.29
C004738,North,Consumer,Organic,30,7,0.0,0,10064.57
C004739,North,Consumer,Referral,16,2,8.8,0,2551.15
C004740,East,SMB,Organic,8,6,0.0,0,18101.97
C004741,North,Consumer,Referral,32,5,9.3,0,7695.9
C004742,South,Consumer,Organic,55,15,2.9,0,22888.1
C004743,East,SMB,Social,39,13,12.8,0,27286.39
C004744,South,Consumer,Referral,26,3,6.9,0,4188.92
C004745,North,Enterprise,Organic,16,8,1.0,0,76692.18
C004746,North,SMB,Social,23,6,14.7,1,13077.51
C004747,South,Consumer,Organic,31,9,1.7,0,11911.6
C004748,East,Consumer,Referral,15,1,3.1,0,1384.14
C004749,West,Enterprise,Referral,31,12,6.3,0,99019.24
C004750,North,SMB,Organic,17,6,8.7,0,15983.32
C004751,North,Consumer,Organic,2,1,7.2,0,1644.46
C004752,South,Consumer,Organic,8,3,3.4,0,4732.5
C004753,South,Consumer,Social,17,7,14.5,0,8663.19
C004754,South,SMB,Social,21,4,13.4,0,11828.32
C004755,West,Enterprise,Organic,36,17,1.4,0,131306.52
C004756,South,SMB,Organic,24,7,1.9,1,27049.9
C004757,South,Consumer,Partner,4,2,8.8,0,3023.16
C004758,West,SMB,Organic,31,8,2.8,0,19939.69
C004759,North,Consumer,Paid Search,15,1,11.8,1,1364.81
C004760,West,Consumer,Referral,6,3,3.9,0,3873.18
C004761,South,Consumer,Organic,31,15,7.4,0,28146.84
C004762,South,Consumer,Partner,34,8,9.9,0,11660.42
C004763,West,Consumer,Organic,22,3,9.7,0,4839.21
C004764,South,Consumer,Social,25,5,19.1,0,5898.04
C004765,South,Consumer,Paid Search,21,8,9.2,1,11530.75
C004766,South,SMB,Organic,30,9,2.4,2,31493.21
C004767,East,Consumer,Paid Search,17,7,13.1,0,7957.68
C004768,South,Consumer,Partner,2,1,5.3,0,1307.3
C004769,North,Consumer,Referral,9,3,7.7,0,4794.84
C004770,East,Consumer,Organic,10,4,4.0,0,5485.38
C004771,East,Consumer,Partner,15,5,10.7,1,4861.54
C004772,South,SMB,Organic,16,8,7.8,0,22637.53
C004773,North,Consumer,Organic,49,10,4.1,1,12209.35
C004774,South,Consumer,Organic,19,8,0.0,0,11977.83
C004775,North,SMB,Social,25,5,18.0,0,11237.57
C004776,North,Consumer,Organic,17,2,3.2,0,2769.34
C004777,South,SMB,Organic,21,7,4.9,0,16539.83
C004778,North,Consumer,Partner,25,9,7.6,0,11478.59
C004779,South,Enterprise,Referral,39,22,8.2,0,228958.45
C004780,East,Consumer,Organic,38,9,3.1,1,16620.87
C004781,South,Consumer,Referral,5,2,3.6,0,2532.37
C004782,West,Consumer,Organic,10,5,5.5,0,9233.58
C004783,West,Consumer,Paid Search,15,1,14.5,0,2105.98
C004784,South,SMB,Paid Search,36,12,11.6,1,33659.11
C004785,West,Consumer,Referral,23,5,6.6,0,8146.36
C004786,West,Consumer,Social,16,3,11.4,0,5128.33
C004787,South,SMB,Paid Search,7,3,13.5,0,7848.68
C004788,East,SMB,Organic,32,10,6.8,0,30432.97
C004789,North,Consumer,Paid Search,40,9,11.7,1,11473.61
C004790,East,Consumer,Social,9,5,12.1,0,7186.04
C004791,South,SMB,Social,4,1,15.2,0,3790.13
C004792,North,SMB,Social,18,10,15.5,1,32605.61
C004793,South,SMB,Partner,19,6,7.9,0,17126.83
C004794,West,SMB,Social,48,17,11.8,2,53237.99
C004795,South,Consumer,Partner,12,3,8.8,0,4110.58
C004796,North,Consumer,Referral,10,4,7.5,0,4418.74
C004797,North,Consumer,Organic,10,1,6.3,0,1344.7
C004798,South,Consumer,Referral,7,1,6.6,0,1814.98
C004799,West,SMB,Organic,17,7,8.9,0,19023.88
C004800,East,Consumer,Organic,33,1,5.0,0,1715.97
C004801,South,Consumer,Paid Search,34,6,16.2,1,8426.05
C004802,North,SMB,Paid Search,8,5,12.7,0,10571.77
C004803,North,Consumer,Social,37,7,11.5,0,8796.94
C004804,South,Consumer,Paid Search,20,3,14.5,0,3723.97
C004805,West,Consumer,Organic,3,5,3.9,0,9849.48
C004806,East,SMB,Partner,31,13,6.7,1,36230.26
C004807,South,Consumer,Referral,39,10,10.1,1,14651.41
C004808,South,Consumer,Organic,13,7,1.3,0,13231.07
C004809,South,Consumer,Organic,19,9,0.0,0,12723.45
C004810,South,Consumer,Organic,16,5,4.3,0,6291.36
C004811,South,Enterprise,Partner,21,11,8.9,1,72880.17
C004812,East,Consumer,Organic,16,4,7.6,1,3461.62
C004813,South,SMB,Partner,22,5,8.4,0,12224.15
C004814,West,Consumer,Organic,2,3,0.0,0,5289.82
C004815,South,Consumer,Social,12,3,12.1,1,5035.42
C004816,North,Consumer,Organic,17,4,1.2,0,4983.16
C004817,South,SMB,Paid Search,28,10,6.3,0,20690.34
C004818,South,Enterprise,Paid Search,2,1,11.5,0,7631.24
C004819,South,Consumer,Paid Search,39,10,13.5,0,15772.53
C004820,South,Consumer,Partner,19,2,10.9,0,3473.75
C004821,East,Consumer,Social,37,6,16.5,0,7100.85
C004822,South,Consumer,Organic,24,4,3.3,0,5218.54
C004823,East,Consumer,Social,45,6,18.2,2,7664.43
C004824,East,Enterprise,Organic,25,5,4.4,0,39569.6
C004825,South,Consumer,Partner,4,1,8.2,0,1756.17
C004826,South,SMB,Paid Search,29,12,10.0,0,29823.75
C004827,North,SMB,Organic,21,7,4.3,0,22270.25
C004828,South,Consumer,Organic,12,7,3.7,1,13232.36
C004829,West,Consumer,Organic,21,3,0.9,0,3573.88
C004830,West,SMB,Partner,26,7,9.9,0,17565.47
C004831,South,Consumer,Paid Search,22,8,12.5,1,8520.4
C004832,South,Consumer,Organic,5,2,7.4,0,2597.57
C004833,East,SMB,Social,48,13,12.9,1,29945.19
C004834,East,Consumer,Organic,32,11,7.1,1,10327.83
C004835,South,SMB,Organic,18,6,0.3,0,24658.49
C004836,West,Consumer,Referral,15,3,8.6,0,5410.16
C004837,North,Consumer,Organic,46,7,7.0,0,9513.65
C004838,North,Consumer,Social,22,4,11.9,0,4635.32
C004839,North,Consumer,Referral,6,5,10.4,0,6661.29
C004840,North,Consumer,Organic,46,11,9.7,0,19948.36
C004841,West,Consumer,Paid Search,13,7,10.3,0,11205.6
C004842,South,Consumer,Organic,6,3,9.3,1,3132.77
C004843,South,Consumer,Referral,22,1,1.9,0,1031.32
C004844,South,Consumer,Referral,11,5,6.6,0,6428.5
C004845,South,Consumer,Social,17,5,7.2,1,7590.29
C004846,South,Consumer,Paid Search,25,7,14.8,0,7000.86
C004847,North,Consumer,Social,1,4,10.4,0,5158.95
C004848,East,Consumer,Organic,20,3,0.0,0,2896.33
C004849,North,Consumer,Partner,40,10,8.8,2,13701.91
C004850,East,Consumer,Organic,6,1,8.1,0,1295.82
C004851,North,Consumer,Social,2,1,13.8,0,1818.12
C004852,East,SMB,Paid Search,33,7,12.4,0,16124.61
C004853,West,SMB,Organic,20,6,10.3,0,15790.79
C004854,North,Consumer,Paid Search,27,7,9.1,0,12462.02
C004855,North,SMB,Partner,13,2,5.1,0,6488.6
C004856,West,Consumer,Social,22,9,18.3,0,11680.17
C004857,South,Consumer,Social,47,9,15.7,0,11779.58
C004858,East,Consumer,Paid Search,27,5,16.3,0,7939.0
C004859,North,Consumer,Referral,7,2,3.1,0,2511.03
C004860,South,Consumer,Organic,38,10,0.0,0,12279.13
C004861,South,Consumer,Referral,18,6,2.7,0,9270.4
C004862,West,SMB,Organic,2,8,7.1,0,21975.65
C004863,South,Consumer,Social,9,2,18.6,0,3418.58
C004864,East,Consumer,Social,8,3,18.2,0,3417.67
C004865,East,Consumer,Paid Search,17,3,13.7,0,4197.17
C004866,North,Consumer,Referral,38,10,10.8,0,8017.93
C004867,South,Consumer,Paid Search,32,9,10.2,1,12473.06
C004868,South,Consumer,Organic,11,4,0.0,0,8865.98
C004869,South,Consumer,Organic,26,3,0.1,0,3985.28
C004870,East,Consumer,Organic,13,2,0.6,0,2538.04
C004871,South,Consumer,Organic,15,2,0.0,1,3902.96
C004872,South,Enterprise,Referral,23,12,2.9,0,98485.6
C004873,East,SMB,Social,6,1,12.2,0,2772.17
C004874,South,Consumer,Paid Search,16,3,13.8,0,3781.28
C004875,South,Consumer,Partner,16,4,8.9,0,5967.83
C004876,South,SMB,Partner,10,4,12.5,0,13208.88
C004877,South,Enterprise,Organic,25,14,1.3,1,103856.26
C004878,East,Consumer,Paid Search,25,3,13.1,0,2990.63
C004879,South,Consumer,Partner,8,3,11.9,0,5235.9
C004880,South,SMB,Organic,6,1,3.5,0,2720.25
C004881,North,Consumer,Paid Search,18,3,10.7,0,4121.39
C004882,South,SMB,Partner,9,4,12.1,0,14097.77
C004883,East,Consumer,Social,14,1,13.9,0,1183.97
C004884,South,Consumer,Social,1,8,19.3,0,11249.79
C004885,West,SMB,Partner,16,7,3.6,1,28978.44
C004886,West,SMB,Organic,14,6,9.9,1,26978.75
C004887,North,Consumer,Referral,6,1,10.8,0,1374.93
C004888,East,SMB,Social,31,9,12.1,1,19622.86
C004889,South,SMB,Organic,14,3,4.1,0,11215.88
C004890,West,Consumer,Organic,19,6,1.3,0,7985.0
C004891,South,Enterprise,Organic,29,12,3.5,0,140789.44
C004892,South,Consumer,Social,26,4,10.3,0,5306.48
C004893,South,Consumer,Referral,5,1,1.7,0,1490.28
C004894,South,SMB,Partner,20,12,4.2,1,30898.56
C004895,East,Consumer,Paid Search,10,1,15.1,0,967.12
C004896,South,SMB,Referral,36,13,1.4,2,53562.56
C004897,South,Consumer,Organic,53,7,9.1,0,11243.26
C004898,South,Consumer,Partner,40,10,10.7,0,14580.23
C004899,West,Consumer,Referral,30,11,11.0,0,23235.6
C004900,West,Consumer,Social,17,6,16.0,0,8128.1
C004901,South,SMB,Organic,32,6,9.9,0,17777.11
C004902,South,Consumer,Organic,3,2,0.7,0,2623.06
C004903,North,Consumer,Organic,11,2,9.1,0,2319.57
C004904,West,Consumer,Social,26,9,24.1,0,8922.72
C004905,East,Consumer,Organic,16,3,4.2,0,3382.72
C004906,South,Consumer,Social,7,1,14.8,0,1280.21
C004907,West,SMB,Organic,25,8,2.2,0,23279.39
C004908,North,Consumer,Referral,45,7,7.2,0,11207.11
C004909,East,Consumer,Organic,42,2,5.6,0,2536.01
C004910,North,Consumer,Organic,11,3,0.0,0,6434.72
C004911,North,Consumer,Referral,50,10,8.8,0,15517.9
C004912,South,Consumer,Paid Search,13,5,15.3,1,6066.93
C004913,South,Consumer,Paid Search,20,8,9.4,0,13091.11
C004914,West,Consumer,Referral,35,7,5.7,1,10715.84
C004915,South,Consumer,Paid Search,2,1,14.5,0,1865.3
C004916,West,Consumer,Referral,20,3,4.2,0,5334.59
C004917,East,SMB,Referral,9,3,9.2,0,7455.14
C004918,East,Consumer,Organic,14,6,5.9,0,10813.22
C004919,West,SMB,Paid Search,35,11,19.0,1,31375.83
C004920,South,Consumer,Organic,13,4,4.6,0,7100.87
C004921,South,Consumer,Organic,17,4,3.4,0,8611.57
C004922,North,SMB,Organic,18,6,5.7,0,20146.71
C004923,South,Consumer,Referral,29,12,7.3,0,19164.7
C004924,West,Consumer,Organic,34,7,9.9,1,9779.91
C004925,South,Consumer,Partner,22,5,12.7,0,4809.43
C004926,South,SMB,Social,14,6,12.8,0,11936.19
C004927,North,Consumer,Organic,21,3,4.4,0,4202.17
C004928,South,SMB,Referral,13,2,4.9,0,5616.89
C004929,East,Consumer,Organic,53,5,2.4,0,6612.85
C004930,South,Consumer,Organic,17,3,0.0,0,6066.61
C004931,East,Consumer,Partner,39,10,13.1,1,10051.86
C004932,East,Enterprise,Paid Search,39,30,10.0,0,26593.68
C004933,West,SMB,Organic,23,5,3.7,0,11696.74
C004934,South,Consumer,Partner,25,6,16.3,0,6805.75
C004935,East,Enterprise,Partner,25,11,6.1,1,62905.29
C004936,North,Consumer,Referral,28,4,6.5,0,5658.68
C004937,South,Consumer,Social,7,6,15.8,0,11340.27
C004938,East,Consumer,Social,68,14,16.0,1,17953.3
C004939,East,SMB,Social,21,7,13.1,0,18849.89
C004940,North,Consumer,Paid Search,45,9,15.4,0,11932.69
C004941,West,Consumer,Social,21,1,15.5,0,1038.81
C004942,North,Enterprise,Referral,22,14,7.3,0,172682.47
C004943,South,Consumer,Organic,12,5,3.0,0,7509.45
C004944,West,Consumer,Organic,13,5,4.6,0,8773.98
C004945,South,SMB,Paid Search,3,1,14.9,0,1794.98
C004946,West,Consumer,Organic,60,11,7.9,0,15674.73
C004947,South,Consumer,Organic,40,11,3.7,1,16887.82
C004948,West,Consumer,Paid Search,12,6,9.7,1,8089.43
C004949,East,SMB,Partner,20,10,10.6,0,18237.69
C004950,East,Consumer,Organic,28,4,5.9,0,5287.01
C004951,South,SMB,Organic,8,4,7.6,0,15566.87
C004952,East,SMB,Social,11,1,12.1,0,3611.94
C004953,South,Consumer,Paid Search,18,1,11.9,0,2021.51
C004954,West,Consumer,Social,47,11,17.6,1,18384.12
C004955,South,SMB,Referral,11,3,4.9,0,13250.91
C004956,South,Consumer,Referral,29,3,12.7,1,6226.22
C004957,West,Consumer,Organic,58,9,9.9,0,10617.39
C004958,South,Consumer,Paid Search,40,11,11.4,0,16910.89
C004959,South,SMB,Referral,7,5,6.4,1,11964.34
C004960,East,Consumer,Organic,13,1,6.0,0,1413.34
C004961,North,Consumer,Organic,18,7,5.5,0,9445.97
C004962,North,Consumer,Paid Search,10,1,15.6,0,1227.46
C004963,South,Consumer,Referral,36,10,4.4,0,14934.01
C004964,South,Enterprise,Referral,6,6,4.4,1,32557.66
C004965,South,Consumer,Social,12,4,15.8,0,3793.61
C004966,North,SMB,Social,24,5,16.5,1,14863.3
C004967,South,SMB,Organic,19,7,4.9,1,19198.46
C004968,South,Consumer,Partner,10,4,10.7,0,7231.75
C004969,North,SMB,Social,50,14,19.1,0,32899.8
C004970,East,Enterprise,Organic,8,5,7.2,2,25846.91
C004971,East,SMB,Paid Search,32,11,13.1,0,19504.01
C004972,North,SMB,Paid Search,27,7,11.4,1,16267.31
C004973,South,Consumer,Partner,28,9,8.2,0,11323.81
C004974,West,SMB,Paid Search,5,2,7.9,0,5700.57
C004975,South,Consumer,Paid Search,18,9,8.4,0,14306.03
C004976,South,SMB,Partner,23,5,11.8,0,15577.39
C004977,South,Consumer,Referral,25,10,12.3,0,15146.21
C004978,North,Consumer,Organic,17,3,0.9,0,5321.97
C004979,West,SMB,Referral,29,14,8.6,0,49258.54
C004980,West,Consumer,Social,17,5,10.4,0,5858.94
C004981,West,Consumer,Paid Search,10,5,16.9,0,4506.96
C004982,South,SMB,Referral,10,4,6.9,0,10729.72
C004983,South,Enterprise,Referral,26,17,14.6,0,138026.42
C004984,North,Consumer,Referral,10,5,5.1,0,6407.46
C004985,South,SMB,Partner,30,10,6.5,0,35019.34
C004986,South,SMB,Referral,10,7,8.2,0,16245.95
C004987,East,SMB,Referral,7,1,9.7,0,3344.41
C004988,North,Consumer,Social,60,10,17.4,1,14494.41
C004989,West,Consumer,Organic,44,9,7.9,0,12087.11
C004990,North,SMB,Organic,21,8,4.3,1,19715.06
C004991,North,Enterprise,Partner,13,10,11.0,0,73385.72
C004992,West,Consumer,Social,31,6,21.7,0,9308.67
C004993,East,Consumer,Paid Search,69,11,14.4,0,11736.29
C004994,South,Consumer,Organic,14,6,2.5,0,8592.64
C004995,South,SMB,Organic,59,22,6.3,2,67958.94
C004996,South,SMB,Organic,13,7,0.0,0,17970.94
C004997,North,Consumer,Paid Search,5,2,14.1,0,3195.5
C004998,South,Consumer,Referral,20,12,2.0,1,21971.76
C004999,South,Consumer,Organic,4,2,7.2,0,3670.56
C005000,East,SMB,Referral,30,9,6.9,0,29846.94
C005001,North,Consumer,Partner,7,6,11.0,0,6838.44
C005002,East,Consumer,Partner,27,9,8.1,0,11200.49
C005003,East,Consumer,Social,34,8,19.2,0,8562.79
C005004,North,SMB,Paid Search,55,13,13.7,0,46204.6
C005005,North,Consumer,Referral,5,2,10.3,0,2476.96
C005006,South,Consumer,Referral,12,5,5.8,0,5432.68
C005007,East,Consumer,Organic,15,8,3.7,0,9486.18
C005008,East,Enterprise,Partner,28,19,3.8,0,166934.97
C005009,East,Consumer,Referral,17,2,3.6,0,2895.58
C005010,South,Consumer,Referral,8,5,7.3,0,7505.98
C005011,South,Consumer,Organic,13,2,5.2,0,2899.38
C005012,South,Consumer,Organic,22,6,6.2,0,9941.57
C005013,North,SMB,Partner,14,3,5.9,0,9484.41
C005014,East,SMB,Organic,50,17,5.5,0,45299.78
C005015,North,Consumer,Organic,25,6,9.0,0,7637.94
C005016,South,SMB,Referral,8,5,8.3,0,15037.0
C005017,South,Consumer,Social,19,5,15.1,0,6278.59
C005018,South,SMB,Organic,29,11,5.9,1,42005.05
C005019,East,Consumer,Organic,24,6,8.7,1,7203.11
C005020,South,Consumer,Social,13,2,15.5,0,2312.92
C005021,West,SMB,Partner,16,1,6.4,0,4632.73
C005022,West,Enterprise,Paid Search,18,6,10.5,0,41429.97
C005023,West,SMB,Social,37,7,13.4,0,15971.37
C005024,East,SMB,Paid Search,30,9,10.3,0,17134.11
C005025,East,SMB,Social,5,1,17.4,0,1943.84
C005026,East,SMB,Referral,49,15,12.1,2,41329.52
C005027,South,Consumer,Social,59,15,13.8,0,15550.85
C005028,South,Consumer,Social,14,1,12.3,0,1494.42
C005029,South,SMB,Organic,27,9,1.2,0,26114.62
C005030,North,Consumer,Organic,72,9,10.2,0,10306.79
C005031,North,SMB,Social,19,3,17.9,0,5218.49
C005032,West,Consumer,Organic,22,4,3.0,0,6057.12
C005033,North,Consumer,Referral,31,4,7.4,0,3943.8
C005034,South,Consumer,Paid Search,45,16,16.2,2,20915.69
C005035,East,SMB,Organic,4,4,4.8,0,11008.13
C005036,North,Consumer,Referral,19,4,9.6,0,3452.29
C005037,West,SMB,Paid Search,45,17,11.5,1,54446.71
C005038,North,Consumer,Partner,32,4,7.1,0,3753.35
C005039,West,Consumer,Organic,25,5,0.0,1,11323.47
C005040,East,SMB,Organic,22,8,3.8,1,19987.56
C005041,South,Consumer,Organic,43,8,3.4,0,10729.84
C005042,North,SMB,Organic,29,10,6.6,0,29192.02
C005043,South,Consumer,Referral,56,14,7.7,0,17805.06
C005044,South,Consumer,Paid Search,17,6,12.6,1,5322.9
C005045,South,Consumer,Organic,2,6,7.9,0,11449.19
C005046,West,SMB,Partner,40,13,1.0,0,37820.05
C005047,South,Consumer,Organic,16,5,4.9,0,7965.45
C005048,West,Consumer,Paid Search,20,1,8.5,0,1394.26
C005049,North,SMB,Partner,23,8,4.2,0,19473.38
C005050,West,Enterprise,Referral,13,7,6.1,0,46919.36
C005051,South,SMB,Paid Search,7,3,12.1,1,10068.99
C005052,South,SMB,Partner,38,12,9.5,1,39705.06
C005053,South,Consumer,Referral,1,3,8.3,0,4499.98
C005054,North,Consumer,Organic,71,11,2.5,0,19734.85
C005055,West,SMB,Organic,21,8,4.4,2,23735.38
C005056,South,SMB,Partner,2,1,12.3,0,3619.03
C005057,South,SMB,Organic,42,10,9.8,0,39987.05
C005058,South,SMB,Social,4,2,14.1,0,7039.9
C005059,East,SMB,Organic,13,5,5.3,0,13878.31
C005060,North,Consumer,Organic,60,10,2.3,0,11975.28
C005061,North,Consumer,Partner,28,6,11.1,0,8743.04
C005062,North,Enterprise,Partner,25,11,14.9,0,72371.57
C005063,South,Consumer,Organic,27,4,3.4,0,7363.32
C005064,North,Consumer,Organic,10,4,8.5,0,7583.6
C005065,West,Consumer,Social,28,5,17.2,2,6403.98
C005066,South,Consumer,Referral,26,8,6.5,0,9865.7
C005067,East,SMB,Paid Search,18,2,9.9,0,5598.1
C005068,South,SMB,Organic,49,17,12.4,2,49061.8
C005069,South,Consumer,Partner,34,10,10.3,0,20124.37
C005070,South,Consumer,Organic,8,4,7.9,1,6144.75
C005071,South,Consumer,Organic,15,7,4.4,0,10887.65
C005072,South,SMB,Paid Search,13,7,12.2,0,20674.53
C005073,South,Consumer,Organic,10,4,1.3,0,6928.14
C005074,South,Consumer,Referral,45,13,9.3,0,13089.1
C005075,West,Consumer,Paid Search,15,3,10.9,0,3579.18
C005076,South,Consumer,Referral,35,10,3.9,2,19786.18
C005077,South,Consumer,Paid Search,29,8,9.4,0,10496.98
C005078,North,SMB,Organic,7,8,12.2,1,20949.72
C005079,South,Consumer,Partner,45,12,7.1,0,17570.26
C005080,East,Consumer,Referral,19,1,8.1,0,1081.41
C005081,North,Consumer,Paid Search,15,4,8.4,0,5321.77
C005082,South,Consumer,Organic,6,1,4.4,0,1285.87
C005083,South,Consumer,Referral,10,5,2.9,0,5957.17
C005084,North,SMB,Social,8,5,16.1,0,13114.48
C005085,West,Consumer,Referral,4,1,4.3,0,2080.6
C005086,South,SMB,Social,27,7,17.4,0,22155.83
C005087,West,Consumer,Organic,9,3,0.0,0,5509.5
C005088,South,SMB,Partner,22,6,6.1,1,22956.71
C005089,West,Consumer,Organic,42,7,8.5,0,10511.22
C005090,South,Consumer,Organic,32,7,9.6,1,10490.68
C005091,South,Consumer,Referral,24,8,7.0,0,10337.73
C005092,East,Consumer,Organic,3,1,3.8,0,1520.44
C005093,South,Consumer,Paid Search,4,1,12.3,0,1529.51
C005094,South,SMB,Organic,12,11,11.2,0,28089.39
C005095,West,Consumer,Social,25,11,14.2,1,13957.43
C005096,South,Enterprise,Social,9,10,15.0,1,63442.84
C005097,East,SMB,Referral,8,3,3.8,0,8655.32
C005098,East,Consumer,Paid Search,41,9,10.0,0,14893.57
C005099,West,SMB,Paid Search,16,5,13.3,0,10893.94
C005100,West,Consumer,Social,5,1,17.7,0,1597.53
C005101,South,Consumer,Referral,26,5,7.9,0,9676.92
C005102,South,Consumer,Paid Search,6,1,,0,1117.99
C005103,North,SMB,Organic,25,8,2.0,1,15554.63
C005104,East,Consumer,Organic,14,4,1.7,0,5375.4
C005105,West,Consumer,Paid Search,20,9,14.4,1,11719.47
C005106,South,SMB,Referral,8,4,5.6,0,11923.86
C005107,North,Consumer,Social,14,1,11.5,0,1663.01
C005108,South,Consumer,Partner,12,3,8.6,0,4216.76
C005109,South,Consumer,Paid Search,9,5,12.3,0,11737.99
C005110,West,SMB,Paid Search,14,5,11.4,0,10264.0
C005111,North,Consumer,Social,3,1,19.8,0,1011.41
C005112,East,Consumer,Paid Search,31,7,17.6,0,6539.88
C005113,East,Enterprise,Referral,30,10,9.9,0,66392.21
C005114,West,Enterprise,Referral,15,6,8.3,0,65238.31
C005115,North,Consumer,Organic,15,5,9.1,0,5452.78
C005116,West,Consumer,Organic,14,2,5.5,0,2484.64
C005117,East,Consumer,Paid Search,31,5,11.4,0,5267.54
C005118,East,Enterprise,Referral,12,6,5.2,0,42738.83
C005119,North,Consumer,Organic,36,7,2.7,1,10552.09
C005120,South,Consumer,Organic,6,1,7.8,0,1407.09
C005121,East,Consumer,Organic,36,8,0.5,0,8304.21
C005122,South,Consumer,Social,2,1,13.2,0,1404.61
C005123,South,Consumer,Partner,13,8,6.9,0,16369.66
C005124,South,SMB,Partner,31,10,3.8,1,38124.51
C005125,South,Consumer,Social,35,10,13.8,0,12980.88
C005126,North,Consumer,Organic,6,4,5.3,0,5763.78
C005127,South,SMB,Organic,26,9,8.1,0,30160.66
C005128,North,Consumer,Paid Search,24,3,10.5,0,4807.33
C005129,West,Consumer,Referral,27,8,7.3,0,15875.9
C005130,West,Consumer,Social,72,11,10.5,0,16361.64
C005131,South,SMB,Organic,72,20,1.4,3,51472.27
C005132,North,Consumer,Partner,42,10,2.3,0,10790.64
C005133,North,SMB,Paid Search,9,3,14.9,0,8640.45
C005134,South,Consumer,Referral,13,2,6.0,0,2322.29
C005135,West,Consumer,Partner,21,4,8.7,0,6771.2
C005136,South,Consumer,Referral,13,2,8.6,0,2677.1
C005137,North,Consumer,Social,9,8,17.4,0,7773.38
C005138,North,Consumer,Social,35,10,21.0,0,13131.05
C005139,South,SMB,Social,6,1,14.9,0,2288.7
C005140,West,Consumer,Social,2,1,12.9,0,1507.67
C005141,East,Consumer,Paid Search,30,7,14.1,0,8419.54
C005142,South,Enterprise,Paid Search,29,14,19.1,0,72398.84
C005143,South,Consumer,Social,5,1,13.4,0,1896.73
C005144,West,Consumer,Referral,4,1,4.6,0,1946.24
C005145,South,Consumer,Referral,17,3,0.0,0,5987.67
C005146,West,Consumer,Paid Search,22,8,5.8,1,14418.65
C005147,West,Enterprise,Organic,14,6,9.3,0,41982.89
C005148,South,Enterprise,Paid Search,12,8,11.5,0,83469.49
C005149,West,Consumer,Partner,17,5,4.6,0,8742.54
C005150,South,Enterprise,Organic,28,20,5.0,0,116908.46
C005151,East,Consumer,Organic,5,1,12.8,0,970.49
C005152,North,Enterprise,Organic,19,15,5.0,0,104086.97
C005153,South,SMB,Paid Search,9,3,17.7,0,10949.49
C005154,North,Consumer,Organic,72,13,2.2,0,15721.14
C005155,North,Consumer,Referral,20,7,11.4,0,8273.12
C005156,North,SMB,Organic,47,18,3.3,1,40391.81
C005157,South,Consumer,Organic,27,6,2.7,0,8755.3
C005158,South,Consumer,Organic,59,17,2.2,0,33737.9
C005159,South,Consumer,Organic,17,7,4.0,1,8341.06
C005160,South,Consumer,Social,19,3,17.9,0,4466.14
C005161,West,Consumer,Partner,15,4,6.6,0,4937.61
C005162,West,Consumer,Social,10,3,18.2,0,5633.25
C005163,North,SMB,Partner,5,1,5.8,0,2891.7
C005164,South,Consumer,Organic,22,6,4.8,0,9267.66
C005165,East,Consumer,Partner,34,7,6.4,1,7875.0
C005166,East,Consumer,Paid Search,16,4,17.4,0,4656.34
C005167,South,Consumer,Social,12,4,16.6,0,4101.55
C005168,East,SMB,Referral,46,10,7.9,1,25356.0
C005169,North,Consumer,Paid Search,7,8,11.2,0,9476.04
C005170,South,SMB,Organic,18,8,3.3,1,22506.06
C005171,East,Consumer,Organic,30,9,2.0,1,17976.63
C005172,East,SMB,Paid Search,9,4,16.0,0,12012.87
C005173,West,Consumer,Paid Search,18,8,7.2,0,15658.65
C005174,North,SMB,Partner,35,8,6.9,0,26485.84
C005175,North,Consumer,Organic,9,2,7.6,0,3007.7
C005176,North,SMB,Referral,28,7,2.0,1,27601.54
C005177,North,Consumer,Referral,4,1,7.5,1,1481.6
C005178,North,Consumer,Organic,16,5,2.4,0,8283.52
C005179,South,Consumer,Paid Search,39,9,12.1,0,17225.58
C005180,South,Consumer,Paid Search,28,4,11.5,1,6876.62
C005181,East,Consumer,Paid Search,41,7,5.2,0,9789.38
C005182,South,SMB,Organic,1,1,6.9,0,3602.24
C005183,North,SMB,Organic,16,8,2.0,0,24048.0
C005184,East,Consumer,Organic,9,1,3.4,1,1443.52
C005185,North,Enterprise,Social,17,8,15.2,0,65069.25
C005186,West,Consumer,Social,36,6,16.1,1,6193.97
C005187,North,Consumer,Organic,50,12,6.3,0,14556.43
C005188,South,SMB,Referral,66,20,9.4,1,69166.83
C005189,West,Consumer,Partner,12,6,0.6,1,9644.23
C005190,South,Consumer,Organic,3,2,6.4,0,3077.9
C005191,East,Consumer,Organic,2,2,5.0,0,2720.09
C005192,East,Consumer,Organic,6,5,3.3,0,4390.49
C005193,North,Consumer,Organic,34,4,5.8,0,5463.69
C005194,East,Consumer,Social,25,4,17.8,0,4298.29
C005195,West,Consumer,Social,26,7,12.4,0,10011.93
C005196,West,SMB,Referral,17,6,11.2,0,19912.91
C005197,South,Enterprise,Paid Search,12,5,15.4,1,36764.55
C005198,South,Consumer,Social,46,13,16.1,3,23548.0
C005199,East,Consumer,Organic,1,1,1.3,0,1096.73
C005200,South,Consumer,Organic,6,3,11.5,0,5032.78
C005201,South,Consumer,Organic,29,7,5.9,0,9796.86
C005202,North,Consumer,Partner,13,1,8.4,0,1735.49
C005203,North,Consumer,Social,33,8,15.3,0,10623.03
C005204,South,SMB,Referral,30,12,8.7,0,28405.71
C005205,North,Consumer,Social,28,5,17.8,0,6293.64
C005206,North,SMB,Organic,27,4,4.9,0,12363.91
C005207,North,Consumer,Paid Search,35,6,8.3,0,8633.61
C005208,West,SMB,Social,35,13,18.1,4,35818.12
C005209,North,Consumer,Partner,18,3,5.6,0,4061.16
C005210,North,SMB,Referral,15,5,4.0,1,12876.48
C005211,South,SMB,Organic,24,8,4.8,1,18090.66
C005212,South,Consumer,Partner,42,11,6.6,0,19048.5
C005213,West,Consumer,Paid Search,9,1,13.1,0,1514.95
C005214,West,SMB,Paid Search,16,5,13.7,0,19915.72
C005215,South,Consumer,Organic,12,7,3.6,0,11042.29
C005216,South,Consumer,Organic,8,1,5.4,0,1649.98
C005217,South,Consumer,Referral,13,3,5.5,0,4821.15
C005218,North,SMB,Referral,5,5,9.3,0,16179.01
C005219,South,Consumer,Organic,5,4,6.5,1,5567.72
C005220,North,Consumer,Organic,54,12,7.2,2,17214.84
C005221,North,Consumer,Referral,7,3,6.1,0,4248.57
C005222,South,Consumer,Paid Search,28,8,12.8,0,13355.96
C005223,North,SMB,Paid Search,66,17,13.5,0,68796.39
C005224,North,Consumer,Organic,39,11,7.2,0,16359.88
C005225,South,Consumer,Partner,27,6,10.0,0,6674.07
C005226,South,Consumer,Partner,31,5,7.6,1,6029.99
C005227,North,Consumer,Paid Search,12,1,8.6,0,1693.12
C005228,North,SMB,Referral,40,10,8.5,0,19679.7
C005229,North,Consumer,Partner,57,10,9.4,1,14478.02
C005230,South,SMB,Organic,14,4,1.7,0,11211.53
C005231,West,SMB,Partner,5,1,10.5,0,4835.91
C005232,West,SMB,Paid Search,34,11,12.5,1,23791.22
C005233,South,Consumer,Referral,72,14,6.6,2,18900.07
C005234,South,Consumer,Referral,8,4,7.6,0,7129.88
C005235,East,Consumer,Organic,1,3,7.8,1,3564.94
C005236,East,Enterprise,Social,16,14,19.7,2,74479.44
C005237,North,SMB,Social,11,3,14.8,0,6321.49
C005238,North,Consumer,Organic,21,4,4.3,0,5035.07
C005239,South,SMB,Referral,10,3,8.8,0,7532.08
C005240,South,Consumer,Partner,16,2,4.0,0,3159.97
C005241,North,Consumer,Partner,7,1,10.6,0,1970.8
C005242,South,SMB,Referral,2,1,2.9,0,4840.38
C005243,South,Consumer,Organic,17,2,0.9,0,4923.05
C005244,South,Enterprise,Paid Search,29,17,16.7,1,129002.36
C005245,South,SMB,Organic,6,1,0.0,0,3807.96
C005246,East,Enterprise,Social,70,28,18.9,0,178184.13
C005247,South,SMB,Social,26,12,19.7,0,26985.88
C005248,North,Consumer,Partner,12,1,9.0,0,951.53
C005249,North,Consumer,Organic,44,12,6.8,0,11793.3
C005250,West,Consumer,Partner,35,9,3.3,0,14139.1
C005251,South,SMB,Partner,28,10,6.5,1,23490.1
C005252,North,Consumer,Referral,21,1,8.1,0,1175.75
C005253,South,SMB,Partner,12,1,9.0,0,3233.0
C005254,West,Consumer,Paid Search,24,10,13.3,0,8564.91
C005255,East,Consumer,Paid Search,21,8,13.0,0,12602.0
C005256,West,Consumer,Organic,43,13,5.1,0,19637.28
C005257,East,SMB,Organic,27,12,1.3,1,29659.67
C005258,South,Consumer,Organic,14,8,6.1,1,10909.14
C005259,South,Consumer,Referral,14,5,3.6,0,8741.93
C005260,North,Consumer,Paid Search,10,4,10.9,0,4407.91
C005261,East,Consumer,Organic,21,3,9.2,0,4789.13
C005262,South,Enterprise,Organic,13,9,0.3,0,99794.41
C005263,North,Consumer,Referral,6,4,6.6,0,4848.1
C005264,West,Consumer,Partner,33,9,10.6,0,12184.93
C005265,South,Consumer,Paid Search,12,3,13.9,1,5432.1
C005266,North,Consumer,Social,15,1,15.9,1,1368.14
C005267,South,Consumer,Partner,49,8,6.0,0,11859.16
C005268,West,Consumer,Social,36,9,18.9,0,9905.69
C005269,West,Consumer,Social,27,5,11.3,1,6829.91
C005270,South,Consumer,Referral,21,7,9.1,1,9665.55
C005271,West,Consumer,Partner,56,9,8.5,0,13797.08
C005272,West,SMB,Organic,15,9,2.6,1,25932.81
C005273,West,Consumer,Social,10,1,13.8,0,1118.81
C005274,West,SMB,Paid Search,43,17,17.4,1,55089.2
C005275,South,Consumer,Organic,27,3,1.5,0,5435.55
C005276,East,SMB,Social,8,5,9.7,0,9985.53
C005277,South,Consumer,Social,27,5,13.1,0,6371.72
C005278,East,SMB,Partner,5,2,9.2,0,5651.16
C005279,North,SMB,Partner,37,13,12.3,0,28920.85
C005280,East,Enterprise,Social,22,12,15.1,0,75330.2
C005281,West,SMB,Referral,24,6,2.1,0,17457.62
C005282,South,Consumer,Partner,25,5,8.3,0,6546.28
C005283,West,Enterprise,Organic,26,9,7.6,0,60022.46
C005284,South,SMB,Organic,18,3,6.0,1,9204.59
C005285,North,Consumer,Paid Search,19,2,13.5,0,2154.38
C005286,North,Consumer,Referral,13,1,1.4,0,1312.69
C005287,West,Enterprise,Referral,21,7,3.0,0,71822.38
C005288,South,Consumer,Social,18,5,14.6,0,6104.15
C005289,South,SMB,Organic,20,8,8.4,1,26498.68
C005290,East,Consumer,Social,6,2,12.6,1,2857.74
C005291,South,SMB,Referral,11,3,7.6,0,8953.71
C005292,South,Consumer,Partner,2,1,8.5,0,1671.82
C005293,West,SMB,Paid Search,16,5,8.9,0,12088.28
C005294,East,Consumer,Referral,7,4,4.8,0,5962.24
C005295,East,Enterprise,Social,3,1,14.9,0,7406.63
C005296,South,Consumer,Referral,21,2,5.9,0,4154.16
C005297,West,Consumer,Organic,8,2,7.5,0,3683.37
C005298,South,Consumer,Organic,11,2,3.7,0,3350.5
C005299,South,Consumer,Organic,24,2,7.7,0,5290.26
C005300,North,Enterprise,Paid Search,32,14,10.9,1,126528.37
C005301,South,Consumer,Referral,13,2,7.1,0,3954.5
C005302,East,Consumer,Referral,37,7,9.4,1,7807.48
C005303,East,SMB,Social,44,12,14.7,0,25672.32
C005304,South,Consumer,Organic,17,4,3.7,0,6448.4
C005305,North,Consumer,Organic,17,5,4.8,0,5842.99
C005306,East,SMB,Social,11,3,17.7,0,6716.95
C005307,West,Consumer,Social,20,4,16.0,0,5250.6
C005308,South,SMB,Social,32,11,8.6,1,41294.82
C005309,North,Consumer,Social,41,8,12.8,0,13215.38
C005310,South,Consumer,Partner,8,1,5.9,0,1590.7
C005311,South,Consumer,Partner,18,1,9.8,0,1381.39
C005312,South,SMB,Referral,28,13,1.3,1,60575.31
C005313,South,Consumer,Paid Search,4,3,12.8,0,3184.66
C005314,East,SMB,Organic,1,1,6.9,0,1843.01
C005315,South,Consumer,Referral,17,8,8.9,1,13238.68
C005316,South,Consumer,Paid Search,8,10,11.7,0,14368.81
C005317,North,SMB,Organic,7,1,0.2,0,2815.57
C005318,West,Consumer,Organic,9,3,4.2,0,3139.66
C005319,South,Consumer,Partner,9,5,12.4,0,6062.78
C005320,South,Consumer,Organic,24,2,3.2,1,4293.03
C005321,North,SMB,Social,2,1,21.5,0,3058.82
C005322,East,Consumer,Partner,22,7,10.4,0,9917.72
C005323,West,Consumer,Referral,14,4,6.6,0,4998.02
C005324,North,Consumer,Organic,5,1,5.7,0,1323.33
C005325,North,Enterprise,Social,27,9,16.1,1,59219.84
C005326,North,Consumer,Referral,23,6,5.3,1,7443.93
C005327,East,Consumer,Organic,10,1,3.8,0,1164.78
C005328,West,Consumer,Referral,26,3,13.0,0,4028.62
C005329,South,Consumer,Organic,39,7,9.5,0,7781.36
C005330,South,Consumer,Social,2,1,13.9,0,1799.09
C005331,East,SMB,Partner,7,1,5.7,0,2478.01
C005332,East,SMB,Referral,2,1,2.2,0,2388.27
C005333,South,Consumer,Partner,30,10,14.5,1,10292.78
C005334,North,Consumer,Paid Search,15,4,15.1,0,5957.3
C005335,South,Consumer,Partner,13,4,11.7,0,4731.4
C005336,East,Consumer,Social,29,7,13.4,0,9011.78
C005337,East,Consumer,Organic,11,1,3.2,0,1095.71
C005338,East,Consumer,Partner,29,7,5.2,0,9165.34
C005339,West,SMB,Partner,6,4,0.0,1,9749.52
C005340,South,Consumer,Paid Search,17,2,9.4,0,2889.7
C005341,South,Consumer,Social,33,10,16.0,0,13646.33
C005342,North,Enterprise,Organic,4,4,5.7,0,33115.27
C005343,West,Consumer,Organic,9,3,3.2,0,5457.71
C005344,South,Consumer,Organic,13,8,7.0,0,13611.88
C005345,South,Consumer,Paid Search,53,13,10.0,0,26389.54
C005346,North,Enterprise,Organic,22,9,7.3,0,53271.24
C005347,East,Consumer,Organic,5,2,7.3,2,3802.72
C005348,East,Consumer,Partner,58,10,10.5,1,14582.14
C005349,East,Consumer,Paid Search,50,6,12.2,0,6509.59
C005350,North,Consumer,Social,20,1,12.6,0,1597.75
C005351,West,Consumer,Organic,70,14,1.4,1,30954.37
C005352,East,Consumer,Organic,10,5,0.0,0,8432.23
C005353,East,SMB,Social,14,7,17.3,0,12829.25
C005354,East,SMB,Paid Search,8,4,6.9,0,10137.65
C005355,West,Consumer,Paid Search,29,10,11.6,0,16191.69
C005356,West,Consumer,Partner,62,13,8.7,0,18576.25
C005357,South,Consumer,Paid Search,36,8,8.8,0,13145.43
C005358,South,Consumer,Paid Search,8,3,11.6,1,4845.43
C005359,South,SMB,Referral,11,3,8.0,0,7477.02
C005360,West,Consumer,Organic,33,4,4.2,0,7763.07
C005361,East,SMB,Social,8,1,16.4,0,2298.92
C005362,North,Consumer,Paid Search,17,3,10.7,0,3982.65
C005363,North,SMB,Organic,4,5,4.2,0,12003.91
C005364,West,SMB,Paid Search,14,2,9.3,0,5444.23
C005365,West,SMB,Paid Search,20,4,11.6,0,13433.45
C005366,West,SMB,Referral,21,9,7.0,0,27660.43
C005367,South,SMB,Partner,26,9,5.2,0,32436.09
C005368,West,Consumer,Social,47,9,16.3,0,11784.15
C005369,West,Consumer,Paid Search,37,7,4.6,0,10704.68
C005370,South,Consumer,Partner,35,14,11.2,1,14771.5
C005371,North,SMB,Social,32,11,10.7,0,31868.01
C005372,West,Consumer,Organic,21,6,8.1,0,8352.47
C005373,North,Enterprise,Organic,17,9,6.9,1,75888.04
C005374,South,Consumer,Organic,39,11,8.0,0,10860.37
C005375,East,SMB,Organic,32,13,1.6,1,57324.59
C005376,East,Consumer,Paid Search,10,2,11.4,0,2427.63
C005377,South,Enterprise,Paid Search,28,16,12.9,1,142907.48
C005378,East,Consumer,Partner,22,5,9.3,0,6615.31
C005379,North,Consumer,Paid Search,25,8,14.5,0,9631.61
C005380,West,SMB,Organic,42,17,7.0,0,54183.83
C005381,North,Consumer,Partner,10,1,9.4,0,1723.2
C005382,East,Consumer,Referral,10,4,8.5,0,5120.38
C005383,West,SMB,Organic,23,8,7.1,1,27795.0
C005384,North,SMB,Organic,11,1,5.1,0,3320.36
C005385,South,Consumer,Referral,5,5,10.4,0,8513.71
C005386,East,Consumer,Paid Search,7,6,11.8,1,10344.74
C005387,North,Consumer,Referral,70,16,1.9,0,25264.47
C005388,North,Consumer,Social,20,3,18.7,0,3602.71
C005389,South,Consumer,Referral,29,4,8.4,0,5994.37
C005390,West,Consumer,Partner,16,6,7.6,0,9475.32
C005391,South,Consumer,Social,40,7,15.3,0,7464.74
C005392,South,Consumer,Referral,2,1,11.5,0,1931.89
C005393,West,SMB,Organic,53,16,5.3,1,45456.95
C005394,South,Consumer,Paid Search,20,7,16.6,0,9457.08
C005395,South,Consumer,Paid Search,11,3,13.4,0,3303.15
C005396,South,Enterprise,Referral,48,25,5.9,2,224827.46
C005397,South,SMB,Paid Search,27,10,8.1,1,23125.42
C005398,South,Consumer,Referral,18,3,7.3,0,3277.53
C005399,East,Enterprise,Paid Search,5,3,15.9,0,16678.52
C005400,North,Consumer,Referral,18,1,5.3,0,1352.15
C005401,East,Consumer,Paid Search,22,6,13.1,0,5929.44
C005402,North,Consumer,Partner,24,12,12.6,1,16657.53
C005403,South,Consumer,Paid Search,10,4,6.7,0,7869.26
C005404,North,SMB,Social,10,7,16.2,0,18383.05
C005405,South,Consumer,Referral,7,2,8.7,0,1934.03
C005406,East,SMB,Paid Search,11,1,13.1,0,2337.67
C005407,South,Consumer,Social,31,14,9.9,1,23376.56
C005408,North,Consumer,Partner,60,10,5.7,0,13135.4
C005409,South,Consumer,Social,16,7,8.7,0,11232.05
C005410,West,Consumer,Partner,24,6,4.0,0,9565.52
C005411,South,Enterprise,Paid Search,6,8,14.5,1,51326.98
C005412,East,SMB,Partner,7,3,7.0,1,9584.99
C005413,South,SMB,Partner,38,10,10.5,0,27873.33
C005414,North,SMB,Social,2,1,17.3,0,2323.07
C005415,East,Consumer,Social,27,11,11.6,1,14369.43
C005416,South,Consumer,Social,28,8,15.5,0,8091.25
C005417,North,Consumer,Referral,39,13,2.2,0,24566.12
C005418,West,SMB,Referral,25,7,7.8,0,16703.62
C005419,North,Consumer,Paid Search,5,4,13.3,1,7469.94
C005420,South,Consumer,Referral,45,8,6.3,0,15493.81
C005421,South,SMB,Paid Search,13,6,7.0,0,15044.73
C005422,South,Consumer,Social,43,16,10.5,1,25256.64
C005423,West,Consumer,Referral,37,6,14.6,0,6665.8
C005424,North,Consumer,Paid Search,25,4,13.9,0,4151.28
C005425,West,Consumer,Organic,37,10,4.2,2,9155.54
C005426,East,Consumer,Organic,49,9,7.9,0,12703.69
C005427,West,SMB,Referral,27,13,11.4,1,33115.85
C005428,West,SMB,Paid Search,34,10,15.6,0,31105.67
C005429,West,Consumer,Organic,9,3,4.4,1,4725.48
C005430,East,SMB,Paid Search,32,9,11.0,1,16953.3
C005431,South,SMB,Paid Search,9,2,14.4,0,6684.5
C005432,South,SMB,Organic,23,5,4.3,0,17518.53
C005433,East,Enterprise,Organic,11,2,8.6,0,12705.2
C005434,South,SMB,Social,14,1,15.3,0,3397.01
C005435,East,Consumer,Social,53,9,17.4,0,9507.45
C005436,North,Consumer,Partner,19,1,11.1,0,1139.49
C005437,West,Consumer,Organic,23,4,1.1,1,5997.54
C005438,North,Consumer,Paid Search,33,9,12.4,1,10983.13
C005439,West,Enterprise,Organic,22,9,8.4,1,54682.59
C005440,North,Consumer,Referral,32,8,4.6,0,6756.55
C005441,North,Consumer,Organic,34,3,3.4,0,6042.73
C005442,West,Enterprise,Organic,13,6,8.6,0,61383.89
C005443,West,SMB,Referral,7,8,11.6,1,29939.09
C005444,East,Consumer,Paid Search,21,3,1.4,0,4782.72
C005445,West,Enterprise,Referral,14,11,10.6,1,80796.02
C005446,South,Consumer,Referral,36,15,0.0,1,23893.98
C005447,West,Consumer,Social,14,3,14.8,0,3559.05
C005448,South,Consumer,Paid Search,49,10,7.8,0,16951.84
C005449,South,Enterprise,Organic,50,21,3.4,0,208490.94
C005450,South,Consumer,Referral,46,12,7.3,0,17138.18
C005451,North,Consumer,Organic,30,7,6.6,0,10705.13
C005452,South,SMB,Organic,12,7,9.3,0,26423.21
C005453,East,SMB,Paid Search,16,8,8.0,1,19860.54
C005454,North,Consumer,Organic,30,4,8.5,0,4350.05
C005455,West,Consumer,Organic,18,9,4.2,0,14877.88
C005456,South,Enterprise,Referral,17,10,6.2,0,68672.49
C005457,North,SMB,Social,47,14,20.1,0,28545.63
C005458,East,Consumer,Organic,6,2,7.5,0,2639.34
C005459,North,Consumer,Referral,31,5,2.0,0,8318.1
C005460,North,Consumer,Partner,28,3,7.8,0,4228.86
C005461,East,SMB,Organic,22,7,2.8,1,15001.84
C005462,North,Consumer,Social,9,1,13.7,0,2259.5
C005463,North,SMB,Organic,16,5,4.6,0,12892.06
C005464,East,Consumer,Partner,22,3,9.4,0,4018.83
C005465,North,SMB,Organic,8,3,1.2,0,7911.5
C005466,West,Consumer,Organic,41,4,4.3,0,4995.95
C005467,West,SMB,Partner,20,1,6.8,0,2966.49
C005468,North,Consumer,Referral,19,7,8.2,0,8823.03
C005469,South,Consumer,Organic,32,11,4.8,0,17611.12
C005470,North,Consumer,Social,54,4,17.8,0,4325.64
C005471,East,Consumer,Partner,15,4,8.8,0,5059.27
C005472,North,Consumer,Paid Search,7,3,13.8,0,3338.48
C005473,West,SMB,Organic,58,14,5.7,1,51576.56
C005474,North,SMB,Organic,24,10,1.6,1,31332.27
C005475,East,Consumer,Partner,72,15,6.9,0,18385.84
C005476,North,Consumer,Organic,49,12,3.0,0,17402.56
C005477,North,Consumer,Paid Search,11,7,14.3,0,8345.01
C005478,South,SMB,Organic,18,10,7.6,0,31228.71
C005479,South,Consumer,Organic,2,1,4.8,0,2119.35
C005480,West,Consumer,Referral,12,3,7.4,0,3902.95
C005481,North,Consumer,Paid Search,6,3,7.3,0,4307.5
C005482,North,Consumer,Organic,12,7,3.8,1,8663.55
C005483,South,Consumer,Organic,4,1,0.0,0,1004.4
C005484,South,Consumer,Organic,10,2,7.4,0,3454.3
C005485,West,Consumer,Organic,12,1,11.7,0,1725.47
C005486,West,SMB,Organic,19,9,3.4,0,29879.08
C005487,West,Consumer,Social,5,3,15.7,0,6353.55
C005488,North,Consumer,Organic,43,7,6.3,0,9155.5
C005489,South,Consumer,Paid Search,12,6,8.6,0,7564.8
C005490,East,SMB,Referral,25,6,6.6,1,19173.31
C005491,South,Enterprise,Social,11,6,16.4,0,21237.329999999998
C005492,East,Consumer,Referral,20,7,7.5,0,10888.24
C005493,South,SMB,Partner,19,2,8.2,0,4881.04
C005494,South,Consumer,Organic,44,11,4.1,0,15135.44
C005495,West,Consumer,Organic,16,4,2.6,0,4417.97
C005496,South,SMB,Organic,17,3,7.0,0,13661.32
C005497,West,SMB,Organic,8,4,10.3,0,9402.3
C005498,South,Consumer,Partner,4,1,2.0,0,1270.32
C005499,North,Consumer,Referral,24,10,0.5,2,14617.09
C005500,South,Consumer,Social,24,9,11.4,1,13469.56
C005501,North,Consumer,Partner,22,6,6.7,1,9593.86
C005502,South,Enterprise,Social,37,14,14.2,1,109423.9
C005503,North,Consumer,Paid Search,19,3,12.4,0,3441.19
C005504,East,Enterprise,Partner,14,5,8.2,0,32441.49
C005505,West,Consumer,Paid Search,22,8,11.6,2,9871.89
C005506,South,SMB,Organic,17,7,8.8,0,27838.89
C005507,North,Enterprise,Referral,6,5,4.2,0,40663.53
C005508,South,SMB,Partner,39,16,10.7,0,53533.08
C005509,West,Consumer,Social,11,7,21.0,0,8352.74
C005510,South,Consumer,Paid Search,18,9,7.6,0,9521.85
C005511,North,Consumer,Partner,12,5,2.2,0,10188.43
C005512,South,Consumer,Paid Search,44,10,12.6,1,16196.2
C005513,South,Enterprise,Referral,13,10,8.9,0,92048.39
C005514,South,Consumer,Paid Search,48,11,12.1,0,10439.78
C005515,North,Consumer,Organic,11,5,0.0,1,7294.23
C005516,West,Consumer,Paid Search,31,5,6.9,0,9980.97
C005517,North,Consumer,Partner,17,6,6.5,0,10904.19
C005518,North,Consumer,Partner,5,2,9.2,0,2607.97
C005519,North,Consumer,Organic,47,10,3.9,0,18396.16
C005520,South,SMB,Organic,10,2,5.6,0,8529.14
C005521,South,Consumer,Organic,14,4,5.6,1,6040.79
C005522,South,Consumer,Social,23,7,17.8,0,12357.64
C005523,South,Consumer,Referral,7,2,3.5,0,4107.92
C005524,East,Consumer,Referral,11,1,7.3,0,1480.04
C005525,South,Consumer,Organic,16,2,9.3,0,3609.07
C005526,West,SMB,Organic,4,3,2.6,0,7729.41
C005527,South,Consumer,Partner,22,10,6.1,1,18126.96
C005528,North,SMB,Referral,6,2,7.3,0,5424.07
C005529,West,Consumer,Organic,30,5,1.8,0,6453.95
C005530,West,Consumer,Organic,40,11,1.5,0,23130.81
C005531,South,Enterprise,Organic,32,18,4.0,0,157804.62
C005532,West,Enterprise,Organic,35,19,4.3,1,170075.26
C005533,South,Consumer,Organic,16,4,7.3,0,6293.09
C005534,South,Enterprise,Social,6,4,12.3,1,24025.42
C005535,West,SMB,Organic,39,14,5.1,1,39447.98
C005536,East,Consumer,Paid Search,11,4,15.7,0,5313.96
C005537,South,Consumer,Referral,18,4,10.5,0,5924.01
C005538,East,Consumer,Paid Search,9,1,11.7,0,1110.81
C005539,South,Consumer,Paid Search,8,1,12.6,0,1541.57
C005540,North,Enterprise,Partner,23,7,5.3,1,69849.07
C005541,West,Consumer,Organic,20,3,5.9,0,3206.52
C005542,South,Consumer,Social,5,3,19.6,0,3897.36
C005543,South,Consumer,Organic,12,1,8.9,0,1508.95
C005544,South,Consumer,Organic,59,10,4.9,0,22354.03
C005545,South,SMB,Organic,28,11,6.0,0,43433.32
C005546,South,Consumer,Referral,11,7,4.8,0,8342.73
C005547,West,Consumer,Paid Search,14,6,9.2,0,11217.41
C005548,East,Consumer,Social,20,1,13.9,0,1127.83
C005549,East,SMB,Organic,14,5,5.8,0,9217.0
C005550,South,SMB,Referral,45,18,9.2,1,41228.67
C005551,South,SMB,Organic,27,9,4.8,0,37151.91
C005552,North,Consumer,Organic,32,6,6.3,0,9235.56
C005553,South,Consumer,Referral,34,9,0.0,0,12199.47
C005554,North,SMB,Organic,27,9,5.5,1,35017.77
C005555,East,SMB,Paid Search,29,9,10.1,0,25178.06
C005556,West,Consumer,Referral,44,11,3.2,1,15933.38
C005557,South,SMB,Social,30,11,16.4,1,32216.89
C005558,South,Consumer,Social,7,1,19.3,0,1117.35
C005559,East,Consumer,Organic,54,9,5.0,0,17216.36
C005560,North,Enterprise,Organic,3,1,7.6,0,6195.18
C005561,West,Consumer,Paid Search,26,5,10.7,0,5434.95
C005562,South,Enterprise,Organic,21,14,11.2,1,120854.35
C005563,North,Consumer,Paid Search,13,1,7.3,0,2473.96
C005564,North,Enterprise,Paid Search,34,18,11.7,0,101988.07
C005565,West,Consumer,Paid Search,17,2,14.3,0,3177.64
C005566,South,SMB,Referral,27,10,6.9,0,31154.83
C005567,East,SMB,Organic,7,5,9.1,0,13292.04
C005568,North,Consumer,Organic,38,9,0.0,0,16964.14
C005569,North,Consumer,Organic,36,3,4.7,0,3739.12
C005570,West,Consumer,Organic,19,5,4.3,0,7157.84
C005571,North,Consumer,Social,9,1,14.7,0,1114.72
C005572,North,Enterprise,Organic,40,15,0.3,0,168248.95
C005573,South,Consumer,Organic,4,3,4.1,0,6122.51
C005574,West,SMB,Partner,20,4,7.0,0,9358.77
C005575,South,Consumer,Paid Search,15,5,12.7,0,7772.44
C005576,North,Consumer,Organic,25,9,8.3,1,15268.41
C005577,West,Enterprise,Social,15,9,15.3,0,49500.31
C005578,East,Consumer,Referral,35,6,8.3,0,9804.55
C005579,West,Consumer,Partner,7,2,11.8,0,2742.34
C005580,East,Consumer,Partner,40,10,11.6,0,10899.31
C005581,East,Consumer,Referral,17,3,0.0,0,5355.2
C005582,South,Consumer,Organic,13,3,7.4,0,5746.96
C005583,South,SMB,Paid Search,25,7,14.4,0,15038.59
C005584,East,Consumer,Organic,33,4,4.2,0,5975.69
C005585,East,SMB,Referral,16,7,5.6,0,20443.71
C005586,West,Consumer,Partner,17,3,4.6,0,2914.48
C005587,South,Consumer,Organic,10,5,0.0,0,9229.9
C005588,South,Consumer,Partner,3,3,10.5,0,4079.72
C005589,South,Consumer,Referral,12,1,9.3,0,1875.65
C005590,East,SMB,Organic,19,4,4.7,1,8674.14
C005591,South,Consumer,Partner,14,6,10.1,0,9121.11
C005592,West,Consumer,Referral,15,4,10.1,0,5088.61
C005593,South,Consumer,Paid Search,7,2,6.6,0,2714.21
C005594,North,Consumer,Paid Search,8,4,12.7,0,3381.54
C005595,South,Consumer,Organic,7,5,4.3,0,9770.43
C005596,East,Consumer,Organic,20,4,6.3,0,6381.84
C005597,West,Consumer,Referral,26,5,7.6,1,7382.13
C005598,South,Consumer,Partner,20,6,10.3,0,9563.56
C005599,South,SMB,Referral,27,8,2.3,0,22272.72
C005600,South,SMB,Social,8,4,18.9,0,13272.65
C005601,South,Consumer,Social,19,5,13.4,0,7505.58
C005602,North,Consumer,Organic,13,1,4.6,0,1448.96
C005603,West,SMB,Social,17,5,9.7,0,19088.33
C005604,West,Consumer,Social,5,1,14.7,0,1035.65
C005605,South,Consumer,Paid Search,7,5,11.9,0,4928.94
C005606,South,Consumer,Paid Search,19,3,11.8,0,4771.98
C005607,North,Consumer,Social,10,1,12.8,0,1254.52
C005608,South,Consumer,Partner,11,3,4.3,0,3775.04
C005609,South,Consumer,Partner,16,6,9.9,0,9232.13
C005610,East,Consumer,Paid Search,26,7,6.8,2,9471.27
C005611,North,Consumer,Social,33,8,17.4,0,11817.67
C005612,East,Consumer,Paid Search,4,3,17.1,0,2692.82
C005613,South,Consumer,Partner,12,7,14.7,0,9077.89
C005614,East,Consumer,Referral,21,5,3.7,0,6901.0
C005615,East,Consumer,Partner,25,3,9.8,0,4559.76
C005616,South,SMB,Partner,31,11,6.3,0,40802.03
C005617,South,Enterprise,Paid Search,24,11,15.7,1,78563.49
C005618,West,Consumer,Partner,11,4,9.2,0,6346.36
C005619,East,Consumer,Referral,21,3,6.1,0,3426.9
C005620,North,Consumer,Organic,19,5,2.3,1,6747.0
C005621,South,SMB,Organic,7,4,3.9,0,11918.5
C005622,South,Consumer,Referral,10,2,5.0,0,2756.94
C005623,East,Consumer,Organic,22,5,4.9,0,7435.59
C005624,East,SMB,Organic,31,8,5.1,0,24692.88
C005625,North,Enterprise,Referral,12,6,5.3,0,7867.17
C005626,East,Consumer,Organic,59,8,3.1,0,10835.41
C005627,East,Consumer,Paid Search,1,2,13.9,0,2152.63
C005628,East,Consumer,Social,18,1,17.1,0,927.85
C005629,North,SMB,Organic,19,11,2.6,0,25842.7
C005630,South,Consumer,Referral,35,12,6.8,1,26178.01
C005631,South,Consumer,Organic,11,1,2.4,0,1387.77
C005632,North,Consumer,Partner,12,5,15.8,1,7170.35
C005633,South,Consumer,Paid Search,12,7,9.2,2,11338.51
C005634,North,SMB,Social,34,9,15.8,0,17914.73
C005635,North,SMB,Social,38,12,16.3,1,32798.85
C005636,East,Enterprise,Partner,14,7,6.0,0,53398.58
C005637,South,SMB,Referral,9,6,4.4,0,18837.79
C005638,East,Consumer,Paid Search,9,1,11.2,0,1098.73
C005639,North,Consumer,Organic,6,5,2.4,0,7316.05
C005640,South,Consumer,Referral,41,10,7.6,0,16758.34
C005641,South,Consumer,Referral,18,4,4.5,0,5305.79
C005642,West,Consumer,Referral,33,9,7.4,0,17496.92
C005643,West,Consumer,Organic,15,6,0.0,0,10842.19
C005644,South,Consumer,Referral,65,9,4.6,0,8756.67
C005645,East,SMB,Paid Search,29,1,10.7,0,2305.4
C005646,South,Consumer,Referral,23,7,10.0,0,15914.72
C005647,South,Consumer,Referral,26,5,1.5,0,8728.58
C005648,North,SMB,Paid Search,8,1,15.0,0,2205.87
C005649,South,Consumer,Referral,13,3,9.0,1,5119.25
C005650,North,Consumer,Paid Search,33,14,6.6,0,12840.62
C005651,West,Consumer,Social,19,1,16.6,1,1386.12
C005652,South,SMB,Social,27,12,12.2,0,31450.91
C005653,South,SMB,Organic,15,4,6.7,0,12421.69
C005654,South,Consumer,Organic,17,1,6.9,0,1177.33
C005655,South,Consumer,Referral,39,8,9.4,0,10972.77
C005656,North,Consumer,Social,21,1,13.3,0,771.39
C005657,West,Consumer,Organic,21,1,7.0,0,1294.24
C005658,West,SMB,Paid Search,17,4,16.6,0,10766.13
C005659,North,SMB,Paid Search,13,2,11.1,0,6664.92
C005660,East,SMB,Social,15,4,14.5,0,15116.09
C005661,South,Enterprise,Organic,19,12,7.1,2,88485.27
C005662,North,Consumer,Social,40,6,6.5,1,9310.66
C005663,South,Enterprise,Referral,19,13,4.1,0,108991.78
C005664,North,Consumer,Social,35,6,18.0,0,6951.39
C005665,North,Consumer,Partner,9,2,8.5,0,2794.22
C005666,East,SMB,Paid Search,25,2,11.4,0,4634.98
C005667,South,SMB,Referral,3,3,4.2,0,13778.29
C005668,West,Enterprise,Social,10,12,15.1,0,85660.45
C005669,East,Consumer,Social,11,5,13.4,0,4650.39
C005670,West,Consumer,Referral,13,3,1.8,0,4813.45
C005671,East,SMB,Organic,35,6,8.9,0,11905.44
C005672,West,Consumer,Partner,4,6,5.9,0,8260.05
C005673,South,Consumer,Organic,38,9,4.2,0,17585.08
C005674,South,Consumer,Partner,3,1,2.7,0,1527.71
C005675,South,Consumer,Organic,14,3,3.4,0,5306.22
C005676,West,Consumer,Paid Search,15,9,15.0,0,11554.5
C005677,North,SMB,Partner,46,13,10.8,0,36652.34
C005678,South,Consumer,Referral,28,8,7.1,0,10668.51
C005679,East,SMB,Referral,57,14,5.1,0,42192.24
C005680,South,SMB,Paid Search,62,20,12.1,1,44572.59
C005681,West,Consumer,Organic,35,7,6.5,0,8782.89
C005682,South,Consumer,Organic,10,7,0.5,0,11680.82
C005683,North,Consumer,Referral,24,5,7.8,0,8154.93
C005684,South,SMB,Paid Search,20,4,14.3,0,11801.19
C005685,South,Consumer,Organic,12,5,4.8,0,8701.76
C005686,North,Consumer,Paid Search,34,7,11.9,0,7249.99
C005687,North,Enterprise,Partner,6,6,5.8,1,45097.8
C005688,North,Consumer,Social,9,2,15.9,0,2646.31
C005689,East,Consumer,Paid Search,4,1,16.8,0,1135.83
C005690,West,Enterprise,Partner,8,8,12.2,0,50495.67
C005691,South,Consumer,Paid Search,10,8,10.3,0,10003.08
C005692,North,Consumer,Paid Search,16,1,10.9,0,1301.81
C005693,South,Consumer,Paid Search,36,9,16.1,0,14465.63
C005694,West,SMB,Partner,12,3,9.8,0,12973.57
C005695,East,SMB,Organic,36,7,6.7,0,14178.57
C005696,South,SMB,Organic,61,15,0.0,0,50001.9
C005697,North,Enterprise,Partner,39,19,10.7,2,117620.75
C005698,West,Consumer,Social,9,2,14.2,0,2689.67
C005699,West,Consumer,Social,11,2,15.7,0,2458.59
C005700,North,Consumer,Social,36,10,12.9,0,14176.68
C005701,West,Enterprise,Referral,11,6,11.9,0,31700.06
C005702,North,Enterprise,Organic,19,9,2.1,0,70077.28
C005703,North,Consumer,Social,25,2,20.9,0,2425.07
C005704,East,SMB,Organic,30,6,5.1,0,16016.33
C005705,South,Consumer,Organic,21,9,4.5,1,15143.82
C005706,South,Consumer,Partner,7,4,5.4,0,6444.32
C005707,West,Consumer,Organic,14,7,3.4,0,13694.16
C005708,West,Enterprise,Organic,39,16,4.4,1,178114.43
C005709,North,Consumer,Paid Search,18,5,12.4,1,6300.85
C005710,East,Consumer,Social,53,12,16.6,2,12174.99
C005711,East,Enterprise,Partner,22,11,7.4,3,81114.09
C005712,South,Consumer,Organic,9,7,6.6,1,12679.02
C005713,West,Consumer,Paid Search,27,7,15.5,0,9393.71
C005714,East,SMB,Social,41,11,18.2,1,19541.08
C005715,North,Consumer,Referral,20,1,8.9,0,1655.52
C005716,North,Consumer,Organic,20,6,6.5,0,9106.79
C005717,West,Consumer,Paid Search,24,7,8.8,0,14293.55
C005718,West,SMB,Referral,26,11,7.6,0,27569.69
C005719,North,Consumer,Organic,11,1,1.7,0,1546.29
C005720,North,SMB,Social,4,2,18.1,0,5358.25
C005721,East,SMB,Organic,28,4,5.9,0,9718.33
C005722,North,Consumer,Social,18,1,18.4,0,1012.69
C005723,North,SMB,Referral,24,9,10.5,0,25563.22
C005724,West,SMB,Referral,16,9,8.3,0,23856.2
C005725,West,Enterprise,Social,24,16,13.0,0,124927.93
C005726,West,Consumer,Organic,9,4,0.0,1,6352.37
C005727,East,Consumer,Organic,14,8,6.6,0,8164.06
C005728,South,SMB,Referral,8,3,6.5,0,8486.6
C005729,West,Enterprise,Social,14,10,17.4,1,67929.37
C005730,South,Enterprise,Social,6,2,17.1,0,15711.8
C005731,South,Consumer,Paid Search,30,1,13.8,0,1564.04
C005732,West,Consumer,Social,45,8,15.7,1,11326.79
C005733,East,Consumer,Organic,6,2,0.0,0,3214.01
C005734,West,SMB,Organic,19,7,8.8,1,20749.29
C005735,North,SMB,Organic,16,5,1.2,0,22098.0
C005736,West,SMB,Partner,46,15,6.1,5,47970.14
C005737,East,Consumer,Referral,19,8,6.0,1,7775.55
C005738,East,Enterprise,Paid Search,38,17,12.1,3,105785.15
C005739,West,Consumer,Social,29,5,14.0,0,12828.16
C005740,South,Consumer,Organic,22,1,3.3,0,1220.43
C005741,East,Consumer,Organic,12,1,7.4,0,1375.59
C005742,East,Consumer,Organic,23,8,1.0,0,16799.73
C005743,West,SMB,Organic,8,2,3.8,0,4742.91
C005744,West,Consumer,Paid Search,14,5,5.7,0,10202.61
C005745,East,Consumer,Organic,3,3,1.9,0,5456.75
C005746,North,Consumer,Social,42,8,10.3,0,10209.53
C005747,North,Consumer,Social,21,5,17.2,1,4275.55
C005748,West,SMB,Partner,41,11,8.6,0,35913.01
C005749,West,Consumer,Organic,20,10,2.6,0,15132.98
C005750,West,Consumer,Referral,21,3,0.0,0,4570.89
C005751,North,Consumer,Organic,28,9,0.4,0,15443.96
C005752,South,SMB,Organic,18,9,1.7,0,29393.31
C005753,East,Consumer,Referral,16,5,5.9,0,4646.39
C005754,East,Consumer,Paid Search,14,3,14.3,0,3406.48
C005755,North,Consumer,Referral,9,1,,0,1576.3
C005756,East,Consumer,Social,14,1,10.9,0,1333.41
C005757,North,Consumer,Organic,36,6,0.0,0,11672.04
C005758,South,Consumer,Partner,13,5,8.0,1,5170.91
C005759,South,SMB,Organic,60,22,0.0,1,89229.9
C005760,North,Consumer,Partner,4,3,2.7,0,4073.09
C005761,North,Consumer,Referral,37,8,8.4,1,11457.11
C005762,West,Enterprise,Organic,15,11,9.6,0,106020.27
C005763,East,Consumer,Paid Search,26,1,12.2,0,1022.34
C005764,West,Consumer,Organic,9,1,4.1,0,1404.43
C005765,South,Consumer,Social,5,1,21.5,0,1455.58
C005766,South,Consumer,Organic,32,10,3.4,0,14215.11
C005767,South,Consumer,Social,41,5,13.4,0,7663.34
C005768,East,SMB,Paid Search,19,6,10.4,0,11747.43
C005769,South,Consumer,Partner,13,2,12.5,0,3692.32
C005770,East,SMB,Organic,18,6,6.6,0,17655.45
C005771,West,Enterprise,Referral,18,9,8.6,0,63237.58
C005772,West,Consumer,Social,15,5,16.0,0,8256.55
C005773,South,SMB,Organic,20,7,3.6,1,24313.22
C005774,South,Consumer,Organic,26,9,4.0,2,11819.65
C005775,South,Consumer,Referral,25,10,4.1,1,18212.73
C005776,North,SMB,Referral,12,8,5.8,1,26157.54
C005777,East,Consumer,Social,15,2,15.8,0,1661.07
C005778,South,Enterprise,Organic,8,4,4.4,0,22057.21
C005779,East,Consumer,Partner,24,5,10.4,0,5594.24
C005780,North,Consumer,Partner,10,8,8.8,0,9469.89
C005781,West,Consumer,Social,2,1,15.6,0,1513.66
C005782,West,Consumer,Organic,12,5,2.4,1,6746.11
C005783,South,Consumer,Organic,25,9,1.3,0,13030.21
C005784,West,Consumer,Partner,26,8,4.6,0,17322.5
C005785,South,Enterprise,Social,36,36,18.3,0,62616.66
C005786,East,Consumer,Referral,66,8,1.8,0,7844.13
C005787,West,Enterprise,Partner,18,7,8.6,0,75051.74
C005788,West,Consumer,Organic,16,4,5.6,0,8166.61
C005789,West,Consumer,Social,20,8,12.9,0,10712.9
C005790,South,SMB,Referral,14,9,6.9,0,25669.48
C005791,West,SMB,Social,7,3,15.5,0,5493.13
C005792,East,SMB,Social,7,5,11.5,0,9169.36
C005793,North,Enterprise,Paid Search,17,8,9.6,0,60373.49
C005794,North,Consumer,Organic,44,7,4.6,1,9155.11
C005795,East,Enterprise,Partner,13,3,7.7,0,3505.0199999999995
C005796,East,SMB,Social,29,7,10.7,0,18206.57
C005797,South,Consumer,Paid Search,39,9,12.0,0,18720.68
C005798,West,SMB,Partner,29,12,8.1,1,31006.5
C005799,East,Consumer,Paid Search,31,7,14.7,1,7197.45
C005800,South,Enterprise,Paid Search,7,6,11.7,0,48442.31
C005801,South,SMB,Partner,15,6,6.5,0,17645.53
C005802,East,Consumer,Referral,5,1,9.1,0,1729.77
C005803,East,Consumer,Partner,11,1,11.1,0,1158.98
C005804,South,Enterprise,Partner,7,3,3.6,1,32583.11
C005805,South,SMB,Referral,25,11,5.2,1,58002.8
C005806,East,SMB,Organic,7,3,0.0,0,11515.44
C005807,East,SMB,Social,7,1,11.9,0,2303.96
C005808,West,Consumer,Referral,17,8,11.2,0,10236.9
C005809,North,Consumer,Referral,3,6,3.5,0,7205.08
C005810,East,Consumer,Referral,62,14,8.1,1,17813.22
C005811,South,SMB,Organic,15,7,6.0,1,15909.66
C005812,North,Consumer,Organic,38,9,3.0,0,20585.34
C005813,East,Consumer,Referral,7,2,5.4,0,2300.47
C005814,East,Enterprise,Social,23,11,18.9,0,69088.0
C005815,South,Consumer,Paid Search,26,8,14.6,1,11957.87
C005816,West,SMB,Organic,8,5,11.4,0,11029.11
C005817,South,Consumer,Paid Search,30,9,4.1,0,17478.57
C005818,North,Consumer,Social,11,1,16.3,0,1386.72
C005819,South,Consumer,Organic,13,7,0.0,0,10987.32
C005820,South,SMB,Referral,8,5,6.6,0,16711.01
C005821,East,SMB,Social,31,5,14.0,0,11475.33
C005822,West,Consumer,Paid Search,22,6,8.3,0,8685.23
C005823,East,Consumer,Referral,21,5,4.9,1,5643.64
C005824,North,Consumer,Partner,21,1,6.8,0,1439.47
C005825,South,Consumer,Organic,22,4,6.0,0,6783.61
C005826,North,Consumer,Organic,11,1,1.3,0,1261.83
C005827,East,Consumer,Organic,29,3,2.5,0,4203.98
C005828,South,SMB,Social,9,6,16.3,0,11330.01
C005829,South,SMB,Partner,21,6,9.9,0,22989.0
C005830,West,Consumer,Referral,16,4,14.6,0,4233.93
C005831,East,SMB,Partner,12,6,8.2,1,10588.66
C005832,South,Consumer,Social,17,4,16.6,0,5005.8
C005833,South,Enterprise,Organic,21,15,4.0,0,141712.66
C005834,East,Consumer,Organic,29,9,8.9,0,10492.1
C005835,South,Consumer,Referral,19,7,3.9,0,13139.85
C005836,North,SMB,Referral,34,11,6.5,0,29608.21
C005837,West,Consumer,Referral,11,5,7.5,0,7047.24
C005838,South,SMB,Referral,15,7,8.2,0,20805.17
C005839,South,Enterprise,Paid Search,26,17,14.5,0,192920.41
C005840,North,SMB,Paid Search,7,1,11.1,0,2478.44
C005841,South,Consumer,Referral,31,8,9.4,0,19974.11
C005842,South,Consumer,Social,7,4,10.5,0,8881.95
C005843,South,Consumer,Social,53,12,15.5,1,13350.35
C005844,South,Consumer,Paid Search,11,10,6.0,0,18894.17
C005845,South,Enterprise,Partner,50,26,7.0,1,202306.14
C005846,West,Consumer,Paid Search,30,2,19.2,0,2653.95
C005847,West,Consumer,Paid Search,6,2,12.5,0,2026.56
C005848,North,Consumer,Social,9,5,13.3,0,6474.87
C005849,North,Enterprise,Partner,6,2,9.2,0,27324.93
C005850,West,Enterprise,Partner,15,8,7.6,2,57239.22
C005851,West,Consumer,Organic,34,7,1.3,1,12858.49
C005852,West,Consumer,Organic,46,10,0.0,1,16455.3
C005853,North,SMB,Social,8,2,14.7,0,4691.8
C005854,South,Consumer,Social,7,5,14.1,0,9215.57
C005855,North,Enterprise,Referral,24,17,5.9,1,126509.62
C005856,West,Enterprise,Organic,6,3,7.2,0,25154.1
C005857,South,SMB,Referral,33,8,10.9,0,25165.25
C005858,South,Consumer,Organic,28,6,6.9,0,12001.23
C005859,South,SMB,Organic,19,11,3.8,1,32956.79
C005860,South,Enterprise,Referral,32,17,7.2,0,236541.28
C005861,East,Consumer,Organic,32,7,8.1,0,6190.1
C005862,North,SMB,Social,9,1,17.4,1,2241.98
C005863,East,Consumer,Referral,7,6,8.5,1,9682.16
C005864,East,Enterprise,Paid Search,18,8,10.3,0,49974.29
C005865,East,SMB,Paid Search,33,9,15.1,1,21778.73
C005866,South,Consumer,Partner,9,1,12.0,0,1221.38
C005867,West,Consumer,Referral,7,1,9.5,0,1094.14
C005868,East,Consumer,Partner,8,2,16.8,1,2065.79
C005869,North,Consumer,Paid Search,13,4,14.2,0,6105.69
C005870,North,Enterprise,Referral,1,5,10.4,0,34411.32
C005871,East,Consumer,Partner,10,1,9.9,0,1218.08
C005872,South,Enterprise,Organic,25,12,4.6,0,98716.1
C005873,North,Consumer,Organic,33,5,1.5,0,8631.15
C005874,North,SMB,Partner,63,18,5.7,0,37681.44
C005875,North,Enterprise,Paid Search,17,6,9.7,0,45909.04
C005876,South,SMB,Organic,12,5,1.4,0,15468.95
C005877,East,SMB,Partner,54,12,7.1,0,25579.71
C005878,North,Enterprise,Organic,19,9,5.0,0,94504.52
C005879,East,Consumer,Referral,19,2,10.6,0,1739.45
C005880,South,SMB,Social,40,11,11.4,0,35255.13
C005881,South,Consumer,Social,5,3,17.7,0,4548.17
C005882,South,Consumer,Paid Search,20,8,12.8,0,10847.04
C005883,West,Consumer,Organic,6,4,6.1,0,8900.14
C005884,West,SMB,Social,4,5,14.7,1,14929.67
C005885,South,SMB,Social,9,7,21.3,0,16054.78
C005886,North,Consumer,Organic,48,9,2.6,0,15157.6
C005887,South,Enterprise,Paid Search,5,10,10.3,2,77799.7
C005888,North,Consumer,Referral,13,5,7.4,1,6528.67
C005889,West,Enterprise,Organic,31,13,6.2,1,138984.91
C005890,North,Consumer,Social,10,1,15.7,0,1436.71
C005891,West,Consumer,Partner,62,13,7.9,1,23830.87
C005892,South,Consumer,Paid Search,18,7,13.6,0,6190.49
C005893,South,Consumer,Partner,4,1,9.8,0,1630.09
C005894,West,SMB,Social,9,1,14.9,0,3706.5
C005895,North,SMB,Social,5,5,20.5,0,9727.32
C005896,East,SMB,Partner,10,1,9.3,0,2587.69
C005897,North,Consumer,Paid Search,15,4,11.2,0,5202.84
C005898,West,Consumer,Partner,31,7,11.7,0,11483.76
C005899,South,Consumer,Organic,70,13,0.0,1,19652.21
C005900,North,Consumer,Paid Search,15,8,8.6,0,13139.35
C005901,West,Consumer,Referral,28,6,6.4,0,8533.6
C005902,North,Consumer,Organic,17,1,1.5,0,2601.21
C005903,North,SMB,Social,9,4,17.4,0,10899.89
C005904,West,Enterprise,Paid Search,11,3,14.3,0,37094.25
C005905,South,SMB,Paid Search,45,16,16.9,0,51091.48
C005906,West,Consumer,Referral,13,6,5.3,0,8485.16
C005907,East,Consumer,Organic,51,16,6.7,0,20788.34
C005908,East,Consumer,Organic,19,4,8.8,0,5444.43
C005909,South,Consumer,Organic,20,4,5.5,0,4031.94
C005910,North,Consumer,Partner,39,9,11.0,1,14900.04
C005911,West,Enterprise,Social,21,15,14.7,0,120849.51
C005912,North,Consumer,Referral,1,2,10.9,0,3050.04
C005913,South,Consumer,Referral,10,5,4.7,0,9102.58
C005914,South,Consumer,Referral,20,7,2.3,0,8911.22
C005915,South,Enterprise,Organic,22,14,3.9,0,130948.58
C005916,South,Consumer,Organic,22,2,4.7,0,3221.32
C005917,West,SMB,Referral,17,2,8.3,0,4606.34
C005918,East,Consumer,Organic,20,1,6.4,0,1727.49
C005919,West,Consumer,Partner,42,6,5.9,0,13224.63
C005920,South,SMB,Organic,14,3,2.0,0,9180.66
C005921,South,Consumer,Referral,17,10,11.9,0,16457.22
C005922,North,SMB,Paid Search,34,8,11.6,0,21424.39
C005923,East,Consumer,Social,35,7,13.6,0,7759.4
C005924,South,Consumer,Partner,7,2,9.0,0,2804.2
C005925,South,Consumer,Paid Search,3,2,9.1,0,2379.24
C005926,North,SMB,Organic,30,9,2.9,0,28771.78
C005927,West,SMB,Referral,24,5,9.4,0,12813.88
C005928,West,SMB,Organic,18,8,2.0,1,28392.59
C005929,West,Consumer,Organic,32,5,1.0,0,7264.15
C005930,North,Consumer,Referral,16,2,5.9,0,2271.78
C005931,West,Consumer,Organic,24,5,5.8,0,6579.38
C005932,South,Consumer,Organic,13,6,9.1,0,9824.14
C005933,South,Consumer,Paid Search,10,2,13.0,0,2721.58
C005934,South,Enterprise,Paid Search,15,10,13.5,1,68258.89
C005935,South,Consumer,Partner,5,3,4.9,0,6591.07
C005936,South,Consumer,Organic,9,4,5.6,1,4818.09
C005937,South,Enterprise,Paid Search,18,12,8.6,0,135035.01
C005938,South,Consumer,Social,24,3,17.7,0,5177.9
C005939,East,SMB,Social,39,10,15.3,0,27693.05
C005940,West,Consumer,Paid Search,17,2,11.8,0,3283.85
C005941,East,Consumer,Referral,10,1,8.5,0,1073.95
C005942,South,Consumer,Referral,7,2,5.5,0,2832.9
C005943,North,Consumer,Paid Search,37,6,10.5,0,12006.78
C005944,West,SMB,Organic,20,14,2.1,0,54121.08
C005945,North,Consumer,Referral,17,7,12.3,1,10332.38
C005946,South,Consumer,Organic,21,8,4.3,2,11447.98
C005947,North,Consumer,Paid Search,32,6,11.1,0,6806.97
C005948,East,Consumer,Referral,47,8,9.1,0,7905.84
C005949,South,Consumer,Organic,6,9,5.0,0,12477.02
C005950,East,SMB,Organic,16,3,0.0,0,7803.46
C005951,South,Consumer,Paid Search,30,8,18.1,1,11365.54
C005952,South,Consumer,Partner,6,7,6.6,0,13955.36
C005953,South,Consumer,Social,58,12,12.5,1,27020.24
C005954,North,Consumer,Paid Search,15,4,11.5,0,7298.69
C005955,South,Consumer,Paid Search,63,15,10.5,2,17506.1
C005956,East,SMB,Partner,5,1,6.5,0,2207.06
C005957,South,SMB,Referral,36,15,7.3,1,38577.36
C005958,North,SMB,Referral,11,1,1.4,0,3751.41
C005959,East,Consumer,Organic,19,6,7.2,0,8971.73
C005960,South,Consumer,Organic,28,8,7.9,1,11253.64
C005961,North,SMB,Organic,34,12,0.0,0,36002.87
C005962,North,Consumer,Social,25,5,16.4,0,6707.97
C005963,South,Consumer,Partner,18,6,5.4,1,10709.57
C005964,South,Enterprise,Organic,21,15,3.7,0,177438.74
C005965,East,Consumer,Social,72,9,16.1,2,10892.18
C005966,South,SMB,Partner,38,10,10.6,1,29017.66
C005967,East,Consumer,Partner,8,4,9.0,0,5471.34
C005968,South,Consumer,Paid Search,20,8,7.8,1,11968.69
C005969,East,Consumer,Organic,26,5,5.2,0,7109.75
C005970,West,Consumer,Partner,2,4,9.5,0,5633.95
C005971,South,Consumer,Organic,41,9,2.7,0,18809.69
C005972,North,SMB,Organic,9,7,2.5,0,27114.64
C005973,South,SMB,Organic,12,5,4.8,0,15486.23
C005974,West,Consumer,Referral,7,1,8.7,0,2234.57
C005975,West,Consumer,Organic,36,11,3.3,0,17891.32
C005976,South,Consumer,Referral,29,10,7.7,1,16987.04
C005977,East,Consumer,Partner,38,6,4.2,0,10606.54
C005978,South,SMB,Referral,49,15,7.8,0,70122.52
C005979,North,Consumer,Partner,22,6,2.5,1,11384.7
C005980,East,Enterprise,Partner,13,4,8.9,1,30520.74
C005981,South,Consumer,Social,22,7,17.6,0,9044.42
C005982,South,Consumer,Referral,12,3,6.5,0,5053.61
C005983,West,SMB,Partner,28,9,9.7,1,29580.85
C005984,South,Consumer,Referral,42,5,7.7,1,8483.7
C005985,East,Consumer,Organic,10,1,0.9,0,1309.91
C005986,South,Consumer,Partner,23,7,4.5,0,9712.76
C005987,North,SMB,Referral,18,9,5.9,1,27090.15
C005988,South,Consumer,Partner,19,5,7.6,1,6832.32
C005989,West,Consumer,Paid Search,36,10,9.7,2,10376.53
C005990,South,Consumer,Paid Search,26,3,8.3,0,3875.58
C005991,North,Consumer,Social,16,3,6.4,0,3921.42
C005992,East,Enterprise,Referral,17,9,12.0,1,52657.35
C005993,West,Consumer,Paid Search,20,5,17.1,0,6929.08
C005994,West,Consumer,Partner,20,7,5.5,0,8214.96
C005995,South,Consumer,Referral,20,5,2.7,0,6463.97
C005996,South,Consumer,Organic,32,7,9.4,1,13631.74
C005997,South,Enterprise,Referral,7,8,0.6,0,90699.06
C005998,West,Consumer,Organic,27,5,8.1,0,7784.23
C005999,West,SMB,Paid Search,29,7,13.9,0,25401.67
C006000,West,Consumer,Organic,61,14,4.0,1,18550.71
C006001,South,SMB,Organic,18,5,9.2,1,17540.68
C006002,North,Consumer,Partner,26,9,6.0,1,12328.56
C006003,South,Consumer,Organic,36,4,7.5,1,8293.67
C006004,North,Consumer,Social,26,5,14.3,0,6789.07
C006005,North,Consumer,Referral,3,6,3.4,0,7348.32
C006006,South,Enterprise,Organic,4,9,11.1,1,99046.8
C006007,East,SMB,Partner,17,5,5.9,0,11824.73
C006008,West,Consumer,Organic,19,7,3.7,0,8451.35
C006009,West,Consumer,Referral,24,8,9.4,0,15594.02
C006010,West,SMB,Social,6,2,18.7,0,5861.21
C006011,East,Consumer,Social,29,7,11.0,0,7124.0
C006012,East,Consumer,Paid Search,7,1,16.3,0,1114.33
C006013,North,SMB,Social,26,4,15.0,0,10000.9
C006014,East,Consumer,Partner,9,4,7.7,0,4196.55
C006015,North,Consumer,Paid Search,28,7,11.5,0,7880.24
C006016,North,Consumer,Referral,36,5,6.9,0,6891.02
C006017,North,Consumer,Paid Search,10,2,7.3,0,3407.81
C006018,West,SMB,Paid Search,25,5,13.2,0,16260.42
C006019,East,SMB,Paid Search,22,5,12.6,0,10640.01
C006020,West,Enterprise,Organic,10,5,3.9,0,50991.5
C006021,West,Consumer,Referral,6,4,7.6,0,7894.3
C006022,West,SMB,Organic,30,8,4.4,0,20423.93
C006023,North,Enterprise,Organic,55,21,4.8,0,198102.57
C006024,West,Consumer,Paid Search,16,8,13.3,1,11027.78
C006025,West,Enterprise,Organic,3,5,4.3,0,40702.55
C006026,West,Enterprise,Referral,2,5,4.7,0,42941.15
C006027,North,SMB,Referral,20,8,9.3,0,25771.98
C006028,North,Enterprise,Organic,5,7,1.8,0,45690.16
C006029,West,Consumer,Organic,4,3,8.2,1,4366.69
C006030,North,Consumer,Organic,10,4,4.0,0,5388.09
C006031,South,Enterprise,Referral,29,17,9.6,1,145230.63
C006032,South,SMB,Organic,27,9,9.3,0,26126.81
C006033,North,Consumer,Social,30,9,14.8,0,9961.08
C006034,North,Consumer,Referral,13,3,9.6,0,5969.66
C006035,West,Consumer,Paid Search,13,4,13.9,1,3234.4
C006036,West,SMB,Organic,37,12,5.5,0,40296.1
C006037,West,Consumer,Paid Search,15,5,13.8,0,7670.01
C006038,South,Consumer,Paid Search,6,1,11.2,0,1497.94
C006039,South,Consumer,Paid Search,10,4,16.9,0,5835.44
C006040,South,Consumer,Partner,31,5,8.3,0,8646.72
C006041,South,Enterprise,Organic,25,15,2.8,0,123499.09
C006042,North,Consumer,Organic,17,6,3.7,0,8108.08
C006043,East,Consumer,Social,5,6,17.7,0,6299.25
C006044,West,Consumer,Partner,25,7,5.2,1,11575.74
C006045,South,SMB,Paid Search,14,8,17.7,0,24242.99
C006046,South,Consumer,Referral,6,1,10.9,0,1199.93
C006047,South,Consumer,Organic,30,9,1.3,0,14584.18
C006048,North,Consumer,Social,15,1,17.3,0,1105.86
C006049,South,Enterprise,Referral,20,15,4.1,0,112416.49
C006050,South,SMB,Paid Search,41,11,9.5,0,30135.26
C006051,South,SMB,Paid Search,23,6,10.6,0,14272.42
C006052,South,Consumer,Paid Search,29,9,9.8,0,9418.29
C006053,West,Enterprise,Social,19,14,17.2,0,106117.79
C006054,South,SMB,Organic,33,14,5.8,0,52988.47
C006055,North,Consumer,Referral,7,1,8.3,0,1304.48
C006056,North,Enterprise,Organic,5,2,5.0,0,19589.94
C006057,North,SMB,Social,7,2,13.4,0,6114.48
C006058,South,SMB,Organic,14,6,3.4,0,16210.26
C006059,West,SMB,Partner,29,9,11.3,3,21499.07
C006060,West,Consumer,Paid Search,12,1,11.0,0,1061.04
C006061,East,Consumer,Paid Search,28,9,16.2,0,10762.5
C006062,South,Consumer,Paid Search,20,9,10.1,0,14901.86
C006063,North,Consumer,Referral,62,17,7.1,0,23848.44
C006064,South,Consumer,Paid Search,21,2,12.9,0,2480.62
C006065,South,Consumer,Paid Search,11,2,15.5,0,2763.82
C006066,West,Enterprise,Organic,26,14,7.9,1,133099.54
C006067,South,Consumer,Paid Search,19,5,12.9,0,8141.88
C006068,South,SMB,Social,7,3,15.2,0,9364.51
C006069,South,Consumer,Organic,16,3,2.3,0,5182.57
C006070,North,Consumer,Social,16,1,14.4,0,1624.33
C006071,West,Consumer,Partner,17,9,14.8,0,9990.16
C006072,North,Consumer,Referral,8,1,4.1,0,1281.56
C006073,North,Consumer,Organic,56,7,3.3,0,8467.56
C006074,North,Consumer,Referral,5,1,2.9,0,1349.98
C006075,West,SMB,Social,42,13,12.8,0,48103.07
C006076,South,Consumer,Paid Search,18,4,8.5,0,5213.82
C006077,East,Consumer,Organic,9,3,1.3,0,3463.21
C006078,South,Consumer,Paid Search,50,10,13.0,1,10257.98
C006079,North,Consumer,Paid Search,1,1,14.2,0,1468.05
C006080,West,Consumer,Organic,9,3,6.1,0,4422.12
C006081,North,Consumer,Organic,16,8,1.9,0,15594.1
C006082,North,SMB,Referral,10,8,1.9,0,31228.17
C006083,South,SMB,Paid Search,17,6,5.9,0,14942.08
C006084,North,SMB,Organic,27,10,1.3,0,29259.13
C006085,North,SMB,Partner,6,3,4.9,0,11053.75
C006086,West,Consumer,Organic,22,7,3.6,0,9191.12
C006087,South,Consumer,Organic,29,8,5.8,0,15160.6
C006088,South,Consumer,Organic,7,5,3.8,1,4834.07
C006089,South,Consumer,Organic,20,8,9.8,0,11783.93
C006090,East,Consumer,Referral,16,5,13.9,0,5134.69
C006091,North,Consumer,Organic,8,3,4.7,0,5312.63
C006092,North,Enterprise,Partner,9,8,2.3,0,61679.89
C006093,East,Consumer,Partner,9,2,6.4,0,2981.51
C006094,East,Consumer,Paid Search,13,2,11.2,0,2666.19
C006095,West,Enterprise,Social,13,4,17.1,0,25487.03
C006096,South,Consumer,Referral,43,12,3.0,0,22975.66
C006097,North,Consumer,Social,23,7,10.1,1,10541.18
C006098,South,Consumer,Organic,23,2,5.8,0,2302.01
C006099,East,Consumer,Referral,20,3,5.4,0,4260.42
C006100,North,Enterprise,Organic,21,12,3.3,0,89897.7
C006101,South,SMB,Organic,24,9,2.4,0,31871.36
C006102,North,Consumer,Partner,7,2,6.8,0,2946.38
C006103,West,Consumer,Organic,17,7,5.6,0,12762.62
C006104,West,Consumer,Paid Search,9,2,4.8,0,3631.61
C006105,South,Consumer,Organic,34,10,5.0,0,13425.23
C006106,West,Consumer,Partner,12,1,10.1,0,1279.39
C006107,West,Consumer,Paid Search,24,6,13.3,0,7803.56
C006108,North,SMB,Organic,27,5,11.3,1,16497.78
C006109,South,SMB,Referral,22,5,5.7,0,14378.34
C006110,East,Enterprise,Organic,20,8,4.7,0,62295.78
C006111,North,SMB,Organic,18,7,8.8,1,22987.06
C006112,South,Consumer,Referral,28,7,7.2,0,10836.09
C006113,South,SMB,Partner,10,3,12.5,0,12264.5
C006114,West,Enterprise,Social,23,14,17.5,0,92602.18
C006115,South,Consumer,Organic,4,3,5.4,0,5221.45
C006116,East,Consumer,Paid Search,11,5,12.0,0,6435.06
C006117,South,Consumer,Social,12,2,14.3,0,2903.16
C006118,North,Enterprise,Organic,5,8,4.9,0,42236.75
C006119,West,Enterprise,Social,20,15,12.5,0,110949.95
C006120,North,SMB,Paid Search,10,6,14.0,0,10932.15
C006121,North,Consumer,Partner,38,9,13.7,0,10555.14
C006122,South,Enterprise,Paid Search,15,11,6.6,0,94662.69
C006123,East,Consumer,Partner,27,6,11.5,2,11365.38
C006124,South,Consumer,Paid Search,34,5,12.7,0,8378.15
C006125,North,Consumer,Social,25,4,18.1,0,3999.75
C006126,South,SMB,Organic,13,5,3.2,0,16626.08
C006127,South,SMB,Referral,18,5,6.5,1,16785.95
C006128,North,Consumer,Paid Search,5,5,15.8,0,6443.62
C006129,South,Consumer,Organic,27,8,4.9,0,12599.66
C006130,North,Consumer,Paid Search,63,17,14.5,0,19514.21
C006131,South,Consumer,Organic,32,10,3.2,0,17167.67
C006132,East,SMB,Partner,13,1,7.4,0,2634.37
C006133,East,Consumer,Social,14,6,16.5,0,7748.07
C006134,South,Consumer,Social,33,7,16.2,0,11448.0
C006135,South,Consumer,Paid Search,6,6,14.5,0,9946.56
C006136,South,SMB,Organic,11,9,4.0,2,29130.04
C006137,West,SMB,Paid Search,11,8,12.0,0,21469.01
C006138,North,Consumer,Organic,3,4,7.9,0,6409.43
C006139,North,Consumer,Referral,24,6,11.3,0,6772.88
C006140,South,Enterprise,Social,13,9,12.5,2,44903.78
C006141,North,Consumer,Organic,13,8,8.6,1,7748.34
C006142,North,Consumer,Organic,20,5,2.7,0,5016.17
C006143,North,Consumer,Organic,5,1,5.6,0,1584.55
C006144,East,Enterprise,Paid Search,17,9,12.8,0,61651.04
C006145,East,SMB,Organic,5,5,3.5,0,15249.56
C006146,East,Consumer,Paid Search,24,8,11.5,0,10600.36
C006147,East,Consumer,Organic,36,4,0.0,0,6645.65
C006148,South,Consumer,Organic,27,10,7.2,0,19195.85
C006149,West,Consumer,Social,11,5,14.2,0,8162.91
C006150,East,Consumer,Partner,25,4,7.9,0,6034.05
C006151,West,Consumer,Organic,15,2,3.3,1,4226.99
C006152,East,Consumer,Organic,19,8,7.2,0,15199.07
C006153,South,Consumer,Organic,24,10,5.6,0,15810.56
C006154,South,Consumer,Social,1,5,11.6,0,9917.03
C006155,South,Consumer,Referral,4,1,6.7,0,1370.02
C006156,North,SMB,Referral,15,5,3.9,0,12970.2
C006157,South,Consumer,Referral,9,3,7.1,0,6406.88
C006158,North,SMB,Partner,17,9,10.0,0,24799.96
C006159,North,Enterprise,Organic,19,12,5.6,0,69007.32
C006160,West,Enterprise,Organic,11,6,6.3,0,39482.92
C006161,East,Consumer,Paid Search,14,4,15.2,0,3923.29
C006162,South,Consumer,Paid Search,8,5,9.5,0,5902.65
C006163,South,Consumer,Organic,21,8,3.7,1,14149.33
C006164,South,Consumer,Partner,29,12,2.6,0,16227.1
C006165,West,Consumer,Referral,5,6,5.9,0,8408.84
C006166,East,Consumer,Partner,28,9,6.2,1,10093.43
C006167,East,Consumer,Partner,23,3,10.0,0,2773.99
C006168,South,SMB,Referral,27,8,8.4,0,18583.06
C006169,South,Consumer,Partner,37,7,12.5,1,12127.12
C006170,East,Enterprise,Social,11,7,13.5,0,49450.33
C006171,West,SMB,Paid Search,33,9,13.2,0,12980.98
C006172,South,Consumer,Referral,37,11,9.2,1,14515.16
C006173,South,Consumer,Partner,5,4,14.9,0,6714.56
C006174,South,Consumer,Social,19,6,16.3,0,9277.34
C006175,South,Enterprise,Social,19,14,14.9,0,170396.22
C006176,West,SMB,Organic,39,10,5.4,0,28301.81
C006177,East,SMB,Social,72,14,16.4,0,34065.93
C006178,South,SMB,Paid Search,27,8,16.1,0,18563.86
C006179,South,Consumer,Referral,57,16,5.7,0,18271.73
C006180,South,Enterprise,Referral,10,12,4.9,0,114771.34
C006181,North,Enterprise,Referral,26,16,14.9,2,106989.46
C006182,South,SMB,Organic,17,6,1.6,0,33202.55
C006183,West,Consumer,Referral,24,8,9.6,0,10126.29
C006184,East,Consumer,Organic,28,2,,0,2328.08
C006185,North,Consumer,Organic,31,11,6.0,0,15763.42
C006186,East,Consumer,Organic,14,5,1.3,0,8041.15
C006187,East,Consumer,Referral,16,6,15.1,0,8160.91
C006188,South,SMB,Organic,29,6,5.5,0,13422.7
C006189,East,Enterprise,Paid Search,22,11,10.5,0,97818.07
C006190,East,Consumer,Partner,11,7,4.0,0,8780.39
C006191,West,Consumer,Paid Search,16,5,6.0,0,4332.24
C006192,North,Consumer,Partner,35,7,10.1,0,9444.48
C006193,North,Enterprise,Paid Search,8,5,9.5,1,31375.21
C006194,South,SMB,Organic,17,5,4.2,0,20027.45
C006195,North,Consumer,Social,6,2,13.2,0,2789.98
C006196,South,Consumer,Paid Search,37,6,13.6,0,10607.2
C006197,West,Consumer,Partner,72,16,9.2,0,29052.86
C006198,North,Consumer,Organic,43,12,7.3,0,15228.98
C006199,South,Consumer,Social,12,3,17.4,0,4298.15
C006200,West,Consumer,Paid Search,12,4,9.9,0,7125.22
C006201,South,Consumer,Social,36,9,11.0,1,13817.9
C006202,South,Consumer,Organic,33,9,4.6,0,12015.28
C006203,South,Consumer,Referral,47,14,8.6,1,28184.85
C006204,North,SMB,Organic,18,7,5.3,0,19987.64
C006205,North,Consumer,Social,7,5,9.4,1,5805.09
C006206,East,Consumer,Organic,18,5,5.2,0,9386.33
C006207,South,Enterprise,Paid Search,16,13,9.0,0,75562.3
C006208,South,Consumer,Referral,66,16,7.1,1,21464.33
C006209,North,Consumer,Paid Search,28,7,14.9,1,7966.9
C006210,West,Consumer,Social,4,4,7.5,0,6945.53
C006211,North,SMB,Referral,29,9,11.5,0,22277.39
C006212,East,Consumer,Organic,37,8,1.9,0,9238.48
C006213,South,Consumer,Social,33,6,18.0,1,10001.96
C006214,South,Consumer,Paid Search,32,4,14.5,0,6597.85
C006215,South,SMB,Referral,22,9,6.1,2,26329.18
C006216,North,SMB,Organic,16,4,6.4,0,11768.54
C006217,South,SMB,Paid Search,7,9,9.9,0,21358.42
C006218,East,Consumer,Social,49,7,9.8,0,8142.29
C006219,North,Consumer,Partner,26,8,11.4,1,10484.02
C006220,South,Consumer,Partner,12,2,6.0,0,2394.29
C006221,South,Consumer,Social,20,6,20.4,0,5661.4
C006222,North,Consumer,Organic,7,1,7.6,0,1279.77
C006223,South,Consumer,Paid Search,20,3,9.5,0,5532.46
C006224,North,SMB,Organic,41,13,6.8,0,40820.47
C006225,South,Consumer,Referral,29,7,8.6,0,9363.97
C006226,North,Consumer,Organic,36,9,10.2,0,20367.83
C006227,South,Enterprise,Partner,35,23,6.5,1,162268.84
C006228,South,SMB,Organic,25,5,4.3,0,17625.87
C006229,South,Consumer,Organic,17,8,6.3,1,11127.1
C006230,South,Enterprise,Social,14,7,15.1,0,70834.17
C006231,West,Consumer,Organic,47,9,0.8,0,13745.35
C006232,South,SMB,Organic,27,6,8.0,1,17366.03
C006233,West,Consumer,Referral,25,2,11.8,0,3368.96
C006234,South,Consumer,Partner,27,2,8.5,0,2921.32
C006235,South,Enterprise,Organic,15,9,1.2,0,96377.0
C006236,North,Consumer,Paid Search,24,5,11.7,0,6478.86
C006237,South,SMB,Organic,11,4,2.3,0,7626.48
C006238,East,Consumer,Referral,13,1,6.2,0,1948.98
C006239,West,Consumer,Paid Search,29,2,12.6,0,3053.84
C006240,South,Enterprise,Referral,26,15,9.0,1,119983.49
C006241,East,Consumer,Paid Search,30,8,16.2,0,11889.59
C006242,North,SMB,Partner,33,10,9.9,1,22277.22
C006243,North,SMB,Referral,15,10,3.8,0,24051.4
C006244,West,Consumer,Referral,19,5,9.0,0,5400.24
C006245,North,Consumer,Paid Search,29,7,11.1,0,8967.9
C006246,North,Consumer,Paid Search,10,3,11.5,1,3489.09
C006247,West,Consumer,Paid Search,1,1,12.0,0,1307.8
C006248,West,Consumer,Referral,5,2,7.4,0,2174.17
C006249,East,Consumer,Organic,13,5,8.0,0,5413.87
C006250,South,SMB,Organic,15,8,6.5,0,27036.94
C006251,West,Consumer,Paid Search,24,6,8.4,1,11374.72
C006252,North,SMB,Organic,38,15,0.5,1,45176.54
C006253,South,Consumer,Organic,16,6,7.0,0,8334.23
C006254,South,Consumer,Referral,12,5,8.6,0,8553.02
C006255,West,Consumer,Social,7,6,18.8,0,9710.92
C006256,West,Consumer,Organic,11,1,4.7,0,1878.86
C006257,East,Consumer,Social,11,6,15.8,0,7554.79
C006258,North,Consumer,Organic,21,2,6.4,0,2415.05
C006259,South,SMB,Partner,11,4,3.3,0,12624.39
C006260,South,SMB,Referral,15,2,2.2,0,6775.72
C006261,West,Consumer,Paid Search,14,4,14.2,1,3308.7
C006262,North,SMB,Referral,19,10,8.1,1,27721.8
C006263,North,Enterprise,Paid Search,28,11,16.0,1,110888.74
C006264,East,Consumer,Paid Search,24,4,17.5,0,3919.87
C006265,South,Enterprise,Paid Search,9,6,11.1,0,34690.51
C006266,West,Consumer,Partner,13,3,6.9,0,3850.51
C006267,North,SMB,Partner,31,7,3.9,1,17538.48
C006268,West,Consumer,Referral,36,8,8.6,1,14355.56
C006269,North,SMB,Social,6,7,8.8,0,32431.99
C006270,North,SMB,Organic,5,1,2.1,0,3029.92
C006271,South,Enterprise,Referral,48,26,7.9,1,188794.02
C006272,South,Enterprise,Paid Search,7,7,10.0,0,46240.2
C006273,South,Consumer,Paid Search,10,2,11.9,0,3573.2
C006274,North,SMB,Partner,15,6,7.4,1,19263.24
C006275,North,Consumer,Social,10,2,11.7,0,3348.48
C006276,East,Consumer,Partner,10,4,1.8,0,4771.02
C006277,North,Consumer,Referral,10,3,9.1,1,5668.72
C006278,East,Enterprise,Paid Search,21,6,11.5,0,42062.32
C006279,East,SMB,Social,5,1,16.0,0,1966.62
C006280,North,Consumer,Organic,31,1,4.8,0,947.15
C006281,East,Enterprise,Partner,6,3,7.8,0,19092.63
C006282,South,SMB,Organic,45,17,5.5,1,47725.43
C006283,South,Consumer,Social,13,2,14.4,0,2280.17
C006284,North,Consumer,Social,12,3,14.0,1,4232.11
C006285,West,SMB,Organic,4,1,2.0,0,2687.7
C006286,South,SMB,Organic,3,1,12.4,0,2389.82
C006287,South,Consumer,Paid Search,18,11,15.0,0,12842.23
C006288,West,Consumer,Organic,4,1,9.5,0,1073.14
C006289,South,Consumer,Partner,10,1,11.8,0,1298.23
C006290,West,Consumer,Organic,27,4,4.2,0,5411.79
C006291,East,Consumer,Paid Search,20,4,11.5,0,4550.58
C006292,West,Consumer,Organic,14,2,5.0,0,3230.12
C006293,West,Consumer,Organic,19,5,3.9,0,10279.04
C006294,West,Consumer,Organic,27,4,7.6,0,7124.72
C006295,North,Consumer,Partner,13,2,5.6,0,2071.51
C006296,West,Consumer,Social,31,5,11.8,0,8304.87
C006297,West,Consumer,Partner,18,4,4.1,0,7502.54
C006298,East,Enterprise,Paid Search,35,16,11.0,0,126759.38
C006299,South,Consumer,Organic,19,7,3.6,1,10172.72
C006300,West,Consumer,Organic,6,6,3.1,2,12273.14
C006301,North,Consumer,Paid Search,10,1,12.3,1,1099.27
C006302,South,SMB,Organic,17,4,1.5,1,16094.16
C006303,South,Consumer,Organic,72,14,7.2,1,26375.08
C006304,North,Consumer,Referral,9,3,3.7,0,4788.75
C006305,East,SMB,Organic,63,13,1.5,2,24130.5
C006306,North,SMB,Referral,33,8,5.1,0,23715.44
C006307,East,Consumer,Referral,34,8,6.6,0,11914.64
C006308,West,Consumer,Social,27,9,17.6,0,11793.35
C006309,South,Enterprise,Paid Search,60,33,11.8,3,267704.32
C006310,East,Enterprise,Social,11,7,10.2,0,44622.32
C006311,North,SMB,Paid Search,32,8,13.5,0,18682.44
C006312,West,SMB,Organic,6,3,6.4,0,8678.41
C006313,West,SMB,Paid Search,11,7,10.3,0,25135.41
C006314,North,Enterprise,Organic,29,15,5.5,4,104676.26
C006315,East,Consumer,Paid Search,34,9,16.3,0,10999.96
C006316,South,Enterprise,Social,24,16,12.4,1,76529.98
C006317,South,SMB,Social,3,2,17.9,0,4878.06
C006318,East,Consumer,Organic,9,4,8.8,0,5680.31
C006319,South,Consumer,Organic,6,2,5.5,0,3813.19
C006320,East,Consumer,Organic,16,5,1.3,0,5333.11
C006321,South,SMB,Partner,5,6,11.9,0,18460.0
C006322,South,SMB,Paid Search,11,9,14.7,1,29604.12
C006323,West,Consumer,Paid Search,11,5,13.6,1,5786.63
C006324,North,Consumer,Organic,40,9,4.8,1,9190.07
C006325,South,Consumer,Social,12,7,18.5,0,7179.62
C006326,North,Consumer,Paid Search,62,10,9.4,0,9864.88
C006327,West,Consumer,Organic,13,7,7.6,0,11723.34
C006328,South,Consumer,Paid Search,26,7,11.0,0,10473.06
C006329,South,Consumer,Social,21,6,10.0,0,8159.61
C006330,South,Consumer,Paid Search,19,4,9.0,0,5015.35
C006331,South,Consumer,Partner,32,5,9.2,0,9317.19
C006332,West,Consumer,Partner,17,8,8.7,0,10999.62
C006333,South,Enterprise,Referral,11,9,8.3,1,82043.93
C006334,South,SMB,Partner,29,10,6.9,1,25545.56
C006335,East,SMB,Social,8,4,15.6,0,7180.98
C006336,South,Consumer,Paid Search,13,3,13.9,0,5205.62
C006337,South,Consumer,Social,32,4,22.1,0,5213.77
C006338,South,SMB,Referral,16,6,5.8,0,19245.83
C006339,North,Consumer,Referral,24,2,10.1,1,2870.45
C006340,East,Consumer,Referral,22,5,8.9,2,7472.55
C006341,West,Consumer,Social,12,7,15.4,1,11742.58
C006342,West,SMB,Partner,16,4,4.1,0,9636.83
C006343,West,Consumer,Paid Search,7,4,16.2,1,4998.4
C006344,South,Consumer,Referral,36,7,7.7,0,8651.39
C006345,South,Consumer,Referral,14,4,5.2,0,6466.56
C006346,East,Consumer,Partner,37,5,5.3,1,5898.21
C006347,West,Consumer,Paid Search,15,5,12.8,0,6435.17
C006348,East,SMB,Organic,26,11,2.2,1,27701.62
C006349,South,Enterprise,Organic,8,7,3.3,0,59732.37
C006350,East,Consumer,Organic,34,8,3.2,0,17273.83
C006351,East,Consumer,Organic,16,5,5.1,0,4340.74
C006352,West,Consumer,Paid Search,12,3,13.8,0,3941.36
C006353,East,Consumer,Organic,7,5,4.0,0,4792.03
C006354,South,SMB,Partner,72,22,7.4,2,69319.88
C006355,South,SMB,Paid Search,6,1,12.3,1,2175.45
C006356,South,Consumer,Paid Search,61,12,9.8,1,17590.87
C006357,South,SMB,Social,49,18,13.2,1,44445.33
C006358,West,Consumer,Paid Search,5,1,10.6,0,1742.6
C006359,South,Consumer,Social,17,5,15.9,0,5142.22
C006360,South,Enterprise,Social,16,10,19.8,0,57055.61
C006361,South,Consumer,Paid Search,17,5,8.3,0,6003.38
C006362,East,Consumer,Paid Search,22,7,12.7,1,8870.99
C006363,South,SMB,Paid Search,38,17,11.3,1,51740.28
C006364,North,Consumer,Paid Search,7,1,11.5,0,1247.37
C006365,West,Consumer,Referral,16,6,5.5,1,10117.43
C006366,South,Consumer,Paid Search,12,4,15.4,0,3537.36
C006367,South,Consumer,Paid Search,11,1,4.7,0,1492.63
C006368,North,Consumer,Paid Search,18,5,8.6,0,6806.41
C006369,South,Consumer,Organic,15,9,8.3,1,14063.17
C006370,East,Consumer,Organic,2,1,8.5,0,1247.28
C006371,West,Consumer,Referral,22,5,12.3,0,7238.31
C006372,North,Consumer,Organic,3,1,5.9,0,1538.9
C006373,West,SMB,Social,35,10,16.4,0,38749.12
C006374,East,Consumer,Partner,19,4,2.4,0,6062.01
C006375,South,Consumer,Social,14,9,15.0,0,9311.52
C006376,North,SMB,Paid Search,5,1,13.7,0,3052.94
C006377,South,Consumer,Paid Search,22,8,10.5,0,11433.67
C006378,West,Consumer,Referral,17,5,6.7,0,6535.09
C006379,South,Consumer,Referral,18,11,10.7,1,12098.06
C006380,South,Consumer,Partner,20,6,12.4,0,8153.35
C006381,East,Enterprise,Paid Search,27,11,12.8,0,76124.56
C006382,West,Consumer,Organic,22,7,4.8,1,12159.58
C006383,East,SMB,Paid Search,47,13,14.2,0,24092.31
C006384,East,Consumer,Partner,27,8,6.9,0,9225.52
C006385,North,Consumer,Referral,21,6,10.1,0,7307.21
C006386,West,Consumer,Partner,18,1,6.4,0,1311.83
C006387,South,Consumer,Social,8,4,17.3,1,4014.46
C006388,North,Consumer,Partner,5,3,7.9,0,3341.79
C006389,West,SMB,Referral,1,1,5.1,0,2806.63
C006390,North,Consumer,Partner,26,6,9.1,0,9250.95
C006391,North,SMB,Partner,17,1,6.8,0,2662.26
C006392,East,Enterprise,Social,28,13,18.0,0,64022.5
C006393,South,Consumer,Partner,45,13,5.0,0,19287.71
C006394,North,Enterprise,Referral,16,11,7.7,0,67148.03
C006395,East,Consumer,Social,6,4,12.8,0,5449.02
C006396,East,Consumer,Referral,33,4,10.6,0,6496.67
C006397,West,Consumer,Social,15,1,17.1,0,1327.08
C006398,North,Consumer,Social,11,5,14.9,0,7284.27
C006399,South,Consumer,Social,10,4,15.0,0,4850.37
C006400,West,Consumer,Paid Search,26,7,17.1,0,9544.02
C006401,North,SMB,Social,26,12,17.3,0,29323.26
C006402,North,Consumer,Partner,39,4,5.7,0,6842.49
C006403,North,SMB,Referral,7,8,9.8,0,19041.61
C006404,South,Consumer,Paid Search,7,1,10.3,0,1441.93
C006405,North,Consumer,Partner,20,7,8.5,0,7628.45
C006406,East,Consumer,Social,22,4,8.7,0,5545.57
C006407,West,Consumer,Paid Search,35,7,14.4,0,8219.87
C006408,North,Consumer,Referral,37,4,5.0,0,5286.96
C006409,East,SMB,Referral,19,4,6.4,0,8356.65
C006410,North,Consumer,Referral,38,9,2.8,0,12480.61
C006411,North,Consumer,Paid Search,17,5,12.5,0,7479.42
C006412,East,SMB,Organic,17,7,5.2,0,19002.6
C006413,South,SMB,Partner,15,4,,0,16123.7
C006414,West,Enterprise,Partner,7,7,8.1,0,49743.54
C006415,South,Consumer,Paid Search,4,2,11.2,0,2898.44
C006416,North,SMB,Partner,20,8,11.7,2,26338.39
C006417,South,Consumer,Paid Search,34,10,9.9,0,12172.73
C006418,North,SMB,Organic,11,3,6.4,0,10584.37
C006419,West,Consumer,Social,36,8,10.6,0,15109.97
C006420,East,Consumer,Organic,43,9,5.2,0,9137.48
C006421,South,Enterprise,Organic,13,11,6.1,1,155553.4
C006422,South,SMB,Partner,3,6,9.2,2,16839.16
C006423,East,Consumer,Referral,15,2,6.6,0,1780.41
C006424,West,Consumer,Organic,7,1,10.2,0,1123.59
C006425,North,SMB,Paid Search,34,13,10.9,2,33325.94
C006426,North,Consumer,Referral,20,1,8.4,0,1252.43
C006427,North,Consumer,Referral,3,4,6.1,0,4761.87
C006428,South,Consumer,Paid Search,24,4,9.5,0,4612.63
C006429,South,Consumer,Paid Search,35,7,8.4,0,7904.65
C006430,North,Consumer,Referral,19,4,4.3,0,7908.47
C006431,South,SMB,Referral,12,2,8.8,0,6396.17
C006432,South,Consumer,Partner,23,4,12.0,1,7024.94
C006433,North,SMB,Paid Search,50,10,13.8,1,21228.0
C006434,West,Enterprise,Partner,39,20,7.0,0,151878.26
C006435,South,Consumer,Partner,6,2,6.1,0,2504.68
C006436,South,SMB,Paid Search,20,8,12.5,2,20707.98
C006437,South,Consumer,Organic,8,3,1.9,0,5951.63
C006438,South,Enterprise,Referral,12,8,9.7,1,61363.2
C006439,West,Consumer,Partner,41,8,9.1,0,11118.82
C006440,South,Consumer,Organic,20,8,2.1,0,11201.6
C006441,South,Consumer,Organic,8,1,9.5,0,1727.29
C006442,West,Enterprise,Referral,14,5,3.4,0,38160.2
C006443,West,Consumer,Social,29,10,15.2,1,17070.67
C006444,West,SMB,Organic,12,5,7.5,0,13475.83
C006445,South,Consumer,Paid Search,21,1,14.2,0,2298.47
C006446,North,Consumer,Organic,12,4,3.1,0,7387.97
C006447,East,Consumer,Partner,13,1,6.8,0,1245.09
C006448,South,Consumer,Referral,44,14,4.1,0,22457.86
C006449,East,Consumer,Paid Search,20,6,12.7,0,9301.64
C006450,East,Consumer,Partner,26,10,10.5,0,12896.14
C006451,South,SMB,Referral,19,7,1.3,1,25705.92
C006452,South,SMB,Partner,5,1,9.7,0,4548.12
C006453,South,Consumer,Organic,7,1,3.5,0,1659.35
C006454,South,Consumer,Organic,44,9,4.7,0,9296.54
C006455,East,Consumer,Paid Search,41,9,8.8,0,11469.98
C006456,East,SMB,Organic,19,1,3.1,0,3307.86
C006457,South,SMB,Social,9,4,21.0,0,11105.12
C006458,East,SMB,Referral,4,1,6.0,0,2013.27
C006459,South,SMB,Organic,66,20,5.0,1,61641.44
C006460,East,Consumer,Social,7,5,12.3,0,7965.17
C006461,South,Consumer,Referral,10,6,14.7,0,6358.63
C006462,East,SMB,Referral,11,6,8.4,0,10518.54
C006463,East,Consumer,Organic,9,4,4.9,0,4343.7
C006464,South,Consumer,Partner,18,4,10.8,0,7404.44
C006465,South,Consumer,Referral,61,14,8.1,1,14095.2
C006466,West,SMB,Partner,16,2,7.5,1,5970.1
C006467,South,SMB,Social,22,5,14.6,0,15561.38
C006468,East,Enterprise,Referral,27,12,2.4,0,89628.14
C006469,West,Consumer,Organic,32,4,3.9,0,4502.24
C006470,West,Consumer,Referral,19,6,5.5,0,9166.84
C006471,South,Consumer,Organic,9,3,6.0,0,3741.59
C006472,East,SMB,Partner,27,7,7.4,0,18018.93
C006473,West,Consumer,Organic,50,9,7.1,0,11019.68
C006474,South,Enterprise,Paid Search,11,9,12.3,0,78863.24
C006475,North,Consumer,Referral,23,7,4.5,0,9928.31
C006476,North,SMB,Referral,28,6,11.5,1,12372.64
C006477,West,SMB,Referral,13,4,5.8,0,13255.9
C006478,South,Consumer,Social,32,8,16.7,0,10677.43
C006479,South,SMB,Social,38,14,11.1,3,43768.92
C006480,South,Consumer,Partner,23,7,10.3,0,10774.37
C006481,East,SMB,Paid Search,31,8,7.1,0,24518.09
C006482,South,SMB,Referral,16,8,12.8,0,25828.07
C006483,West,Consumer,Partner,6,2,10.1,0,3070.28
C006484,East,Consumer,Organic,8,1,4.3,0,883.01
C006485,West,Enterprise,Organic,56,29,6.7,2,221236.52
C006486,West,Enterprise,Organic,39,21,1.2,0,109239.14
C006487,South,Consumer,Social,8,1,14.4,0,1045.97
C006488,East,Enterprise,Referral,7,5,9.2,0,42796.96
C006489,North,Consumer,Organic,28,9,6.7,0,11205.88
C006490,West,Consumer,Organic,72,14,5.0,0,25690.69
C006491,South,Consumer,Organic,19,7,5.9,1,9058.42
C006492,East,Consumer,Paid Search,10,5,15.2,0,5430.58
C006493,West,Consumer,Organic,33,8,7.2,0,11747.61
C006494,North,SMB,Social,42,17,9.4,1,61402.64
C006495,West,Consumer,Partner,28,8,8.0,2,13817.5
C006496,North,Consumer,Social,25,6,15.1,0,6749.86
C006497,South,SMB,Partner,8,4,4.2,0,11185.12
C006498,South,SMB,Partner,33,12,4.8,1,38230.31
C006499,South,Enterprise,Social,28,15,19.5,0,177795.22
C006500,South,Consumer,Referral,14,1,4.8,0,1560.74
C006501,West,SMB,Social,6,1,13.7,0,2257.87
C006502,South,Consumer,Referral,13,4,4.6,0,5281.0
C006503,South,Consumer,Paid Search,18,7,13.2,0,9467.39
C006504,West,SMB,Organic,30,10,5.8,1,30988.63
C006505,East,Consumer,Referral,33,7,12.8,0,6738.48
C006506,North,SMB,Partner,17,11,6.4,0,36606.63
C006507,West,Consumer,Referral,16,8,8.6,1,9902.57
C006508,North,Consumer,Paid Search,37,5,6.3,0,8932.91
C006509,South,Consumer,Referral,24,8,2.7,1,13264.16
C006510,South,Consumer,Social,28,4,19.0,0,4904.65
C006511,West,Consumer,Social,14,4,18.3,0,2875.72
C006512,North,Consumer,Paid Search,37,4,13.3,0,4753.93
C006513,North,Consumer,Paid Search,12,2,15.4,0,2499.23
C006514,East,SMB,Paid Search,61,17,8.8,1,41590.54
C006515,North,Consumer,Partner,7,1,13.0,0,1445.06
C006516,South,Consumer,Organic,19,3,1.9,0,4423.55
C006517,East,Consumer,Partner,6,1,9.0,0,1363.95
C006518,East,Consumer,Organic,27,3,13.3,0,2883.21
C006519,North,Consumer,Partner,40,9,5.4,0,15381.56
C006520,South,SMB,Paid Search,28,13,16.0,0,43524.73
C006521,West,SMB,Social,14,5,17.9,0,13628.49
C006522,South,Consumer,Social,6,5,13.4,1,8226.63
C006523,North,SMB,Social,14,3,21.3,0,6592.07
C006524,North,Consumer,Social,29,6,12.3,1,7530.8
C006525,South,Consumer,Organic,8,7,4.9,1,10355.36
C006526,West,Consumer,Organic,5,2,6.9,0,3761.19
C006527,South,Consumer,Organic,16,7,4.7,0,11331.62
C006528,North,Consumer,Referral,7,1,16.3,0,1065.6
C006529,South,Consumer,Referral,23,6,3.2,0,9368.84
C006530,North,Consumer,Organic,17,2,9.9,0,2431.5
C006531,South,Consumer,Social,15,5,8.2,0,7764.91
C006532,West,Consumer,Paid Search,66,14,3.3,1,20412.01
C006533,East,SMB,Paid Search,25,9,12.2,0,16102.17
C006534,North,SMB,Paid Search,2,1,14.2,0,2055.09
C006535,South,Consumer,Social,60,14,19.5,0,17081.67
C006536,North,Consumer,Organic,19,7,9.8,0,12349.37
C006537,North,Consumer,Partner,14,1,8.6,0,940.93
C006538,South,SMB,Referral,22,2,8.5,0,6473.84
C006539,South,Consumer,Referral,7,1,7.7,0,2079.83
C006540,East,Consumer,Organic,17,5,9.6,0,7401.57
C006541,West,Enterprise,Social,36,17,11.3,0,133901.91
C006542,South,Consumer,Partner,15,2,6.0,0,2964.2
C006543,West,Consumer,Referral,12,3,9.6,0,4855.66
C006544,South,SMB,Organic,10,4,8.2,1,16383.65
C006545,South,Enterprise,Paid Search,32,14,16.0,0,126938.39
C006546,West,Consumer,Paid Search,23,5,11.8,0,7208.58
C006547,North,Consumer,Paid Search,60,14,10.5,0,23942.05
C006548,South,Consumer,Social,54,12,17.1,0,17009.96
C006549,East,Consumer,Paid Search,16,1,8.7,0,1255.49
C006550,South,Consumer,Social,28,12,20.0,2,17984.68
C006551,West,Consumer,Paid Search,14,1,10.5,0,1240.73
C006552,South,Consumer,Referral,12,5,6.2,0,14074.51
C006553,West,SMB,Partner,12,7,10.3,0,20413.63
C006554,North,Enterprise,Paid Search,11,8,9.8,0,59110.4
C006555,North,SMB,Organic,36,10,1.6,1,34949.73
C006556,South,Consumer,Referral,12,1,10.5,0,1838.81
C006557,West,Consumer,Paid Search,14,7,8.9,0,8758.35
C006558,North,Consumer,Social,23,2,15.8,0,1794.67
C006559,West,Consumer,Partner,22,8,8.1,0,10837.93
C006560,South,Consumer,Social,20,8,9.3,0,12673.83
C006561,South,SMB,Partner,40,11,4.9,0,29762.59
C006562,South,Consumer,Organic,12,1,6.1,0,1541.52
C006563,North,Consumer,Organic,11,2,8.7,0,2669.67
C006564,West,Consumer,Organic,1,4,2.7,0,4419.44
C006565,South,Enterprise,Referral,28,14,4.3,0,142982.41
C006566,East,SMB,Organic,27,8,6.9,0,24067.19
C006567,South,Consumer,Organic,38,8,7.4,0,12713.92
C006568,South,Consumer,Partner,16,7,10.8,1,11133.94
C006569,East,Enterprise,Paid Search,17,6,12.7,0,35162.89
C006570,West,Consumer,Organic,35,6,3.4,0,8913.13
C006571,East,Consumer,Paid Search,13,1,14.4,1,1322.04
C006572,South,SMB,Organic,19,5,4.7,0,11963.51
C006573,East,SMB,Organic,40,13,7.0,1,26608.4
C006574,East,Consumer,Paid Search,27,4,10.4,0,3637.94
C006575,South,Enterprise,Paid Search,15,7,11.4,0,81212.89
C006576,East,Consumer,Social,35,2,16.6,0,2130.37
C006577,South,Consumer,Paid Search,18,4,5.8,0,8287.0
C006578,East,Consumer,Social,35,5,19.0,1,5387.06
C006579,West,Consumer,Social,23,3,14.8,0,5763.0
C006580,West,Consumer,Social,13,2,6.5,0,3768.46
C006581,West,SMB,Partner,8,4,8.5,0,10053.9
C006582,East,SMB,Paid Search,31,5,10.7,0,12332.11
C006583,East,Consumer,Organic,33,5,1.9,0,5417.22
C006584,North,SMB,Organic,43,14,10.9,0,42719.7
C006585,South,Enterprise,Organic,29,15,7.5,1,160936.86
C006586,South,Consumer,Social,17,2,14.5,0,4109.04
C006587,North,SMB,Referral,23,10,7.2,0,36672.57
C006588,West,Enterprise,Organic,20,10,5.8,0,91674.13
C006589,West,SMB,Organic,16,5,0.1,0,16887.77
C006590,South,Consumer,Partner,7,4,15.9,0,5283.69
C006591,South,SMB,Referral,8,4,7.1,0,17660.07
C006592,East,SMB,Organic,32,9,10.4,0,18317.37
C006593,South,Consumer,Partner,10,1,5.5,0,1266.97
C006594,West,Consumer,Social,16,2,16.8,0,2104.38
C006595,West,Consumer,Paid Search,5,7,8.4,0,12520.34
C006596,South,Consumer,Paid Search,5,1,3.4,0,1932.43
C006597,South,Consumer,Referral,10,4,9.7,0,6514.3
C006598,South,Consumer,Paid Search,31,12,12.6,0,18423.26
C006599,North,SMB,Partner,32,11,6.4,0,24379.7
C006600,South,SMB,Social,22,9,4.9,0,29820.23
C006601,North,Consumer,Referral,12,1,5.6,0,1812.06
C006602,North,Consumer,Referral,46,8,7.8,0,8911.13
C006603,South,Consumer,Partner,15,4,4.8,0,4922.25
C006604,North,Consumer,Organic,49,11,5.4,0,16612.31
C006605,East,Consumer,Organic,25,8,3.1,0,12198.32
C006606,North,Consumer,Social,36,8,11.4,0,12516.13
C006607,West,Enterprise,Organic,36,16,4.6,0,173547.17
C006608,South,Consumer,Referral,4,2,0.5,0,3390.58
C006609,North,Consumer,Referral,8,4,8.5,0,3941.31
C006610,North,SMB,Paid Search,14,6,12.3,0,17502.64
C006611,East,Consumer,Organic,10,2,6.8,0,3191.64
C006612,South,Consumer,Social,26,4,18.4,1,95118.6
C006613,South,Consumer,Organic,27,10,4.2,1,15379.25
C006614,North,SMB,Organic,14,4,0.0,0,7764.58
C006615,West,Consumer,Paid Search,12,4,11.2,1,5289.76
C006616,North,SMB,Organic,34,8,1.6,1,32507.66
C006617,South,Consumer,Referral,13,2,11.3,0,2678.15
C006618,West,SMB,Partner,39,13,6.9,0,30865.44
C006619,South,Consumer,Social,22,3,17.5,0,6043.8
C006620,South,SMB,Referral,22,5,11.4,0,16532.37
C006621,West,SMB,Paid Search,9,8,9.8,0,25000.94
C006622,South,Consumer,Partner,30,10,8.2,0,15626.62
C006623,North,SMB,Partner,8,4,8.1,0,9636.65
C006624,South,SMB,Social,30,8,21.6,0,19635.29
C006625,North,Consumer,Organic,27,6,8.8,0,11443.05
C006626,West,SMB,Organic,28,9,1.8,0,24267.71
C006627,East,Consumer,Organic,27,4,3.2,0,6868.49
C006628,South,Consumer,Organic,34,8,3.6,0,13644.97
C006629,North,Consumer,Organic,25,2,2.6,0,3136.64
C006630,East,Consumer,Partner,4,1,7.1,0,898.01
C006631,East,Consumer,Organic,24,6,3.4,1,8518.98
C006632,North,Consumer,Organic,10,3,5.1,0,4215.74
C006633,West,Consumer,Partner,6,3,7.7,0,3158.55
C006634,South,Consumer,Partner,9,5,11.5,0,7362.43
C006635,West,Consumer,Organic,12,5,2.7,0,7037.11
C006636,South,Consumer,Organic,28,11,0.0,0,19137.6
C006637,North,Enterprise,Social,15,11,13.5,0,68180.97
C006638,East,SMB,Partner,34,9,6.2,0,18605.3
C006639,West,Consumer,Referral,11,4,11.4,1,5688.82
C006640,South,Consumer,Paid Search,16,5,14.5,0,6517.53
C006641,North,Consumer,Referral,11,1,10.9,0,1249.27
C006642,West,Consumer,Social,3,4,17.9,0,4052.07
C006643,North,Consumer,Organic,19,6,0.0,0,8897.35
C006644,South,SMB,Paid Search,72,19,9.4,1,64576.63
C006645,East,Consumer,Partner,6,6,3.5,0,8257.67
C006646,North,Consumer,Social,30,5,19.7,0,5594.52
C006647,North,SMB,Organic,35,10,7.5,0,19983.2
C006648,North,Consumer,Social,20,4,16.2,0,4240.32
C006649,West,SMB,Referral,7,3,5.3,0,7711.43
C006650,South,Enterprise,Organic,64,39,3.6,6,415741.14
C006651,East,Consumer,Paid Search,27,5,9.4,0,7180.3
C006652,West,SMB,Paid Search,49,14,13.9,0,40409.6
C006653,East,SMB,Partner,4,2,8.3,0,4620.09
C006654,South,Consumer,Organic,12,2,7.1,0,3978.68
C006655,South,Consumer,Social,6,3,16.3,0,4698.54
C006656,South,SMB,Referral,37,11,9.5,1,21690.95
C006657,South,Consumer,Partner,4,3,9.5,0,6147.05
C006658,West,Consumer,Partner,17,2,11.3,1,2704.72
C006659,West,Consumer,Partner,16,3,10.2,0,5121.17
C006660,South,Consumer,Partner,3,1,6.5,0,1694.99
C006661,South,Consumer,Paid Search,29,6,13.5,0,6615.88
C006662,West,Enterprise,Organic,25,8,5.9,0,61191.7
C006663,North,Consumer,Paid Search,12,1,11.4,0,904.08
C006664,West,Consumer,Referral,49,10,6.9,0,12560.31
C006665,South,SMB,Paid Search,4,1,15.0,0,2885.73
C006666,East,Consumer,Paid Search,2,6,13.6,0,7094.82
C006667,West,SMB,Organic,21,6,7.8,0,15240.53
C006668,South,Consumer,Social,9,5,15.1,0,6658.68
C006669,North,Consumer,Organic,18,5,8.4,1,7023.0
C006670,West,Consumer,Paid Search,40,6,14.3,1,9262.61
C006671,South,Enterprise,Referral,6,4,4.6,0,31478.14
C006672,South,Enterprise,Referral,37,22,5.9,0,187823.95
C006673,South,Consumer,Partner,6,4,5.5,0,4853.53
C006674,South,Consumer,Referral,13,6,3.8,0,7463.93
C006675,East,Consumer,Social,43,6,23.0,1,7818.72
C006676,North,Enterprise,Paid Search,29,15,17.0,0,143682.85
C006677,South,SMB,Organic,9,3,8.5,0,9438.45
C006678,West,Consumer,Social,23,8,16.3,2,9881.92
C006679,North,SMB,Organic,13,7,3.4,0,18462.51
C006680,South,Consumer,Social,14,1,11.7,0,1859.82
C006681,East,Consumer,Partner,16,4,7.4,0,2297.66
C006682,West,Consumer,Organic,26,3,2.8,0,7237.27
C006683,South,Consumer,Social,20,8,17.1,0,11121.14
C006684,West,Consumer,Paid Search,16,1,12.5,0,828.57
C006685,South,Consumer,Organic,17,6,7.6,0,14963.34
C006686,South,SMB,Paid Search,22,10,12.7,0,17813.35
C006687,West,Enterprise,Referral,19,10,1.9,0,55749.95
C006688,West,Consumer,Partner,12,5,7.5,0,6088.92
C006689,South,Consumer,Paid Search,22,7,13.2,0,9714.14
C006690,South,SMB,Social,25,13,15.8,0,45932.77
C006691,South,Consumer,Paid Search,23,3,10.3,0,4144.24
C006692,North,SMB,Organic,34,9,3.5,0,22178.06
C006693,West,Consumer,Referral,11,1,5.0,0,1406.82
C006694,West,Consumer,Social,11,2,10.0,0,2662.68
C006695,South,SMB,Social,45,12,14.9,0,44938.57
C006696,South,Consumer,Partner,9,1,10.3,0,1827.78
C006697,South,Consumer,Organic,15,1,3.6,0,1409.64
C006698,North,Consumer,Referral,3,1,3.3,0,1353.93
C006699,East,SMB,Organic,6,3,8.0,0,5137.78
C006700,South,Enterprise,Social,13,10,19.1,1,85830.15
C006701,South,Consumer,Organic,13,7,3.7,0,11008.4
C006702,East,Consumer,Organic,15,6,2.2,0,8560.62
C006703,West,Consumer,Social,52,8,14.6,1,12209.94
C006704,North,SMB,Paid Search,4,1,12.8,0,3571.12
C006705,South,Consumer,Referral,18,6,5.7,0,8635.78
C006706,South,Consumer,Partner,17,5,3.3,0,8064.47
C006707,North,Consumer,Paid Search,57,15,14.9,1,26191.95
C006708,South,Consumer,Referral,32,7,7.7,2,10296.89
C006709,East,Consumer,Partner,13,5,12.6,0,5793.92
C006710,North,Consumer,Social,44,9,15.1,0,19431.59
C006711,North,Consumer,Organic,12,4,9.4,0,5387.24
C006712,West,Consumer,Social,34,8,14.3,1,15278.36
C006713,South,Consumer,Referral,49,12,5.2,0,16786.05
C006714,East,Consumer,Social,20,2,13.5,0,2132.73
C006715,East,Consumer,Referral,8,3,12.5,0,2372.54
C006716,West,Consumer,Organic,3,3,4.4,0,5104.92
C006717,East,Consumer,Social,20,4,19.7,0,5004.96
C006718,West,Consumer,Organic,33,1,3.6,0,1545.69
C006719,East,Consumer,Partner,72,12,3.8,0,17081.37
C006720,South,Consumer,Social,41,12,17.1,1,19553.6
C006721,South,Consumer,Partner,19,3,6.1,0,3455.85
C006722,South,SMB,Organic,7,6,5.9,0,18894.86
C006723,South,Consumer,Paid Search,16,3,12.6,0,6028.36
C006724,North,Consumer,Organic,51,9,5.6,0,12043.07
C006725,South,SMB,Paid Search,64,22,16.9,2,45817.21
C006726,South,Consumer,Paid Search,12,1,12.8,0,1786.32
C006727,North,Enterprise,Referral,15,10,7.4,0,81081.63
C006728,South,Consumer,Paid Search,46,14,10.9,0,20470.29
C006729,East,SMB,Partner,44,8,9.6,0,17999.73
C006730,South,SMB,Organic,12,5,6.3,0,18585.02
C006731,West,Consumer,Paid Search,30,11,10.8,1,13843.99
C006732,South,Consumer,Social,13,7,17.8,0,12678.02
C006733,West,SMB,Organic,38,7,4.4,0,21440.18
C006734,West,Consumer,Social,19,8,16.7,1,12853.56
C006735,North,Consumer,Social,14,1,11.0,0,1597.06
C006736,West,Enterprise,Social,32,17,17.7,1,98596.68
C006737,North,SMB,Referral,20,4,4.8,0,12569.37
C006738,South,Enterprise,Social,31,19,17.0,1,139745.3
C006739,West,SMB,Partner,8,4,11.8,1,12672.66
C006740,South,SMB,Organic,10,5,6.2,0,15291.13
C006741,South,SMB,Paid Search,17,8,15.5,0,15308.56
C006742,South,Consumer,Social,10,2,11.8,0,3409.14
C006743,North,SMB,Organic,13,3,4.8,0,5482.8
C006744,North,Consumer,Referral,18,7,5.1,0,10250.68
C006745,North,Consumer,Referral,11,3,5.0,0,6244.98
C006746,North,Consumer,Organic,50,9,0.3,1,17812.6
C006747,East,Consumer,Paid Search,10,2,12.2,0,2569.23
C006748,South,Enterprise,Social,17,10,17.8,0,69386.18
C006749,South,Consumer,Organic,17,4,8.8,0,5944.15
C006750,East,Consumer,Organic,20,5,1.8,1,8179.68
C006751,North,Consumer,Social,14,1,13.6,0,1106.76
C006752,South,Consumer,Social,34,12,12.8,0,18771.16
C006753,East,Consumer,Referral,35,7,4.6,0,7604.61
C006754,West,SMB,Paid Search,12,1,11.1,0,2647.02
C006755,South,Consumer,Organic,37,10,5.1,0,14248.29
C006756,North,Consumer,Social,11,1,14.1,0,1399.81
C006757,West,Consumer,Organic,17,4,0.8,0,6974.27
C006758,West,Consumer,Partner,19,4,10.9,0,8635.13
C006759,South,Consumer,Social,11,5,15.5,0,6761.6
C006760,South,SMB,Organic,5,5,6.2,0,16508.9
C006761,North,SMB,Referral,20,7,8.4,0,24332.53
C006762,South,SMB,Partner,7,9,9.8,0,26655.49
C006763,West,Consumer,Partner,48,8,8.5,0,11755.69
C006764,East,Consumer,Referral,13,6,4.5,0,8737.93
C006765,South,Enterprise,Organic,31,21,9.5,0,155211.93
C006766,East,Enterprise,Referral,29,13,8.9,0,94313.51
C006767,West,Consumer,Referral,11,4,4.3,0,5126.17
C006768,South,SMB,Referral,13,8,4.3,0,23704.74
C006769,West,Consumer,Organic,13,3,11.0,0,6460.29
C006770,South,Consumer,Partner,22,5,7.5,0,7413.96
C006771,South,Enterprise,Referral,72,36,5.0,4,334269.87
C006772,South,Enterprise,Organic,21,13,3.4,0,69163.8
C006773,South,Enterprise,Organic,12,7,6.4,3,66904.79
C006774,West,Consumer,Organic,23,4,,0,9016.73
C006775,South,Consumer,Paid Search,7,1,12.4,0,1219.8
C006776,South,SMB,Organic,10,2,11.9,0,7222.26
C006777,South,SMB,Referral,48,15,2.3,0,42722.29
C006778,South,Consumer,Organic,15,3,3.8,0,3419.68
C006779,South,Consumer,Organic,10,4,5.2,0,5732.58
C006780,East,Consumer,Organic,6,1,0.0,0,1177.56
C006781,South,Consumer,Paid Search,18,6,13.6,0,8753.15
C006782,South,SMB,Paid Search,7,9,14.7,1,23845.9
C006783,East,Consumer,Paid Search,39,10,7.8,1,10193.6
C006784,North,Consumer,Social,29,4,14.8,0,5686.72
C006785,East,Consumer,Paid Search,12,2,12.5,0,2987.48
C006786,South,Consumer,Referral,55,10,8.7,0,17153.97
C006787,South,Consumer,Organic,13,4,13.0,1,5950.2
C006788,East,Consumer,Paid Search,15,4,9.8,0,4795.92
C006789,East,SMB,Organic,10,4,6.6,1,11340.38
C006790,West,Consumer,Paid Search,28,4,11.6,0,4988.64
C006791,South,Consumer,Referral,7,1,6.1,0,1833.3
C006792,South,Consumer,Social,12,6,15.0,0,6512.62
C006793,East,Consumer,Referral,11,4,8.2,0,3497.01
C006794,South,Consumer,Paid Search,21,4,12.0,0,6566.35
C006795,East,SMB,Organic,6,1,5.8,0,2052.08
C006796,South,Consumer,Partner,16,4,7.8,1,5231.75
C006797,East,Consumer,Organic,39,7,2.2,0,7509.69
C006798,North,Consumer,Organic,7,1,7.5,0,1563.3
C006799,South,Consumer,Organic,29,7,8.1,0,9049.64
C006800,North,Consumer,Partner,33,6,10.9,0,10589.19
C006801,South,Consumer,Partner,16,3,10.0,0,5194.75
C006802,East,Consumer,Paid Search,2,1,9.7,0,1285.24
C006803,South,Consumer,Organic,28,8,2.1,0,17794.14
C006804,South,SMB,Social,38,13,17.7,0,29288.99
C006805,West,Consumer,Paid Search,52,14,8.4,1,20730.23
C006806,East,Enterprise,Organic,19,9,2.9,0,42293.22
C006807,South,Consumer,Paid Search,4,4,18.4,0,4846.08
C006808,West,Consumer,Paid Search,28,3,13.5,0,3140.65
C006809,South,SMB,Paid Search,5,4,12.5,0,13855.42
C006810,West,Consumer,Referral,25,5,1.4,2,9991.27
C006811,North,Enterprise,Social,31,16,13.0,2,112068.53
C006812,South,Enterprise,Referral,39,22,9.5,1,294038.79
C006813,South,SMB,Organic,13,10,0.6,1,27703.42
C006814,North,Consumer,Organic,8,1,6.2,0,1109.55
C006815,South,Enterprise,Partner,19,10,3.9,0,80646.8
C006816,North,Consumer,Organic,6,3,3.1,0,4706.8
C006817,East,SMB,Paid Search,14,4,7.3,1,12097.6
C006818,North,Consumer,Organic,11,1,5.3,0,1664.67
C006819,North,Enterprise,Organic,35,17,0.0,1,135026.51
C006820,West,SMB,Paid Search,46,12,11.7,0,41783.96
C006821,East,Consumer,Organic,26,6,6.9,0,6797.41
C006822,West,Enterprise,Referral,32,11,7.6,1,162311.59
C006823,South,SMB,Paid Search,19,7,13.4,0,24798.93
C006824,North,Enterprise,Social,18,10,15.7,1,47888.31
C006825,South,Consumer,Referral,5,3,6.7,0,4189.65
C006826,South,Consumer,Organic,23,8,4.8,0,10803.07
C006827,North,SMB,Social,30,8,15.9,1,30838.3
C006828,West,Consumer,Partner,15,5,4.7,0,6228.18
C006829,East,SMB,Organic,15,4,3.8,0,6622.77
C006830,East,SMB,Referral,3,4,13.1,0,11503.25
C006831,South,Consumer,Referral,16,1,8.5,0,849.68
C006832,East,SMB,Referral,35,3,10.7,0,6745.83
C006833,South,Consumer,Organic,22,9,6.0,0,16427.52
C006834,West,SMB,Organic,17,5,2.8,0,14195.8
C006835,South,SMB,Organic,7,1,4.1,1,4216.7
C006836,North,Enterprise,Organic,12,9,0.0,0,14640.420000000002
C006837,North,Consumer,Paid Search,11,2,16.1,0,2102.35
C006838,East,Consumer,Partner,8,3,10.7,0,3787.36
C006839,West,Consumer,Paid Search,22,6,9.5,1,12156.69
C006840,West,SMB,Paid Search,13,4,14.3,0,11372.02
C006841,East,Consumer,Organic,33,9,7.0,0,12590.53
C006842,West,Consumer,Paid Search,17,1,12.2,0,1522.0
C006843,East,Consumer,Social,57,4,16.4,0,3918.69
C006844,South,SMB,Social,12,6,16.7,0,11864.44
C006845,East,SMB,Paid Search,38,9,13.2,0,22853.53
C006846,North,Consumer,Paid Search,43,4,12.5,0,7041.9
C006847,South,Consumer,Organic,12,5,5.3,0,8829.35
C006848,South,Consumer,Partner,16,1,6.3,0,1185.13
C006849,North,Consumer,Paid Search,13,3,14.7,0,4191.46
C006850,West,Consumer,Paid Search,11,5,17.9,1,7833.7
C006851,West,SMB,Paid Search,27,9,8.6,1,33007.47
C006852,South,Consumer,Organic,29,8,5.1,0,14229.09
C006853,East,Consumer,Paid Search,10,1,10.0,0,1283.89
C006854,South,Consumer,Partner,10,4,9.7,0,5266.14
C006855,North,SMB,Organic,17,7,6.3,0,19038.31
C006856,South,Consumer,Organic,17,3,5.4,0,5740.09
C006857,South,Consumer,Organic,5,1,3.2,0,1354.2
C006858,South,SMB,Organic,27,12,3.6,0,32122.72
C006859,North,Consumer,Partner,4,6,5.7,0,9831.48
C006860,North,SMB,Social,9,7,9.8,1,20509.37
C006861,North,SMB,Partner,20,1,11.7,0,3563.57
C006862,West,SMB,Partner,27,12,10.0,0,40963.08
C006863,North,Consumer,Referral,9,1,10.9,0,1201.2
C006864,South,Consumer,Referral,16,9,6.0,1,19096.28
C006865,South,SMB,Referral,13,3,8.5,0,9666.45
C006866,South,Consumer,Referral,1,1,4.5,0,1822.01
C006867,South,Consumer,Social,13,4,13.3,0,5355.89
C006868,North,Consumer,Referral,8,1,13.1,0,1450.68
C006869,East,Consumer,Paid Search,17,3,10.9,0,3266.99
C006870,South,Consumer,Referral,7,5,9.8,0,4889.55
C006871,East,Enterprise,Organic,12,9,5.8,0,93765.65
C006872,South,SMB,Referral,16,4,2.8,0,10847.86
C006873,South,Consumer,Referral,18,9,6.6,1,12471.3
C006874,South,Enterprise,Referral,15,7,8.1,1,53394.67
C006875,South,SMB,Referral,37,11,9.1,0,47758.01
C006876,South,Consumer,Social,21,12,9.6,0,19846.64
C006877,North,SMB,Social,26,9,12.1,0,27119.79
C006878,South,Consumer,Paid Search,16,3,12.9,0,5266.57
C006879,East,Consumer,Paid Search,1,2,9.2,0,2871.44
C006880,North,Consumer,Organic,6,4,8.7,0,5765.48
C006881,North,Consumer,Organic,5,3,4.8,0,4479.4
C006882,East,Consumer,Organic,14,6,6.5,0,10290.65
C006883,South,Consumer,Social,42,8,18.9,2,8459.68
C006884,West,Consumer,Social,20,3,11.4,0,3532.27
C006885,West,Consumer,Organic,31,5,6.4,0,8450.43
C006886,West,Consumer,Partner,8,1,8.4,0,1551.79
C006887,South,SMB,Paid Search,18,7,12.5,0,18986.79
C006888,South,SMB,Social,37,10,14.3,1,45805.22
C006889,East,Consumer,Paid Search,32,7,12.5,0,6565.13
C006890,East,SMB,Social,11,5,6.2,0,12866.65
C006891,East,Consumer,Paid Search,16,1,15.7,0,1211.22
C006892,South,Consumer,Organic,33,7,1.0,1,10602.97
C006893,North,Consumer,Organic,10,2,10.3,0,2368.07
C006894,North,Consumer,Referral,15,3,4.2,0,4076.18
C006895,North,Consumer,Partner,3,1,5.0,0,1968.67
C006896,North,SMB,Referral,30,11,8.2,0,28204.9
C006897,West,SMB,Social,29,12,15.8,0,34586.62
C006898,North,Enterprise,Organic,3,1,6.4,0,7079.92
C006899,East,Enterprise,Social,15,9,16.1,0,66904.34
C006900,West,Consumer,Social,35,11,14.6,0,18434.1
C006901,South,Consumer,Paid Search,7,6,10.9,0,8527.32
C006902,South,Consumer,Paid Search,22,6,13.7,0,9842.39
C006903,East,Consumer,Organic,12,3,2.9,0,3847.08
C006904,South,SMB,Organic,35,9,5.4,1,28365.59
C006905,South,Consumer,Organic,3,1,0.0,0,1806.95
C006906,West,Consumer,Social,3,1,15.8,0,1413.1
C006907,East,Consumer,Social,10,5,15.3,0,5997.17
C006908,West,SMB,Organic,18,6,4.9,0,13389.09
C006909,West,Consumer,Partner,18,4,13.1,0,4276.49
C006910,South,SMB,Social,4,1,19.5,0,1879.88
C006911,East,Consumer,Referral,24,1,9.7,0,921.13
C006912,East,Consumer,Partner,27,7,10.7,0,9252.25
C006913,East,Consumer,Partner,18,5,8.3,0,5767.8
C006914,East,SMB,Organic,35,12,5.9,0,26869.31
C006915,East,SMB,Partner,25,3,9.3,0,10535.7
C006916,West,Consumer,Paid Search,12,7,13.8,0,12087.26
C006917,South,Consumer,Organic,43,10,5.2,0,11381.28
C006918,East,Consumer,Organic,47,10,6.6,1,10599.53
C006919,South,Consumer,Referral,22,1,7.2,0,1266.61
C006920,South,Consumer,Partner,9,4,9.3,0,6061.34
C006921,East,Consumer,Paid Search,34,6,14.8,0,5330.21
C006922,West,SMB,Referral,6,3,5.0,0,7834.22
C006923,South,SMB,Paid Search,9,4,12.4,0,12570.44
C006924,South,SMB,Social,31,10,15.2,1,27245.75
C006925,South,SMB,Organic,8,1,1.9,0,2491.09
C006926,North,Enterprise,Referral,40,15,11.2,0,115543.88
C006927,South,Enterprise,Referral,8,7,4.5,0,64144.15
C006928,West,Consumer,Organic,14,7,9.3,0,10438.39
C006929,South,Consumer,Partner,13,7,4.0,0,8367.37
C006930,West,Consumer,Partner,27,7,3.5,0,12945.17
C006931,South,SMB,Paid Search,26,8,11.0,0,21271.41
C006932,East,Consumer,Social,13,8,16.2,0,7188.98
C006933,South,Consumer,Social,24,8,16.2,0,11217.76
C006934,East,Consumer,Organic,20,6,8.9,0,8424.64
C006935,East,Consumer,Organic,28,2,2.7,0,2959.85
C006936,East,Consumer,Referral,26,6,9.8,1,9451.27
C006937,West,SMB,Referral,8,1,2.0,0,2718.8
C006938,South,Consumer,Referral,40,15,4.1,1,17168.34
C006939,North,SMB,Referral,3,1,6.2,0,2635.51
C006940,South,Consumer,Social,14,3,11.7,1,2483.12
C006941,East,SMB,Organic,24,5,6.6,0,10672.63
C006942,South,Consumer,Organic,17,4,3.0,0,5987.31
C006943,South,Consumer,Organic,16,6,8.0,0,8252.16
C006944,South,Enterprise,Paid Search,14,9,14.6,0,79574.41
C006945,South,Enterprise,Social,12,8,13.0,0,64799.5
C006946,East,SMB,Social,37,11,13.9,0,27966.01
C006947,East,Enterprise,Paid Search,16,4,11.7,0,28582.15
C006948,East,Consumer,Referral,16,5,11.1,0,4459.33
C006949,East,Consumer,Organic,10,3,2.2,0,4467.22
C006950,West,Consumer,Paid Search,26,4,4.9,0,5378.29
C006951,South,SMB,Partner,5,4,6.7,1,12857.17
C006952,West,SMB,Organic,53,16,2.2,0,54060.01
C006953,North,Enterprise,Social,8,1,10.4,0,6495.96
C006954,East,SMB,Organic,16,8,4.9,1,17890.08
C006955,East,Consumer,Paid Search,22,7,8.5,0,8705.33
C006956,South,Consumer,Referral,33,5,8.0,0,6893.16
C006957,South,Consumer,Social,13,2,11.4,0,4124.11
C006958,South,Consumer,Referral,11,7,15.9,1,9733.27
C006959,South,SMB,Partner,19,9,11.2,1,20903.05
C006960,West,Consumer,Social,10,4,12.8,0,8335.67
C006961,South,Enterprise,Referral,15,11,4.7,1,105148.96
C006962,North,SMB,Paid Search,43,13,11.4,1,34297.92
C006963,South,Consumer,Paid Search,8,1,14.2,0,1917.84
C006964,South,SMB,Referral,2,1,5.7,0,3309.71
C006965,North,Consumer,Referral,10,5,3.5,0,7120.19
C006966,South,SMB,Paid Search,5,5,7.6,0,11072.53
C006967,South,Consumer,Paid Search,25,7,11.9,0,6435.2
C006968,North,Consumer,Organic,11,1,2.8,0,1861.08
C006969,South,Consumer,Organic,35,11,5.8,1,18152.0
C006970,South,Consumer,Paid Search,14,2,5.6,0,2992.43
C006971,East,SMB,Social,6,6,16.4,0,13166.44
C006972,South,Enterprise,Social,32,16,14.0,2,136790.98
C006973,South,SMB,Partner,9,2,2.7,0,7291.12
C006974,West,Consumer,Referral,2,2,8.1,0,2477.82
C006975,South,Enterprise,Organic,22,14,6.5,1,127206.22
C006976,North,Consumer,Referral,10,3,4.6,0,4769.55
C006977,West,Consumer,Social,23,2,16.9,0,2367.93
C006978,North,SMB,Referral,29,10,2.9,0,18665.41
C006979,West,Enterprise,Paid Search,20,13,5.1,3,94393.81
C006980,East,Enterprise,Referral,10,5,6.5,0,27556.77
C006981,West,SMB,Organic,33,6,2.3,1,23404.72
C006982,West,Consumer,Organic,8,2,1.3,0,2564.75
C006983,South,Consumer,Organic,23,3,6.7,0,3783.52
C006984,East,Consumer,Paid Search,26,1,12.6,0,1036.42
C006985,South,Consumer,Partner,17,4,12.9,0,6793.6
C006986,East,Consumer,Organic,29,10,6.3,0,15080.98
C006987,South,Consumer,Organic,20,5,6.7,0,6552.45
C006988,North,Consumer,Social,22,4,12.4,0,4802.95
C006989,North,Consumer,Partner,29,8,1.6,1,11399.28
C006990,North,SMB,Referral,19,8,12.9,1,27608.65
C006991,North,Consumer,Paid Search,31,3,13.5,1,2582.21
C006992,South,Consumer,Paid Search,39,14,16.8,0,14467.83
C006993,West,SMB,Referral,24,8,3.5,0,39544.38
C006994,South,SMB,Social,29,13,18.0,0,44521.59
C006995,West,Consumer,Organic,18,3,5.9,0,3300.19
C006996,West,Consumer,Partner,39,4,11.2,0,10474.07
C006997,East,Enterprise,Referral,21,9,8.7,0,71416.99
C006998,South,SMB,Social,27,7,14.3,0,20249.74
C006999,West,Consumer,Organic,6,5,5.8,0,9968.73
C007000,East,Consumer,Partner,26,2,6.9,0,2110.51
C007001,East,Consumer,Referral,19,4,9.5,0,4434.74
C007002,West,Consumer,Paid Search,25,7,9.6,0,10120.53
C007003,South,Consumer,Paid Search,27,8,9.9,0,13156.72
C007004,South,Enterprise,Organic,29,15,4.5,0,143292.65
C007005,West,Consumer,Organic,26,2,6.8,0,3058.74
C007006,South,Consumer,Organic,15,1,5.2,0,1445.07
C007007,West,SMB,Organic,49,13,4.0,2,42186.29
C007008,North,Consumer,Paid Search,35,4,15.2,0,5369.18
C007009,North,Consumer,Referral,16,4,8.8,1,5460.82
C007010,South,Consumer,Social,15,3,13.6,0,4056.02
C007011,North,Consumer,Referral,1,1,3.9,0,1299.29
C007012,West,Consumer,Organic,7,1,4.5,0,1122.35
C007013,North,Enterprise,Paid Search,10,2,10.1,0,20318.08
C007014,East,Consumer,Referral,16,3,4.7,0,4484.23
C007015,South,SMB,Social,39,12,17.2,0,40103.33
C007016,West,Consumer,Paid Search,14,4,15.4,0,4227.37
C007017,South,SMB,Partner,7,4,7.8,0,11012.53
C007018,North,Consumer,Social,25,5,15.0,0,6286.16
C007019,North,SMB,Partner,26,10,5.8,0,30353.59
C007020,South,Consumer,Referral,15,1,3.8,0,1360.91
C007021,West,Consumer,Paid Search,36,9,14.4,2,17163.76
C007022,West,Consumer,Partner,37,9,4.2,0,16192.93
C007023,South,Consumer,Partner,4,2,6.1,0,3213.04
C007024,South,SMB,Social,26,8,13.0,0,24403.64
C007025,North,Consumer,Partner,2,1,9.3,0,1301.7
C007026,South,Consumer,Partner,16,6,7.4,0,7999.36
C007027,South,Enterprise,Social,64,30,13.3,1,150155.13
C007028,South,Consumer,Organic,26,8,9.1,0,14297.2
C007029,East,Consumer,Referral,11,7,11.9,0,8423.49
C007030,West,SMB,Referral,27,8,8.2,1,29311.8
C007031,North,SMB,Social,10,7,15.4,1,19957.9
C007032,South,Consumer,Paid Search,21,7,10.5,1,10278.75
C007033,North,Consumer,Referral,8,3,6.9,0,4265.83
C007034,North,Consumer,Partner,13,2,4.4,0,2475.62
C007035,North,Consumer,Paid Search,35,6,15.0,0,6023.84
C007036,East,SMB,Organic,48,10,4.6,1,21131.82
C007037,North,Enterprise,Social,21,13,12.9,0,79428.06
C007038,East,Consumer,Paid Search,29,4,11.0,0,4623.01
C007039,West,Consumer,Organic,12,8,7.1,0,13689.77
C007040,West,SMB,Referral,8,5,6.2,0,16941.55
C007041,East,Consumer,Partner,20,5,5.6,0,4703.17
C007042,North,SMB,Paid Search,19,3,5.7,0,10080.42
C007043,North,Consumer,Paid Search,66,15,11.8,0,20415.33
C007044,South,Consumer,Paid Search,15,4,13.1,0,6597.9
C007045,West,SMB,Referral,15,4,5.5,1,13197.59
C007046,West,Enterprise,Paid Search,25,11,9.6,0,63495.57
C007047,South,Consumer,Paid Search,11,1,8.6,0,1569.08
C007048,South,SMB,Social,9,4,13.9,0,15254.0
C007049,South,Consumer,Partner,23,6,4.7,0,7441.15
C007050,South,Consumer,Paid Search,5,1,8.6,0,1253.55
C007051,West,Consumer,Referral,24,7,5.6,1,6991.51
C007052,South,Consumer,Social,13,9,20.7,0,10761.53
C007053,South,SMB,Organic,28,7,12.0,0,15144.67
C007054,South,Consumer,Social,40,10,18.5,0,11321.2
C007055,North,Consumer,Paid Search,9,7,13.9,0,9497.23
C007056,South,Consumer,Organic,15,2,,1,3884.78
C007057,West,SMB,Organic,34,12,13.0,0,22309.68
C007058,North,Enterprise,Organic,21,11,6.2,1,79996.37
C007059,South,Consumer,Social,48,13,11.7,1,18078.18
C007060,South,Consumer,Referral,22,11,15.1,1,15014.19
C007061,North,Enterprise,Social,39,13,14.7,1,110598.12
C007062,North,Consumer,Social,7,3,17.5,0,4358.39
C007063,South,SMB,Paid Search,9,3,11.1,0,10506.89
C007064,North,Consumer,Partner,45,9,9.7,0,12797.11
C007065,South,SMB,Partner,9,5,,1,14106.75
C007066,West,Consumer,Paid Search,45,9,14.6,0,10932.87
C007067,East,Consumer,Social,10,1,18.9,0,1235.32
C007068,West,Consumer,Social,5,1,15.5,0,1124.56
C007069,South,Consumer,Paid Search,15,10,12.6,0,12201.49
C007070,East,Consumer,Organic,7,1,4.9,0,1418.57
C007071,East,Enterprise,Paid Search,27,15,8.9,1,121397.38
C007072,North,Consumer,Partner,2,1,5.3,0,1420.95
C007073,South,Consumer,Social,56,14,14.1,0,22529.08
C007074,South,Consumer,Social,19,10,18.8,0,12699.65
C007075,West,Consumer,Partner,28,8,9.4,0,11080.74
C007076,South,Consumer,Organic,30,4,4.7,1,6768.4
C007077,South,Consumer,Partner,20,5,7.2,2,6544.42
C007078,West,SMB,Referral,24,8,3.5,0,28074.42
C007079,North,SMB,Social,14,8,12.3,0,20054.7
C007080,West,Consumer,Paid Search,30,7,12.5,0,9310.5
C007081,West,SMB,Paid Search,50,14,12.0,2,39498.41
C007082,West,Consumer,Paid Search,13,8,14.3,0,12751.08
C007083,West,Consumer,Paid Search,33,11,11.4,0,9874.39
C007084,North,Enterprise,Organic,36,18,6.7,0,110785.13
C007085,East,SMB,Paid Search,13,3,7.4,0,9210.1
C007086,East,Consumer,Referral,18,1,4.2,0,1426.07
C007087,East,Consumer,Partner,17,1,8.8,0,1127.35
C007088,South,Consumer,Organic,16,1,5.0,0,1588.98
C007089,North,Consumer,Organic,10,3,7.2,0,4705.62
C007090,South,SMB,Referral,18,9,10.5,0,36263.99
C007091,South,Consumer,Referral,15,9,10.7,0,12193.91
C007092,South,Enterprise,Referral,41,25,11.8,0,268302.52
C007093,West,SMB,Partner,22,6,13.5,1,18314.74
C007094,East,Consumer,Organic,11,3,3.9,0,3235.52
C007095,East,SMB,Paid Search,43,12,18.9,0,23269.51
C007096,South,SMB,Partner,38,9,16.7,0,31510.27
C007097,South,Consumer,Referral,15,2,3.1,0,4243.28
C007098,South,Consumer,Referral,21,5,5.2,0,7744.67
C007099,South,SMB,Partner,41,19,9.1,1,71023.49
C007100,North,Enterprise,Paid Search,32,16,12.7,0,127446.13
C007101,South,Consumer,Organic,4,1,0.0,0,1628.09
C007102,South,SMB,Organic,9,3,2.2,0,10056.43
C007103,South,SMB,Social,12,6,15.7,0,12629.27
C007104,North,Enterprise,Partner,13,7,7.3,0,52246.03
C007105,South,Consumer,Organic,17,4,6.9,0,5531.36
C007106,North,Consumer,Paid Search,24,7,17.9,0,10533.36
C007107,East,SMB,Referral,17,9,3.3,0,24699.02
C007108,South,Consumer,Organic,37,12,11.9,1,16636.64
C007109,South,Consumer,Social,13,3,20.6,0,4910.46
C007110,North,Consumer,Paid Search,37,7,6.8,0,7232.87
C007111,West,Consumer,Partner,22,4,4.4,2,4977.14
C007112,South,SMB,Social,21,11,13.8,0,40290.82
C007113,East,Consumer,Organic,30,5,2.1,0,7513.26
C007114,South,SMB,Social,27,5,16.7,0,10012.97
C007115,West,Consumer,Social,17,5,16.9,0,6835.93
C007116,West,SMB,Paid Search,10,5,12.4,0,10708.83
C007117,South,Consumer,Organic,42,9,6.1,0,12805.03
C007118,East,Consumer,Social,20,9,14.6,0,11370.94
C007119,South,Enterprise,Referral,20,11,8.2,1,93777.3
C007120,East,SMB,Social,72,21,20.7,1,44347.45
C007121,South,Consumer,Paid Search,37,6,4.8,1,7993.91
C007122,North,Consumer,Social,16,5,15.1,0,8020.18
C007123,West,Consumer,Social,19,3,16.4,0,4362.62
C007124,West,Enterprise,Paid Search,9,6,11.7,0,40252.27
C007125,South,Consumer,Organic,7,5,5.9,1,7955.53
C007126,West,Enterprise,Paid Search,16,8,15.6,0,56640.64
C007127,South,Consumer,Social,25,5,13.5,0,6395.57
C007128,South,SMB,Organic,10,4,11.6,1,12010.63
C007129,West,Consumer,Partner,32,16,3.5,0,33975.09
C007130,South,Consumer,Organic,8,3,6.9,0,3874.72
C007131,South,Enterprise,Social,16,11,15.0,0,97829.58
C007132,East,Consumer,Organic,30,7,5.8,0,10562.5
C007133,North,Enterprise,Social,59,21,17.3,1,162755.07
C007134,South,Consumer,Referral,45,13,5.1,0,24432.89
C007135,South,Consumer,Referral,39,11,10.3,1,16058.82
C007136,East,Enterprise,Partner,20,5,13.9,0,36334.8
C007137,North,SMB,Organic,33,16,4.1,2,47176.66
C007138,South,Consumer,Organic,15,4,3.4,0,4932.44
C007139,East,Consumer,Organic,29,3,8.8,0,2999.4
C007140,North,Consumer,Referral,6,3,9.9,0,5006.77
C007141,South,SMB,Social,24,7,10.3,0,18902.71
C007142,East,Consumer,Organic,6,1,6.7,0,1180.37
C007143,East,Consumer,Social,38,6,17.3,0,7806.68
C007144,North,Consumer,Paid Search,32,6,11.8,1,7745.06
C007145,West,SMB,Partner,48,10,12.5,1,31772.04
C007146,East,Enterprise,Paid Search,7,3,7.2,0,20847.7
C007147,South,SMB,Partner,72,21,1.5,2,55553.19
C007148,East,Consumer,Referral,19,3,10.2,0,4457.05
C007149,East,Consumer,Partner,37,9,5.6,0,9728.01
C007150,East,Consumer,Referral,9,3,6.9,0,4852.63
C007151,South,SMB,Paid Search,25,9,8.6,0,30441.41
C007152,East,Consumer,Social,17,1,17.6,0,1002.13
C007153,West,Consumer,Paid Search,32,7,13.0,0,10802.69
C007154,South,Consumer,Paid Search,4,1,11.6,0,1329.25
C007155,West,Enterprise,Paid Search,8,1,8.3,0,7023.92
C007156,East,Consumer,Partner,40,10,7.5,0,13027.56
C007157,West,Consumer,Social,8,1,16.0,0,1545.75
C007158,West,Enterprise,Organic,17,10,3.4,0,91129.94
C007159,North,Enterprise,Social,16,7,13.5,0,44417.06
C007160,North,Consumer,Paid Search,23,3,12.0,0,3024.42
C007161,South,SMB,Organic,10,8,7.0,0,23702.29
C007162,South,Consumer,Organic,42,9,6.3,0,11178.05
C007163,South,Consumer,Organic,23,5,8.5,1,7401.12
C007164,West,Consumer,Referral,45,8,6.7,0,11675.58
C007165,West,SMB,Organic,32,10,8.0,0,33415.45
C007166,South,SMB,Organic,23,8,1.5,0,29590.06
C007167,East,Consumer,Paid Search,1,1,13.2,0,1426.24
C007168,North,Consumer,Partner,28,4,9.0,0,5440.71
C007169,South,SMB,Referral,28,10,14.1,0,26158.32
C007170,North,Consumer,Paid Search,45,7,10.0,0,10317.62
C007171,South,SMB,Social,21,12,11.4,0,38186.09
C007172,South,SMB,Organic,1,1,2.7,0,3463.75
C007173,East,Consumer,Partner,20,5,6.1,0,9286.8
C007174,East,Consumer,Organic,29,5,6.2,1,7231.63
C007175,South,Consumer,Organic,20,5,1.2,0,10327.67
C007176,North,Consumer,Paid Search,14,6,13.0,1,6303.76
C007177,North,Consumer,Organic,33,8,,0,9372.76
C007178,West,SMB,Organic,3,4,7.7,0,9961.61
C007179,West,SMB,Social,20,8,16.9,0,21004.83
C007180,South,Consumer,Paid Search,14,1,14.5,0,1370.99
C007181,South,SMB,Organic,8,5,6.5,0,16262.65
C007182,South,Consumer,Referral,23,6,10.5,1,12331.11
C007183,East,SMB,Social,49,11,10.5,0,26109.2
C007184,South,Consumer,Partner,10,12,3.6,1,21027.47
C007185,North,Consumer,Organic,28,2,4.9,1,2897.07
C007186,South,Consumer,Partner,26,7,8.3,0,13150.96
C007187,South,Consumer,Social,7,2,11.9,0,3302.49
C007188,South,Enterprise,Referral,25,14,8.7,1,118319.17
C007189,North,Consumer,Organic,15,1,1.1,0,1797.97
C007190,East,Consumer,Paid Search,12,3,11.2,0,4063.37
C007191,South,Consumer,Organic,11,1,4.9,0,1865.05
C007192,South,Consumer,Social,72,17,16.7,0,23574.71
C007193,South,Consumer,Social,4,2,13.5,0,3260.44
C007194,South,Consumer,Organic,39,9,8.6,1,12969.99
C007195,West,Consumer,Organic,16,4,10.0,0,4626.36
C007196,West,SMB,Partner,9,8,12.6,0,20095.54
C007197,North,Consumer,Paid Search,14,5,17.4,0,7002.08
C007198,West,Consumer,Referral,41,9,10.2,0,14164.32
C007199,East,Consumer,Partner,42,9,9.8,0,9553.67
C007200,East,Enterprise,Organic,9,5,2.8,0,48958.27
C007201,South,SMB,Referral,25,11,5.3,0,28181.99
C007202,South,Consumer,Social,24,5,17.8,0,7008.8
C007203,North,SMB,Paid Search,16,11,6.7,0,28344.72
C007204,West,Consumer,Paid Search,27,7,16.0,0,9629.41
C007205,East,Consumer,Partner,31,13,6.2,0,12816.99
C007206,South,SMB,Organic,8,10,3.4,0,22841.09
C007207,South,SMB,Organic,4,2,7.3,0,5416.7
C007208,North,Consumer,Paid Search,7,3,12.8,0,4494.91
C007209,North,SMB,Social,14,6,13.7,0,16127.52
C007210,East,SMB,Paid Search,16,7,9.3,0,13073.78
C007211,South,SMB,Organic,33,12,0.5,0,47817.26
C007212,West,SMB,Paid Search,18,9,5.5,0,28001.9
C007213,East,Consumer,Paid Search,14,1,16.4,0,1312.19
C007214,East,Enterprise,Social,4,2,14.4,0,12240.31
C007215,West,Consumer,Partner,40,8,5.3,0,8337.16
C007216,North,Consumer,Paid Search,9,1,14.3,0,1730.91
C007217,East,Consumer,Social,42,3,12.7,0,3416.6
C007218,East,SMB,Social,13,6,12.7,0,17234.0
C007219,South,Consumer,Social,8,1,18.6,0,1243.74
C007220,North,Consumer,Referral,19,3,9.2,0,4162.61
C007221,North,SMB,Organic,10,6,5.5,0,12285.48
C007222,North,Consumer,Referral,15,7,5.3,0,8426.49
C007223,South,Consumer,Referral,19,4,7.7,0,8193.78
C007224,North,Consumer,Referral,31,4,8.7,0,6522.96
C007225,East,SMB,Organic,57,12,5.8,0,38678.23
C007226,North,Consumer,Organic,12,6,8.6,0,9066.54
C007227,North,Consumer,Organic,20,8,2.0,0,12365.89
C007228,South,Consumer,Organic,6,3,4.2,0,5739.83
C007229,North,Enterprise,Organic,28,14,6.7,0,133318.02
C007230,West,SMB,Organic,21,4,3.3,0,12943.08
C007231,South,Consumer,Organic,4,3,7.9,0,4647.16
C007232,South,SMB,Organic,22,10,9.0,1,36371.67
C007233,North,SMB,Partner,9,4,8.2,0,8954.17
C007234,South,SMB,Referral,15,7,8.1,0,19990.47
C007235,East,Consumer,Paid Search,48,6,11.4,0,5429.65
C007236,West,Consumer,Social,4,5,14.1,1,5592.33
C007237,South,SMB,Paid Search,29,7,15.8,0,20285.05
C007238,East,Consumer,Organic,8,2,2.5,0,3073.53
C007239,South,Consumer,Referral,7,4,9.5,0,8604.68
C007240,West,Consumer,Paid Search,11,6,10.5,0,8269.92
C007241,South,Consumer,Referral,7,5,4.5,0,7268.03
C007242,South,Consumer,Organic,66,18,8.0,0,26924.18
C007243,East,Consumer,Paid Search,4,1,14.1,1,1217.16
C007244,West,SMB,Organic,6,9,3.0,0,39434.26
C007245,South,SMB,Organic,3,5,4.5,0,15784.12
C007246,West,Consumer,Referral,9,2,6.6,0,2363.83
C007247,West,Consumer,Organic,19,4,5.7,0,6418.03
C007248,North,Consumer,Paid Search,21,7,10.5,0,9558.01
C007249,West,Consumer,Organic,23,4,10.2,0,5614.95
C007250,East,SMB,Referral,24,4,3.7,0,9858.81
C007251,South,Consumer,Referral,35,9,2.5,2,21908.27
C007252,South,SMB,Social,49,11,14.6,0,28024.25
C007253,West,Enterprise,Referral,27,14,1.0,0,90998.2
C007254,East,Consumer,Partner,19,6,5.7,0,6774.98
C007255,South,SMB,Organic,9,4,3.1,0,11596.49
C007256,North,Consumer,Social,20,7,15.0,1,6928.77
C007257,South,Consumer,Paid Search,27,9,11.4,0,12669.49
C007258,West,Consumer,Paid Search,15,1,12.7,0,1898.54
C007259,East,Consumer,Social,31,6,12.7,1,5484.44
C007260,North,SMB,Partner,23,6,6.9,0,12701.85
C007261,West,Consumer,Social,10,2,16.7,0,3045.94
C007262,West,Consumer,Paid Search,11,6,5.2,0,8605.98
C007263,South,Consumer,Referral,39,11,8.3,0,15420.43
C007264,North,Consumer,Organic,3,1,0.0,0,1861.66
C007265,South,SMB,Referral,4,3,7.0,0,8240.67
C007266,North,Consumer,Paid Search,7,1,13.6,0,947.59
C007267,South,Consumer,Organic,69,15,5.9,1,27334.39
C007268,East,Consumer,Organic,24,9,3.1,0,11631.29
C007269,West,SMB,Partner,11,11,8.8,0,30887.12
C007270,South,SMB,Organic,24,13,2.2,0,28410.43
C007271,West,Consumer,Paid Search,10,4,16.1,0,4327.11
C007272,West,Consumer,Organic,19,5,7.5,0,7000.1
C007273,North,Consumer,Paid Search,12,6,9.2,0,6604.82
C007274,South,SMB,Organic,24,9,9.1,2,32682.63
C007275,East,Consumer,Social,16,1,15.6,0,1124.84
C007276,East,Consumer,Organic,11,7,1.6,0,8862.77
C007277,South,Enterprise,Organic,19,9,8.5,0,93567.07
C007278,East,Consumer,Organic,13,6,9.9,1,6494.54
C007279,East,Consumer,Organic,13,5,4.2,0,6985.02
C007280,East,Consumer,Referral,5,6,8.1,0,7445.06
C007281,East,Consumer,Organic,23,7,5.0,0,10618.74
C007282,North,Enterprise,Referral,72,29,8.7,3,245655.82
C007283,North,Enterprise,Paid Search,19,12,14.4,0,98971.8
C007284,North,Consumer,Organic,14,3,8.0,0,3739.06
C007285,West,Enterprise,Organic,14,6,0.0,0,47878.77
C007286,West,Consumer,Referral,38,4,5.4,1,5853.56
C007287,West,Consumer,Paid Search,1,1,14.9,0,1517.5
C007288,North,SMB,Referral,20,2,4.9,1,6158.26
C007289,South,Consumer,Social,16,8,16.0,0,12958.58
C007290,North,Consumer,Organic,16,1,2.3,0,1238.87
C007291,South,Consumer,Paid Search,18,4,14.0,0,4350.71
C007292,South,Consumer,Paid Search,8,2,12.1,0,2636.38
C007293,West,Enterprise,Organic,8,6,6.8,1,43829.35
C007294,North,Consumer,Paid Search,4,1,13.2,0,1078.54
C007295,East,Consumer,Referral,24,8,2.8,0,10069.07
C007296,West,Enterprise,Referral,1,3,13.3,0,17985.14
C007297,East,Consumer,Referral,20,4,3.1,0,4682.18
C007298,North,Consumer,Organic,11,1,12.5,0,1081.96
C007299,West,Consumer,Paid Search,8,4,5.5,0,4714.03
C007300,East,Consumer,Social,19,7,15.2,0,6266.45
C007301,South,Consumer,Paid Search,13,11,7.8,1,13756.64
C007302,East,Consumer,Referral,18,1,11.8,0,1320.04
C007303,West,Consumer,Referral,8,2,4.0,0,2857.87
C007304,South,Consumer,Paid Search,22,1,8.7,0,1540.31
C007305,South,SMB,Organic,16,8,5.1,0,24047.63
C007306,South,Enterprise,Referral,30,13,11.3,1,122435.66
C007307,North,Consumer,Referral,5,3,10.7,1,4442.36
C007308,West,Enterprise,Organic,13,11,4.3,0,104471.34
C007309,North,SMB,Organic,11,3,4.0,0,8324.65
C007310,South,Enterprise,Organic,26,13,6.6,1,112708.18
C007311,South,SMB,Referral,35,16,6.8,0,38867.07
C007312,South,Consumer,Organic,19,7,5.2,0,9514.38
C007313,South,Consumer,Social,15,2,14.6,0,3264.5
C007314,East,Enterprise,Partner,30,13,9.8,0,80313.53
C007315,South,Consumer,Partner,13,2,9.4,0,2840.89
C007316,North,SMB,Organic,49,16,9.6,0,48892.25
C007317,West,SMB,Paid Search,10,4,10.1,0,11872.28
C007318,West,Consumer,Partner,2,5,6.1,0,7400.57
C007319,South,Consumer,Referral,5,1,6.7,0,1465.0
C007320,South,Enterprise,Organic,13,9,4.4,0,94526.08
C007321,North,Consumer,Social,64,12,17.6,0,12980.96
C007322,North,SMB,Referral,8,4,3.8,0,12290.97
C007323,South,Enterprise,Social,48,24,18.8,4,172104.25
C007324,West,Consumer,Partner,19,1,7.1,0,1627.44
C007325,East,Consumer,Partner,8,4,11.5,0,5408.49
C007326,South,Consumer,Referral,14,4,14.6,0,5755.55
C007327,West,SMB,Organic,32,8,8.1,0,28534.36
C007328,South,Consumer,Referral,15,3,8.9,0,5172.7
C007329,South,Consumer,Referral,8,1,10.3,0,1395.15
C007330,South,Consumer,Referral,13,1,6.1,0,1615.56
C007331,North,Consumer,Paid Search,37,10,12.8,1,13754.71
C007332,West,Consumer,Referral,72,16,5.0,2,28912.37
C007333,South,Consumer,Referral,31,5,5.2,0,5835.88
C007334,East,SMB,Partner,50,19,8.9,3,57842.65
C007335,South,Consumer,Social,30,5,15.3,0,5115.42
C007336,West,SMB,Paid Search,30,11,13.3,0,32790.42
C007337,East,Enterprise,Referral,26,11,7.4,0,84935.25
C007338,South,Consumer,Referral,23,3,6.2,0,4457.02
C007339,North,Consumer,Referral,10,4,9.8,0,6076.55
C007340,West,Consumer,Organic,18,4,3.1,0,4812.89
C007341,South,Consumer,Social,31,6,15.8,0,7106.37
C007342,South,Consumer,Social,23,9,18.4,1,9802.9
C007343,West,Consumer,Paid Search,4,3,14.1,0,3554.87
C007344,North,Consumer,Partner,36,9,7.9,1,15279.9
C007345,South,Consumer,Partner,27,6,2.6,0,12317.88
C007346,South,Consumer,Social,35,10,14.0,1,13920.82
C007347,South,SMB,Partner,8,4,14.4,1,11713.99
C007348,South,Consumer,Paid Search,5,4,11.3,0,8569.77
C007349,South,Consumer,Partner,15,2,8.0,0,2792.37
C007350,North,Consumer,Partner,23,1,8.5,0,1198.95
C007351,North,Consumer,Referral,46,13,8.3,0,21447.56
C007352,North,Consumer,Organic,21,5,3.0,0,6546.75
C007353,West,Consumer,Organic,58,13,7.3,2,15635.58
C007354,South,Consumer,Paid Search,13,2,13.2,0,3405.99
C007355,South,Consumer,Social,26,6,9.8,0,11708.31
C007356,South,Enterprise,Referral,4,8,0.0,0,67754.35
C007357,East,Consumer,Social,32,7,13.4,1,8126.64
C007358,North,Consumer,Social,44,14,11.4,0,22210.49
C007359,South,Consumer,Organic,22,8,5.9,0,10670.47
C007360,East,SMB,Organic,7,1,3.9,0,3128.65
C007361,South,Enterprise,Social,18,12,16.4,0,125290.18
C007362,East,Consumer,Paid Search,12,7,13.4,1,6392.95
C007363,West,Consumer,Partner,13,4,5.0,0,4576.55
C007364,West,Consumer,Partner,18,6,6.9,0,6371.3
C007365,North,SMB,Paid Search,6,6,10.3,0,14554.55
C007366,North,Consumer,Referral,21,1,9.8,0,1051.88
C007367,North,Enterprise,Social,13,9,14.5,1,81250.19
C007368,West,Consumer,Partner,24,9,11.8,0,10311.3
C007369,West,Consumer,Referral,24,4,10.9,0,5175.38
C007370,West,Consumer,Partner,8,5,7.6,0,7819.05
C007371,South,Consumer,Referral,14,4,5.2,1,5304.74
C007372,West,Consumer,Organic,14,1,2.4,0,1539.43
C007373,South,SMB,Referral,17,9,9.1,0,30715.47
C007374,West,Consumer,Social,40,9,14.7,0,22462.54
C007375,South,Consumer,Partner,11,3,5.8,0,5028.94
C007376,North,SMB,Organic,14,7,7.7,0,14126.73
C007377,North,Enterprise,Paid Search,24,9,14.7,0,74906.68
C007378,West,SMB,Referral,19,8,4.2,0,25667.2
C007379,South,SMB,Partner,32,9,9.1,0,29833.3
C007380,South,Consumer,Social,24,10,16.8,1,13458.95
C007381,South,Enterprise,Organic,14,12,10.1,0,120236.98
C007382,South,Consumer,Partner,20,9,7.5,2,13062.06
C007383,West,Enterprise,Referral,37,19,7.0,3,167636.49
C007384,North,SMB,Partner,7,2,10.0,0,5623.68
C007385,North,Consumer,Social,7,1,18.8,0,1243.82
C007386,West,Consumer,Organic,8,1,6.2,0,1383.66
C007387,South,SMB,Partner,15,6,8.7,0,22599.93
C007388,North,SMB,Paid Search,16,4,10.3,0,14176.36
C007389,North,Consumer,Partner,41,9,7.0,1,18479.96
C007390,South,Enterprise,Organic,12,6,4.6,0,54932.68
C007391,South,Consumer,Social,5,1,17.1,0,1431.77
C007392,North,Consumer,Paid Search,37,7,13.3,0,9646.52
C007393,North,Consumer,Organic,12,1,2.9,0,1244.0
C007394,East,Consumer,Partner,28,5,10.5,0,7213.63
C007395,West,Consumer,Paid Search,33,9,11.5,0,11899.96
C007396,West,Enterprise,Organic,21,9,4.5,0,86400.33
C007397,South,Consumer,Partner,17,2,10.3,0,2352.03
C007398,South,SMB,Paid Search,10,4,14.7,2,12619.95
C007399,West,SMB,Referral,9,1,8.0,0,3750.22
C007400,East,Consumer,Partner,34,10,13.6,0,10257.83
C007401,South,SMB,Paid Search,23,7,6.4,1,19864.91
C007402,South,SMB,Organic,34,12,7.9,1,33322.64
C007403,South,Consumer,Referral,12,5,4.0,0,7237.46
C007404,South,Consumer,Social,38,6,14.9,0,11070.33
C007405,South,Consumer,Organic,48,9,5.1,0,14520.25
C007406,North,Consumer,Referral,6,1,6.9,0,1160.38
C007407,West,Consumer,Paid Search,7,4,9.3,0,4890.58
C007408,South,Consumer,Organic,30,12,1.0,0,13121.67
C007409,South,Enterprise,Paid Search,20,17,6.3,1,128806.87
C007410,North,SMB,Partner,15,8,7.4,0,17436.93
C007411,East,SMB,Paid Search,33,6,12.4,0,11235.24
C007412,East,Enterprise,Organic,11,4,6.8,1,26432.61
C007413,North,Consumer,Partner,12,7,11.5,0,7544.64
C007414,South,Consumer,Paid Search,7,7,14.5,0,9638.6
C007415,East,SMB,Partner,36,11,11.0,0,28621.29
C007416,West,Consumer,Partner,6,4,5.0,0,6396.66
C007417,North,Consumer,Paid Search,33,6,15.3,0,8009.35
C007418,West,SMB,Paid Search,26,13,13.1,0,21561.84
C007419,South,Consumer,Organic,34,7,1.1,0,10392.19
C007420,North,Consumer,Organic,8,1,8.2,1,1778.34
C007421,North,Consumer,Organic,17,6,2.4,0,13465.23
C007422,North,Consumer,Paid Search,10,1,8.9,0,1606.42
C007423,South,Consumer,Paid Search,45,8,16.7,0,11125.63
C007424,South,Consumer,Social,19,7,15.7,0,8242.96
C007425,East,SMB,Organic,12,1,1.9,0,3401.15
C007426,North,Enterprise,Paid Search,9,7,10.4,1,51692.17
C007427,West,Consumer,Organic,21,4,8.2,0,5503.28
C007428,North,Consumer,Organic,12,7,1.4,0,13027.3
C007429,South,Consumer,Social,13,5,14.6,0,3803.22
C007430,West,Consumer,Social,16,7,14.6,0,9283.55
C007431,West,Consumer,Paid Search,62,10,20.2,0,9358.35
C007432,East,Consumer,Referral,18,1,2.7,0,1467.16
C007433,East,Consumer,Paid Search,12,2,7.8,1,3440.48
C007434,North,Consumer,Partner,18,6,6.3,0,9308.2
C007435,North,Consumer,Paid Search,10,3,10.1,0,5999.27
C007436,South,SMB,Social,45,18,15.1,0,52580.92
C007437,North,Consumer,Organic,29,8,3.6,0,15439.58
C007438,South,Consumer,Paid Search,6,1,14.6,0,1025.23
C007439,South,Consumer,Referral,29,9,7.3,0,14357.16
C007440,West,SMB,Organic,21,7,2.1,0,16564.55
C007441,West,Consumer,Referral,25,9,6.3,0,14340.04
C007442,West,Consumer,Referral,36,6,6.2,0,8314.91
C007443,East,Consumer,Organic,8,1,8.5,0,1187.36
C007444,North,SMB,Partner,17,7,10.6,0,17988.75
C007445,North,SMB,Organic,25,11,7.2,0,37774.88
C007446,East,Consumer,Partner,34,6,5.8,0,7930.61
C007447,East,Consumer,Paid Search,28,7,13.0,0,8536.5
C007448,South,Consumer,Organic,16,5,1.6,0,8144.99
C007449,South,Consumer,Organic,35,9,7.0,0,15943.46
C007450,South,Consumer,Referral,15,7,10.7,0,9871.2
C007451,South,Consumer,Social,13,4,8.8,0,4825.69
C007452,South,Consumer,Referral,3,1,6.8,0,1863.56
C007453,South,Enterprise,Paid Search,7,5,11.8,0,37757.61
C007454,East,Consumer,Organic,15,3,7.8,0,3948.79
C007455,West,Consumer,Social,7,1,13.3,0,1590.69
C007456,South,Enterprise,Partner,4,4,6.2,0,28324.24
C007457,East,SMB,Paid Search,9,3,12.5,0,120381.20000000001
C007458,West,Consumer,Social,48,11,16.9,0,10813.98
C007459,North,SMB,Referral,6,1,7.7,0,2582.52
C007460,East,Consumer,Referral,7,1,9.7,0,1506.31
C007461,South,SMB,Referral,32,10,9.1,0,29848.84
C007462,South,Consumer,Organic,24,4,3.5,0,8449.4
C007463,North,Enterprise,Organic,17,7,5.1,0,60269.68
C007464,West,Consumer,Social,31,9,16.7,0,10536.28
C007465,West,Consumer,Partner,19,8,5.7,2,10367.82
C007466,North,Consumer,Referral,1,1,5.0,0,1955.46
C007467,North,Consumer,Organic,11,1,0.7,0,1741.38
C007468,North,Consumer,Organic,70,13,8.6,1,17191.5
C007469,West,SMB,Paid Search,19,7,18.6,0,18441.34
C007470,South,Consumer,Referral,38,11,5.0,0,15775.35
C007471,North,Enterprise,Organic,40,17,6.8,1,81276.15
C007472,West,Consumer,Organic,27,5,8.8,0,7308.06
C007473,South,Consumer,Social,17,11,11.6,0,12508.87
C007474,South,Consumer,Organic,9,1,6.1,0,1441.29
C007475,South,Consumer,Paid Search,6,5,16.1,0,5379.61
C007476,South,SMB,Social,39,17,14.3,0,46321.13
C007477,South,SMB,Organic,23,8,4.8,0,20593.52
C007478,South,Consumer,Paid Search,23,7,16.2,0,9812.08
C007479,South,Consumer,Organic,27,3,3.8,0,5471.48
C007480,West,Consumer,Paid Search,14,4,10.4,0,6009.35
C007481,South,Consumer,Partner,34,11,7.5,2,12504.49
C007482,West,Consumer,Referral,20,5,12.6,1,4933.43
C007483,South,Consumer,Organic,15,5,7.5,0,5904.95
C007484,East,Consumer,Organic,24,9,6.7,1,13916.82
C007485,South,Enterprise,Organic,35,21,6.7,1,283807.2
C007486,West,Consumer,Partner,14,5,4.8,0,6553.77
C007487,South,Consumer,Social,69,14,16.8,1,15661.2
C007488,North,Consumer,Referral,6,1,5.9,0,1862.68
C007489,North,Consumer,Organic,26,7,4.6,0,9212.62
C007490,North,SMB,Partner,10,4,7.4,0,10937.71
C007491,West,SMB,Social,20,9,18.0,1,24015.85
C007492,West,SMB,Organic,30,10,10.7,0,24531.56
C007493,East,SMB,Paid Search,72,18,,0,37705.99
C007494,North,Consumer,Paid Search,4,2,15.4,0,2498.89
C007495,West,Consumer,Referral,8,1,6.8,0,1352.04
C007496,East,Consumer,Paid Search,27,1,14.6,0,807.46
C007497,South,Enterprise,Organic,36,18,6.2,1,131898.53
C007498,South,SMB,Referral,13,3,5.5,1,9100.11
C007499,East,Consumer,Referral,7,2,5.4,0,2286.16
C007500,North,Consumer,Paid Search,27,2,11.7,0,2925.7
C007501,South,Consumer,Paid Search,11,2,13.4,0,2445.61
C007502,East,Enterprise,Organic,43,22,6.8,0,225388.9
C007503,North,Consumer,Paid Search,25,5,21.2,0,5972.1
C007504,South,Consumer,Social,27,7,17.0,0,9730.63
C007505,South,Consumer,Referral,40,10,3.4,0,14380.99
C007506,East,Consumer,Partner,59,11,12.1,0,12377.46
C007507,West,Consumer,Social,9,1,17.1,0,894.72
C007508,West,Consumer,Social,15,3,14.9,0,4021.29
C007509,East,SMB,Paid Search,43,10,9.0,0,36421.27
C007510,South,Consumer,Organic,19,2,4.5,0,3770.41
C007511,East,SMB,Partner,12,7,11.9,2,12015.12
C007512,South,Consumer,Referral,18,3,8.8,0,4784.13
C007513,North,Consumer,Partner,56,15,12.4,2,21547.92
C007514,East,Consumer,Referral,19,2,11.3,0,3244.76
C007515,East,Consumer,Paid Search,29,2,13.0,0,2006.33
C007516,South,Consumer,Organic,15,9,0.0,1,23454.61
C007517,West,Consumer,Paid Search,5,1,9.6,0,1456.22
C007518,East,Consumer,Referral,35,1,2.7,0,1112.89
C007519,South,Consumer,Partner,15,1,12.6,0,1040.65
C007520,North,SMB,Social,38,11,16.9,1,26778.59
C007521,North,Consumer,Referral,28,3,6.7,0,4375.58
C007522,South,Consumer,Paid Search,24,5,10.8,0,5856.02
C007523,South,Consumer,Organic,45,6,8.6,0,10251.47
C007524,North,Consumer,Paid Search,15,6,9.6,0,9039.04
C007525,North,SMB,Partner,34,11,4.5,1,31569.28
C007526,South,Consumer,Social,19,2,11.2,0,2467.96
C007527,West,Enterprise,Referral,14,2,7.7,0,16539.24
C007528,East,SMB,Partner,26,5,5.9,0,18361.46
C007529,South,Consumer,Organic,13,6,8.3,0,7545.08
C007530,North,Consumer,Partner,15,6,8.3,0,5807.07
C007531,North,SMB,Referral,21,6,3.1,0,16191.83
C007532,North,SMB,Organic,44,11,4.6,0,26772.99
C007533,South,Consumer,Social,47,10,12.3,0,9987.96
C007534,North,Consumer,Organic,8,3,4.9,0,4642.77
C007535,South,Consumer,Referral,14,6,10.5,0,6805.75
C007536,West,SMB,Paid Search,30,9,11.8,0,18811.83
C007537,South,SMB,Organic,12,4,3.2,0,15055.11
C007538,West,Consumer,Referral,13,5,8.5,0,9536.06
C007539,North,Consumer,Paid Search,18,8,10.9,1,17937.81
C007540,South,SMB,Organic,29,10,6.8,0,22524.47
C007541,West,Enterprise,Social,23,12,16.2,0,97090.44
C007542,South,Consumer,Organic,47,9,2.0,0,10994.92
C007543,East,Consumer,Referral,21,5,,0,6621.31
C007544,West,Consumer,Referral,23,3,6.1,0,4300.02
C007545,South,Consumer,Organic,19,9,6.4,2,9056.31
C007546,South,Consumer,Partner,25,9,13.4,0,14292.61
C007547,South,Consumer,Paid Search,14,9,8.8,0,13539.2
C007548,North,SMB,Organic,26,7,2.2,0,23177.91
C007549,North,Consumer,Paid Search,12,8,15.1,0,7918.14
C007550,North,Consumer,Referral,41,9,7.7,1,19020.07
C007551,West,Consumer,Organic,20,4,4.6,0,6335.94
C007552,East,Consumer,Paid Search,53,13,14.2,1,16097.27
C007553,South,Consumer,Referral,41,8,10.9,0,15501.7
C007554,South,Consumer,Referral,24,6,10.3,0,8855.83
C007555,East,Consumer,Paid Search,31,6,10.0,0,6095.53
C007556,West,Consumer,Paid Search,27,7,13.5,1,11859.45
C007557,South,SMB,Organic,8,3,8.5,0,8789.16
C007558,South,SMB,Organic,23,7,4.3,1,26818.18
C007559,West,Consumer,Referral,22,4,8.3,0,5643.67
C007560,West,Consumer,Paid Search,19,4,10.4,0,8714.41
C007561,West,Consumer,Organic,28,7,2.3,0,10651.71
C007562,South,SMB,Organic,24,12,6.4,3,32618.67
C007563,North,SMB,Referral,25,2,9.9,0,5768.68
C007564,South,Consumer,Referral,51,14,9.4,1,18988.56
C007565,South,Consumer,Paid Search,21,5,8.1,0,6353.84
C007566,West,Consumer,Referral,35,7,11.1,0,12791.51
C007567,North,Consumer,Referral,19,2,8.9,0,2111.18
C007568,East,Consumer,Organic,52,9,8.5,0,13618.94
C007569,West,Consumer,Paid Search,30,6,9.4,1,11758.58
C007570,West,SMB,Organic,24,7,7.7,0,18946.79
C007571,East,Consumer,Social,13,4,17.1,0,4708.74
C007572,West,Consumer,Organic,52,12,1.4,2,15718.3
C007573,North,Consumer,Paid Search,39,12,13.5,0,19503.88
C007574,South,SMB,Referral,12,4,4.1,0,9743.32
C007575,North,Consumer,Referral,6,4,7.2,2,6770.03
C007576,West,Consumer,Social,17,6,22.1,1,7341.41
C007577,West,SMB,Paid Search,10,4,13.1,0,9201.72
C007578,North,Consumer,Organic,18,8,4.9,2,9881.94
C007579,North,Consumer,Referral,33,5,2.7,0,8011.74
C007580,South,Consumer,Social,39,10,16.1,2,10857.81
C007581,South,Consumer,Partner,5,3,7.7,0,5074.99
C007582,West,Enterprise,Referral,7,2,1.2,0,18161.12
C007583,North,Consumer,Paid Search,10,6,8.9,1,7538.89
C007584,West,Consumer,Organic,23,5,7.9,0,7957.3
C007585,South,Consumer,Partner,41,11,12.1,0,13528.74
C007586,South,Enterprise,Referral,20,16,7.4,0,130394.84
C007587,North,SMB,Organic,5,3,8.2,0,7607.37
C007588,West,Consumer,Paid Search,25,6,12.3,0,6396.07
C007589,East,Consumer,Referral,15,3,4.9,0,3583.55
C007590,South,Consumer,Organic,15,2,11.8,0,2116.24
C007591,South,SMB,Social,23,8,11.0,1,20905.26
C007592,West,Consumer,Referral,29,6,8.5,0,6086.6
C007593,West,Consumer,Organic,38,8,3.3,0,9879.0
C007594,West,Consumer,Partner,41,12,7.6,2,14444.59
C007595,East,Enterprise,Partner,35,17,13.0,0,122308.7
C007596,West,Consumer,Organic,32,6,5.3,0,7347.34
C007597,South,Consumer,Paid Search,7,3,11.2,0,3404.68
C007598,East,Enterprise,Partner,31,17,6.6,0,111911.98
C007599,South,Consumer,Paid Search,18,1,13.9,0,2065.86
C007600,South,Consumer,Partner,41,9,5.4,1,10025.38
C007601,West,Consumer,Organic,14,1,5.5,0,1702.92
C007602,West,Consumer,Social,17,10,14.8,0,14329.75
C007603,South,Consumer,Referral,13,6,4.9,0,14231.16
C007604,South,Consumer,Paid Search,14,3,7.9,0,4812.79
C007605,West,Consumer,Social,46,10,15.3,0,13398.9
C007606,West,Consumer,Organic,13,1,4.1,0,1515.5
C007607,East,SMB,Organic,22,11,5.9,1,27629.74
C007608,North,Consumer,Organic,14,1,0.0,0,1719.02
C007609,South,SMB,Organic,21,9,3.8,0,25565.86
C007610,West,Consumer,Organic,25,6,7.8,1,15928.66
C007611,East,Consumer,Paid Search,30,3,7.3,1,4440.53
C007612,East,Consumer,Organic,20,4,10.8,0,4618.07
C007613,East,Consumer,Organic,49,5,,0,5993.42
C007614,South,Consumer,Organic,6,6,4.8,1,9357.57
C007615,South,Consumer,Social,13,4,15.5,0,5506.17
C007616,West,SMB,Organic,12,7,2.6,0,24333.5
C007617,South,Enterprise,Social,10,6,19.5,0,47762.17
C007618,East,Consumer,Organic,29,9,5.7,1,15303.41
C007619,East,Enterprise,Organic,12,6,5.4,0,35728.98
C007620,West,Consumer,Paid Search,1,4,15.2,0,5291.19
C007621,South,Consumer,Paid Search,23,8,13.4,2,9385.66
C007622,East,Consumer,Referral,50,9,5.2,0,10451.46
C007623,North,SMB,Social,2,4,15.1,0,9171.25
C007624,North,SMB,Paid Search,28,19,13.9,0,57279.69
C007625,South,Enterprise,Organic,37,17,5.4,1,132116.9
C007626,North,SMB,Social,14,5,11.2,0,17594.51
C007627,West,Consumer,Organic,25,3,9.4,0,5718.57
C007628,West,SMB,Social,1,3,15.7,0,9183.85
C007629,North,Enterprise,Referral,22,11,6.0,1,69900.73
C007630,West,SMB,Organic,30,14,7.1,0,54567.89
C007631,South,Consumer,Paid Search,15,4,10.7,0,5404.95
C007632,East,SMB,Paid Search,15,7,7.6,0,16327.48
C007633,West,Consumer,Referral,26,1,7.2,0,1619.86
C007634,South,Enterprise,Partner,20,13,10.2,0,91888.23
C007635,North,Enterprise,Paid Search,39,15,11.4,1,144910.23
C007636,North,SMB,Partner,21,8,7.5,1,26029.46
C007637,South,Consumer,Organic,26,10,4.6,0,28507.46
C007638,West,Consumer,Organic,15,2,4.9,0,3180.17
C007639,South,Enterprise,Referral,15,11,7.6,0,92528.52
C007640,South,SMB,Partner,33,11,10.6,0,48458.87
C007641,North,SMB,Paid Search,35,10,14.4,0,17683.53
C007642,West,Enterprise,Social,7,6,21.3,0,44108.88
C007643,South,Consumer,Paid Search,18,3,17.4,0,3978.77
C007644,East,SMB,Partner,27,5,5.6,0,16301.32
C007645,East,Consumer,Social,2,3,14.5,0,6446.18
C007646,South,Consumer,Referral,17,3,9.3,1,3922.74
C007647,North,Consumer,Referral,64,16,1.8,2,29700.42
C007648,South,Consumer,Referral,11,1,8.1,0,2003.26
C007649,South,Consumer,Partner,10,6,5.6,0,12156.11
C007650,East,SMB,Referral,19,6,7.0,0,15820.51
C007651,West,Consumer,Paid Search,20,5,12.2,0,7978.13
C007652,South,SMB,Partner,16,7,2.9,0,18542.4
C007653,South,Consumer,Referral,36,5,14.4,0,10071.68
C007654,North,SMB,Referral,4,5,5.5,0,11423.41
C007655,North,Consumer,Referral,10,2,11.5,0,2186.57
C007656,East,SMB,Paid Search,18,3,7.3,0,7095.58
C007657,West,Consumer,Paid Search,41,14,10.2,1,17667.21
C007658,East,Consumer,Organic,13,2,7.5,1,2724.32
C007659,North,Consumer,Partner,9,1,7.4,0,1304.01
C007660,South,Consumer,Referral,3,4,9.5,0,5020.02
C007661,South,Consumer,Social,8,4,17.0,1,4378.08
C007662,West,Consumer,Paid Search,3,4,9.6,0,7222.79
C007663,East,Consumer,Partner,12,3,11.8,1,3969.87
C007664,West,SMB,Paid Search,28,11,13.8,1,23024.76
C007665,North,Consumer,Paid Search,25,11,7.8,0,17284.72
C007666,South,Consumer,Partner,29,6,8.4,0,8506.07
C007667,East,Consumer,Referral,7,1,9.1,0,895.05
C007668,South,Consumer,Partner,5,1,7.8,0,1187.02
C007669,East,Consumer,Referral,24,6,7.2,0,9211.0
C007670,South,SMB,Organic,34,12,6.6,0,48458.4
C007671,West,Consumer,Paid Search,19,8,7.2,0,13459.78
C007672,North,Consumer,Partner,26,6,7.5,0,7190.18
C007673,West,Consumer,Paid Search,18,4,11.0,0,6214.82
C007674,South,Consumer,Social,14,5,17.4,0,7519.09
C007675,South,SMB,Organic,15,6,3.4,0,11599.96
C007676,South,Consumer,Paid Search,33,9,17.9,0,13699.23
C007677,South,SMB,Social,18,8,13.3,0,23788.12
C007678,West,Consumer,Partner,33,9,4.7,1,21592.07
C007679,West,Consumer,Paid Search,21,4,15.8,1,7896.05
C007680,West,Consumer,Organic,12,5,6.9,0,7217.49
C007681,West,Enterprise,Organic,27,15,6.2,2,137271.28
C007682,East,Consumer,Organic,19,3,4.3,0,3973.24
C007683,South,Consumer,Social,38,9,14.0,0,11631.79
C007684,West,SMB,Paid Search,10,4,13.4,0,8307.72
C007685,North,Consumer,Organic,4,1,3.4,0,1267.64
C007686,West,Consumer,Social,28,5,20.4,0,5723.87
C007687,South,Consumer,Social,44,13,15.8,0,22936.23
C007688,East,Consumer,Paid Search,34,9,11.3,0,11246.18
C007689,South,SMB,Partner,46,16,6.8,1,43951.13
C007690,South,Consumer,Paid Search,52,10,8.4,3,13044.25
C007691,North,Consumer,Organic,17,7,7.2,0,10641.64
C007692,South,Consumer,Partner,9,8,5.7,1,11691.3
C007693,South,Enterprise,Organic,1,5,4.6,1,36128.48
C007694,South,Consumer,Partner,4,2,15.6,0,2312.62
C007695,South,Consumer,Referral,28,5,1.6,0,11549.91
C007696,South,Enterprise,Partner,4,5,7.7,0,42069.88
C007697,South,Consumer,Organic,23,5,0.9,0,10190.09
C007698,West,SMB,Paid Search,29,9,10.4,0,17845.86
C007699,North,SMB,Partner,20,10,7.6,0,35117.24
C007700,South,Consumer,Social,15,7,11.1,1,11997.58
C007701,North,SMB,Partner,10,3,9.2,1,9766.38
C007702,South,Enterprise,Organic,48,26,9.4,0,159988.37
C007703,South,Consumer,Referral,2,2,8.0,0,3055.5
C007704,East,Consumer,Paid Search,10,1,14.5,0,979.99
C007705,South,SMB,Paid Search,15,3,16.9,0,6509.33
C007706,South,Consumer,Referral,14,6,8.8,0,6198.69
C007707,North,Consumer,Social,30,9,7.9,0,10024.43
C007708,South,Consumer,Referral,21,4,,0,4850.65
C007709,South,SMB,Organic,7,2,0.0,0,7723.03
C007710,East,SMB,Social,32,11,12.8,1,22938.15
C007711,South,Enterprise,Partner,10,6,3.5,0,52481.08
C007712,East,Consumer,Paid Search,23,1,12.8,0,1496.87
C007713,South,Enterprise,Social,45,23,12.3,2,191310.8
C007714,South,Consumer,Partner,12,7,8.9,0,9118.28
C007715,South,Consumer,Organic,12,2,7.3,0,3186.56
C007716,North,SMB,Social,17,4,12.1,1,9017.83
C007717,South,Consumer,Partner,17,4,8.8,0,4236.71
C007718,West,Consumer,Social,22,2,7.1,0,3153.48
C007719,East,Consumer,Organic,27,2,0.5,0,3058.08
C007720,South,Consumer,Referral,9,2,10.8,0,2831.58
C007721,North,SMB,Social,19,3,12.4,0,7680.73
C007722,West,Consumer,Referral,8,2,5.4,0,2737.92
C007723,North,SMB,Organic,29,9,2.5,1,35871.53
C007724,South,Consumer,Organic,37,10,0.0,1,17519.92
C007725,West,Consumer,Social,14,3,11.9,0,4057.84
C007726,South,SMB,Paid Search,21,5,12.0,0,17623.94
C007727,North,Consumer,Partner,44,8,6.8,0,13821.28
C007728,South,Enterprise,Paid Search,24,15,15.2,1,129971.79
C007729,East,Enterprise,Social,8,6,13.1,0,48397.04
C007730,North,Consumer,Organic,5,1,5.0,0,1592.68
C007731,East,Consumer,Social,10,1,13.4,0,1180.71
C007732,South,Consumer,Partner,16,5,10.8,0,8976.02
C007733,South,SMB,Paid Search,32,10,7.7,0,25267.23
C007734,South,Consumer,Paid Search,15,2,13.4,1,2361.06
C007735,West,Enterprise,Partner,8,6,9.2,0,53694.61
C007736,South,Enterprise,Social,15,10,12.5,0,71430.63
C007737,East,Consumer,Referral,16,1,6.7,0,1484.52
C007738,South,SMB,Paid Search,11,3,13.2,0,9034.98
C007739,North,Consumer,Partner,15,3,5.9,0,6406.68
C007740,South,Consumer,Social,21,2,12.9,0,2358.95
C007741,South,Consumer,Paid Search,4,1,8.3,0,1823.04
C007742,South,SMB,Paid Search,16,8,18.1,0,19582.67
C007743,West,Consumer,Organic,72,13,3.6,0,20929.04
C007744,West,SMB,Social,24,6,11.3,0,19393.08
C007745,West,Consumer,Social,32,10,9.7,0,15394.03
C007746,South,Consumer,Paid Search,43,11,9.6,0,18158.55
C007747,South,Enterprise,Paid Search,49,28,12.8,0,248358.83
C007748,East,SMB,Organic,12,2,4.2,0,4931.64
C007749,South,Consumer,Organic,5,2,6.1,0,3678.58
C007750,West,Consumer,Partner,35,8,10.1,0,13590.74
C007751,West,Consumer,Social,16,5,14.5,0,6300.49
C007752,South,Consumer,Paid Search,17,11,11.6,3,13722.73
C007753,West,Enterprise,Organic,27,14,9.7,0,119235.54
C007754,West,Consumer,Organic,19,7,7.2,0,10674.37
C007755,South,Consumer,Social,22,12,16.2,0,12043.92
C007756,West,SMB,Organic,23,12,4.0,0,38001.7
C007757,North,Consumer,Paid Search,36,8,14.0,0,8792.27
C007758,North,SMB,Partner,25,11,9.1,1,20449.56
C007759,South,Consumer,Referral,8,3,7.9,0,4932.7
C007760,South,Consumer,Social,8,3,17.2,0,3218.96
C007761,South,Consumer,Organic,12,6,6.0,0,12045.25
C007762,West,Consumer,Paid Search,24,8,7.4,1,13652.53
C007763,South,Enterprise,Partner,8,8,8.2,1,72144.7
C007764,South,Consumer,Social,8,3,11.7,0,5773.89
C007765,East,Consumer,Social,23,3,16.9,0,4081.89
C007766,North,Consumer,Referral,12,1,2.3,0,1225.83
C007767,East,Consumer,Organic,46,9,4.9,0,14150.28
C007768,South,Consumer,Referral,13,5,7.2,0,6677.06
C007769,West,Consumer,Organic,30,9,1.6,0,16764.56
C007770,East,Consumer,Organic,17,1,4.8,0,1181.74
C007771,North,Enterprise,Referral,7,5,9.3,0,29955.55
C007772,North,Consumer,Organic,12,3,3.3,0,4739.13
C007773,North,SMB,Organic,18,6,5.9,0,15382.48
C007774,West,Consumer,Organic,13,7,6.5,1,12794.57
C007775,East,SMB,Paid Search,43,14,8.8,0,44768.21
C007776,South,Consumer,Partner,9,6,8.1,0,6440.08
C007777,North,Consumer,Partner,14,4,7.4,1,5555.49
C007778,West,Consumer,Organic,25,5,5.0,0,8520.52
C007779,North,Consumer,Organic,55,14,0.2,1,21489.46
C007780,East,Consumer,Social,27,10,10.8,2,12398.7
C007781,East,Consumer,Organic,24,9,8.7,0,11708.55
C007782,South,SMB,Social,33,13,,0,25753.53
C007783,South,Consumer,Organic,38,10,5.7,0,21417.8
C007784,South,Enterprise,Referral,44,25,9.7,0,240915.16
C007785,South,Consumer,Organic,27,9,1.0,1,12908.79
C007786,West,Consumer,Social,22,4,14.3,0,4648.0
C007787,East,Consumer,Referral,10,2,6.0,0,3018.25
C007788,West,Consumer,Organic,23,13,2.7,1,20995.34
C007789,South,SMB,Paid Search,49,15,8.6,2,48659.41
C007790,South,Consumer,Referral,2,4,10.9,0,6569.98
C007791,East,SMB,Partner,41,9,6.1,0,23880.79
C007792,South,Consumer,Paid Search,22,6,13.4,0,5886.45
C007793,North,Consumer,Organic,35,5,6.0,0,6495.59
C007794,South,Consumer,Referral,28,5,10.1,0,8293.84
C007795,East,SMB,Organic,19,7,7.2,0,399051.8
C007796,East,Consumer,Partner,22,6,7.1,1,6844.33
C007797,South,Enterprise,Social,30,21,11.2,1,173119.97
C007798,West,Consumer,Organic,10,3,7.7,0,5503.62
C007799,South,Consumer,Referral,20,6,10.7,0,11710.95
C007800,South,SMB,Referral,27,10,14.4,0,30180.56
C007801,North,Consumer,Organic,31,4,7.9,0,6600.94
C007802,West,SMB,Referral,29,11,5.1,0,35305.94
C007803,South,Consumer,Paid Search,16,4,10.5,0,6802.59
C007804,South,SMB,Paid Search,21,4,5.8,0,12410.05
C007805,South,Consumer,Referral,8,6,4.6,1,8373.08
C007806,East,Enterprise,Referral,39,14,3.2,2,150093.49
C007807,West,Consumer,Social,23,6,16.8,0,11268.65
C007808,South,SMB,Paid Search,20,9,14.9,0,25415.98
C007809,West,Consumer,Social,20,5,21.8,0,6666.27
C007810,North,SMB,Paid Search,17,3,21.3,0,7330.28
C007811,North,SMB,Referral,32,13,7.7,0,36383.11
C007812,South,SMB,Organic,21,6,3.3,0,19519.56
C007813,East,Consumer,Referral,9,1,5.8,1,1608.23
C007814,South,Consumer,Paid Search,12,6,9.9,0,7204.37
C007815,South,SMB,Paid Search,7,6,19.0,1,14195.86
C007816,South,Consumer,Organic,48,9,0.0,0,17900.98
C007817,South,Consumer,Referral,18,5,11.9,0,7545.1
C007818,East,Consumer,Organic,51,12,2.2,1,20532.06
C007819,West,Consumer,Paid Search,22,9,10.8,2,12927.29
C007820,South,Consumer,Paid Search,15,6,4.3,1,10254.91
C007821,East,SMB,Referral,18,7,10.2,0,16419.76
C007822,South,Consumer,Partner,22,8,10.4,1,15627.03
C007823,South,Consumer,Partner,10,3,4.7,0,5660.63
C007824,South,SMB,Partner,7,1,11.3,0,2355.07
C007825,West,Consumer,Partner,37,7,10.7,1,11242.54
C007826,North,SMB,Organic,15,8,3.4,0,28758.07
C007827,West,Consumer,Organic,52,14,0.0,0,22083.32
C007828,North,Consumer,Organic,28,7,4.3,0,11648.51
C007829,West,Consumer,Organic,14,3,8.1,0,5681.4
C007830,North,Consumer,Social,64,17,12.3,2,22116.3
C007831,West,SMB,Partner,38,12,11.2,0,36266.8
C007832,East,Consumer,Referral,6,3,4.4,0,3549.94
C007833,North,Consumer,Partner,11,1,7.7,0,1555.15
C007834,East,Consumer,Social,1,1,12.8,0,983.99
C007835,East,Consumer,Paid Search,16,6,12.5,0,8176.06
C007836,South,SMB,Organic,59,16,7.5,3,67068.73
C007837,South,Consumer,Partner,4,2,12.9,0,2433.6
C007838,East,Consumer,Referral,24,6,7.6,0,9880.78
C007839,East,Consumer,Paid Search,72,16,7.3,1,20170.49
C007840,South,SMB,Organic,17,9,6.9,0,24669.66
C007841,West,Consumer,Social,23,10,14.1,1,13164.91
C007842,South,Consumer,Social,15,7,14.0,0,10147.38
C007843,North,SMB,Referral,11,6,7.3,0,15657.44
C007844,South,Consumer,Partner,31,6,9.7,0,11402.44
C007845,North,SMB,Paid Search,32,7,10.8,0,18009.52
C007846,South,Consumer,Partner,26,11,9.7,0,17737.33
C007847,South,Enterprise,Referral,13,8,8.2,0,106552.56
C007848,South,Consumer,Social,26,5,16.7,0,6744.65
C007849,North,Consumer,Partner,5,1,10.6,0,1235.76
C007850,East,Consumer,Social,28,8,8.4,0,9312.52
C007851,South,Consumer,Organic,10,1,3.8,0,2014.7
C007852,West,Consumer,Partner,10,1,7.5,0,1451.25
C007853,South,Consumer,Referral,49,15,6.3,1,24800.12
C007854,South,Consumer,Organic,2,1,2.4,0,1420.07
C007855,South,SMB,Referral,17,10,5.0,1,29955.04
C007856,West,Consumer,Paid Search,6,1,13.6,0,1672.7
C007857,North,SMB,Referral,21,6,8.4,0,12478.46
C007858,South,Consumer,Paid Search,11,2,12.1,0,2059.51
C007859,West,Consumer,Organic,6,1,2.0,0,1414.01
C007860,East,SMB,Organic,15,3,7.6,0,6993.24
C007861,East,SMB,Social,9,1,17.4,0,2138.4
C007862,North,SMB,Organic,9,1,8.3,0,2651.98
C007863,North,Consumer,Referral,29,10,4.7,0,14492.43
C007864,South,Consumer,Referral,5,1,17.9,0,1261.34
C007865,East,Enterprise,Organic,2,1,5.7,0,9574.73
C007866,South,Consumer,Organic,22,1,2.7,0,1913.77
C007867,North,Consumer,Paid Search,17,5,19.1,1,5989.63
C007868,North,Consumer,Partner,11,1,10.2,0,1633.72
C007869,South,SMB,Partner,29,10,8.6,1,18171.13
C007870,East,SMB,Paid Search,52,18,13.0,1,45722.49
C007871,North,Enterprise,Organic,18,10,8.8,0,93039.24
C007872,North,Enterprise,Referral,19,11,7.8,1,77831.67
C007873,South,Consumer,Paid Search,7,1,6.8,0,1728.74
C007874,North,Consumer,Paid Search,5,2,11.9,0,2353.92
C007875,South,Consumer,Paid Search,17,4,14.7,0,6085.1
C007876,North,Consumer,Referral,4,2,6.9,0,2173.74
C007877,East,Consumer,Paid Search,3,6,9.0,0,8924.13
C007878,East,Enterprise,Partner,25,10,7.9,1,71256.99
C007879,West,Consumer,Paid Search,6,1,14.6,0,1424.07
C007880,West,Consumer,Paid Search,25,6,15.8,0,7927.33
C007881,South,Consumer,Partner,40,12,4.7,0,23691.12
C007882,North,Consumer,Paid Search,23,4,8.5,0,5835.64
C007883,South,Consumer,Organic,5,3,4.8,0,5751.25
C007884,East,Consumer,Organic,64,13,2.9,0,15449.22
C007885,North,Consumer,Social,20,10,13.3,0,14717.78
C007886,South,Consumer,Referral,18,7,6.2,0,14998.26
C007887,South,SMB,Referral,16,4,9.3,0,16717.69
C007888,North,SMB,Organic,10,1,2.5,0,1771.68
C007889,East,SMB,Organic,8,3,1.5,0,8329.01
C007890,East,Consumer,Paid Search,2,1,9.8,0,915.81
C007891,South,Consumer,Paid Search,6,1,7.5,0,1426.92
C007892,West,Consumer,Paid Search,15,1,12.2,0,1252.1
C007893,North,Enterprise,Referral,24,10,7.3,0,89818.04
C007894,North,Consumer,Social,9,1,18.0,0,1208.56
C007895,South,Consumer,Referral,22,6,3.8,1,8296.53
C007896,East,Enterprise,Referral,14,5,7.4,0,39781.39
C007897,South,Enterprise,Referral,17,9,8.0,0,63538.69
C007898,North,Consumer,Organic,33,8,0.4,1,10342.37
C007899,West,SMB,Referral,22,7,7.7,0,19041.5
C007900,South,Consumer,Organic,26,7,5.8,0,10554.46
C007901,South,Consumer,Social,68,16,14.6,1,23586.85
C007902,East,Consumer,Paid Search,9,1,8.2,0,1299.69
C007903,West,Enterprise,Referral,31,19,6.8,0,140917.11
C007904,East,Consumer,Partner,25,10,2.1,0,13992.88
C007905,West,SMB,Paid Search,25,11,13.0,0,30916.77
C007906,North,Consumer,Organic,21,1,7.2,0,1406.14
C007907,East,Consumer,Partner,24,3,7.3,0,2784.29
C007908,West,SMB,Paid Search,15,7,15.8,0,20475.24
C007909,South,SMB,Paid Search,19,6,9.9,1,20181.28
C007910,South,Enterprise,Organic,36,18,2.8,2,191127.78
C007911,West,SMB,Paid Search,11,1,11.2,0,2894.72
C007912,North,SMB,Referral,13,4,13.8,0,12854.61
C007913,South,Consumer,Social,24,4,14.1,0,6267.0
C007914,West,Enterprise,Social,23,6,21.4,0,38874.51
C007915,West,Consumer,Referral,14,7,6.9,1,10168.65
C007916,West,Consumer,Social,25,7,12.6,0,8618.93
C007917,West,Consumer,Social,25,2,20.9,1,2050.28
C007918,North,Consumer,Organic,62,14,5.6,0,22860.94
C007919,West,Consumer,Referral,72,15,6.1,0,21131.05
C007920,South,Consumer,Organic,72,20,7.6,1,35094.72
C007921,East,Consumer,Paid Search,24,7,15.7,2,11593.36
C007922,South,Enterprise,Social,34,17,13.3,0,170212.95
C007923,West,Enterprise,Social,24,14,17.7,2,85008.05
C007924,South,Consumer,Partner,17,7,7.3,0,9584.87
C007925,West,Enterprise,Paid Search,26,16,9.1,1,145834.03
C007926,North,Consumer,Organic,17,7,2.9,0,11109.32
C007927,North,Consumer,Organic,19,10,1.5,0,19301.91
C007928,South,Enterprise,Organic,18,14,5.3,1,115467.05
C007929,North,Consumer,Paid Search,18,2,12.3,1,2047.91
C007930,East,SMB,Referral,12,4,10.4,0,8054.46
C007931,South,Consumer,Referral,32,5,9.6,2,9480.13
C007932,South,Consumer,Organic,25,10,3.8,0,16424.95
C007933,North,Consumer,Organic,11,1,4.4,0,1697.89
C007934,North,Enterprise,Organic,18,15,3.1,0,115745.6
C007935,East,Consumer,Social,8,1,15.3,0,990.14
C007936,South,Consumer,Paid Search,22,6,11.3,1,10038.72
C007937,North,Consumer,Organic,36,6,5.1,0,6563.92
C007938,South,Consumer,Paid Search,15,3,16.4,0,4574.01
C007939,North,Consumer,Organic,31,5,9.5,0,9411.65
C007940,East,SMB,Paid Search,18,6,10.1,0,9289.4
C007941,North,Consumer,Social,15,4,17.3,1,4121.84
C007942,South,Consumer,Paid Search,11,3,14.0,0,4247.19
C007943,East,Consumer,Organic,17,4,3.4,0,4761.54
C007944,South,Consumer,Organic,32,7,9.2,0,10246.83
C007945,South,SMB,Organic,24,9,0.6,1,46035.91
C007946,South,SMB,Partner,9,9,11.2,0,23190.35
C007947,West,Consumer,Referral,26,5,6.6,0,7062.99
C007948,South,Consumer,Paid Search,21,5,8.8,0,6186.08
C007949,South,Consumer,Referral,8,1,6.4,0,1167.85
C007950,West,SMB,Organic,7,2,10.6,0,6156.93
C007951,East,Enterprise,Paid Search,6,5,19.5,0,22289.32
C007952,East,SMB,Paid Search,33,7,9.7,0,13165.1
C007953,West,Consumer,Social,8,1,14.9,0,1352.61
C007954,North,Consumer,Social,16,5,14.4,0,7220.69
C007955,West,Enterprise,Organic,25,14,4.9,0,99908.18
C007956,East,Consumer,Social,24,6,19.9,0,5596.37
C007957,South,SMB,Organic,24,6,3.8,0,13737.96
C007958,South,Enterprise,Organic,8,10,2.7,0,100737.24
C007959,North,SMB,Organic,25,6,3.7,2,17456.92
C007960,West,Consumer,Organic,15,1,4.4,1,1508.75
C007961,North,Consumer,Organic,20,7,7.3,0,7487.78
C007962,South,Enterprise,Partner,19,15,8.4,1,151113.49
C007963,East,Consumer,Paid Search,17,3,14.0,0,3151.3
C007964,East,Enterprise,Paid Search,36,13,15.2,0,100753.61
C007965,North,Consumer,Organic,32,8,4.2,1,10082.67
C007966,West,SMB,Organic,72,17,4.8,0,54416.92
C007967,South,Enterprise,Organic,45,30,6.5,5,225520.6
C007968,West,Consumer,Organic,5,1,3.2,0,1847.99
C007969,North,Consumer,Paid Search,18,5,12.1,0,5175.96
C007970,North,Consumer,Organic,43,8,8.2,0,11700.19
C007971,East,SMB,Organic,17,3,5.4,0,6002.63
C007972,North,Consumer,Referral,14,1,10.8,0,1228.34
C007973,South,Consumer,Partner,7,6,5.3,0,10653.98
C007974,North,SMB,Organic,7,4,6.0,0,8978.24
C007975,East,Enterprise,Social,31,11,16.7,2,76987.88
C007976,West,SMB,Referral,20,5,7.9,1,16871.69
C007977,West,Consumer,Referral,2,1,6.1,0,991.07
C007978,West,Enterprise,Referral,37,20,2.6,0,191210.58
C007979,West,SMB,Referral,40,14,10.4,1,49490.72
C007980,South,Consumer,Partner,16,6,3.8,0,8200.01
C007981,South,Enterprise,Organic,19,12,1.0,1,93535.32
C007982,West,Consumer,Paid Search,46,11,13.7,1,10800.77
C007983,West,Enterprise,Referral,15,4,5.9,0,27716.82
C007984,West,SMB,Partner,4,3,8.4,0,10612.74
C007985,East,Consumer,Paid Search,31,9,8.2,0,10260.21
C007986,North,Consumer,Partner,39,9,8.9,0,13591.65
C007987,West,Consumer,Referral,21,5,9.5,0,6290.06
C007988,West,Consumer,Referral,8,1,2.3,0,1504.66
C007989,East,SMB,Social,43,10,15.8,0,29167.24
C007990,West,SMB,Social,14,4,17.7,0,13575.15
C007991,South,Consumer,Referral,10,4,3.0,0,6600.8
C007992,West,Consumer,Social,21,4,15.4,0,5112.83
C007993,North,SMB,Organic,16,1,5.2,0,2428.15
C007994,West,Consumer,Partner,29,9,9.1,0,15127.11
C007995,North,Consumer,Social,68,15,14.2,1,18848.26
C007996,South,Consumer,Referral,9,4,2.6,0,8329.29
C007997,North,Consumer,Organic,32,4,3.8,0,4122.73
C007998,South,Consumer,Organic,15,3,3.3,0,4390.57
C007999,South,SMB,Organic,29,12,4.8,0,36605.68
C008000,West,Consumer,Organic,21,5,8.6,0,7973.68
C008001,South,Consumer,Referral,13,2,2.5,0,2484.44
C008002,West,SMB,Partner,33,13,10.9,0,35507.18
C008003,South,Enterprise,Referral,14,7,12.3,0,69745.99
C008004,North,Consumer,Paid Search,10,1,17.1,0,1324.3
C008005,East,SMB,Partner,31,9,13.4,0,22499.96
C008006,East,SMB,Partner,10,4,8.6,0,8389.72
C008007,South,Enterprise,Referral,31,18,7.2,0,149538.15
C008008,West,Consumer,Paid Search,19,6,6.6,1,7190.79
C008009,West,Consumer,Referral,20,3,6.3,0,5421.46
C008010,South,Consumer,Paid Search,9,6,15.4,0,9114.85
C008011,West,SMB,Organic,21,4,0.7,0,12836.3
C008012,East,SMB,Referral,14,4,4.4,1,10698.7
C008013,East,Consumer,Referral,48,7,7.3,0,11167.9
C008014,South,Consumer,Paid Search,7,5,7.0,1,11486.83
C008015,North,Consumer,Partner,38,6,13.5,0,7913.81
C008016,South,Consumer,Partner,40,10,9.8,0,15131.38
C008017,East,Enterprise,Referral,26,11,8.0,1,83820.3
C008018,East,Consumer,Organic,46,9,7.4,0,15045.02
C008019,South,SMB,Organic,16,5,4.0,0,18499.0
C008020,East,Consumer,Referral,17,5,7.8,1,6740.96
C008021,North,SMB,Social,27,8,12.1,0,24622.73
C008022,South,SMB,Referral,16,7,0.1,1,25086.23
C008023,West,Consumer,Organic,3,6,4.9,1,6798.23
C008024,South,SMB,Organic,7,4,9.7,0,14765.2
C008025,South,SMB,Organic,7,1,10.0,0,2533.11
C008026,South,Enterprise,Referral,32,23,6.4,0,197873.32
C008027,South,Consumer,Paid Search,19,8,11.2,1,10040.93
C008028,East,Consumer,Organic,30,7,0.3,0,8940.27
C008029,West,Consumer,Referral,33,7,10.2,0,10386.74
C008030,South,SMB,Partner,16,8,9.3,1,31422.01
C008031,South,Consumer,Paid Search,23,1,11.4,0,1343.78
C008032,South,Enterprise,Organic,6,9,0.0,0,112760.84
C008033,South,Consumer,Referral,12,6,1.6,0,7071.95
C008034,South,Enterprise,Partner,15,9,8.4,0,60260.5
C008035,North,Consumer,Organic,19,7,0.4,0,8828.02
C008036,West,Consumer,Organic,6,4,6.6,0,6857.05
C008037,South,Consumer,Referral,16,2,8.8,0,2498.44
C008038,South,Consumer,Paid Search,10,4,8.1,0,4726.62
C008039,North,SMB,Partner,63,18,8.1,0,71081.09
C008040,West,Consumer,Social,20,4,12.2,0,5386.6
C008041,North,Consumer,Organic,30,6,7.8,0,11173.58
C008042,South,Enterprise,Partner,30,19,17.9,0,179277.0
C008043,West,Consumer,Referral,21,5,6.6,0,8642.56
C008044,South,Consumer,Paid Search,25,11,16.4,0,19515.92
C008045,West,SMB,Organic,23,6,8.1,0,16458.6
C008046,North,Consumer,Referral,23,6,6.8,0,6658.18
C008047,East,Consumer,Partner,43,6,9.6,1,8121.51
C008048,West,Consumer,Organic,19,6,1.2,0,8701.74
C008049,South,Consumer,Paid Search,10,1,12.4,0,1630.11
C008050,East,Consumer,Partner,31,7,7.1,0,10515.31
C008051,South,Enterprise,Paid Search,8,9,16.1,1,60095.26
C008052,East,Consumer,Organic,17,4,3.1,0,4648.94
C008053,West,Enterprise,Organic,13,5,1.8,0,43048.78
C008054,East,Consumer,Referral,16,6,4.0,0,10024.44
C008055,West,Consumer,Social,26,7,17.6,0,7763.87
C008056,South,Consumer,Organic,25,6,4.4,0,13658.45
C008057,South,Consumer,Organic,16,2,0.0,0,2374.97
C008058,South,Consumer,Referral,12,1,10.0,0,2052.77
C008059,East,SMB,Referral,34,15,2.5,0,41427.89
C008060,West,SMB,Organic,27,7,3.4,0,23703.12
C008061,East,SMB,Paid Search,5,1,11.4,0,2684.08
C008062,South,Consumer,Referral,6,3,3.7,0,2999.92
C008063,South,SMB,Organic,13,3,0.0,0,9354.82
C008064,East,Consumer,Organic,4,3,7.4,0,3641.73
C008065,West,SMB,Partner,7,7,10.0,0,25288.86
C008066,North,SMB,Partner,21,4,8.2,0,10836.04
C008067,North,Consumer,Paid Search,25,5,13.1,1,8667.42
C008068,South,Consumer,Partner,17,6,2.9,1,13837.86
C008069,North,Enterprise,Referral,17,6,8.6,0,52423.85
C008070,West,Consumer,Partner,13,1,9.2,0,1486.67
C008071,South,SMB,Partner,11,5,9.3,0,12200.87
C008072,South,Enterprise,Referral,29,21,8.3,2,204895.6
C008073,South,Consumer,Paid Search,31,6,15.0,1,7920.39
C008074,South,Consumer,Organic,16,4,4.7,0,8340.43
C008075,West,Consumer,Referral,7,9,7.2,0,9852.66
C008076,South,SMB,Paid Search,11,7,8.0,0,18648.96
C008077,North,Consumer,Referral,18,1,9.1,0,1649.13
C008078,South,Consumer,Organic,16,4,3.0,0,9073.28
C008079,West,Consumer,Social,28,8,13.2,0,12700.04
C008080,West,Enterprise,Partner,11,11,6.8,0,118755.35
C008081,North,SMB,Organic,25,11,1.8,1,33805.7
C008082,East,Consumer,Referral,18,5,6.7,0,8914.62
C008083,North,Enterprise,Social,62,29,17.5,5,215197.57
C008084,South,SMB,Referral,17,4,3.7,0,14212.89
C008085,North,Enterprise,Partner,12,5,8.0,0,41165.55
C008086,West,Consumer,Referral,42,6,9.0,0,8244.44
C008087,West,Consumer,Organic,16,7,0.0,0,12141.47
C008088,North,SMB,Paid Search,25,9,17.6,0,23664.74
C008089,South,Consumer,Paid Search,4,2,10.6,0,3268.04
C008090,North,Consumer,Organic,36,11,2.2,0,10425.6
C008091,South,SMB,Social,11,6,15.2,0,14275.95
C008092,North,Consumer,Referral,8,5,5.0,1,6495.4
C008093,South,Consumer,Paid Search,32,10,11.8,0,10921.06
C008094,West,Consumer,Paid Search,10,5,9.8,0,5959.46
C008095,North,Consumer,Paid Search,9,1,15.4,0,1477.97
C008096,West,Consumer,Paid Search,7,5,20.1,0,6776.09
C008097,North,Consumer,Referral,13,5,9.2,1,8369.69
C008098,South,Consumer,Paid Search,10,2,12.6,0,3496.46
C008099,South,SMB,Social,29,12,13.3,2,42286.26
C008100,West,Consumer,Partner,11,6,11.2,0,8551.24
C008101,North,Consumer,Referral,12,3,4.7,0,5674.65
C008102,North,SMB,Social,12,3,16.0,0,6816.0
C008103,East,Consumer,Partner,26,3,6.4,0,4964.85
C008104,East,Consumer,Organic,31,2,1.2,0,3216.96
C008105,East,Consumer,Organic,18,3,4.4,0,4455.07
C008106,North,SMB,Organic,17,7,2.0,0,20703.29
C008107,South,Consumer,Paid Search,19,10,16.4,1,12157.87
C008108,West,Consumer,Paid Search,21,3,9.7,0,4306.64
C008109,East,Consumer,Referral,28,6,6.6,0,5633.42
C008110,East,SMB,Paid Search,27,7,10.1,0,21101.24
C008111,South,SMB,Organic,1,2,1.3,0,5971.21
C008112,South,Enterprise,Paid Search,9,3,14.1,0,22360.02
C008113,West,SMB,Organic,3,1,4.7,0,2101.3
C008114,East,Consumer,Referral,22,9,14.0,0,8538.91
C008115,North,Consumer,Organic,7,5,8.1,0,11736.66
C008116,West,Consumer,Organic,24,6,5.2,0,7938.35
C008117,South,Consumer,Organic,20,7,6.1,0,13400.97
C008118,South,Consumer,Social,17,7,14.7,0,7660.04
C008119,South,Consumer,Organic,15,3,1.9,0,3726.06
C008120,East,SMB,Referral,31,7,2.7,0,18354.33
C008121,South,SMB,Social,25,8,11.8,0,23629.72
C008122,South,Consumer,Paid Search,8,3,16.0,0,3692.76
C008123,East,Consumer,Organic,21,1,5.8,0,1272.53
C008124,North,Consumer,Referral,19,3,8.6,0,3528.12
C008125,West,Consumer,Organic,37,9,7.4,1,16759.78
C008126,South,Consumer,Social,40,9,14.4,1,19036.74
C008127,South,Consumer,Social,18,1,13.2,0,1768.17
C008128,East,Consumer,Paid Search,59,10,18.1,0,8426.79
C008129,East,Enterprise,Organic,10,7,6.6,0,54767.89
C008130,South,Consumer,Social,5,3,10.0,0,3971.63
C008131,East,Consumer,Referral,43,4,1.7,0,4731.73
C008132,West,Consumer,Organic,9,5,7.3,0,8424.47
C008133,West,Consumer,Social,5,1,12.3,0,1413.13
C008134,West,Consumer,Paid Search,10,4,11.6,0,5704.85
C008135,South,Enterprise,Partner,12,11,1.4,2,102472.44
C008136,South,Consumer,Social,3,2,13.6,0,2384.14
C008137,South,Consumer,Organic,14,1,7.7,0,1243.76
C008138,North,Enterprise,Organic,11,11,3.4,0,85417.83
C008139,East,Consumer,Paid Search,19,1,8.5,0,1188.8
C008140,South,Consumer,Social,2,1,14.3,1,1536.79
C008141,South,Consumer,Organic,15,8,5.1,0,14963.3
C008142,South,Consumer,Paid Search,66,14,10.9,1,19872.15
C008143,South,Enterprise,Referral,33,17,2.3,1,160897.05
C008144,South,Consumer,Organic,6,2,6.2,0,3720.7
C008145,East,SMB,Organic,10,3,3.3,0,7450.14
C008146,South,Consumer,Social,13,2,15.5,0,3040.28
C008147,South,SMB,Referral,42,13,4.1,2,42968.62
C008148,North,SMB,Referral,15,8,10.7,0,20106.6
C008149,West,SMB,Organic,13,4,7.1,1,9079.78
C008150,North,SMB,Referral,7,4,5.9,0,9346.02
C008151,South,SMB,Referral,13,3,7.9,0,11225.83
C008152,South,Consumer,Paid Search,14,8,16.9,0,7940.24
C008153,South,Consumer,Partner,20,8,11.5,0,16663.43
C008154,West,Consumer,Organic,9,3,9.5,0,3734.9
C008155,East,Consumer,Paid Search,7,4,13.8,0,3267.79
C008156,West,Consumer,Partner,7,6,6.4,0,7937.46
C008157,West,SMB,Organic,34,8,6.8,0,14964.25
C008158,North,SMB,Partner,37,8,13.1,0,14825.72
C008159,South,Enterprise,Paid Search,34,20,13.8,0,164430.05
C008160,South,Consumer,Organic,13,1,2.5,0,1176.25
C008161,South,SMB,Organic,33,8,5.2,0,18485.33
C008162,South,SMB,Paid Search,30,7,14.3,0,20012.02
C008163,South,Enterprise,Partner,24,14,8.5,1,121535.64
C008164,South,SMB,Partner,14,1,10.3,0,3269.83
C008165,South,Consumer,Referral,24,5,5.1,0,8198.18
C008166,East,Consumer,Organic,6,1,4.4,0,1275.83
C008167,East,Enterprise,Paid Search,31,14,13.0,0,104420.83
C008168,West,SMB,Paid Search,2,3,13.2,0,9833.88
C008169,North,SMB,Organic,14,4,3.1,0,11773.97
C008170,South,SMB,Organic,16,9,0.0,0,32864.36
C008171,West,SMB,Paid Search,13,7,3.4,0,12622.0
C008172,East,SMB,Paid Search,31,6,11.9,0,13068.95
C008173,South,Enterprise,Social,6,3,15.5,0,31590.46
C008174,South,Enterprise,Paid Search,8,9,11.4,1,66610.43
C008175,North,Consumer,Organic,19,6,5.1,0,9441.43
C008176,West,Consumer,Organic,5,1,9.8,1,1487.87
C008177,East,Consumer,Referral,13,1,5.5,0,1124.35
C008178,South,Consumer,Referral,44,13,8.1,0,21569.39
C008179,South,SMB,Organic,31,11,10.1,0,29770.54
C008180,South,SMB,Partner,49,16,4.9,0,45494.39
C008181,South,Consumer,Referral,17,1,12.3,0,1308.19
C008182,East,Consumer,Organic,32,7,7.9,0,7311.87
C008183,South,Consumer,Organic,33,8,4.1,0,10352.99
C008184,North,SMB,Partner,5,1,0.4,0,2708.62
C008185,South,Consumer,Paid Search,11,1,16.2,0,1400.46
C008186,West,Consumer,Organic,13,4,10.3,0,5235.64
C008187,South,Consumer,Referral,67,17,4.9,0,24392.68
C008188,South,Consumer,Organic,38,8,10.5,0,19730.77
C008189,East,Consumer,Social,7,3,9.9,0,4215.76
C008190,West,SMB,Social,47,11,15.9,0,20937.19
C008191,East,Enterprise,Social,12,5,14.5,0,34381.73
C008192,West,Consumer,Referral,26,8,3.0,0,12951.07
C008193,North,Consumer,Referral,14,3,6.3,0,8505.71
C008194,West,Consumer,Paid Search,3,6,11.9,0,8907.79
C008195,West,Consumer,Partner,48,11,4.4,0,25239.57
C008196,South,Consumer,Organic,34,6,7.0,0,8494.8
C008197,East,Consumer,Organic,15,1,3.0,0,1120.97
C008198,North,Consumer,Partner,23,7,6.9,0,7756.73
C008199,South,SMB,Partner,11,3,12.3,0,10358.7
C008200,North,Consumer,Referral,10,5,5.0,0,5932.33
C008201,North,SMB,Paid Search,34,9,5.2,1,22485.38
C008202,West,Consumer,Organic,31,8,4.2,0,13378.14
C008203,South,Consumer,Referral,57,13,7.3,0,18627.13
C008204,South,Consumer,Organic,32,9,4.3,0,14648.83
C008205,South,Consumer,Paid Search,23,8,14.6,0,8766.88
C008206,South,Consumer,Paid Search,33,8,13.2,0,7113.02
C008207,South,SMB,Partner,25,11,6.2,1,44027.15
C008208,South,Enterprise,Partner,27,11,10.1,0,116575.55
C008209,East,Consumer,Partner,30,7,9.4,1,8149.29
C008210,West,Consumer,Social,34,8,16.3,1,10770.23
C008211,South,Consumer,Organic,17,4,4.5,1,5222.88
C008212,West,SMB,Organic,2,1,5.9,0,2813.2
C008213,East,Consumer,Paid Search,18,1,12.3,0,1922.21
C008214,East,Consumer,Organic,8,3,4.1,0,5558.66
C008215,South,SMB,Referral,40,15,8.4,0,47967.79
C008216,North,SMB,Paid Search,45,14,13.7,1,24775.23
C008217,West,SMB,Partner,9,4,9.7,1,12632.75
C008218,South,Consumer,Paid Search,14,1,13.9,0,1347.63
C008219,South,Consumer,Paid Search,16,2,5.3,0,2877.27
C008220,West,Consumer,Social,9,1,17.7,0,1294.74
C008221,South,SMB,Referral,25,10,4.1,0,46542.87
C008222,West,SMB,Organic,6,8,8.4,0,23778.51
C008223,South,Consumer,Referral,22,6,2.9,0,11736.49
C008224,West,SMB,Referral,31,8,11.7,0,24242.04
C008225,South,Consumer,Organic,27,7,0.0,1,12504.41
C008226,North,SMB,Paid Search,26,8,13.0,0,23870.98
C008227,East,Consumer,Partner,10,1,6.9,0,1156.91
C008228,North,Consumer,Organic,44,10,6.4,0,10711.4
C008229,West,Consumer,Paid Search,37,8,17.2,0,14366.34
C008230,East,SMB,Organic,14,4,5.7,0,7514.91
C008231,South,Consumer,Referral,29,12,9.8,0,18937.42
C008232,North,Consumer,Partner,12,3,,0,5658.4
C008233,West,SMB,Paid Search,29,14,10.1,1,42516.5
C008234,East,SMB,Social,7,1,16.1,0,2557.11
C008235,West,Consumer,Social,35,4,19.1,0,5753.64
C008236,North,SMB,Organic,13,3,6.1,0,10680.1
C008237,West,SMB,Social,9,7,13.2,0,25135.22
C008238,South,Consumer,Partner,8,1,9.5,0,1122.16
C008239,East,Consumer,Partner,22,1,8.3,0,1611.15
C008240,South,Consumer,Referral,4,3,8.5,0,4475.67
C008241,North,Consumer,Organic,27,5,3.4,0,6229.6
C008242,West,Consumer,Organic,16,6,5.7,0,7189.37
C008243,West,Consumer,Organic,31,5,4.6,0,7912.17
C008244,South,Consumer,Referral,3,1,5.5,0,1394.81
C008245,West,Consumer,Paid Search,19,9,15.9,1,12106.98
C008246,North,SMB,Referral,16,3,5.5,0,8502.48
C008247,North,SMB,Social,9,2,12.7,0,5554.45
C008248,North,Consumer,Organic,8,4,1.4,0,6939.87
C008249,South,Enterprise,Partner,28,9,7.8,0,98212.62
C008250,North,Consumer,Organic,7,4,4.5,1,7222.49
C008251,South,Consumer,Organic,18,10,7.2,1,20747.28
C008252,North,Consumer,Social,5,4,11.3,0,5051.97
C008253,East,Consumer,Organic,4,1,0.0,0,1166.4
C008254,West,Consumer,Organic,18,3,0.0,0,4645.84
C008255,East,SMB,Partner,21,6,9.4,0,13308.74
C008256,North,Consumer,Partner,10,4,11.1,0,4102.66
C008257,East,Consumer,Social,26,9,17.9,0,9475.78
C008258,South,Consumer,Organic,37,13,3.5,1,23750.26
C008259,East,Consumer,Organic,29,5,5.4,0,8134.68
C008260,South,SMB,Organic,18,6,0.0,0,19431.28
C008261,South,SMB,Organic,35,10,9.9,0,36910.34
C008262,North,SMB,Partner,20,8,11.5,1,21267.95
C008263,West,Consumer,Organic,9,5,7.7,0,4513.77
C008264,West,Consumer,Social,27,6,12.3,0,6314.02
C008265,East,Consumer,Organic,33,6,3.9,0,8445.05
C008266,West,SMB,Referral,6,8,6.4,0,16420.74
C008267,West,Consumer,Organic,15,6,10.1,0,6504.7
C008268,North,Consumer,Organic,9,1,8.0,0,1017.3
C008269,East,Consumer,Organic,20,4,4.4,0,4949.88
C008270,South,SMB,Partner,16,7,9.8,0,21847.04
C008271,South,Consumer,Referral,8,2,4.3,0,2243.4
C008272,North,Enterprise,Referral,18,12,2.8,1,115295.48
C008273,West,Consumer,Organic,22,4,4.8,0,6008.25
C008274,East,Consumer,Social,26,3,11.6,0,2747.84
C008275,South,Consumer,Referral,52,11,1.9,0,17939.85
C008276,South,Consumer,Paid Search,15,6,12.1,0,7478.41
C008277,South,Consumer,Referral,19,2,6.2,0,2652.56
C008278,East,SMB,Partner,18,4,5.0,0,7960.57
C008279,West,Consumer,Partner,66,16,6.8,1,23395.4
C008280,South,Consumer,Partner,13,1,9.1,0,1425.93
C008281,South,Consumer,Paid Search,16,2,11.3,0,2777.47
C008282,South,Consumer,Organic,17,1,5.4,0,1521.28
C008283,South,Enterprise,Organic,7,4,4.5,0,37426.64
C008284,South,Consumer,Organic,25,5,10.2,0,7115.29
C008285,North,SMB,Paid Search,21,6,16.0,0,10157.83
C008286,North,Consumer,Paid Search,12,1,12.3,1,1302.39
C008287,South,Consumer,Referral,26,6,4.5,1,7787.44
C008288,West,SMB,Referral,23,10,5.3,1,37328.98
C008289,South,Consumer,Referral,8,4,3.1,0,6962.94
C008290,South,SMB,Partner,25,15,5.6,0,56916.61
C008291,East,Consumer,Organic,4,1,7.0,1,1124.97
C008292,West,Consumer,Organic,19,4,3.2,0,7285.78
C008293,South,Enterprise,Referral,10,8,6.5,0,55880.81
C008294,North,Consumer,Referral,45,8,10.5,0,10692.16
C008295,East,Enterprise,Paid Search,35,14,13.7,0,77010.2
C008296,South,Enterprise,Partner,45,19,8.2,1,183654.35
C008297,East,Consumer,Organic,11,2,4.7,0,3629.28
C008298,South,Consumer,Referral,8,5,6.4,0,8279.27
C008299,North,SMB,Partner,17,10,10.8,0,19837.77
C008300,South,Consumer,Paid Search,11,7,12.9,0,8784.77
C008301,East,SMB,Referral,10,4,6.2,1,18673.94
C008302,South,Consumer,Organic,37,10,1.2,1,19202.43
C008303,North,Consumer,Paid Search,37,8,13.4,1,8901.58
C008304,South,Consumer,Organic,30,6,6.0,0,11183.83
C008305,East,SMB,Referral,4,1,2.3,0,2703.54
C008306,North,SMB,Referral,24,8,6.5,1,37937.04
C008307,East,Consumer,Partner,15,3,9.0,0,3737.45
C008308,East,Consumer,Referral,29,8,6.2,0,9625.23
C008309,South,Consumer,Organic,28,1,10.4,0,1457.15
C008310,West,Consumer,Social,22,5,19.6,0,5857.9
C008311,West,Consumer,Paid Search,38,11,8.2,1,13783.52
C008312,South,Consumer,Social,21,7,14.3,0,7904.15
C008313,North,Consumer,Organic,3,1,7.9,0,1255.12
C008314,South,Consumer,Social,14,1,14.7,0,1641.43
C008315,North,Consumer,Partner,11,3,10.2,0,3838.72
C008316,South,SMB,Organic,8,6,3.1,0,17096.04
C008317,West,Consumer,Referral,9,4,2.3,0,4721.38
C008318,West,Enterprise,Referral,13,8,9.1,0,74722.09
C008319,South,Consumer,Organic,11,5,4.0,0,10927.15
C008320,South,Consumer,Paid Search,25,7,19.7,0,7828.37
C008321,North,SMB,Referral,10,5,9.8,0,11910.63
C008322,South,Consumer,Organic,25,9,1.8,1,242573.80000000002
C008323,North,SMB,Organic,32,8,7.0,0,26290.1
C008324,West,Consumer,Social,25,4,14.8,0,6611.05
C008325,West,Consumer,Referral,19,6,8.6,1,8906.02
C008326,North,SMB,Organic,27,7,2.8,0,16093.46
C008327,East,Consumer,Partner,8,1,8.9,0,1329.65
C008328,South,Consumer,Partner,4,6,11.2,0,9212.93
C008329,West,Consumer,Partner,27,7,10.5,0,10548.28
C008330,South,Consumer,Referral,21,6,10.3,0,7206.12
C008331,North,Consumer,Organic,47,9,14.3,1,9262.4
C008332,East,SMB,Organic,33,11,3.6,2,20693.01
C008333,North,Consumer,Partner,14,1,13.4,0,1635.76
C008334,South,Enterprise,Partner,15,10,8.9,0,107947.8
C008335,North,Consumer,Social,20,5,13.8,0,4677.2
C008336,East,Consumer,Referral,16,5,7.0,0,5351.59
C008337,West,Consumer,Paid Search,20,1,14.7,0,1146.47
C008338,North,SMB,Social,12,6,13.9,0,18588.62
C008339,South,SMB,Organic,30,10,0.0,0,33576.49
C008340,East,Consumer,Referral,24,3,9.5,0,4989.61
C008341,North,Consumer,Referral,17,1,7.7,0,1306.14
C008342,South,SMB,Social,8,10,13.4,1,21860.38
C008343,East,Consumer,Paid Search,17,3,8.2,0,3208.77
C008344,South,Consumer,Social,22,7,16.2,0,8068.05
C008345,West,SMB,Organic,16,3,8.9,0,10624.24
C008346,South,Consumer,Organic,14,1,2.3,0,2367.98
C008347,East,SMB,Organic,3,4,5.8,0,11221.85
C008348,North,SMB,Paid Search,67,15,18.6,0,31863.4
C008349,North,Consumer,Paid Search,9,6,14.8,0,8071.79
C008350,North,Consumer,Paid Search,23,10,12.0,1,9524.34
C008351,West,Consumer,Paid Search,8,1,11.7,0,1336.05
C008352,West,SMB,Paid Search,21,6,10.6,1,12089.97
C008353,West,Consumer,Paid Search,23,1,12.2,0,1522.47
C008354,North,Consumer,Social,14,1,13.8,0,1250.66
C008355,South,Consumer,Organic,16,6,4.2,0,11173.87
C008356,West,Consumer,Paid Search,11,6,11.7,0,9679.02
C008357,East,Consumer,Organic,67,10,0.2,1,12057.14
C008358,North,Consumer,Organic,31,5,4.6,0,8765.05
C008359,West,Consumer,Referral,19,1,15.2,0,1054.02
C008360,North,Consumer,Partner,12,1,3.9,0,2441.83
C008361,North,Consumer,Paid Search,29,10,16.7,0,9556.91
C008362,West,Consumer,Paid Search,29,7,15.3,1,10839.38
C008363,South,Consumer,Organic,8,1,7.1,0,1965.68
C008364,South,Consumer,Organic,5,4,3.6,0,6595.76
C008365,South,Consumer,Partner,12,10,10.9,3,11957.17
C008366,West,Consumer,Referral,11,2,12.7,0,2355.48
C008367,North,Enterprise,Social,6,3,18.5,0,16939.88
C008368,East,Consumer,Partner,9,4,9.0,0,4909.07
C008369,South,Consumer,Referral,8,5,7.3,0,8960.42
C008370,North,Consumer,Organic,38,10,3.4,0,15961.77
C008371,South,SMB,Social,22,8,15.6,0,22530.45
C008372,South,Consumer,Social,24,5,16.9,0,5184.95
C008373,North,Enterprise,Paid Search,30,10,12.4,0,104635.98
C008374,South,Consumer,Referral,8,1,7.1,0,1480.11
C008375,East,Consumer,Paid Search,24,6,12.1,0,6598.65
C008376,South,Consumer,Paid Search,13,3,17.8,0,4261.01
C008377,East,SMB,Referral,38,10,7.8,0,17867.31
C008378,West,Consumer,Organic,34,7,5.9,0,10254.83
C008379,South,Enterprise,Paid Search,43,23,5.1,2,195730.75
C008380,South,Enterprise,Paid Search,9,7,15.2,1,53632.87
C008381,South,Consumer,Referral,16,7,9.1,0,13401.36
C008382,South,Consumer,Partner,11,6,9.9,1,6946.54
C008383,North,Consumer,Referral,11,3,9.1,0,4058.96
C008384,South,Consumer,Social,12,3,12.5,0,3829.04
C008385,North,Consumer,Organic,28,6,4.4,0,8240.58
C008386,South,Consumer,Referral,11,2,12.6,0,3406.23
C008387,West,Enterprise,Organic,9,9,1.1,1,77423.36
C008388,South,Consumer,Paid Search,11,2,8.3,0,2864.4
C008389,South,SMB,Referral,6,3,2.9,0,6008.92
C008390,South,SMB,Organic,11,5,4.8,1,18376.6
C008391,East,Consumer,Partner,35,7,13.1,0,5935.61
C008392,South,Consumer,Paid Search,57,14,13.1,0,18270.18
C008393,South,Consumer,Referral,14,4,10.6,0,4971.57
C008394,East,Enterprise,Paid Search,37,19,6.3,0,86299.04
C008395,North,Consumer,Social,48,10,12.8,0,13448.64
C008396,South,SMB,Referral,34,11,5.3,1,31594.92
C008397,South,Consumer,Organic,4,7,10.1,0,11506.34
C008398,East,Consumer,Partner,13,1,8.7,0,1374.35
C008399,West,Enterprise,Referral,41,24,7.2,1,224800.86
C008400,West,Consumer,Paid Search,28,1,12.9,0,1518.24
C008401,South,SMB,Referral,32,10,6.6,1,34015.97
C008402,North,Consumer,Organic,18,1,11.3,0,1610.44
C008403,South,Consumer,Social,22,3,,0,4190.77
C008404,West,Consumer,Paid Search,15,5,15.7,2,6929.64
C008405,West,Consumer,Social,36,9,18.3,0,11200.02
C008406,West,SMB,Organic,15,4,3.8,0,12762.6
C008407,North,Consumer,Social,20,9,16.7,1,12477.59
C008408,East,Consumer,Partner,12,6,2.3,0,8729.76
C008409,West,Consumer,Partner,10,3,7.0,0,4239.11
C008410,East,Consumer,Social,38,3,10.7,0,5528.62
C008411,East,SMB,Social,36,12,16.8,2,36616.48
C008412,South,Consumer,Referral,11,2,7.0,0,2604.77
C008413,East,Enterprise,Organic,23,11,7.6,1,77622.06
C008414,South,Consumer,Referral,36,11,9.3,0,22719.44
C008415,North,Consumer,Referral,64,12,10.7,0,13462.24
C008416,West,Consumer,Organic,24,9,3.0,0,10737.52
C008417,West,Consumer,Referral,34,7,1.9,0,18469.92
C008418,West,SMB,Organic,34,12,11.1,1,30488.21
C008419,South,SMB,Referral,31,13,5.7,0,27008.6
C008420,North,Consumer,Paid Search,4,4,12.2,0,4468.36
C008421,South,Enterprise,Partner,22,17,11.5,1,129105.85
C008422,West,Consumer,Organic,15,2,4.4,0,3540.17
C008423,East,SMB,Organic,9,1,1.9,0,2666.12
C008424,West,Consumer,Referral,8,2,13.7,0,2049.89
C008425,South,SMB,Paid Search,12,13,10.7,0,21282.79
C008426,South,Consumer,Organic,41,13,10.9,1,21070.37
C008427,West,Enterprise,Referral,8,4,8.4,0,33090.58
C008428,South,Enterprise,Partner,31,17,11.3,0,179398.42
C008429,West,Consumer,Social,46,10,18.3,2,11325.58
C008430,South,Consumer,Organic,12,4,4.1,0,5991.78
C008431,North,Consumer,Organic,44,11,7.1,1,13747.83
C008432,North,Consumer,Referral,36,9,13.3,0,10343.87
C008433,West,Consumer,Referral,15,7,11.3,0,10547.87
C008434,East,Consumer,Partner,21,9,11.8,1,9768.77
C008435,East,SMB,Organic,10,3,7.4,0,5349.42
C008436,West,Consumer,Referral,17,4,7.0,0,7608.78
C008437,South,Consumer,Partner,72,16,5.8,0,25957.53
C008438,West,Enterprise,Organic,20,10,10.1,1,91417.93
C008439,West,Consumer,Partner,13,4,6.6,0,7638.55
C008440,North,Consumer,Paid Search,5,3,10.9,0,3841.08
C008441,East,Enterprise,Social,24,15,15.4,1,93096.66
C008442,South,Consumer,Paid Search,9,1,8.0,0,1221.93
C008443,South,Consumer,Social,7,4,14.2,0,6714.75
C008444,South,Consumer,Partner,24,4,6.1,1,4537.5
C008445,West,SMB,Organic,10,5,1.0,0,16212.66
C008446,North,Consumer,Social,32,13,11.6,2,19113.34
C008447,South,Consumer,Organic,4,2,5.2,1,2400.8
C008448,East,Consumer,Organic,27,11,8.4,0,17390.28
C008449,North,Consumer,Referral,51,8,7.1,1,7492.34
C008450,West,Consumer,Referral,25,5,4.0,0,5795.69
C008451,West,Consumer,Paid Search,33,6,10.3,0,8418.55
C008452,North,Enterprise,Organic,11,7,6.4,0,64226.39
C008453,North,Consumer,Organic,34,7,8.8,0,7283.91
C008454,West,SMB,Organic,25,10,8.2,1,33419.22
C008455,North,Enterprise,Organic,21,4,6.0,0,37637.96
C008456,North,Enterprise,Organic,41,16,9.9,2,113221.93
C008457,West,SMB,Social,28,14,13.7,0,39066.17
C008458,West,Consumer,Organic,10,1,1.8,0,1953.51
C008459,East,SMB,Partner,14,4,7.5,0,13555.84
C008460,South,Consumer,Organic,47,13,9.1,0,17585.78
C008461,West,Consumer,Paid Search,9,3,14.4,0,3423.86
C008462,East,Consumer,Organic,9,1,8.6,0,1195.12
C008463,East,Consumer,Organic,32,7,5.1,0,7224.11
C008464,West,Consumer,Referral,14,6,7.8,0,11190.15
C008465,East,SMB,Paid Search,52,12,11.7,1,31547.12
C008466,South,Consumer,Paid Search,29,8,9.8,1,11896.61
C008467,South,Consumer,Paid Search,15,7,12.5,0,12638.91
C008468,South,Consumer,Social,25,9,14.7,0,14785.74
C008469,South,SMB,Paid Search,11,6,10.9,0,21437.58
C008470,South,Consumer,Organic,57,18,7.2,0,30797.17
C008471,South,Consumer,Organic,22,6,5.7,0,12390.34
C008472,West,SMB,Referral,16,3,11.4,0,6365.4
C008473,South,SMB,Partner,13,5,5.8,0,17254.6
C008474,North,Consumer,Organic,9,6,4.1,0,11817.89
C008475,South,Consumer,Paid Search,10,1,7.0,0,1440.14
C008476,South,Consumer,Paid Search,12,1,9.4,0,1333.34
C008477,West,Enterprise,Partner,6,6,10.2,0,44666.18
C008478,South,Consumer,Organic,15,3,7.8,0,4565.73
C008479,South,SMB,Social,17,12,17.4,1,40602.6
C008480,West,Consumer,Social,25,6,19.3,0,7635.09
C008481,North,Consumer,Paid Search,11,6,14.0,0,9707.46
C008482,North,Consumer,Social,10,2,15.6,0,2788.85
C008483,West,Consumer,Referral,18,6,9.4,1,10326.24
C008484,South,SMB,Organic,16,7,3.1,0,22603.02
C008485,East,SMB,Organic,24,10,0.4,1,25615.96
C008486,West,Consumer,Paid Search,4,2,11.2,0,2144.36
C008487,West,SMB,Paid Search,25,7,11.6,1,11986.03
C008488,North,Consumer,Social,18,7,15.7,0,8183.05
C008489,West,Consumer,Referral,3,1,5.0,0,902.72
C008490,East,Consumer,Social,15,1,13.6,0,1144.66
C008491,North,Consumer,Referral,31,6,9.8,0,9265.71
C008492,West,SMB,Paid Search,20,6,8.7,0,17337.44
C008493,South,Consumer,Organic,16,5,5.1,0,4448.59
C008494,West,Enterprise,Social,11,5,13.5,0,35458.98
C008495,East,Consumer,Organic,4,4,0.3,0,5975.55
C008496,South,SMB,Paid Search,19,10,11.2,2,37620.91
C008497,North,Consumer,Referral,36,10,4.7,0,15805.07
C008498,West,Consumer,Social,47,12,14.1,0,16150.74
C008499,South,Enterprise,Organic,8,2,5.6,0,19305.63
C008500,North,Consumer,Referral,20,5,0.9,1,10700.33
C008501,North,Consumer,Organic,21,7,8.5,2,9617.04
C008502,East,SMB,Social,13,8,24.4,0,12074.89
C008503,North,SMB,Social,36,10,12.6,1,23765.86
C008504,South,Consumer,Social,21,9,13.6,2,11002.14
C008505,East,SMB,Organic,7,4,2.9,1,8272.16
C008506,South,SMB,Referral,17,1,4.2,0,2729.44
C008507,South,SMB,Organic,32,11,11.4,0,55593.56
C008508,South,Consumer,Paid Search,7,1,11.5,0,1184.79
C008509,West,Consumer,Partner,18,3,10.5,0,3804.62
C008510,West,Enterprise,Organic,19,13,8.9,1,183776.37
C008511,South,Consumer,Referral,21,6,10.5,0,9875.96
C008512,South,Consumer,Organic,29,6,8.8,0,192199.19999999998
C008513,South,Enterprise,Referral,12,7,3.5,1,69844.45
C008514,West,Consumer,Referral,52,12,10.1,2,17522.57
C008515,South,Consumer,Paid Search,23,6,11.2,0,7950.87
C008516,South,SMB,Referral,63,22,12.3,0,67398.28
C008517,West,SMB,Partner,14,3,5.8,0,9860.24
C008518,North,Enterprise,Social,26,12,11.8,2,63660.75
C008519,South,SMB,Partner,1,1,8.2,0,2743.19
C008520,North,Consumer,Organic,55,10,7.2,0,9833.4
C008521,East,Consumer,Partner,24,10,2.9,1,10862.01
C008522,South,Consumer,Paid Search,14,2,11.0,0,3233.97
C008523,West,Enterprise,Organic,5,3,1.9,0,23905.32
C008524,South,Consumer,Paid Search,24,4,15.0,0,5304.52
C008525,North,Consumer,Organic,12,3,3.5,0,2498.77
C008526,West,Consumer,Social,35,7,18.6,0,6794.11
C008527,West,Consumer,Organic,51,14,3.1,0,16795.82
C008528,East,Consumer,Referral,22,3,8.1,0,2619.0
C008529,East,Consumer,Organic,32,6,1.1,0,8254.27
C008530,South,Consumer,Organic,15,1,4.9,0,1582.74
C008531,East,Enterprise,Partner,2,1,4.9,0,8538.92
C008532,North,Enterprise,Referral,25,15,11.8,2,144976.59
C008533,North,Consumer,Paid Search,30,4,15.4,0,6679.53
C008534,West,SMB,Social,15,7,15.9,2,19903.19
C008535,East,Consumer,Partner,5,1,11.3,0,1243.87
C008536,South,Consumer,Paid Search,12,3,10.7,0,4676.39
C008537,North,Consumer,Organic,25,10,7.1,0,11377.16
C008538,West,SMB,Partner,15,7,8.0,1,21415.91
C008539,North,SMB,Paid Search,17,1,13.8,0,2332.95
C008540,South,Consumer,Organic,46,19,5.6,0,23142.43
C008541,North,SMB,Organic,24,5,5.1,0,9935.3
C008542,North,SMB,Organic,60,21,0.0,2,38799.35
C008543,South,SMB,Partner,6,2,6.3,0,5874.78
C008544,West,Consumer,Partner,5,1,13.7,0,1185.92
C008545,South,SMB,Referral,28,9,6.9,0,23790.3
C008546,South,Consumer,Referral,38,8,5.1,1,9938.85
C008547,East,Consumer,Social,28,4,15.4,0,4081.53
C008548,South,SMB,Referral,69,23,2.7,1,59286.05
C008549,East,Consumer,Referral,48,10,5.8,0,12952.87
C008550,East,SMB,Partner,40,14,8.8,0,39945.61
C008551,East,SMB,Organic,11,4,6.7,0,9137.81
C008552,East,Consumer,Organic,10,3,6.3,0,4717.58
C008553,West,Consumer,Social,41,7,19.8,0,7569.37
C008554,East,SMB,Social,16,4,13.2,0,6371.6
C008555,West,SMB,Organic,34,9,0.7,0,36965.7
C008556,North,SMB,Paid Search,16,2,11.2,0,3539.36
C008557,East,Consumer,Referral,4,8,5.5,1,9123.7
C008558,East,Consumer,Paid Search,43,8,12.8,0,11014.75
C008559,South,Consumer,Partner,29,8,7.4,1,15660.28
C008560,West,SMB,Social,13,8,15.7,0,20564.03
C008561,South,Consumer,Paid Search,3,1,12.5,0,1287.29
C008562,South,SMB,Referral,58,25,9.9,0,113126.37
C008563,West,Consumer,Referral,34,5,7.2,0,8782.81
C008564,South,Consumer,Organic,30,5,5.8,0,9637.28
C008565,South,Consumer,Paid Search,35,7,17.6,0,10464.2
C008566,South,Consumer,Paid Search,7,5,7.3,0,8629.57
C008567,West,Consumer,Partner,48,15,8.8,0,22683.49
C008568,South,Consumer,Partner,1,6,7.9,0,8880.28
C008569,East,SMB,Organic,10,2,5.4,0,3525.74
C008570,West,Consumer,Social,12,1,17.0,0,999.88
C008571,East,SMB,Referral,12,3,4.7,0,8838.02
C008572,West,Consumer,Organic,18,3,3.5,0,5797.61
C008573,West,Consumer,Paid Search,32,3,14.4,0,4192.36
C008574,South,SMB,Partner,7,5,7.8,0,12202.0
C008575,West,Consumer,Paid Search,5,2,9.3,0,2973.9
C008576,South,Consumer,Referral,37,10,9.6,0,16084.57
C008577,North,Consumer,Referral,15,6,9.1,0,5587.54
C008578,South,Consumer,Referral,11,5,7.7,0,10279.95
C008579,East,Enterprise,Paid Search,52,20,13.4,3,157398.09
C008580,North,Consumer,Paid Search,34,11,13.9,0,11485.62
C008581,South,Consumer,Partner,10,2,7.9,0,2987.83
C008582,South,SMB,Paid Search,2,1,13.1,0,2682.5
C008583,South,Consumer,Organic,22,5,1.6,0,10502.57
C008584,North,Enterprise,Paid Search,11,8,11.6,0,53642.5
C008585,West,Consumer,Social,34,9,18.1,0,9134.06
C008586,South,Consumer,Paid Search,35,8,18.8,1,10464.36
C008587,North,Consumer,Social,17,3,15.6,1,3080.46
C008588,South,Consumer,Organic,13,7,2.5,0,13651.68
C008589,South,Consumer,Referral,18,2,6.1,0,3039.22
C008590,East,Consumer,Partner,16,10,3.8,0,10231.36
C008591,South,Consumer,Referral,26,6,9.2,0,7754.63
C008592,North,Consumer,Referral,19,4,7.3,0,5059.82
C008593,West,Consumer,Referral,27,7,4.3,2,9887.19
C008594,South,Consumer,Social,17,6,14.6,0,6071.76
C008595,North,Consumer,Paid Search,11,1,14.3,0,1015.27
C008596,East,Consumer,Referral,21,5,7.4,1,6574.7
C008597,East,Consumer,Paid Search,12,1,10.1,0,1562.17
C008598,East,Consumer,Paid Search,44,7,15.3,0,7191.06
C008599,South,Consumer,Paid Search,25,3,13.2,0,4360.48
C008600,South,Consumer,Paid Search,11,4,9.9,0,9447.0
C008601,South,Enterprise,Organic,26,15,5.3,1,138833.67
C008602,North,Consumer,Social,26,1,8.9,0,921.79
C008603,South,Consumer,Referral,23,4,8.0,1,6767.58
C008604,West,SMB,Organic,12,5,13.6,0,14150.99
C008605,East,Consumer,Organic,34,9,8.5,0,10149.94
C008606,South,Consumer,Referral,34,5,6.7,0,6111.18
C008607,South,SMB,Referral,10,4,7.9,0,14267.53
C008608,East,SMB,Social,7,1,16.8,0,1299.53
C008609,South,Enterprise,Paid Search,14,11,14.0,1,80875.04
C008610,North,Enterprise,Social,28,12,14.8,0,80586.85
C008611,North,Consumer,Organic,13,5,0.0,0,6485.17
C008612,East,SMB,Referral,26,6,6.1,1,14828.72
C008613,East,Consumer,Paid Search,34,2,10.4,0,1877.97
C008614,North,SMB,Paid Search,6,3,11.9,0,8824.96
C008615,North,Consumer,Partner,33,4,5.9,0,10088.36
C008616,East,Consumer,Partner,18,7,10.0,0,7073.4
C008617,South,Consumer,Organic,62,19,11.3,1,30110.26
C008618,East,Consumer,Organic,17,5,8.1,0,6384.89
C008619,North,Consumer,Partner,12,2,8.0,0,2869.9
C008620,East,SMB,Organic,25,7,9.7,0,15520.85
C008621,West,Consumer,Partner,26,7,11.0,0,9817.66
C008622,East,SMB,Organic,70,20,7.4,1,52107.41
C008623,North,Consumer,Paid Search,15,3,10.5,0,4723.29
C008624,East,Consumer,Organic,17,5,4.7,0,7439.15
C008625,South,Consumer,Referral,13,1,8.9,0,1941.67
C008626,North,Consumer,Organic,22,6,11.6,0,6862.67
C008627,South,Consumer,Paid Search,17,3,16.5,0,4285.1
C008628,West,Consumer,Partner,17,4,9.9,0,5499.68
C008629,South,Consumer,Organic,50,9,5.7,0,16607.79
C008630,West,SMB,Referral,13,6,9.5,0,12502.23
C008631,South,Consumer,Organic,25,8,6.8,0,15305.99
C008632,South,SMB,Referral,48,16,11.8,0,49607.0
C008633,North,SMB,Organic,15,3,1.9,0,11222.66
C008634,East,Consumer,Referral,17,5,7.3,0,6315.41
C008635,North,SMB,Social,18,10,17.5,0,23865.67
C008636,South,SMB,Partner,8,9,12.5,0,22766.74
C008637,South,SMB,Partner,16,8,14.0,1,20926.43
C008638,South,SMB,Organic,7,4,0.8,0,8724.89
C008639,South,Consumer,Organic,60,11,3.0,0,17036.3
C008640,North,Enterprise,Organic,14,11,5.0,2,79882.12
C008641,South,Consumer,Social,34,3,11.5,1,4459.72
C008642,West,Consumer,Organic,22,8,10.2,0,9825.9
C008643,North,SMB,Social,10,4,15.6,0,10856.35
C008644,South,Consumer,Partner,16,1,11.7,0,1417.43
C008645,South,Consumer,Organic,12,5,4.7,0,5450.72
C008646,South,Consumer,Organic,11,3,6.4,0,4673.73
C008647,East,Consumer,Referral,13,2,3.1,0,3081.53
C008648,South,SMB,Paid Search,24,8,9.0,0,28714.89
C008649,South,Consumer,Paid Search,26,7,9.1,0,8777.37
C008650,East,Consumer,Organic,25,5,0.0,0,4988.95
C008651,South,SMB,Partner,24,5,11.3,0,18187.65
C008652,West,SMB,Referral,25,9,7.1,0,28584.27
C008653,West,SMB,Organic,13,4,8.4,0,9499.79
C008654,North,Consumer,Organic,29,10,4.8,1,12073.98
C008655,South,SMB,Social,10,7,18.6,0,18900.2
C008656,North,Consumer,Organic,13,6,8.0,0,9824.12
C008657,North,SMB,Partner,4,7,7.8,0,18090.46
C008658,South,Consumer,Referral,10,5,7.8,0,5639.57
C008659,South,Consumer,Partner,25,6,9.2,0,6133.67
C008660,South,Consumer,Social,27,1,18.5,0,1140.85
C008661,South,Consumer,Partner,39,10,8.1,1,12819.58
C008662,South,Consumer,Social,10,8,16.3,0,8826.03
C008663,West,Consumer,Referral,11,5,2.8,0,10144.81
C008664,West,SMB,Organic,8,2,2.5,0,4485.68
C008665,North,Consumer,Social,26,6,13.0,0,6744.95
C008666,East,Consumer,Referral,9,1,8.7,0,1891.46
C008667,South,Consumer,Paid Search,38,10,10.1,0,12624.19
C008668,East,SMB,Referral,13,3,7.5,0,7464.08
C008669,South,Consumer,Organic,18,9,4.7,0,18764.65
C008670,West,Consumer,Paid Search,21,5,12.2,1,6748.94
C008671,North,Enterprise,Organic,38,18,7.8,0,152319.92
C008672,South,SMB,Paid Search,50,15,12.7,2,37778.12
C008673,West,Consumer,Paid Search,23,4,11.4,0,4688.63
C008674,North,Consumer,Partner,29,3,9.4,0,2953.27
C008675,North,Enterprise,Referral,10,10,12.0,1,71623.07
C008676,East,Consumer,Partner,47,7,8.3,0,9341.36
C008677,East,Consumer,Partner,30,6,4.3,0,11416.5
C008678,East,Consumer,Organic,72,9,1.1,0,10781.33
C008679,East,SMB,Referral,19,2,6.2,0,6431.27
C008680,East,Consumer,Organic,11,2,1.6,0,3202.25
C008681,North,Enterprise,Partner,15,7,0.8,1,50900.08
C008682,East,SMB,Paid Search,38,10,11.1,0,24142.15
C008683,East,Consumer,Organic,47,14,6.1,1,17892.54
C008684,West,Consumer,Organic,60,7,9.2,0,7586.29
C008685,South,Enterprise,Referral,11,10,6.9,0,82766.13
C008686,North,Consumer,Organic,7,4,5.9,0,4770.23
C008687,West,Consumer,Paid Search,18,3,13.5,0,3902.24
C008688,South,SMB,Partner,10,4,8.2,0,11727.4
C008689,North,Consumer,Organic,34,10,3.0,1,14398.24
C008690,West,Consumer,Referral,17,4,13.5,0,4828.63
C008691,South,Consumer,Referral,16,4,4.0,0,5123.9
C008692,South,Consumer,Paid Search,16,2,13.2,0,2010.09
C008693,North,SMB,Organic,15,3,2.7,0,10544.85
C008694,North,Consumer,Organic,6,1,5.3,0,1426.02
C008695,West,Consumer,Partner,10,5,9.2,1,8768.96
C008696,South,SMB,Referral,30,9,6.4,1,26926.64
C008697,North,Consumer,Paid Search,9,1,8.4,0,1367.72
C008698,South,SMB,Social,29,11,14.0,1,29531.7
C008699,North,Consumer,Organic,21,3,8.4,0,3826.17
C008700,North,Consumer,Organic,38,12,0.5,0,18761.64
C008701,South,Consumer,Organic,19,5,9.9,0,6988.68
C008702,South,SMB,Social,11,6,15.3,0,20309.37
C008703,North,Enterprise,Paid Search,10,7,14.1,0,67390.74
C008704,South,Consumer,Referral,5,4,3.8,1,8230.99
C008705,South,Consumer,Organic,11,5,4.6,0,10710.42
C008706,South,Consumer,Social,16,5,13.0,0,5704.7
C008707,North,Consumer,Social,41,6,15.9,0,9621.47
C008708,North,Consumer,Paid Search,30,6,8.7,0,8361.03
C008709,North,SMB,Organic,15,5,3.1,0,14829.88
C008710,South,SMB,Referral,9,1,13.2,0,2480.26
C008711,East,Consumer,Organic,26,1,6.9,0,1165.46
C008712,North,Consumer,Organic,12,1,6.1,1,906.12
C008713,West,Consumer,Referral,9,1,8.1,0,1617.66
C008714,East,Consumer,Referral,26,4,11.4,0,4592.66
C008715,North,Consumer,Social,10,1,14.6,1,1154.78
C008716,North,SMB,Organic,33,10,7.8,0,36125.86
C008717,North,Consumer,Organic,5,4,0.0,0,6011.67
C008718,North,Consumer,Referral,10,4,6.6,0,4658.23
C008719,South,Consumer,Social,10,4,14.1,0,5649.22
C008720,North,Consumer,Paid Search,31,9,10.4,0,17037.36
C008721,West,Enterprise,Paid Search,19,9,14.2,0,67140.75
C008722,South,SMB,Organic,31,5,4.6,1,18499.54
C008723,East,SMB,Paid Search,8,1,11.5,0,2068.46
C008724,East,SMB,Partner,30,9,5.6,0,25323.71
C008725,South,Consumer,Organic,28,8,3.8,0,13232.38
C008726,West,SMB,Referral,10,6,1.0,0,18716.5
C008727,West,SMB,Organic,11,11,4.1,0,30136.36
C008728,South,Consumer,Paid Search,11,4,7.8,0,5750.49
C008729,North,Consumer,Social,53,10,19.6,0,8270.36
C008730,South,SMB,Referral,18,8,,0,17357.19
C008731,South,SMB,Organic,7,1,7.7,0,2230.62
C008732,South,Consumer,Paid Search,11,5,8.0,1,5594.13
C008733,South,SMB,Organic,72,23,7.5,4,66322.66
C008734,South,Enterprise,Paid Search,21,17,10.0,1,129311.53
C008735,East,Enterprise,Social,16,4,15.8,1,20857.61
C008736,South,Consumer,Organic,5,2,4.4,1,4009.51
C008737,South,Consumer,Paid Search,9,2,,0,2877.13
C008738,South,SMB,Referral,39,11,3.9,0,41650.18
C008739,West,Consumer,Partner,21,7,10.0,0,7380.84
C008740,East,Consumer,Organic,10,2,6.9,0,2731.54
C008741,North,SMB,Referral,69,22,2.9,0,77960.79
C008742,East,Consumer,Organic,21,3,8.4,0,4013.53
C008743,North,Consumer,Organic,72,13,,0,17124.58
C008744,East,Enterprise,Organic,8,10,1.2,0,71321.04
C008745,South,Consumer,Social,6,1,13.4,0,1527.55
C008746,South,Enterprise,Organic,18,9,0.9,1,84257.59
C008747,East,Consumer,Partner,5,1,5.8,0,1580.47
C008748,West,Consumer,Paid Search,14,3,10.6,0,3495.5
C008749,East,Consumer,Social,27,7,16.5,0,9555.04
C008750,South,Consumer,Organic,25,8,7.4,0,12952.88
C008751,East,Consumer,Paid Search,21,5,15.2,0,5950.02
C008752,South,SMB,Social,10,3,17.4,0,7878.43
C008753,West,Enterprise,Paid Search,34,16,6.3,0,165293.12
C008754,West,Consumer,Referral,16,3,2.7,0,3846.78
C008755,North,Consumer,Social,2,1,18.3,0,972.73
C008756,South,Consumer,Referral,9,4,5.6,1,6255.78
C008757,South,Consumer,Social,9,2,14.6,0,2452.79
C008758,North,Consumer,Organic,37,8,6.9,1,11834.64
C008759,South,Consumer,Referral,9,3,10.9,0,6440.19
C008760,North,Consumer,Referral,24,4,8.4,0,5576.23
C008761,South,Consumer,Referral,4,2,4.4,0,3279.5
C008762,North,Consumer,Referral,27,3,3.3,0,5964.14
C008763,South,SMB,Social,5,4,11.8,0,12558.12
C008764,East,Consumer,Social,36,4,18.7,0,5420.27
C008765,South,Consumer,Organic,16,5,7.6,0,7212.52
C008766,South,Consumer,Organic,31,9,5.1,0,13917.08
C008767,West,Consumer,Organic,16,2,0.7,0,2732.61
C008768,West,SMB,Organic,11,7,7.7,0,22261.25
C008769,South,SMB,Referral,5,8,7.6,1,26819.96
C008770,North,SMB,Paid Search,3,1,9.7,0,3120.13
C008771,North,Consumer,Paid Search,11,3,11.8,0,4318.86
C008772,West,Consumer,Partner,18,7,9.5,0,9688.8
C008773,East,Consumer,Partner,7,1,6.7,0,1404.2
C008774,East,Consumer,Referral,58,10,3.9,1,17400.93
C008775,East,Consumer,Paid Search,42,7,12.6,0,8466.15
C008776,North,Consumer,Organic,16,6,5.8,1,6492.87
C008777,South,Consumer,Paid Search,46,11,6.3,0,13950.17
C008778,West,Consumer,Paid Search,17,5,11.8,0,7284.08
C008779,West,Consumer,Organic,7,1,2.5,0,1291.73
C008780,South,Consumer,Social,15,7,16.4,1,8730.66
C008781,South,Consumer,Paid Search,28,4,6.9,0,5525.16
C008782,North,Enterprise,Organic,10,8,,0,72707.07
C008783,West,Consumer,Referral,50,11,0.0,1,23789.08
C008784,South,Consumer,Paid Search,12,1,13.2,0,1062.97
C008785,East,Consumer,Paid Search,31,6,7.5,0,9193.49
C008786,South,Consumer,Organic,15,6,1.0,0,11921.82
C008787,East,SMB,Organic,9,1,4.7,0,2713.88
C008788,East,Consumer,Referral,6,1,6.5,0,1210.79
C008789,South,Enterprise,Paid Search,33,19,13.9,3,178110.79
C008790,West,SMB,Organic,23,6,7.2,0,17739.24
C008791,West,Consumer,Social,10,4,18.4,0,4977.5
C008792,West,Enterprise,Social,34,16,19.8,0,79746.94
C008793,South,Consumer,Paid Search,11,1,15.1,0,1535.6
C008794,East,Enterprise,Social,22,16,16.0,0,135902.82
C008795,South,Consumer,Paid Search,24,6,12.7,0,6536.75
C008796,South,Enterprise,Organic,64,33,6.8,1,240892.74
C008797,South,Consumer,Referral,62,19,0.9,1,28276.63
C008798,East,Consumer,Paid Search,11,5,11.5,0,5648.04
C008799,North,Enterprise,Paid Search,9,7,6.5,0,48186.4
C008800,South,Consumer,Partner,20,8,5.8,0,16018.22
C008801,North,Consumer,Paid Search,36,9,7.6,0,18584.47
C008802,South,Consumer,Organic,3,3,6.2,0,4851.05
C008803,North,Consumer,Organic,52,12,6.8,0,14684.02
C008804,North,Consumer,Partner,13,3,11.6,0,4105.93
C008805,West,Consumer,Organic,35,10,2.1,0,12314.69
C008806,South,Consumer,Partner,13,6,6.0,0,8914.97
C008807,North,SMB,Organic,49,8,8.2,0,24560.78
C008808,West,Consumer,Social,13,6,13.5,0,9310.73
C008809,West,SMB,Organic,29,7,2.8,0,23943.96
C008810,West,Consumer,Organic,18,5,7.1,0,6655.39
C008811,West,SMB,Organic,7,1,6.6,0,3018.18
C008812,West,SMB,Organic,12,3,7.9,0,8106.61
C008813,South,Enterprise,Organic,3,3,6.4,0,31272.78
C008814,West,Consumer,Organic,11,4,3.8,1,6582.6
C008815,West,Consumer,Referral,24,4,11.1,0,7797.33
C008816,South,Enterprise,Referral,48,20,9.6,0,180391.72
C008817,West,SMB,Organic,18,5,4.9,0,12615.91
C008818,West,Consumer,Referral,72,14,9.7,0,15621.38
C008819,East,Consumer,Social,39,9,15.0,0,10655.71
C008820,West,SMB,Partner,9,4,5.2,0,7490.37
C008821,South,Consumer,Paid Search,19,3,12.3,0,4000.27
C008822,South,Consumer,Paid Search,27,8,17.8,0,9647.86
C008823,East,SMB,Partner,13,9,11.1,0,18386.78
C008824,East,Consumer,Partner,24,8,9.2,0,10076.71
C008825,West,Consumer,Partner,12,1,5.3,0,1211.38
C008826,West,Consumer,Referral,18,11,3.5,1,12177.13
C008827,East,Consumer,Referral,44,11,6.3,0,15330.62
C008828,West,Consumer,Partner,12,7,6.2,0,9599.27
C008829,North,SMB,Paid Search,5,1,12.1,0,2816.23
C008830,West,Consumer,Organic,63,12,5.5,0,18471.02
C008831,North,SMB,Partner,34,11,3.7,1,35288.18
C008832,South,SMB,Social,26,7,12.5,0,21066.61
C008833,North,SMB,Organic,51,16,3.9,0,51758.49
C008834,South,Consumer,Organic,35,13,6.3,1,28170.2
C008835,South,Consumer,Partner,13,3,9.4,0,4786.75
C008836,North,SMB,Paid Search,63,22,8.9,1,67164.07
C008837,East,Consumer,Referral,24,7,3.3,0,9333.19
C008838,East,Consumer,Organic,32,1,2.2,1,903.25
C008839,North,Consumer,Organic,3,1,7.4,0,1350.55
C008840,East,Consumer,Social,8,5,13.6,0,7623.35
C008841,North,SMB,Partner,6,1,8.3,0,3029.09
C008842,North,Consumer,Referral,6,5,8.3,0,6239.28
C008843,North,Consumer,Organic,28,8,8.7,0,11793.14
C008844,South,Consumer,Organic,9,4,1.3,0,5212.25
C008845,East,Consumer,Organic,23,3,8.6,0,4247.63
C008846,South,Consumer,Partner,35,10,9.7,2,13512.82
C008847,West,SMB,Paid Search,11,9,17.0,0,24337.09
C008848,South,SMB,Partner,9,3,12.2,1,7087.84
C008849,West,Enterprise,Partner,4,5,8.3,0,42710.71
C008850,West,Consumer,Paid Search,42,14,9.8,1,12297.27
C008851,South,Consumer,Organic,11,4,7.0,0,5627.71
C008852,North,Consumer,Partner,53,9,4.6,1,11047.19
C008853,North,Consumer,Organic,26,4,5.6,0,4893.18
C008854,South,SMB,Partner,46,10,5.8,2,15613.59
C008855,South,SMB,Paid Search,5,1,11.3,0,2548.46
C008856,North,Consumer,Paid Search,31,7,5.5,0,10446.84
C008857,West,Consumer,Paid Search,31,9,11.7,1,10459.42
C008858,West,Enterprise,Paid Search,40,18,12.4,1,154227.95
C008859,South,Consumer,Referral,9,6,5.4,1,11198.56
C008860,North,SMB,Referral,12,7,6.7,0,20756.33
C008861,North,SMB,Organic,41,10,1.7,0,31809.23
C008862,South,Consumer,Referral,4,1,9.3,0,1576.63
C008863,West,Enterprise,Paid Search,8,2,12.1,0,17475.33
C008864,South,SMB,Partner,30,13,14.7,1,31937.01
C008865,North,SMB,Partner,13,5,8.9,0,11490.07
C008866,South,Consumer,Referral,15,7,8.1,0,8972.26
C008867,North,Consumer,Partner,1,1,6.6,0,1599.75
C008868,South,SMB,Paid Search,51,15,15.6,0,35212.67
C008869,South,Consumer,Organic,14,6,3.7,0,8967.84
C008870,East,Consumer,Organic,29,1,10.2,0,1110.24
C008871,South,Consumer,Social,42,9,20.1,2,12260.98
C008872,West,Consumer,Paid Search,15,2,10.5,1,3185.99
C008873,North,SMB,Partner,2,6,7.2,0,18877.02
C008874,East,Consumer,Paid Search,29,10,9.8,1,8493.64
C008875,North,Consumer,Organic,51,11,1.0,0,17459.72
C008876,South,Consumer,Referral,33,7,7.9,0,10511.8
C008877,West,Consumer,Referral,25,10,7.0,0,15124.7
C008878,East,Consumer,Paid Search,33,5,14.0,0,5412.18
C008879,North,Consumer,Social,36,4,14.8,0,4344.37
C008880,South,Consumer,Referral,18,1,9.6,0,1805.03
C008881,East,Consumer,Paid Search,52,10,11.9,0,11387.87
C008882,West,Consumer,Social,22,1,14.4,0,1716.17
C008883,East,Consumer,Paid Search,38,11,12.3,0,12904.59
C008884,North,Consumer,Social,8,1,17.3,0,1235.56
C008885,South,Consumer,Organic,18,2,3.9,0,2753.41
C008886,North,SMB,Referral,10,7,9.7,0,18853.98
C008887,North,Consumer,Paid Search,27,8,9.8,0,12989.06
C008888,South,Consumer,Organic,7,7,4.1,0,10771.26
C008889,East,SMB,Referral,33,4,1.4,1,11079.32
C008890,North,SMB,Paid Search,28,4,11.0,1,14760.73
C008891,West,Consumer,Referral,16,8,3.6,0,9542.17
C008892,East,Consumer,Referral,35,1,8.7,0,1021.36
C008893,East,SMB,Organic,8,1,6.5,0,2680.04
C008894,South,Consumer,Organic,33,8,8.7,0,8551.79
C008895,South,Enterprise,Social,9,4,20.0,0,33132.16
C008896,North,Consumer,Paid Search,11,4,11.5,0,4522.87
C008897,South,SMB,Paid Search,42,12,9.8,0,32622.25
C008898,South,SMB,Organic,42,18,6.4,0,65843.0
C008899,South,Enterprise,Paid Search,26,17,10.8,0,110243.22
C008900,North,Consumer,Referral,72,15,5.2,1,14313.33
C008901,North,SMB,Partner,56,15,7.9,0,27121.91
C008902,West,Consumer,Referral,16,1,5.2,0,1579.55
C008903,West,Consumer,Referral,9,2,13.2,0,3233.5
C008904,South,SMB,Paid Search,33,9,11.2,0,21267.55
C008905,West,Consumer,Referral,22,10,6.9,0,18127.46
C008906,South,SMB,Social,29,11,17.4,0,29564.32
C008907,South,Consumer,Organic,31,6,11.6,0,8808.94
C008908,West,Consumer,Social,10,7,14.3,1,11349.09
C008909,South,Consumer,Organic,8,3,0.0,0,3459.41
C008910,South,Consumer,Organic,29,11,4.8,0,19620.94
C008911,South,Consumer,Organic,29,11,0.0,0,12520.69
C008912,South,Consumer,Organic,6,4,3.5,0,4586.13
C008913,East,Enterprise,Organic,11,3,9.5,0,15435.97
C008914,South,SMB,Organic,8,3,2.6,0,10787.89
C008915,South,SMB,Organic,20,17,1.9,2,62289.73
C008916,South,Consumer,Organic,18,4,7.6,0,7203.21
C008917,South,Consumer,Organic,3,1,4.3,0,1549.81
C008918,North,SMB,Paid Search,20,5,15.6,0,11608.2
C008919,West,Consumer,Social,24,3,14.2,1,4427.48
C008920,East,Consumer,Referral,25,7,8.9,0,8254.33
C008921,South,Enterprise,Organic,8,3,0.4,1,28739.57
C008922,East,Consumer,Paid Search,19,2,9.2,0,2383.44
C008923,North,Enterprise,Paid Search,46,21,11.4,2,154268.6
C008924,South,Consumer,Organic,11,3,3.8,0,7053.69
C008925,South,Consumer,Paid Search,44,11,19.5,0,17268.13
C008926,South,Consumer,Paid Search,13,4,15.0,2,6090.05
C008927,East,Enterprise,Paid Search,38,13,15.0,1,77234.48
C008928,West,Consumer,Referral,29,10,6.5,1,14705.53
C008929,South,SMB,Paid Search,20,11,7.8,0,40175.71
C008930,South,Consumer,Organic,25,4,10.0,0,6077.72
C008931,East,SMB,Organic,2,3,0.1,0,7367.48
C008932,South,Consumer,Partner,36,8,6.3,0,8743.6
C008933,North,Consumer,Referral,7,5,8.7,0,6276.01
C008934,West,SMB,Referral,48,16,14.8,0,48580.1
C008935,West,SMB,Partner,26,11,13.2,0,23063.19
C008936,West,SMB,Referral,8,1,8.9,0,3794.99
C008937,North,Consumer,Organic,36,4,11.4,0,5510.05
C008938,North,SMB,Social,21,2,13.5,0,6777.96
C008939,South,Consumer,Organic,30,14,6.4,0,20993.98
C008940,West,Enterprise,Referral,18,12,11.4,0,60271.68
C008941,North,Consumer,Paid Search,33,10,7.8,0,12596.41
C008942,North,Consumer,Organic,12,1,6.1,0,1215.05
C008943,North,Consumer,Organic,15,5,6.3,1,5829.86
C008944,East,Consumer,Paid Search,28,1,13.2,0,1269.51
C008945,West,Consumer,Referral,49,11,3.9,0,13662.34
C008946,East,SMB,Organic,20,6,6.3,1,11192.55
C008947,North,SMB,Organic,34,9,5.9,1,22009.18
C008948,East,Consumer,Paid Search,32,5,10.4,0,7019.1
C008949,South,Consumer,Social,47,14,17.3,1,17792.78
C008950,North,SMB,Social,9,2,19.1,1,3975.66
C008951,South,SMB,Referral,25,13,4.9,0,36900.35
C008952,South,Consumer,Paid Search,23,6,13.5,2,10446.66
C008953,South,Enterprise,Paid Search,25,15,16.1,2,127104.72
C008954,West,Consumer,Organic,13,5,9.2,0,7796.59
C008955,South,SMB,Organic,20,9,4.5,0,30546.09
C008956,South,SMB,Organic,38,14,8.2,1,29861.51
C008957,East,Consumer,Partner,10,8,7.3,1,9569.05
C008958,East,Consumer,Paid Search,28,8,14.5,0,11059.71
C008959,North,SMB,Organic,17,1,2.8,0,1843.2
C008960,East,Consumer,Referral,24,4,2.4,0,3497.03
C008961,South,Consumer,Organic,16,8,6.6,0,9725.24
C008962,South,Consumer,Paid Search,38,7,14.6,0,8310.69
C008963,East,SMB,Referral,8,3,9.1,0,7260.16
C008964,South,Consumer,Social,24,7,12.5,1,7627.3
C008965,South,Consumer,Social,40,14,7.6,0,23084.53
C008966,North,Enterprise,Partner,25,9,10.6,0,104531.38
C008967,South,SMB,Organic,11,3,9.4,0,7826.69
C008968,South,Consumer,Referral,11,5,1.3,0,6007.97
C008969,West,Consumer,Partner,24,6,7.1,0,7881.0
C008970,South,Consumer,Paid Search,5,4,9.2,2,6534.54
C008971,West,Consumer,Social,29,7,15.7,0,9371.68
C008972,South,Consumer,Partner,6,2,12.0,0,3292.25
C008973,West,Consumer,Referral,8,4,6.3,0,5462.12
C008974,North,Consumer,Organic,54,11,3.5,0,16632.34
C008975,South,Consumer,Organic,48,11,6.2,0,27825.99
C008976,North,Consumer,Referral,15,4,0.6,0,5386.71
C008977,North,Consumer,Partner,42,7,10.5,0,9175.33
C008978,West,SMB,Organic,11,3,8.2,0,9288.89
C008979,East,Consumer,Paid Search,29,7,12.0,0,13410.94
C008980,East,SMB,Organic,44,8,3.7,0,24156.72
C008981,South,Consumer,Paid Search,12,6,11.2,0,8785.26
C008982,South,Consumer,Social,6,2,14.2,0,2526.76
C008983,East,Consumer,Referral,22,4,6.8,0,6447.39
C008984,West,Consumer,Referral,12,3,2.3,1,4440.26
C008985,South,SMB,Referral,13,7,8.2,0,28150.76
C008986,East,Consumer,Referral,8,6,5.9,0,7077.34
C008987,South,Consumer,Referral,1,6,7.1,0,7987.66
C008988,West,Consumer,Organic,14,6,3.3,0,6682.29
C008989,North,Consumer,Organic,15,4,6.1,0,6109.13
C008990,South,Consumer,Social,11,6,19.0,0,5461.6
C008991,West,Consumer,Paid Search,8,1,12.6,0,1730.58
C008992,North,Consumer,Organic,36,9,0.1,1,9899.18
C008993,North,Consumer,Paid Search,25,6,12.0,0,5382.95
C008994,South,SMB,Referral,6,1,7.6,0,2956.33
C008995,South,Consumer,Organic,23,5,4.8,0,9302.58
C008996,West,SMB,Referral,10,5,4.7,1,14343.05
C008997,West,Consumer,Organic,34,8,4.9,0,13660.76
C008998,South,Consumer,Partner,11,6,10.5,0,9242.25
C008999,West,SMB,Referral,38,16,6.1,0,53094.13
C009000,East,Consumer,Social,37,7,19.1,0,10253.45
C009001,West,Consumer,Social,27,3,13.0,0,3493.6
C009002,South,Enterprise,Social,11,10,11.9,0,83146.7
C009003,South,Enterprise,Paid Search,16,13,11.3,0,71407.22
C009004,North,Consumer,Organic,18,7,0.0,0,13510.41
C009005,North,Consumer,Partner,21,6,8.0,0,7570.54
C009006,East,SMB,Partner,40,15,7.0,1,37276.56
C009007,North,Enterprise,Partner,15,7,10.1,0,49069.49
C009008,South,Consumer,Partner,34,13,2.9,1,17797.19
C009009,East,Consumer,Referral,7,1,9.3,0,1393.65
C009010,North,SMB,Referral,12,1,7.5,0,3042.74
C009011,South,Consumer,Social,10,1,19.8,0,1159.55
C009012,East,SMB,Organic,34,8,4.5,1,28559.09
C009013,West,Consumer,Social,45,10,16.0,1,15364.75
C009014,South,Consumer,Social,13,2,16.9,0,3705.09
C009015,West,Consumer,Referral,11,3,0.9,1,3155.52
C009016,West,Consumer,Paid Search,17,6,,0,6910.21
C009017,East,Consumer,Referral,10,3,6.6,0,4498.1
C009018,South,Consumer,Partner,14,4,4.2,0,4847.03
C009019,East,Consumer,Organic,17,7,4.8,2,8111.01
C009020,West,Consumer,Paid Search,17,2,15.5,0,2122.37
C009021,South,SMB,Referral,5,3,6.0,0,9875.9
C009022,West,Consumer,Social,13,2,15.3,0,2442.32
C009023,West,SMB,Referral,52,17,1.0,1,42453.63
C009024,South,Consumer,Referral,6,1,4.4,0,2187.92
C009025,East,SMB,Organic,21,7,7.1,0,19615.98
C009026,South,Consumer,Paid Search,20,8,15.2,1,12454.75
C009027,East,Consumer,Partner,62,10,8.6,1,12596.63
C009028,West,Consumer,Paid Search,21,1,13.8,0,1581.1
C009029,North,Consumer,Paid Search,50,9,10.8,0,13207.94
C009030,North,SMB,Paid Search,20,4,12.1,0,7198.3
C009031,South,SMB,Paid Search,13,4,8.8,0,17481.95
C009032,West,SMB,Paid Search,21,1,10.5,0,3961.35
C009033,South,SMB,Social,7,1,14.9,0,2538.14
C009034,West,SMB,Paid Search,22,9,7.3,0,18662.97
C009035,South,Enterprise,Referral,14,7,14.2,0,44761.16
C009036,South,SMB,Paid Search,13,9,9.9,0,21470.25
C009037,West,Consumer,Partner,36,6,8.6,0,9089.95
C009038,South,Consumer,Organic,16,6,1.2,0,8938.12
C009039,South,Consumer,Organic,4,1,0.0,0,1448.92
C009040,North,SMB,Paid Search,26,10,17.1,0,27974.34
C009041,North,Consumer,Partner,30,6,8.2,0,8022.54
C009042,North,Consumer,Referral,68,14,0.5,0,25134.64
C009043,South,SMB,Referral,22,11,3.9,0,34307.46
C009044,East,Consumer,Paid Search,15,5,18.2,0,7704.79
C009045,South,Consumer,Organic,26,5,6.4,0,12030.25
C009046,North,SMB,Partner,8,1,0.3,0,3122.07
C009047,South,Consumer,Paid Search,13,4,10.5,0,5519.14
C009048,South,Consumer,Social,28,8,14.5,0,11091.11
C009049,West,Consumer,Social,16,4,16.6,0,6466.52
C009050,South,Consumer,Referral,4,1,7.0,0,1819.21
C009051,North,Consumer,Organic,15,4,0.0,0,4081.09
C009052,South,Consumer,Organic,21,7,3.1,0,12454.92
C009053,West,Consumer,Organic,16,8,2.3,0,11341.33
C009054,West,SMB,Partner,5,2,10.2,0,5953.91
C009055,West,Consumer,Social,2,8,13.4,1,10860.11
C009056,West,Consumer,Paid Search,32,11,10.3,0,14286.2
C009057,East,Consumer,Partner,29,6,7.2,1,5362.12
C009058,West,Consumer,Organic,12,4,2.4,0,4456.79
C009059,North,Consumer,Organic,11,6,9.5,0,7668.93
C009060,West,Consumer,Organic,15,1,8.4,0,1397.79
C009061,West,Consumer,Partner,33,5,11.5,0,6850.11
C009062,West,SMB,Organic,21,4,1.3,0,13051.25
C009063,South,Consumer,Organic,43,10,6.1,0,13091.82
C009064,West,Enterprise,Organic,20,8,7.4,0,49780.27
C009065,North,Consumer,Paid Search,10,2,8.9,0,3315.76
C009066,East,SMB,Paid Search,12,4,8.5,0,11006.49
C009067,South,Consumer,Organic,27,4,2.0,0,5597.86
C009068,South,SMB,Social,50,20,10.6,1,69953.53
C009069,East,SMB,Partner,22,9,11.1,0,17598.78
C009070,South,Consumer,Organic,36,8,7.9,0,12670.32
C009071,North,Consumer,Partner,25,9,7.0,2,13117.21
C009072,South,Enterprise,Social,23,15,14.8,1,104875.47
C009073,East,Enterprise,Partner,53,24,6.0,1,189904.92
C009074,East,Enterprise,Organic,8,1,11.9,0,5181.25
C009075,East,Consumer,Social,15,2,13.7,0,2310.15
C009076,North,Consumer,Referral,13,5,5.4,0,7039.06
C009077,West,Consumer,Organic,19,4,4.6,0,4803.9
C009078,East,SMB,Social,6,2,11.1,0,5435.32
C009079,North,Consumer,Organic,18,4,5.8,1,7058.7
C009080,South,Consumer,Social,11,5,19.3,1,6559.94
C009081,South,Consumer,Referral,12,4,6.5,0,6257.46
C009082,South,Consumer,Paid Search,39,14,14.4,1,18649.71
C009083,North,SMB,Organic,10,1,0.0,0,2936.96
C009084,North,Consumer,Partner,63,13,5.1,1,16659.46
C009085,North,SMB,Organic,21,8,5.3,1,22696.9
C009086,North,Consumer,Social,3,1,9.5,0,1285.0
C009087,South,Consumer,Referral,36,8,8.0,0,16782.04
C009088,West,Consumer,Organic,2,2,4.1,0,2875.49
C009089,South,Consumer,Referral,7,6,7.9,0,7498.76
C009090,South,Consumer,Partner,24,7,7.3,0,7534.98
C009091,East,SMB,Partner,16,7,7.5,1,21256.25
C009092,South,Consumer,Organic,29,10,0.0,0,21885.54
C009093,North,Consumer,Organic,12,1,1.7,0,1159.35
C009094,South,SMB,Organic,12,6,6.5,0,20791.01
C009095,South,Consumer,Social,14,3,10.8,0,4876.72
C009096,South,Consumer,Organic,25,10,2.1,0,16095.93
C009097,South,Consumer,Organic,30,9,3.7,0,11363.38
C009098,South,Consumer,Paid Search,7,5,11.0,0,8071.51
C009099,South,Consumer,Partner,40,11,10.1,1,21101.01
C009100,West,Consumer,Paid Search,61,13,12.7,0,23528.11
C009101,South,Consumer,Social,18,7,13.0,0,11078.88
C009102,South,Consumer,Organic,22,6,0.0,0,11711.94
C009103,South,Consumer,Referral,11,7,16.2,0,6692.43
C009104,East,SMB,Referral,35,7,7.1,0,19707.84
C009105,East,Consumer,Partner,2,4,10.7,0,5428.31
C009106,East,Consumer,Social,47,8,7.8,0,9280.6
C009107,North,SMB,Organic,44,14,3.9,0,40888.64
C009108,South,Consumer,Paid Search,7,1,10.8,0,1318.11
C009109,West,SMB,Organic,10,5,3.6,0,11079.26
C009110,South,Consumer,Organic,16,4,7.3,0,6888.17
C009111,West,Consumer,Partner,33,7,7.2,0,14867.4
C009112,South,Consumer,Paid Search,5,1,10.7,0,1232.54
C009113,South,Consumer,Partner,12,4,8.0,0,6140.98
C009114,South,Consumer,Organic,27,7,5.1,0,8373.93
C009115,South,Consumer,Partner,6,1,4.4,0,1645.21
C009116,West,Consumer,Partner,17,1,11.0,0,1229.81
C009117,North,SMB,Referral,20,7,5.3,1,19271.78
C009118,South,Consumer,Organic,8,4,4.7,0,7646.42
C009119,East,SMB,Partner,19,5,12.5,0,12491.95
C009120,West,Consumer,Partner,20,5,16.7,0,6389.55
C009121,East,Consumer,Organic,11,3,6.4,0,3139.43
C009122,West,Consumer,Partner,5,1,2.8,0,1755.21
C009123,West,Enterprise,Partner,4,4,7.1,0,26491.23
C009124,South,Consumer,Organic,26,3,10.1,0,5794.38
C009125,West,Consumer,Paid Search,26,5,11.3,0,7132.85
C009126,West,SMB,Paid Search,14,5,14.5,0,10944.83
C009127,South,Consumer,Paid Search,16,8,14.5,0,8332.9
C009128,East,Consumer,Partner,13,3,5.9,0,3566.18
C009129,South,Consumer,Partner,41,15,13.7,3,19872.08
C009130,East,SMB,Organic,13,9,6.3,0,24936.1
C009131,North,Consumer,Referral,54,11,6.9,0,12507.48
C009132,East,SMB,Referral,10,2,6.5,1,5908.7
C009133,South,SMB,Paid Search,36,18,8.5,2,32744.92
C009134,South,Consumer,Social,6,4,12.6,0,5863.53
C009135,North,Consumer,Referral,23,6,3.9,0,7482.82
C009136,East,SMB,Organic,6,1,11.8,0,2425.75
C009137,South,SMB,Paid Search,11,4,15.1,1,14259.28
C009138,East,SMB,Partner,35,7,5.0,0,21513.84
C009139,South,Consumer,Paid Search,6,6,17.5,0,8731.17
C009140,North,SMB,Paid Search,46,14,16.1,0,45962.27
C009141,South,SMB,Partner,31,10,6.1,0,40748.78
C009142,West,Enterprise,Partner,31,14,9.6,0,153565.8
C009143,South,Consumer,Referral,31,5,5.0,0,6939.81
C009144,East,SMB,Paid Search,48,12,15.1,1,31928.34
C009145,North,SMB,Referral,23,8,8.5,0,25598.26
C009146,East,SMB,Referral,11,1,5.7,0,2550.32
C009147,South,SMB,Paid Search,27,7,8.3,0,26044.08
C009148,South,SMB,Organic,17,5,4.8,0,15821.36
C009149,South,Consumer,Paid Search,42,13,13.5,2,13773.98
C009150,North,Consumer,Referral,18,3,10.9,1,5168.42
C009151,South,Consumer,Partner,32,4,9.9,1,5261.51
C009152,South,SMB,Social,8,1,17.8,0,1909.56
C009153,South,Consumer,Organic,17,9,2.7,0,27346.19
C009154,West,Consumer,Paid Search,17,3,6.1,0,3573.48
C009155,South,Enterprise,Referral,42,20,1.9,2,208451.92
C009156,West,SMB,Paid Search,31,5,11.1,1,11328.63
C009157,South,SMB,Organic,8,4,2.7,0,11800.47
C009158,North,SMB,Partner,19,7,7.6,0,16871.34
C009159,South,Consumer,Partner,14,5,10.2,0,6070.25
C009160,South,Consumer,Partner,31,15,9.9,0,26523.23
C009161,South,Consumer,Paid Search,34,5,5.0,0,12344.08
C009162,West,SMB,Social,40,11,22.7,0,26815.61
C009163,East,Consumer,Social,33,7,16.2,0,5551.8
C009164,South,Consumer,Referral,10,2,7.9,0,2465.95
C009165,South,SMB,Organic,17,2,4.6,0,5327.46
C009166,South,Consumer,Organic,35,10,4.2,0,16129.7
C009167,East,SMB,Organic,44,10,8.3,0,22781.13
C009168,North,Consumer,Partner,6,1,5.1,0,2173.29
C009169,North,SMB,Referral,27,6,7.9,0,16259.06
C009170,South,Consumer,Partner,18,9,12.5,0,15269.44
C009171,North,SMB,Referral,22,10,7.6,1,26788.13
C009172,East,SMB,Organic,31,6,6.5,0,15023.55
C009173,North,Consumer,Paid Search,19,1,7.8,0,1287.13
C009174,North,Consumer,Organic,21,7,7.5,0,9701.99
C009175,West,SMB,Partner,8,9,9.1,0,23334.78
C009176,West,Consumer,Organic,17,10,4.7,0,15121.56
C009177,South,SMB,Organic,17,3,7.2,0,8220.37
C009178,South,Consumer,Referral,16,8,3.6,0,20030.03
C009179,East,SMB,Social,16,5,20.4,0,11624.82
C009180,North,Consumer,Referral,52,6,15.7,1,8519.09
C009181,South,Consumer,Organic,30,6,3.2,0,9263.99
C009182,North,Consumer,Social,7,1,18.5,0,910.12
C009183,South,Consumer,Organic,4,3,4.6,0,3605.28
C009184,West,Consumer,Referral,17,1,3.3,0,1470.87
C009185,East,SMB,Referral,38,12,10.9,0,27696.27
C009186,West,SMB,Organic,9,5,4.1,0,16331.79
C009187,East,Enterprise,Paid Search,34,17,13.8,2,116340.73
C009188,East,SMB,Organic,10,2,10.7,0,4389.13
C009189,East,Consumer,Organic,14,4,6.6,0,8569.71
C009190,East,Consumer,Referral,16,1,7.6,0,1337.21
C009191,South,Enterprise,Organic,19,13,2.1,2,108939.09
C009192,South,Consumer,Organic,5,2,2.1,0,2996.72
C009193,South,Consumer,Referral,7,2,6.6,0,3560.49
C009194,South,SMB,Social,14,6,13.9,1,16299.32
C009195,South,Enterprise,Partner,4,1,10.0,0,10181.94
C009196,North,Consumer,Partner,13,6,4.7,0,8430.33
C009197,South,Consumer,Paid Search,22,6,9.7,0,8276.3
C009198,South,Consumer,Paid Search,8,6,11.5,0,6571.95
C009199,South,SMB,Referral,12,8,7.3,2,30125.54
C009200,South,Consumer,Social,20,3,15.2,0,3377.81
C009201,North,SMB,Paid Search,6,2,11.4,0,6176.73
C009202,West,Consumer,Partner,22,1,5.6,0,1319.35
C009203,South,Consumer,Referral,17,8,8.7,0,14314.55
C009204,South,Consumer,Paid Search,10,4,15.5,0,7208.72
C009205,North,Consumer,Social,40,9,15.9,1,9765.71
C009206,West,SMB,Organic,8,3,3.3,0,7724.24
C009207,East,Consumer,Partner,23,2,2.3,0,4110.99
C009208,South,SMB,Paid Search,24,12,17.0,0,36026.91
C009209,South,Consumer,Referral,8,8,6.5,0,14260.8
C009210,East,Enterprise,Referral,10,9,11.0,0,46752.57
C009211,West,SMB,Organic,26,8,9.9,0,18522.44
C009212,South,Consumer,Social,32,9,17.4,0,12796.65
C009213,North,Enterprise,Paid Search,23,14,14.9,4,93865.2
C009214,North,Consumer,Paid Search,26,6,14.6,0,6286.88
C009215,North,Consumer,Organic,13,8,4.3,0,12143.24
C009216,East,Enterprise,Social,37,18,11.6,0,86498.54
C009217,West,Enterprise,Partner,5,11,10.4,0,93469.14
C009218,West,SMB,Organic,21,8,0.4,1,20962.36
C009219,West,Enterprise,Social,36,11,13.8,0,97511.77
C009220,North,Consumer,Partner,33,7,6.1,0,10061.01
C009221,West,Consumer,Organic,1,1,6.7,0,1633.12
C009222,South,Consumer,Partner,31,8,8.7,1,15755.17
C009223,South,Consumer,Organic,13,8,3.1,0,11191.97
C009224,East,Consumer,Social,12,1,13.7,0,957.91
C009225,North,Consumer,Referral,22,3,12.9,0,4984.16
C009226,West,Consumer,Partner,8,1,5.6,0,2085.83
C009227,West,Consumer,Paid Search,24,11,11.5,0,19811.56
C009228,East,Consumer,Paid Search,35,5,13.7,0,3654.73
C009229,West,SMB,Social,44,14,15.2,0,42181.75
C009230,South,Consumer,Social,57,18,16.8,1,20499.54
C009231,North,SMB,Referral,22,9,10.3,1,28971.4
C009232,West,SMB,Referral,11,1,11.3,0,2656.3
C009233,South,Consumer,Referral,9,2,7.1,1,2866.4
C009234,West,SMB,Organic,64,17,6.2,1,46436.09
C009235,North,Enterprise,Organic,15,4,5.6,0,28467.26
C009236,South,Consumer,Organic,2,1,2.3,0,1248.18
C009237,South,SMB,Organic,10,1,5.6,0,2885.74
C009238,East,Consumer,Social,12,4,10.1,0,4983.74
C009239,West,Consumer,Paid Search,31,7,13.1,0,12920.47
C009240,West,Consumer,Paid Search,46,8,5.6,0,13177.44
C009241,South,SMB,Organic,34,7,2.0,0,21363.74
C009242,South,SMB,Partner,27,13,10.6,2,35662.54
C009243,North,SMB,Organic,47,12,6.4,0,18544.2
C009244,South,SMB,Organic,33,14,4.9,0,40624.07
C009245,South,Consumer,Social,40,10,13.6,0,14644.23
C009246,South,Consumer,Organic,12,7,2.4,0,9974.7
C009247,South,Consumer,Social,7,4,13.3,0,5150.04
C009248,South,Consumer,Paid Search,9,3,14.1,0,2588.3
C009249,East,SMB,Social,17,3,14.2,0,5262.55
C009250,West,Consumer,Organic,58,15,0.0,0,18958.95
C009251,South,Consumer,Paid Search,13,3,8.3,0,3927.94
C009252,South,Consumer,Paid Search,9,1,9.6,0,812.01
C009253,East,Consumer,Referral,72,12,6.2,0,14629.41
C009254,East,Consumer,Social,23,5,14.1,0,5694.73
C009255,West,Consumer,Organic,14,6,1.8,0,10074.8
C009256,North,Consumer,Referral,6,1,8.8,0,1255.29
C009257,South,Consumer,Organic,6,8,0.0,1,15567.15
C009258,West,Consumer,Social,36,9,12.8,2,17661.7
C009259,South,Enterprise,Partner,3,4,10.4,0,25287.87
C009260,South,Consumer,Organic,18,6,6.6,0,7204.34
C009261,West,Consumer,Organic,45,6,4.2,0,9680.57
C009262,North,Consumer,Social,12,3,17.8,0,4159.01
C009263,East,Consumer,Partner,23,6,8.8,0,5789.15
C009264,West,Consumer,Referral,11,2,7.2,0,4096.15
C009265,North,Consumer,Paid Search,59,13,13.8,0,13921.06
C009266,East,Enterprise,Social,25,13,16.2,1,79350.04
C009267,South,Enterprise,Organic,44,22,9.0,0,213920.31
C009268,West,Consumer,Partner,20,8,7.2,1,15579.99
C009269,West,Consumer,Social,23,5,14.3,0,5530.37
C009270,West,Consumer,Partner,27,11,8.6,1,18364.55
C009271,North,Consumer,Partner,16,7,8.1,0,9439.9
C009272,East,Consumer,Partner,33,7,13.6,1,6087.81
C009273,West,SMB,Organic,18,4,6.6,2,10411.31
C009274,East,Consumer,Partner,29,5,5.8,0,4997.2
C009275,East,Consumer,Organic,46,11,0.5,1,16935.72
C009276,North,Consumer,Paid Search,21,3,16.7,0,2819.45
C009277,West,Consumer,Paid Search,12,4,10.9,0,6124.45
C009278,North,Consumer,Organic,43,10,6.0,0,14054.29
C009279,South,Consumer,Paid Search,27,7,11.9,0,10872.13
C009280,West,Consumer,Referral,14,2,9.4,0,2850.52
C009281,West,Consumer,Organic,10,7,3.3,0,8935.62
C009282,West,Consumer,Paid Search,1,2,12.4,0,2975.05
C009283,South,SMB,Paid Search,20,7,10.4,0,21213.8
C009284,North,Consumer,Referral,19,2,15.3,0,2289.29
C009285,South,Consumer,Referral,9,5,4.7,0,13108.67
C009286,North,SMB,Social,10,4,16.7,1,7881.49
C009287,West,SMB,Social,10,7,23.5,0,18643.24
C009288,South,Consumer,Referral,18,3,10.3,0,4993.86
C009289,South,Consumer,Organic,36,10,4.9,2,14797.43
C009290,North,Consumer,Referral,16,3,7.5,0,4370.0
C009291,South,Consumer,Paid Search,14,9,9.6,0,14663.81
C009292,West,SMB,Organic,7,4,10.0,1,11163.93
C009293,East,Consumer,Partner,3,1,7.3,0,1118.21
C009294,North,Consumer,Organic,8,5,4.8,0,7020.58
C009295,North,Consumer,Partner,13,6,5.4,1,7535.88
C009296,South,Consumer,Organic,11,3,,0,6240.18
C009297,North,Consumer,Social,22,3,15.2,0,4542.45
C009298,West,Consumer,Organic,20,1,8.3,0,1465.23
C009299,East,Consumer,Partner,8,5,8.8,0,5300.6
C009300,North,SMB,Social,22,3,18.3,0,6895.54
C009301,West,SMB,Organic,10,4,0.0,0,11188.46
C009302,South,Enterprise,Organic,17,6,9.2,0,49905.03
C009303,South,SMB,Referral,7,8,3.0,1,18557.29
C009304,South,Enterprise,Organic,22,16,7.3,1,123932.36
C009305,North,Enterprise,Organic,11,7,0.0,0,47729.72
C009306,South,Consumer,Partner,43,13,8.2,1,17093.7
C009307,West,Consumer,Referral,11,3,9.8,0,6137.99
C009308,West,Consumer,Organic,7,1,2.5,0,1438.05
C009309,South,Consumer,Paid Search,11,1,12.1,0,1506.12
C009310,East,SMB,Organic,9,5,7.8,0,11889.02
C009311,South,Consumer,Social,2,1,17.2,0,1547.75
C009312,South,SMB,Organic,46,22,0.3,2,66892.9
C009313,South,SMB,Paid Search,25,6,15.0,1,15065.13
C009314,South,Consumer,Organic,20,8,10.1,0,10338.51
C009315,North,Consumer,Partner,15,7,,0,7996.59
C009316,West,Consumer,Organic,7,1,1.3,0,2098.99
C009317,West,Consumer,Social,4,1,11.7,0,1500.68
C009318,South,Consumer,Paid Search,17,4,12.2,0,5121.38
C009319,East,Consumer,Social,18,13,16.8,2,17267.05
C009320,North,Consumer,Organic,14,3,7.6,0,5231.25
C009321,East,Consumer,Partner,61,8,5.6,0,8838.02
C009322,South,Consumer,Partner,2,3,7.8,0,4303.38
C009323,North,Consumer,Organic,16,1,2.5,0,1464.84
C009324,East,Consumer,Organic,3,1,2.0,0,1134.12
C009325,South,Enterprise,Partner,13,8,9.2,1,61514.44
C009326,South,Consumer,Paid Search,12,5,11.8,0,6591.65
C009327,South,Enterprise,Social,5,4,16.4,0,30358.46
C009328,North,Consumer,Social,8,1,13.3,0,2398.14
C009329,North,Consumer,Paid Search,14,6,14.0,1,6461.21
C009330,East,Enterprise,Organic,15,8,1.6,1,44868.05
C009331,East,SMB,Paid Search,10,4,10.6,0,11742.38
C009332,North,Consumer,Referral,39,3,3.7,0,4495.3
C009333,South,SMB,Paid Search,32,13,12.9,0,35139.19
C009334,East,Consumer,Social,6,1,20.4,0,1277.75
C009335,East,SMB,Referral,6,3,8.1,0,5827.83
C009336,West,Consumer,Social,9,1,14.7,0,1430.76
C009337,South,SMB,Organic,21,9,4.4,0,27344.56
C009338,South,Enterprise,Paid Search,13,9,10.3,0,76005.2
C009339,South,SMB,Organic,19,7,8.3,1,21395.95
C009340,South,SMB,Organic,33,9,6.2,0,44876.17
C009341,North,SMB,Paid Search,8,6,7.0,0,15136.47
C009342,North,Consumer,Partner,3,1,11.3,0,1124.07
C009343,West,Consumer,Paid Search,23,8,9.4,0,12707.15
C009344,North,SMB,Organic,8,6,3.0,0,21418.45
C009345,East,Consumer,Referral,22,2,8.2,0,1891.54
C009346,South,Consumer,Social,20,7,13.2,0,10839.27
C009347,South,SMB,Paid Search,35,11,18.7,1,23368.32
C009348,West,Consumer,Organic,21,7,4.3,0,8047.16
C009349,East,SMB,Paid Search,17,3,13.9,0,6671.3
C009350,North,SMB,Organic,17,5,0.4,0,13083.48
C009351,East,Consumer,Paid Search,51,9,10.2,2,8430.62
C009352,South,Consumer,Organic,19,5,4.6,1,6638.51
C009353,South,SMB,Referral,14,7,10.0,0,18737.61
C009354,East,Consumer,Partner,11,1,4.8,0,1455.04
C009355,East,Enterprise,Organic,23,9,8.6,0,51710.79
C009356,South,Consumer,Organic,46,13,5.4,0,20587.17
C009357,West,Consumer,Partner,26,5,9.0,1,4956.07
C009358,East,Consumer,Referral,41,6,4.8,0,7379.93
C009359,East,SMB,Social,28,6,12.1,0,16491.57
C009360,North,Consumer,Partner,5,1,1.5,0,1342.74
C009361,South,SMB,Referral,64,18,7.9,1,60880.78
C009362,South,Enterprise,Social,20,14,16.9,3,74126.95
C009363,East,Consumer,Paid Search,52,8,10.9,1,7697.54
C009364,South,Consumer,Partner,41,7,3.2,0,12510.17
C009365,East,Consumer,Social,4,1,13.3,0,1328.01
C009366,South,SMB,Organic,17,3,6.1,0,13508.2
C009367,East,Consumer,Referral,10,1,7.6,0,1436.29
C009368,West,SMB,Organic,9,7,7.0,1,25855.35
C009369,East,SMB,Referral,22,4,2.1,0,8728.07
C009370,East,Consumer,Organic,31,6,3.8,0,7784.33
C009371,West,Consumer,Referral,6,8,6.7,1,8920.71
C009372,North,Enterprise,Paid Search,5,5,13.9,1,45468.78
C009373,East,SMB,Referral,18,4,5.2,0,9661.01
C009374,West,SMB,Referral,28,4,8.6,0,12689.54
C009375,South,Consumer,Organic,34,9,2.2,0,9172.18
C009376,North,Consumer,Paid Search,50,8,12.7,1,6330.53
C009377,West,Consumer,Paid Search,46,11,11.1,0,21910.57
C009378,North,Enterprise,Referral,24,10,5.9,2,159676.14
C009379,South,Consumer,Partner,27,8,15.2,0,12012.83
C009380,North,SMB,Paid Search,33,13,11.0,1,47310.53
C009381,South,Consumer,Referral,6,4,5.7,0,5372.02
C009382,South,SMB,Partner,16,3,3.7,0,6957.37
C009383,South,Consumer,Social,41,10,18.0,0,18824.37
C009384,West,SMB,Paid Search,9,6,10.4,0,16485.42
C009385,South,Consumer,Paid Search,4,1,11.9,0,1393.18
C009386,South,SMB,Partner,9,9,5.5,1,39150.93
C009387,West,SMB,Paid Search,11,5,13.2,2,12758.01
C009388,West,Consumer,Organic,18,6,7.8,0,6883.82
C009389,South,Consumer,Referral,27,6,10.9,1,6684.14
C009390,North,Consumer,Organic,34,7,4.7,1,9998.9
C009391,East,Consumer,Referral,25,3,5.2,0,4571.15
C009392,West,Consumer,Partner,43,13,6.0,0,18169.55
C009393,South,Consumer,Partner,11,8,8.1,1,11859.39
C009394,North,Consumer,Referral,10,8,7.8,0,9469.77
C009395,East,Consumer,Partner,7,1,9.6,0,1100.48
C009396,East,SMB,Social,17,6,12.5,0,19408.71
C009397,South,Consumer,Partner,10,4,8.4,0,5881.03
C009398,West,Consumer,Partner,36,6,4.9,0,7696.25
C009399,West,SMB,Partner,6,4,7.6,0,16172.09
C009400,East,Consumer,Organic,42,4,9.2,0,4634.14
C009401,East,SMB,Organic,9,7,4.3,0,17456.1
C009402,East,Enterprise,Organic,38,12,2.3,0,85147.71
C009403,South,SMB,Referral,11,6,8.1,0,13131.58
C009404,South,Consumer,Partner,30,10,10.7,1,13527.97
C009405,East,Consumer,Partner,19,2,5.7,0,2649.11
C009406,East,SMB,Partner,29,11,3.9,1,26157.7
C009407,South,SMB,Social,3,1,12.6,0,3503.55
C009408,North,Consumer,Referral,14,3,5.7,0,3465.79
C009409,East,Consumer,Paid Search,40,3,16.6,1,3566.17
C009410,East,SMB,Referral,17,3,2.8,0,7079.6
C009411,South,SMB,Organic,10,3,0.0,0,11905.87
C009412,South,Consumer,Social,5,1,15.8,0,1881.45
C009413,South,Consumer,Referral,9,6,4.9,0,11986.83
C009414,West,Consumer,Organic,44,6,2.0,0,9370.58
C009415,West,Consumer,Referral,26,2,8.9,0,2841.7
C009416,South,SMB,Referral,31,10,7.3,2,29884.87
C009417,South,Consumer,Social,14,5,18.0,0,5439.09
C009418,East,Consumer,Social,13,4,17.2,1,5337.09
C009419,South,Consumer,Organic,31,11,1.4,0,11664.72
C009420,West,SMB,Social,36,6,10.0,0,15661.93
C009421,North,SMB,Organic,12,9,8.4,0,34052.01
C009422,North,SMB,Paid Search,26,6,11.6,0,11441.78
C009423,South,Enterprise,Paid Search,23,13,21.0,1,105340.72
C009424,North,Enterprise,Social,5,4,17.9,1,32383.04
C009425,East,Consumer,Partner,22,1,12.1,0,1054.9
C009426,West,Consumer,Organic,18,3,2.2,0,3735.37
C009427,North,SMB,Social,6,5,14.7,0,9105.24
C009428,South,Consumer,Partner,29,9,10.4,0,12063.27
C009429,East,Consumer,Partner,7,1,7.7,0,1060.53
C009430,West,Enterprise,Organic,11,7,5.2,1,44174.94
C009431,South,Consumer,Organic,72,18,5.7,1,34009.1
C009432,North,Enterprise,Paid Search,10,6,9.8,0,38514.24
C009433,South,Consumer,Partner,14,5,5.3,1,8518.76
C009434,South,Consumer,Paid Search,5,1,11.5,0,1222.29
C009435,East,SMB,Referral,62,13,5.8,1,36630.47
C009436,South,SMB,Partner,46,15,5.4,1,48591.15
C009437,South,Consumer,Paid Search,2,1,11.6,0,1786.59
C009438,East,Consumer,Referral,72,14,3.1,1,13247.11
C009439,South,Consumer,Partner,55,13,10.3,1,16439.32
C009440,North,Consumer,Paid Search,20,4,13.8,0,6191.86
C009441,South,Consumer,Organic,9,5,7.1,0,6701.11
C009442,West,Consumer,Organic,43,10,2.5,1,14138.95
C009443,East,Consumer,Referral,31,9,4.1,0,12939.9
C009444,South,Consumer,Organic,67,20,9.0,1,28165.41
C009445,East,Consumer,Organic,63,12,4.4,0,15763.02
C009446,South,Consumer,Organic,18,3,6.7,0,4488.31
C009447,South,Consumer,Referral,21,8,3.5,0,11854.18
C009448,South,Consumer,Social,8,1,14.1,0,1071.43
C009449,South,Enterprise,Referral,9,5,10.6,0,37901.55
C009450,South,Enterprise,Social,16,10,15.4,0,87758.73
C009451,West,SMB,Partner,29,12,7.3,0,32731.22
C009452,South,Consumer,Social,66,17,16.7,1,25672.39
C009453,West,SMB,Referral,9,6,7.9,0,16233.52
C009454,East,Consumer,Organic,17,4,11.3,0,5254.28
C009455,South,Consumer,Paid Search,33,10,12.1,0,12764.92
C009456,North,SMB,Organic,20,8,6.9,0,17618.92
C009457,North,Consumer,Referral,27,4,6.6,0,6636.64
C009458,North,Enterprise,Partner,19,11,5.0,1,70985.12
C009459,South,SMB,Paid Search,6,3,13.3,0,7439.95
C009460,West,Consumer,Organic,42,8,0.6,0,12493.89
C009461,West,Consumer,Social,28,5,18.0,0,4483.04
C009462,North,SMB,Partner,12,3,4.0,0,7669.96
C009463,South,Consumer,Social,15,4,12.3,0,5051.75
C009464,North,Consumer,Organic,11,3,2.1,0,4154.23
C009465,West,Consumer,Referral,30,8,8.9,0,10893.47
C009466,South,Enterprise,Paid Search,4,8,8.6,0,61904.71
C009467,North,Consumer,Referral,10,4,8.5,0,5278.29
C009468,East,Enterprise,Referral,14,7,5.0,0,67817.23
C009469,South,SMB,Social,14,1,14.6,0,4485.53
C009470,South,Consumer,Organic,8,9,3.4,0,15790.75
C009471,East,Consumer,Partner,19,2,15.0,0,2140.76
C009472,North,SMB,Organic,4,1,0.0,0,2492.76
C009473,North,Consumer,Organic,30,10,6.5,0,12043.93
C009474,North,Consumer,Social,52,8,15.0,0,9682.08
C009475,South,Consumer,Paid Search,23,7,9.7,0,13017.97
C009476,West,SMB,Paid Search,8,2,13.2,1,4430.54
C009477,South,SMB,Paid Search,28,10,9.1,0,32065.59
C009478,East,Consumer,Organic,14,3,1.8,0,3564.2
C009479,South,Consumer,Organic,23,3,1.6,0,5872.39
C009480,East,Consumer,Social,20,4,15.2,0,4224.81
C009481,West,SMB,Organic,33,13,3.2,0,33872.09
C009482,South,Consumer,Partner,23,6,5.4,0,8109.49
C009483,West,Enterprise,Social,13,16,16.0,0,168799.76
C009484,East,SMB,Social,10,4,18.2,0,8699.02
C009485,East,Consumer,Partner,15,1,3.7,0,1607.32
C009486,South,SMB,Social,36,11,16.0,1,32487.91
C009487,East,SMB,Paid Search,15,1,13.6,0,2617.03
C009488,South,SMB,Partner,27,13,11.8,0,34879.75
C009489,West,Consumer,Paid Search,28,10,11.1,1,13600.4
C009490,West,Enterprise,Organic,16,11,9.6,1,71333.67
C009491,South,Consumer,Referral,15,2,8.8,1,2444.42
C009492,West,SMB,Organic,18,4,0.0,0,11934.98
C009493,West,Consumer,Referral,5,4,7.9,0,5383.25
C009494,South,Consumer,Partner,25,5,7.9,0,7328.53
C009495,North,Enterprise,Referral,12,5,10.0,0,44310.29
C009496,North,Consumer,Organic,21,2,8.5,0,3948.91
C009497,North,Consumer,Organic,11,8,2.1,1,9565.48
C009498,North,SMB,Paid Search,45,12,14.7,0,32879.19
C009499,West,Consumer,Organic,46,12,4.6,0,15904.18
C009500,North,SMB,Referral,28,10,4.9,0,20324.74
C009501,East,Enterprise,Social,2,1,19.3,0,9821.7
C009502,East,Consumer,Referral,17,4,5.6,0,4985.22
C009503,East,Consumer,Referral,33,4,7.1,0,4613.13
C009504,North,Enterprise,Paid Search,72,34,11.8,1,302225.14
C009505,South,Enterprise,Organic,6,3,6.5,0,42094.42
C009506,East,Consumer,Referral,2,2,11.0,0,2534.65
C009507,South,SMB,Paid Search,12,4,16.8,1,18105.38
C009508,North,Consumer,Paid Search,11,1,14.7,0,1265.92
C009509,East,Consumer,Referral,28,8,1.9,0,12896.66
C009510,North,SMB,Paid Search,8,2,16.4,0,4237.57
C009511,South,Consumer,Organic,12,1,6.8,0,1302.34
C009512,South,Consumer,Paid Search,13,5,15.3,0,7386.27
C009513,South,Consumer,Organic,22,4,4.1,0,8200.21
C009514,West,SMB,Social,27,9,15.0,0,21690.61
C009515,North,Consumer,Organic,10,5,7.8,0,8291.53
C009516,West,Consumer,Partner,22,6,14.0,0,8726.81
C009517,West,Consumer,Paid Search,2,4,12.6,0,5191.01
C009518,South,Consumer,Organic,48,8,1.3,0,15009.47
C009519,South,Enterprise,Organic,9,10,6.8,0,74169.02
C009520,North,Consumer,Partner,38,7,7.4,0,11915.99
C009521,West,Consumer,Referral,11,1,3.8,0,1444.48
C009522,East,Enterprise,Social,27,5,14.6,1,37722.86
C009523,North,Consumer,Partner,14,3,9.4,0,4249.24
C009524,South,Consumer,Paid Search,32,6,15.2,0,8545.29
C009525,North,SMB,Referral,36,9,5.6,0,12945.31
C009526,South,SMB,Referral,45,16,5.7,0,44442.34
C009527,South,Consumer,Social,24,11,14.7,1,12686.4
C009528,North,SMB,Paid Search,3,1,17.3,0,2770.21
C009529,West,Consumer,Partner,8,3,12.0,0,3969.96
C009530,South,SMB,Referral,46,14,8.7,2,30189.97
C009531,South,Consumer,Partner,16,2,9.6,0,3340.28
C009532,East,SMB,Organic,15,2,4.1,0,5009.7
C009533,West,Consumer,Paid Search,28,10,14.3,0,13338.67
C009534,South,SMB,Organic,26,10,,1,35457.77
C009535,West,Enterprise,Partner,63,28,9.4,1,238151.62
C009536,South,SMB,Organic,17,5,0.0,0,24680.54
C009537,West,SMB,Social,16,6,10.1,0,20385.82
C009538,South,Consumer,Organic,36,7,0.0,0,11713.34
C009539,East,Consumer,Organic,29,10,10.6,0,12892.47
C009540,North,Consumer,Paid Search,6,3,11.5,0,3813.95
C009541,West,Consumer,Social,16,4,10.9,0,5093.24
C009542,West,SMB,Organic,65,19,12.3,2,62624.18
C009543,South,SMB,Social,9,8,12.7,0,31836.82
C009544,South,Consumer,Social,15,4,16.6,0,5325.38
C009545,South,Consumer,Partner,55,12,5.7,1,20823.3
C009546,South,SMB,Referral,54,18,9.4,1,44881.59
C009547,East,Consumer,Referral,42,10,7.0,1,14291.29
C009548,East,Consumer,Referral,14,6,4.8,0,6408.05
C009549,South,Consumer,Organic,11,4,1.0,0,6807.91
C009550,North,Consumer,Referral,35,8,4.9,0,12476.23
C009551,West,SMB,Partner,48,17,5.0,0,66255.5
C009552,North,Consumer,Organic,17,1,0.0,0,994.2
C009553,East,Consumer,Organic,24,5,7.2,0,8636.81
C009554,North,Consumer,Referral,10,1,10.3,0,1715.94
C009555,North,Consumer,Social,5,2,13.0,0,2902.85
C009556,North,Consumer,Paid Search,5,3,5.8,0,3987.44
C009557,South,Consumer,Partner,17,8,9.1,0,14861.96
C009558,East,SMB,Paid Search,9,1,12.5,0,3447.92
C009559,South,SMB,Paid Search,23,7,9.0,1,19939.07
C009560,East,Consumer,Partner,11,1,7.8,0,1666.52
C009561,East,Consumer,Paid Search,41,6,3.7,0,9513.53
C009562,North,SMB,Referral,13,1,7.0,0,3585.34
C009563,North,Consumer,Partner,15,9,7.5,0,14620.23
C009564,East,Consumer,Organic,46,11,9.0,0,13582.15
C009565,East,Consumer,Organic,21,2,5.8,0,2010.91
C009566,South,Consumer,Partner,23,6,8.3,0,8254.06
C009567,South,Enterprise,Referral,15,9,12.9,0,84183.25
C009568,West,Consumer,Partner,20,5,5.6,0,7155.97
C009569,North,Enterprise,Partner,7,3,3.5,0,16831.97
C009570,East,SMB,Referral,36,6,9.7,0,13014.64
C009571,North,Enterprise,Paid Search,11,5,15.1,0,28940.73
C009572,East,SMB,Paid Search,6,6,15.2,1,14483.41
C009573,South,SMB,Organic,35,9,4.3,0,33828.91
C009574,East,Consumer,Paid Search,26,8,9.9,0,10183.48
C009575,North,SMB,Social,28,10,11.3,0,19808.76
C009576,South,Consumer,Partner,18,4,5.3,0,5800.45
C009577,North,SMB,Partner,49,16,3.5,1,37652.97
C009578,East,Consumer,Partner,11,3,6.7,0,3682.47
C009579,North,Consumer,Organic,17,1,10.0,0,1576.25
C009580,North,Consumer,Referral,3,1,5.4,0,1451.02
C009581,East,Consumer,Organic,1,1,5.4,0,1289.34
C009582,North,Consumer,Referral,22,9,8.6,0,16972.8
C009583,South,Consumer,Partner,26,6,6.9,0,7733.12
C009584,West,Consumer,Partner,20,4,6.9,0,7362.11
C009585,West,Consumer,Partner,26,3,11.9,0,3936.01
C009586,West,Consumer,Paid Search,35,8,12.6,1,18253.12
C009587,South,Consumer,Referral,17,2,10.4,0,3138.07
C009588,South,Consumer,Organic,14,7,12.2,0,7097.89
C009589,East,Consumer,Referral,8,1,4.4,0,1200.71
C009590,North,Consumer,Paid Search,23,2,11.5,0,2065.31
C009591,East,Consumer,Social,38,10,14.5,1,17738.36
C009592,North,Enterprise,Paid Search,30,11,10.5,1,72765.06
C009593,West,Consumer,Social,62,13,13.7,0,22750.38
C009594,East,Consumer,Partner,19,1,12.2,0,1437.63
C009595,South,Consumer,Organic,13,5,5.3,0,6203.21
C009596,South,SMB,Referral,16,9,14.5,0,18770.14
C009597,North,Consumer,Social,32,5,13.8,0,7892.44
C009598,South,Consumer,Partner,26,4,12.5,0,5403.01
C009599,East,Consumer,Organic,11,1,10.3,0,1215.65
C009600,South,Consumer,Referral,22,6,6.8,1,9545.74
C009601,South,Consumer,Paid Search,10,8,13.3,0,6386.74
C009602,North,Enterprise,Organic,26,15,7.6,0,116185.66
C009603,East,Enterprise,Organic,3,6,3.3,0,55842.85
C009604,South,Consumer,Referral,5,1,12.0,1,1021.53
C009605,North,Consumer,Paid Search,6,5,9.6,0,7984.45
C009606,West,Consumer,Referral,8,5,5.4,0,7133.46
C009607,South,Enterprise,Organic,24,15,3.5,0,107810.49
C009608,South,Enterprise,Organic,31,16,5.7,1,151194.27
C009609,West,Consumer,Social,18,7,16.0,0,9229.16
C009610,South,Consumer,Organic,6,1,3.1,0,2099.88
C009611,West,Consumer,Organic,36,9,4.7,0,12081.52
C009612,East,SMB,Organic,17,4,1.7,0,13739.48
C009613,East,Consumer,Paid Search,41,5,15.5,0,5661.78
C009614,South,Consumer,Paid Search,19,4,14.1,0,6181.81
C009615,North,Consumer,Social,4,7,14.0,0,8416.37
C009616,South,Consumer,Referral,10,1,6.4,1,1274.35
C009617,North,SMB,Organic,4,5,3.0,0,17574.73
C009618,North,Consumer,Organic,2,3,2.2,0,4360.6
C009619,South,Consumer,Social,13,4,11.8,0,5450.11
C009620,East,SMB,Organic,20,4,2.2,0,12888.34
C009621,North,Consumer,Organic,25,2,7.9,0,3728.25
C009622,East,SMB,Organic,32,12,8.1,1,26773.09
C009623,West,SMB,Social,12,2,10.9,0,7796.26
C009624,East,Consumer,Social,6,1,17.1,0,957.16
C009625,West,Consumer,Paid Search,19,5,8.3,1,7534.56
C009626,East,Consumer,Organic,12,1,7.3,0,1486.81
C009627,South,SMB,Social,30,10,15.3,0,14043.82
C009628,South,Enterprise,Organic,12,5,3.4,0,37144.37
C009629,West,Consumer,Paid Search,25,4,13.3,0,5012.48
C009630,East,SMB,Social,54,14,19.0,0,32292.73
C009631,West,SMB,Organic,29,10,0.0,1,31499.35
C009632,West,Enterprise,Paid Search,44,24,15.4,0,110546.36
C009633,South,Consumer,Referral,4,2,4.6,0,2909.17
C009634,South,Consumer,Referral,5,3,11.3,0,3207.27
C009635,East,SMB,Paid Search,20,5,14.6,1,10176.94
C009636,North,SMB,Paid Search,29,11,8.6,0,28107.79
C009637,South,SMB,Paid Search,24,6,10.3,0,18502.28
C009638,West,SMB,Paid Search,9,3,13.4,0,7465.77
C009639,East,Consumer,Paid Search,28,5,14.8,0,5774.77
C009640,South,SMB,Organic,21,6,6.4,0,16591.19
C009641,East,Consumer,Paid Search,12,6,13.2,0,7496.76
C009642,North,Consumer,Paid Search,42,9,10.1,0,9326.52
C009643,West,Consumer,Paid Search,29,3,12.1,0,4086.83
C009644,North,Consumer,Referral,38,9,6.8,0,9985.21
C009645,West,Consumer,Referral,20,8,2.5,0,11306.76
C009646,South,SMB,Partner,26,8,9.0,0,24973.98
C009647,South,SMB,Referral,24,12,5.9,0,31047.37
C009648,South,Consumer,Social,4,3,19.1,0,3891.14
C009649,North,Consumer,Organic,18,5,8.5,0,6371.22
C009650,South,Consumer,Social,23,9,15.6,0,18844.43
C009651,West,Consumer,Referral,34,8,10.3,0,12084.29
C009652,West,Consumer,Partner,9,4,9.8,0,6256.69
C009653,North,Consumer,Partner,19,5,7.9,0,5776.1
C009654,East,Enterprise,Organic,40,12,0.8,0,54927.7
C009655,West,Consumer,Partner,15,5,7.5,1,6422.66
C009656,West,SMB,Referral,5,3,6.0,0,6388.65
C009657,South,SMB,Social,29,9,14.7,1,26349.64
C009658,North,Consumer,Paid Search,20,1,11.3,0,1398.25
C009659,West,Consumer,Paid Search,3,3,15.3,0,4148.73
C009660,South,Consumer,Social,16,3,18.6,1,3948.58
C009661,South,Consumer,Organic,19,2,3.5,0,2651.42
C009662,East,SMB,Referral,15,2,3.0,0,4500.03
C009663,South,Consumer,Organic,19,1,2.1,0,1744.75
C009664,West,Consumer,Organic,21,6,8.7,0,12774.08
C009665,North,Consumer,Social,22,11,17.9,0,14143.37
C009666,East,Consumer,Social,17,2,11.6,1,2553.99
C009667,West,Enterprise,Partner,31,17,3.6,0,212736.91
C009668,West,Consumer,Social,30,6,13.2,0,8131.34
C009669,West,SMB,Referral,11,5,12.4,1,11375.7
C009670,West,Consumer,Partner,47,10,9.3,1,15325.62
C009671,South,Consumer,Referral,11,6,6.3,0,12855.19
C009672,West,Consumer,Referral,22,2,6.6,0,3505.1
C009673,West,Enterprise,Partner,23,12,2.4,0,108683.44
C009674,South,Consumer,Social,7,6,14.1,0,5781.75
C009675,South,SMB,Social,5,5,18.7,0,9841.44
C009676,North,Consumer,Referral,12,4,5.8,0,6040.58
C009677,South,Consumer,Referral,28,7,6.3,0,10084.5
C009678,East,Consumer,Referral,1,1,8.0,0,1218.29
C009679,South,Consumer,Social,14,3,11.6,0,5316.62
C009680,South,Consumer,Referral,6,1,8.0,0,1180.31
C009681,South,Consumer,Organic,33,10,2.5,1,14196.49
C009682,North,SMB,Organic,14,8,3.5,1,29444.61
C009683,West,Consumer,Paid Search,23,6,10.9,2,6553.09
C009684,South,Consumer,Organic,17,5,3.9,0,10000.87
C009685,North,Consumer,Paid Search,30,8,12.3,1,11293.22
C009686,North,Consumer,Organic,13,1,4.8,0,1392.44
C009687,West,Consumer,Organic,11,2,4.5,1,3097.82
C009688,West,Consumer,Social,6,2,15.4,0,2868.82
C009689,North,Consumer,Referral,21,1,4.3,0,1637.05
C009690,North,Consumer,Social,28,6,8.5,0,5479.5
C009691,South,Consumer,Organic,8,1,5.0,0,2019.38
C009692,North,Enterprise,Organic,17,11,2.9,0,95348.04
C009693,East,SMB,Organic,46,12,6.4,0,38181.89
C009694,North,Consumer,Organic,14,3,3.3,0,4758.72
C009695,South,SMB,Organic,7,6,0.0,0,30641.16
C009696,South,Consumer,Referral,14,5,6.6,0,6681.34
C009697,South,SMB,Organic,13,7,8.2,0,29302.12
C009698,South,Consumer,Social,30,8,15.9,0,9343.34
C009699,North,Consumer,Referral,20,2,2.7,0,3255.21
C009700,South,Consumer,Organic,3,6,3.1,0,11862.88
C009701,North,Consumer,Social,35,10,13.5,0,13023.08
C009702,North,SMB,Referral,9,5,6.4,1,9509.39
C009703,West,Consumer,Paid Search,7,3,10.2,0,4358.27
C009704,South,Consumer,Referral,17,7,1.7,0,10332.87
C009705,South,Consumer,Referral,11,7,6.6,0,12922.13
C009706,North,Consumer,Referral,31,11,11.3,0,12251.45
C009707,East,SMB,Partner,20,4,6.0,0,9102.89
C009708,West,SMB,Paid Search,14,8,8.3,0,20197.41
C009709,West,Consumer,Paid Search,9,3,16.3,1,3715.25
C009710,East,SMB,Partner,47,8,13.8,0,18939.36
C009711,West,Consumer,Referral,40,11,5.8,0,18297.09
C009712,South,Consumer,Partner,17,9,8.7,2,14964.72
C009713,West,Consumer,Social,3,4,15.7,0,4112.56
C009714,West,Consumer,Referral,13,3,9.7,1,3588.19
C009715,North,Consumer,Referral,29,7,3.6,1,9001.55
C009716,South,Consumer,Paid Search,8,5,11.9,0,6777.02
C009717,South,SMB,Organic,50,18,1.7,0,49102.33
C009718,North,Enterprise,Paid Search,46,23,13.0,0,146396.65
C009719,West,Enterprise,Organic,11,9,9.5,1,94224.76
C009720,North,Consumer,Referral,9,1,8.0,0,1467.73
C009721,East,Consumer,Referral,32,6,4.5,0,6201.25
C009722,West,SMB,Partner,25,7,11.0,0,21258.17
C009723,South,Consumer,Organic,14,5,3.2,1,7354.36
C009724,South,Consumer,Paid Search,34,4,13.4,0,8270.04
C009725,East,Consumer,Paid Search,6,7,9.7,0,7522.28
C009726,West,Consumer,Referral,16,2,3.0,0,2767.8
C009727,South,SMB,Organic,40,12,2.7,1,36314.5
C009728,South,Consumer,Paid Search,28,7,3.9,0,8898.97
C009729,East,Consumer,Referral,32,3,3.7,0,4278.81
C009730,West,SMB,Paid Search,72,20,18.4,1,51888.28
C009731,South,Consumer,Referral,23,7,0.0,0,12362.12
C009732,South,Consumer,Organic,23,10,0.3,0,16544.07
C009733,West,Consumer,Paid Search,6,3,17.2,0,4058.96
C009734,North,Enterprise,Partner,13,6,5.1,0,66948.64
C009735,North,Consumer,Organic,27,3,3.8,1,4832.1
C009736,South,Consumer,Organic,26,12,5.0,0,13135.17
C009737,North,Consumer,Partner,33,7,3.1,0,10830.1
C009738,North,Enterprise,Organic,19,10,8.1,1,98637.97
C009739,East,Consumer,Paid Search,18,1,11.6,0,750.84
C009740,East,Consumer,Paid Search,16,5,10.1,0,4808.79
C009741,South,Consumer,Referral,3,1,9.8,0,1678.37
C009742,South,SMB,Referral,7,7,3.0,0,27209.2
C009743,South,Consumer,Referral,16,6,7.1,0,9520.58
C009744,East,Consumer,Partner,37,7,5.0,0,9797.57
C009745,West,Consumer,Paid Search,19,1,8.2,0,1901.72
C009746,West,Consumer,Paid Search,16,4,18.0,0,4661.38
C009747,East,Consumer,Partner,17,3,8.4,1,3072.81
C009748,West,Consumer,Organic,15,4,7.8,0,5523.26
C009749,West,Consumer,Partner,15,1,6.4,0,1526.74
C009750,North,SMB,Partner,10,2,4.9,0,6076.76
C009751,West,Consumer,Partner,21,4,0.0,0,7352.19
C009752,West,SMB,Organic,37,13,4.0,2,54852.05
C009753,South,Consumer,Referral,18,1,2.0,0,1677.86
C009754,North,Enterprise,Social,22,14,15.3,1,78464.19
C009755,East,Consumer,Paid Search,19,7,8.1,0,7442.61
C009756,South,Consumer,Referral,26,4,8.4,0,6214.22
C009757,East,Consumer,Organic,16,10,11.2,0,16033.89
C009758,South,Consumer,Organic,3,2,13.5,0,3253.5
C009759,North,SMB,Partner,9,3,9.0,0,6854.71
C009760,South,Consumer,Partner,17,6,8.0,0,7996.25
C009761,West,SMB,Organic,52,16,2.9,1,46155.52
C009762,North,Consumer,Organic,10,3,2.7,0,4443.91
C009763,East,Consumer,Referral,12,1,4.2,1,1224.75
C009764,South,SMB,Organic,11,4,9.4,0,10040.46
C009765,South,Consumer,Referral,4,3,5.8,0,4011.49
C009766,South,SMB,Social,17,9,21.5,0,22972.38
C009767,South,Consumer,Paid Search,3,5,9.2,0,7811.61
C009768,East,Consumer,Social,21,3,14.6,0,2847.46
C009769,East,SMB,Organic,26,7,1.2,1,19912.8
C009770,North,Consumer,Paid Search,2,1,13.6,0,1863.27
C009771,South,Consumer,Social,72,19,14.4,0,27968.37
C009772,East,Consumer,Organic,5,1,4.9,1,1355.91
C009773,East,Consumer,Organic,8,1,4.1,0,984.07
C009774,South,Consumer,Referral,61,15,8.7,1,26185.21
C009775,East,Consumer,Organic,5,1,7.0,0,1118.15
C009776,North,Consumer,Paid Search,19,6,14.5,0,9532.37
C009777,North,Consumer,Social,23,4,12.2,0,7553.15
C009778,East,Consumer,Organic,14,10,6.0,1,11082.89
C009779,East,Consumer,Paid Search,14,2,10.5,0,2123.44
C009780,West,Consumer,Organic,23,5,9.0,0,7972.47
C009781,North,SMB,Social,39,14,15.7,2,27462.38
C009782,South,SMB,Paid Search,19,9,12.9,0,26387.19
C009783,East,Consumer,Partner,55,12,7.2,0,14188.61
C009784,South,Consumer,Organic,5,2,2.6,0,3162.99
C009785,South,Consumer,Social,54,10,15.2,1,9341.22
C009786,East,Consumer,Social,13,10,18.7,2,12146.12
C009787,North,Consumer,Social,53,12,12.7,0,25689.64
C009788,South,Enterprise,Social,27,16,19.0,0,111539.07
C009789,North,SMB,Organic,8,5,6.7,0,10494.2
C009790,West,Consumer,Paid Search,21,2,5.9,0,3478.26
C009791,South,Consumer,Paid Search,3,1,9.3,0,1257.92
C009792,North,SMB,Organic,10,1,11.9,0,2659.16
C009793,North,Enterprise,Paid Search,14,8,11.6,0,52158.31
C009794,North,Consumer,Referral,17,1,4.3,0,1078.64
C009795,North,SMB,Paid Search,40,13,9.4,2,37599.25
C009796,East,Consumer,Partner,12,6,7.6,0,6520.02
C009797,North,SMB,Social,9,7,17.8,0,12537.64
C009798,South,Consumer,Paid Search,8,4,11.0,0,6227.63
C009799,North,Consumer,Paid Search,20,5,9.7,0,12029.04
C009800,South,Consumer,Referral,30,7,0.2,0,14127.56
C009801,North,Consumer,Paid Search,11,4,9.3,0,5400.13
C009802,East,Consumer,Organic,21,4,2.9,0,9617.59
C009803,East,Consumer,Referral,12,1,8.0,0,873.84
C009804,East,SMB,Referral,4,1,8.2,0,2780.83
C009805,South,Consumer,Paid Search,50,14,16.3,0,27893.06
C009806,West,SMB,Organic,51,12,1.4,3,30403.16
C009807,East,Consumer,Organic,20,1,5.4,0,1356.49
C009808,North,SMB,Paid Search,4,2,12.5,0,4628.18
C009809,South,Consumer,Organic,5,1,2.0,0,1510.86
C009810,East,Consumer,Social,19,6,17.7,0,7236.31
C009811,South,Consumer,Referral,19,7,12.1,0,7133.32
C009812,South,Enterprise,Organic,3,6,5.1,0,43533.24
C009813,East,Consumer,Partner,11,3,6.6,0,3811.67
C009814,North,Consumer,Referral,16,2,11.5,0,1869.16
C009815,West,SMB,Organic,40,9,6.3,0,24677.98
C009816,North,Consumer,Social,24,7,11.4,1,6862.22
C009817,North,Consumer,Social,12,5,14.4,2,4790.24
C009818,North,Consumer,Referral,43,6,5.9,1,10182.86
C009819,South,SMB,Organic,48,13,2.5,2,42665.72
C009820,West,Enterprise,Social,29,14,12.6,0,104545.35
C009821,West,Enterprise,Organic,4,4,3.0,0,31708.13
C009822,West,Consumer,Paid Search,15,6,14.4,0,8614.15
C009823,South,Consumer,Social,11,5,14.1,0,6440.55
C009824,South,SMB,Social,10,5,15.3,1,12020.07
C009825,South,Consumer,Referral,44,13,9.9,2,23824.73
C009826,North,Consumer,Organic,47,9,4.1,0,11445.92
C009827,West,Enterprise,Paid Search,12,7,8.4,1,74830.98
C009828,South,Consumer,Partner,14,6,10.8,1,7903.43
C009829,South,Consumer,Social,5,5,13.9,0,8253.48
C009830,South,SMB,Social,41,17,20.3,1,47065.63
C009831,West,Consumer,Organic,34,7,8.0,1,11349.2
C009832,South,Enterprise,Partner,9,7,9.6,0,62697.94
C009833,East,Consumer,Organic,10,1,5.7,0,1468.35
C009834,East,Consumer,Paid Search,23,7,15.4,1,10694.5
C009835,West,SMB,Social,23,6,15.7,1,13359.87
C009836,North,SMB,Paid Search,17,1,5.5,0,3818.3
C009837,North,Enterprise,Referral,32,14,6.7,0,104608.2
C009838,South,Consumer,Referral,26,5,8.7,0,5242.87
C009839,West,Consumer,Partner,21,1,5.0,0,1715.56
C009840,West,Consumer,Organic,11,2,12.8,0,3242.45
C009841,South,Consumer,Organic,26,9,4.6,0,15664.62
C009842,North,Enterprise,Referral,21,12,8.7,0,87018.28
C009843,North,Enterprise,Social,12,8,18.5,1,45933.08
C009844,East,Consumer,Partner,13,7,9.8,0,7667.66
C009845,North,Enterprise,Paid Search,9,4,11.7,0,31036.14
C009846,South,Consumer,Social,19,2,16.2,0,2617.43
C009847,West,SMB,Paid Search,30,11,11.4,0,24913.15
C009848,South,Consumer,Paid Search,7,4,11.7,0,5533.02
C009849,South,SMB,Organic,13,2,1.6,0,5499.28
C009850,North,SMB,Organic,31,9,4.2,0,22614.01
C009851,South,Consumer,Organic,14,6,1.4,0,11291.25
C009852,East,SMB,Organic,18,6,5.0,1,12133.95
C009853,South,Consumer,Organic,8,5,3.8,0,8476.06
C009854,North,SMB,Partner,7,1,9.5,0,2436.57
C009855,North,Consumer,Organic,12,1,0.5,0,1575.36
C009856,North,Consumer,Social,15,1,12.2,0,1094.37
C009857,East,SMB,Partner,23,9,5.2,1,22038.88
C009858,East,SMB,Paid Search,44,14,12.0,0,28002.53
C009859,South,Enterprise,Social,7,6,14.3,0,50948.74
C009860,South,Consumer,Paid Search,5,6,15.3,0,5816.28
C009861,North,Consumer,Organic,4,1,5.1,0,1395.75
C009862,South,Consumer,Social,19,4,15.0,0,4303.56
C009863,North,SMB,Referral,23,4,3.8,0,10114.46
C009864,West,Enterprise,Paid Search,10,6,11.1,1,44439.04
C009865,North,SMB,Partner,18,9,4.0,0,29849.35
C009866,South,Consumer,Social,33,11,16.5,0,10788.89
C009867,North,SMB,Paid Search,14,8,14.5,0,14079.42
C009868,West,Consumer,Organic,13,5,0.5,0,9782.26
C009869,North,Enterprise,Partner,6,9,8.1,1,65451.09
C009870,West,Consumer,Partner,22,3,7.7,0,3069.68
C009871,North,Consumer,Referral,9,6,10.6,1,7377.44
C009872,West,Consumer,Social,26,7,12.0,0,8794.58
C009873,East,SMB,Referral,14,5,4.7,0,11429.44
C009874,South,Consumer,Organic,15,1,5.8,0,1621.59
C009875,North,Consumer,Partner,3,2,6.5,1,1991.57
C009876,South,SMB,Referral,33,15,5.7,0,46907.06
C009877,West,Enterprise,Referral,29,9,5.6,0,68777.92
C009878,West,Consumer,Referral,9,5,8.6,0,7076.54
C009879,North,Consumer,Referral,26,1,10.4,0,1598.91
C009880,South,Consumer,Organic,7,1,,0,1912.33
C009881,South,Consumer,Referral,26,7,6.2,0,14801.36
C009882,North,Consumer,Organic,23,9,7.0,0,8525.82
C009883,East,Consumer,Organic,42,7,5.6,0,9530.49
C009884,South,Consumer,Organic,23,7,5.5,1,12665.4
C009885,South,Consumer,Paid Search,9,1,15.4,0,1233.87
C009886,West,Consumer,Partner,18,4,4.8,1,5927.17
C009887,East,Consumer,Organic,14,3,4.2,0,5029.88
C009888,East,Consumer,Paid Search,40,11,9.1,0,12866.37
C009889,North,Consumer,Social,5,1,13.4,0,1672.48
C009890,West,Consumer,Partner,18,3,4.2,1,4448.26
C009891,South,Consumer,Social,8,6,13.9,0,9274.14
C009892,South,SMB,Partner,47,15,9.1,0,53762.48
C009893,North,SMB,Referral,19,6,0.0,0,14368.59
C009894,West,Consumer,Social,24,7,14.0,0,10257.78
C009895,South,SMB,Paid Search,14,4,11.7,0,10512.86
C009896,West,SMB,Paid Search,27,3,11.2,0,10628.73
C009897,East,SMB,Paid Search,9,6,7.0,1,14080.11
C009898,West,Consumer,Social,9,3,17.9,0,3615.75
C009899,East,Consumer,Referral,40,4,9.8,0,4098.22
C009900,West,Consumer,Social,68,16,18.4,0,20279.48
C009901,South,Consumer,Referral,4,7,5.3,0,12163.14
C009902,North,Consumer,Social,11,6,15.5,0,7693.43
C009903,East,Enterprise,Organic,32,19,2.8,2,219508.71
C009904,South,Consumer,Paid Search,23,3,8.8,0,4122.38
C009905,South,Consumer,Referral,9,4,3.6,0,5340.26
C009906,East,Enterprise,Organic,13,8,5.6,0,56258.47
C009907,South,Consumer,Partner,10,3,10.5,0,4742.77
C009908,West,Consumer,Organic,25,5,8.9,0,5558.04
C009909,South,Enterprise,Organic,9,1,4.9,0,11553.75
C009910,West,Consumer,Referral,13,8,5.0,0,11371.14
C009911,North,Consumer,Organic,28,2,4.7,0,4013.54
C009912,East,Consumer,Referral,21,7,9.9,0,11117.73
C009913,West,Consumer,Organic,35,8,9.9,0,12957.19
C009914,South,SMB,Organic,9,4,8.5,0,12025.56
C009915,South,Consumer,Social,13,3,18.2,1,3307.39
C009916,South,SMB,Paid Search,8,5,16.1,0,12202.42
C009917,South,Consumer,Referral,12,5,7.2,1,6173.57
C009918,South,Enterprise,Organic,6,8,5.8,0,56334.0
C009919,North,Consumer,Referral,2,1,10.2,0,1426.65
C009920,West,Enterprise,Paid Search,5,1,13.5,0,8240.16
C009921,North,Consumer,Organic,29,3,7.6,0,3045.84
C009922,South,SMB,Social,5,6,13.2,0,15587.81
C009923,South,SMB,Referral,22,8,11.2,0,19937.02
C009924,North,Consumer,Partner,12,1,6.5,0,1877.0
C009925,North,Consumer,Social,14,2,18.3,0,1611.57
C009926,West,Consumer,Referral,6,2,6.7,0,4313.34
C009927,East,Consumer,Organic,10,1,3.4,0,1464.61
C009928,North,Consumer,Social,19,4,9.0,0,3271.61
C009929,West,Consumer,Referral,5,5,6.3,1,6490.77
C009930,South,Enterprise,Social,10,7,11.3,0,63475.75
C009931,North,Enterprise,Referral,17,5,4.2,1,35531.54
C009932,East,Consumer,Organic,23,7,6.5,1,8366.02
C009933,South,Consumer,Social,14,7,10.4,1,16313.42
C009934,North,Consumer,Social,48,13,18.7,1,14567.81
C009935,West,SMB,Organic,17,6,12.6,0,13304.7
C009936,South,Enterprise,Referral,26,21,5.6,2,222617.0
C009937,South,Consumer,Referral,19,7,10.6,0,7799.99
C009938,South,Consumer,Referral,12,11,2.8,0,20303.33
C009939,East,Consumer,Partner,3,5,9.2,0,6888.58
C009940,East,Consumer,Organic,28,8,6.1,0,14611.59
C009941,West,Enterprise,Organic,28,12,14.2,0,99837.13
C009942,South,SMB,Organic,47,14,3.9,1,42368.07
C009943,West,Consumer,Partner,12,4,9.4,0,5674.56
C009944,South,Consumer,Organic,58,13,4.4,1,31448.77
C009945,South,Consumer,Referral,27,6,5.9,0,9433.8
C009946,North,SMB,Social,35,10,14.6,0,24547.81
C009947,West,SMB,Social,6,3,14.4,0,7984.36
C009948,South,Consumer,Organic,18,3,3.1,0,5275.33
C009949,East,Consumer,Organic,42,9,5.8,0,10615.01
C009950,South,Enterprise,Partner,6,4,5.3,0,28804.23
C009951,North,SMB,Referral,1,2,5.8,0,4941.84
C009952,West,Consumer,Organic,12,1,10.8,0,1177.0
C009953,West,Consumer,Organic,48,10,4.7,0,14556.01
C009954,South,Enterprise,Social,38,21,17.7,0,142929.38
C009955,East,SMB,Partner,17,3,7.8,0,7205.02
C009956,South,Enterprise,Referral,10,8,9.3,0,65818.72
C009957,East,Consumer,Paid Search,24,5,11.5,0,6296.81
C009958,North,Consumer,Social,38,7,7.2,0,8036.79
C009959,South,Consumer,Organic,27,6,4.9,0,13235.06
C009960,South,SMB,Partner,42,16,5.0,0,64347.36
C009961,South,SMB,Organic,42,14,4.1,1,49354.03
C009962,South,Consumer,Organic,23,9,7.1,1,15983.97
C009963,North,Enterprise,Paid Search,28,11,17.4,0,61539.36
C009964,West,Enterprise,Organic,19,10,0.8,0,78778.56
C009965,North,Consumer,Paid Search,3,1,11.3,0,1210.39
C009966,North,Consumer,Social,20,5,15.1,0,4792.29
C009967,South,SMB,Paid Search,6,4,12.1,0,10757.89
C009968,East,Consumer,Referral,5,1,7.2,1,1973.46
C009969,North,SMB,Organic,32,11,6.7,1,31453.25
C009970,South,Consumer,Paid Search,11,9,10.7,0,18012.24
C009971,East,Enterprise,Referral,14,7,6.4,0,67169.69
C009972,North,SMB,Referral,8,1,8.2,0,2280.4
C009973,West,Enterprise,Organic,9,5,2.9,0,43646.42
C009974,South,SMB,Social,16,6,13.2,0,15875.09
C009975,East,Consumer,Organic,21,3,4.8,0,4645.49
C009976,North,Consumer,Organic,15,6,3.2,0,9571.2
C009977,East,SMB,Organic,24,2,2.1,0,7376.71
C009978,West,Consumer,Referral,29,7,3.7,0,11064.23
C009979,North,SMB,Organic,4,6,4.9,0,20194.59
C009980,North,Consumer,Organic,25,9,9.1,0,10789.56
C009981,South,Consumer,Paid Search,20,8,13.2,1,8546.54
C009982,North,Consumer,Paid Search,20,3,9.1,0,4678.05
C009983,West,SMB,Organic,7,7,9.6,0,20533.57
C009984,South,Consumer,Referral,13,5,5.5,0,8709.13
C009985,East,Consumer,Referral,26,9,11.8,0,14222.99
C009986,West,Consumer,Organic,6,5,4.8,1,8018.97
C009987,West,SMB,Organic,65,19,5.8,1,66552.97
C009988,West,Consumer,Paid Search,33,7,10.9,0,12050.34
C009989,South,Consumer,Partner,8,9,7.1,2,13394.73
C009990,South,Consumer,Social,13,1,19.1,0,1183.96
C009991,South,Consumer,Paid Search,5,2,11.5,0,4338.13
C009992,South,Consumer,Partner,33,5,10.8,1,7949.62
C009993,South,SMB,Paid Search,15,7,12.1,0,21505.15
C009994,North,Consumer,Paid Search,20,5,11.7,0,5440.29
C009995,South,SMB,Partner,17,5,9.9,0,15619.92
C009996,South,SMB,Social,27,8,14.6,0,24046.96
C009997,South,Consumer,Referral,8,1,4.6,0,1305.28
C009998,North,SMB,Referral,72,21,4.7,2,69598.55
C009999,South,SMB,Partner,27,9,9.7,1,25482.92
C010000,South,Consumer,Organic,30,9,0.0,0,9544.61
C006253,South,Consumer,Organic,16,6,7.0,0,8334.23
C004685,West,Consumer,Paid Search,3,1,13.5,0,1931.68
C001732,North,Consumer,Social,55,14,12.3,0,16644.34
C004743,East,SMB,Social,39,13,12.8,0,27286.39
C004522,South,Consumer,Paid Search,13,2,9.4,1,3421.67
C006341,West,Consumer,Social,12,7,15.4,1,11742.58
C000577,West,SMB,Paid Search,30,10,14.8,1,27712.24
C005203,North,Consumer,Social,33,8,15.3,0,10623.03
C006364,North,Consumer,Paid Search,7,1,11.5,0,1247.37
C000440,East,Consumer,Organic,13,1,6.1,0,1343.35
C002751,South,Enterprise,Social,11,8,12.2,0,66700.47
C007488,North,Consumer,Referral,6,1,5.9,0,1862.68
C005273,West,Consumer,Social,10,1,13.8,0,1118.81
C005654,South,Consumer,Organic,17,1,6.9,0,1177.33
C004000,North,Consumer,Paid Search,9,4,9.6,0,4191.54
C006034,North,Consumer,Referral,13,3,9.6,0,5969.66
C000583,North,Consumer,Organic,25,5,6.3,0,8137.0
C009931,North,Enterprise,Referral,17,5,4.2,1,35531.54
C007052,South,Consumer,Social,13,9,20.7,0,10761.53
C008159,South,Enterprise,Paid Search,34,20,13.8,0,164430.05
