age,tenure_months,orders_last_6m,monthly_spend,support_tickets,late_payments,discount_pct,churn
23,37,6,2420.431483467072,1,0,12.288095447707295,0
62,33,8,6184.558268055094,3,0,9.375642783223952,0
55,6,7,3989.0870288085366,4,0,21.50822295295515,0
43,9,10,581.6440071358124,3,1,12.28937290955534,0
42,43,8,4255.694887438767,0,0,10.22156562179688,0
66,41,8,978.6996288082923,2,0,12.027987611473291,0
22,40,11,4206.197841338122,1,2,22.448961716944623,0
57,12,7,5896.382522703581,2,0,6.215560271308474,0
29,37,9,3787.570715730846,3,0,13.271595025098502,0
23,5,8,7371.269243988878,1,0,8.943050303519804,0
48,11,8,1000.8955385847789,1,0,16.675059754941227,0
73,36,8,5035.732940525656,0,1,1.6945270643934371,0
59,44,8,2957.3823719098295,0,1,15.10998590493734,0
61,47,9,1564.4084219690699,4,1,8.480554536257511,0
58,70,14,6268.123657527788,1,0,20.461703150561696,0
62,61,6,3084.498343392044,0,0,16.580550331758683,0
47,27,9,3517.1239242598003,3,1,4.768716704466286,0
25,56,5,3435.6085278652313,2,0,18.397758379458026,0
65,7,12,8115.8076679620635,1,0,4.159968326764515,0
43,61,7,4760.2377492016485,3,0,17.081173566259906,0
46,28,4,5615.025198809896,1,0,8.487886613529026,0
39,54,5,1960.8249776750224,1,1,16.644657640963594,0
28,69,12,1802.6503645805844,1,0,12.101165557501481,0
70,50,12,2215.6267553136668,3,0,5.137189453186128,0
62,66,7,2741.1573428256643,0,2,26.07299977512211,0
54,1,12,1608.5522894049445,1,0,18.580473694539215,0
40,13,7,2948.9407407897806,3,1,14.28415942885706,0
64,45,3,5781.737677023924,1,0,11.649017163574534,0
49,39,7,3617.6916755361103,0,0,15.198713049741409,0
43,9,5,300.0,1,2,13.0939259781961,0
43,52,8,6086.896442504976,1,2,23.66890200723052,0
30,5,12,641.0361161414944,0,2,41.89475353727518,0
23,71,6,5677.282061636817,1,1,16.905680327525456,0
49,12,11,3330.987207940481,2,3,11.66060925017466,0
68,32,10,8240.64609961167,2,0,13.976628778712904,0
21,59,6,6534.183376112026,2,0,24.136843578305733,0
66,37,6,4684.347806300365,2,1,14.923855790685526,0
65,53,9,3428.66918484012,1,0,11.7402119148158,0
33,50,12,6168.88918592522,2,0,14.909652764977242,0
54,68,10,3755.9834612975255,3,0,23.46069641451057,0
27,33,3,4522.60165842997,0,2,4.170604315518625,0
61,70,9,3846.6494765424322,0,2,18.885195797971633,0
57,37,8,2277.609676651086,1,0,21.78000373009,0
38,64,8,4128.2901794347845,0,1,13.204563374997804,0
21,53,13,2074.422917834554,0,1,12.754501858906101,0
73,10,5,4862.457492819132,0,0,7.270975323851033,0
43,46,8,3497.6829271995343,0,0,10.363877705451145,0
68,63,6,2521.8718948911983,4,0,21.259619172299672,0
56,10,10,2273.3188366471713,1,0,10.17584586529162,0
62,60,11,6587.883030928617,1,0,7.33061722913096,0
61,8,6,1531.0623938520478,1,1,16.690696460682165,0
29,62,6,4070.7981280026074,1,0,9.819597412450062,0
38,57,10,1379.746276548247,3,1,15.118659627710894,0
44,11,2,4297.081273589828,2,0,10.94677289885787,0
46,52,10,2898.4923586914047,1,1,15.034087178878373,0
20,9,8,3655.5116744905517,0,0,18.633386076729654,0
49,41,7,2743.2703875462603,0,0,15.29086785667904,0
26,66,8,300.0,1,0,27.57838700263767,0
60,15,8,4132.258874729971,0,0,25.8101704153283,0
56,13,10,3994.838631684112,5,1,5.799215766088183,0
70,31,8,1571.5906933452122,0,1,11.377152715041532,0
60,27,8,3610.0090502139415,2,1,8.33071804031161,0
38,4,12,4013.7458949086467,0,0,30.9177537949366,0
73,33,7,4196.322327828393,2,0,13.16236719590988,0
41,19,16,3615.726706690654,1,1,11.102477044070936,0
36,9,9,2222.5993763362603,0,1,26.088549035283584,0
69,20,13,4927.514163557723,2,1,11.948472416825386,0
39,2,8,4099.5798078850785,0,1,36.61317952712908,0
22,65,9,300.0,0,0,21.157874002939177,0
44,71,5,2686.7100032871535,0,2,21.444778180886452,0
63,27,10,4674.310766417004,6,1,0.0,0
28,63,8,6571.79810622641,2,0,5.929685453793024,0
44,33,6,3873.819724598636,2,0,25.68243647866315,0
25,65,4,1190.0799424326092,1,0,13.355155942319604,0
57,13,9,478.1728933977488,2,1,15.481896220204264,1
45,21,13,3644.455072426422,0,0,17.610187032175755,0
36,53,7,3194.722443087244,2,0,16.875068653962533,0
30,16,5,4153.377741416018,2,1,19.75801420769332,0
50,59,8,1496.0648982252426,0,0,21.024138643126555,0
56,31,11,3909.619855315132,1,1,13.913492157450824,0
71,29,7,3336.8397532798513,1,1,8.88292127119194,0
42,33,9,1807.5886817387402,0,0,19.559311024845783,0
27,57,7,6357.989680889793,3,0,13.087689629113326,0
65,1,5,5048.835771100271,0,0,14.453715612202139,0
53,54,4,3263.9944580948195,1,1,19.121106317881736,0
57,56,11,1072.7875044913899,2,0,23.13963533774915,0
23,59,2,4379.540340425797,0,0,21.029625178730665,0
35,71,7,2269.5803440287705,0,0,27.82135606445981,0
61,56,9,4695.1986555201975,2,0,14.963023287544038,0
65,38,8,4233.078377166697,2,0,9.437595190135934,0
42,34,9,1649.1035195141633,1,2,19.089016169602985,0
63,28,8,3444.5793099230373,1,0,13.318817593934838,0
65,59,6,5255.711052271947,0,0,9.955553099847215,0
40,28,8,665.0761700909547,1,0,19.897066112894446,0
69,41,10,4109.326290405973,1,3,3.0228194975787837,0
34,7,5,6506.301674806107,0,1,15.133360501324205,0
31,23,7,1539.9334044054121,3,0,10.563320056177474,0
56,19,11,365.570606212199,2,0,8.036331343640434,1
54,31,12,8360.244744690652,3,0,16.63471850885749,0
25,36,4,300.0,2,1,11.28469024187631,0
65,51,10,3359.4649703741325,2,1,11.328026459242285,0
29,31,4,5642.227195979229,2,1,7.811164148320373,0
63,11,12,5921.6990085928755,1,1,9.015527004112359,0
18,39,9,4039.040408775132,3,0,13.815005893054417,0
63,4,9,6200.857292870069,3,0,20.432209171659686,0
62,61,8,3082.4327220803543,1,2,20.96695606175705,0
62,55,6,2651.2694409349256,0,0,0.742658219373963,0
55,16,7,3744.294129100925,2,0,5.577206429049266,0
44,19,6,4230.149589367861,1,1,16.35768022891539,0
58,2,12,4317.254787839106,1,0,12.903711561514399,0
33,26,9,1776.7187340046887,0,0,23.624935963209616,0
62,3,8,3659.4692098390915,1,0,20.351727255411042,0
49,67,5,1595.9358595285864,2,0,5.658619930093904,0
44,10,3,3207.06304543574,1,0,0.0,0
46,47,14,4566.384613498534,6,1,16.030644413256024,1
50,41,6,4466.207676746226,0,0,13.98932417957269,0
20,17,8,7019.628429543129,3,0,12.261454282884134,0
25,58,7,2570.2163186013327,3,2,6.8775843039141815,0
31,8,8,5398.525575818907,1,1,17.147439358811255,0
24,63,11,7134.69367251416,2,0,19.43881004710679,0
43,53,5,7657.052172363659,2,0,16.84850436716564,0
56,46,9,5393.740577952314,2,0,10.579334942421239,0
55,63,2,987.9670982834677,3,0,13.100473361198338,0
44,29,11,1718.1222405455605,1,1,5.814177561020214,0
66,20,8,1941.4964247785297,2,0,6.036563286971891,0
50,11,6,3744.784325096071,2,1,24.100766251836426,0
22,66,5,6951.438033587725,1,2,17.389786977074635,0
61,29,11,3247.0336161406008,1,5,15.238640036381986,0
50,59,4,2135.2716088204957,2,0,12.185933802068691,0
54,24,8,5714.383104712473,1,0,20.75515404362644,0
50,68,6,2636.328875824871,1,0,29.355975756548574,0
49,62,6,5336.062946794569,2,0,11.271820242075515,0
23,22,7,2849.8043542239916,2,0,18.060800773461718,0
49,35,5,5143.124435353886,3,1,5.008061430513818,0
63,57,11,3987.1653937728606,1,2,19.01615912152837,0
35,17,11,2973.0461511317767,2,1,19.770971822667,0
52,2,10,932.8873603114998,2,0,10.141249494678531,0
19,21,6,3590.3230469017776,1,0,15.693850187412911,0
37,42,7,1202.9152957500837,0,0,16.434424728380435,0
42,10,6,4169.4051540670625,0,0,25.715154070557283,0
74,24,7,5194.804411146052,3,1,19.315509326038907,0
30,66,12,4526.587027219481,5,1,23.105531658198846,0
33,6,3,3420.2980861881992,2,1,19.0651108511997,0
41,4,10,3399.9142465401633,4,0,12.343347573640735,0
74,31,12,4804.802521195211,2,0,0.0,0
66,1,4,2406.1822615870997,1,1,25.426763570553174,0
19,2,6,3840.7310443611445,2,0,14.981096545017696,0
31,13,7,1009.1846820039714,2,2,11.73768954745968,1
64,8,6,2183.5834188152094,3,0,26.78771593930009,0
21,58,5,3953.4573181665046,2,0,28.533626734942178,0
66,9,3,1088.700565561533,0,0,18.640789561496877,0
34,38,13,3858.8315278693563,3,0,21.01482988705206,0
70,51,3,4667.9563582823075,0,1,0.0,0
34,45,7,2236.7360447853944,1,0,24.536472944939618,0
42,47,9,4111.306908947907,1,0,4.528848579295184,0
55,26,5,1062.7130120256243,0,1,11.854631256354164,0
25,64,9,4313.037257532498,0,1,5.540640214801396,0
49,5,7,2671.730903797599,3,0,11.542134321185655,0
46,8,6,1758.7085471562236,3,0,22.29454381585257,0
62,61,8,2847.2499981311403,2,1,32.049816206450956,0
74,5,14,1356.497058124367,0,3,3.737430308790822,0
55,14,5,4879.161544266262,0,1,21.84167056067681,0
41,13,7,3727.600476057466,1,0,16.505047832568223,0
41,3,9,5367.569544006387,2,1,22.65677015131816,0
41,9,5,300.0,1,2,9.165618385742476,0
64,41,6,5107.672029014775,4,0,20.995540718766055,0
36,47,9,552.1819701730428,1,1,10.002101347878643,0
27,6,7,3399.725933683742,1,1,25.43572501012825,0
37,67,10,7808.172861378303,3,0,18.52143527991359,0
19,7,6,628.7920725876866,0,0,31.689028415567936,0
24,49,8,3497.170099121462,3,1,7.2084832988845475,0
23,57,8,1596.5830526293933,0,2,20.493639315148243,0
61,37,7,2436.255344221764,2,1,8.604686376872216,0
59,35,9,1695.119527867602,1,0,20.250529370813997,0
57,8,7,300.0,1,3,19.532297441918615,0
44,18,8,4422.841065159705,1,0,16.245018015653187,1
58,61,9,3530.2822825681747,2,0,16.048462029567627,0
27,25,14,1799.8418684171033,1,1,29.717838596723993,0
69,3,8,5747.530499436563,2,1,18.086511099052817,0
46,52,7,4462.015708134066,0,0,18.991993297319574,0
71,49,5,3505.9502553457787,2,0,13.892098593902418,0
26,5,8,4461.026400871246,3,0,22.460558408399894,0
46,4,11,4473.459943097653,0,0,15.80074493496102,0
57,9,5,3425.787776104493,2,1,26.27075161509955,0
46,4,6,4300.169890116785,2,0,15.23689021939303,0
43,44,8,3929.973952658909,2,0,16.308539274027893,0
27,10,8,2818.321435345137,2,0,17.181471065574303,0
39,44,14,2215.6762271979132,0,0,3.3383358798573983,0
31,13,4,2262.2379160598393,3,1,1.1027220529235535,0
35,70,5,1857.813275395459,3,0,21.141698898172628,0
56,52,4,3209.613540223298,2,0,8.500484822974244,0
53,27,5,4417.232990344155,3,0,13.122081450397683,0
52,31,5,5125.1718777234655,2,0,14.564885410025653,0
38,5,8,3874.597107217967,1,1,15.49736667759697,0
72,4,7,5474.508728000203,2,1,4.729459285284879,0
22,39,10,1423.0534433848156,0,0,4.901784825685498,0
37,2,15,5400.632974712416,1,0,12.879238857038832,0
24,46,9,5262.87206756575,1,0,13.170296727477739,0
37,28,9,960.5120173140067,3,2,21.164185096953066,0
72,10,11,1389.6567189208072,1,2,13.668670381799688,1
38,39,7,2287.6903959423494,0,0,20.159873308480297,0
69,40,7,4361.825497957556,3,2,11.768963937160379,0
46,53,8,300.0,2,1,25.254449864753855,0
57,15,6,3964.287267574993,5,0,22.872041285610933,0
44,39,13,4505.227127895312,3,0,16.0266882152758,0
33,60,4,6802.60303903921,1,0,2.855142896346633,0
61,20,13,6158.857069275704,3,0,6.138462032134031,1
73,60,8,2739.6925172203787,1,0,18.685987922055947,0
33,52,10,2380.5656607974724,4,1,19.43091438889116,0
62,31,10,5530.143893223263,1,1,2.2275279559040566,0
32,63,11,5773.966157178425,1,0,18.674722229746777,0
58,69,10,4463.8007794760315,0,0,19.374959773317713,0
62,17,8,1302.450979680762,2,0,37.179202995915404,0
43,70,4,3430.526992775345,0,0,15.630882643053985,0
60,1,12,2485.4960094962707,3,0,21.479964044311604,0
33,10,14,1283.8240332411942,3,1,3.053079767037156,0
22,4,5,4007.6907797990807,2,0,12.68677011957535,0
23,27,13,1878.4214082332487,2,0,9.830875339391106,0
43,67,10,7600.516134049706,2,0,22.34476068921307,0
69,43,13,1616.3921524450477,0,1,17.569794368002924,0
25,44,4,300.0,3,0,9.293743134094818,0
43,7,7,3843.5212478642716,3,0,8.46263332743547,0
58,37,14,6246.196867753545,1,0,20.320533658875856,0
29,28,10,3788.9515193037846,0,1,26.829995158136093,1
59,35,13,2542.910115420646,1,0,27.361620013511143,0
35,19,11,1572.2727833554907,3,0,10.372955976097632,0
64,15,7,897.4234574966185,2,0,15.507849728524523,0
51,68,12,2429.962898319568,0,1,23.324141713960962,0
49,40,8,1649.749942273517,1,2,6.303060825511498,0
28,30,4,3824.469525149994,2,0,23.447362787560376,0
44,6,7,3222.029565794289,1,0,8.835073198554777,0
66,55,10,3626.3844399670097,3,0,8.72279886525943,0
19,34,9,1886.7634277179045,1,0,7.874822635184677,0
61,28,6,3157.0864554827153,1,0,16.311978338699358,0
46,48,16,5226.793994269314,2,0,13.546175578397264,0
59,10,13,300.0,1,0,18.574767651120908,0
55,38,14,1966.0260678449579,2,1,15.74167829028246,0
42,62,10,2926.205659487021,1,0,20.018832173026592,0
35,33,10,2678.1710642057587,2,0,16.434860850894896,0
53,1,15,6204.107585287058,0,0,8.378909524486183,0
25,17,6,533.584789221834,0,0,0.0,0
51,4,6,300.0,2,0,10.25159881673272,0
23,36,8,5590.945676022433,0,0,22.980884053938283,0
55,26,9,824.6195737432859,1,1,12.903983950359933,0
53,10,4,2064.3184652109076,4,1,26.031616585721785,0
22,49,4,4059.260648817459,0,0,15.826508422848223,0
61,13,6,5761.894228696858,2,2,20.628186626512473,0
41,25,9,2206.762815925111,0,3,22.336023649449327,1
62,71,14,2361.217231398491,2,1,13.096305699212397,0
20,5,7,1277.8188713028976,2,2,20.75913275619052,0
28,18,9,3542.08652697012,0,1,13.554397163653544,0
46,23,10,6205.505585970439,4,1,16.42853615264728,0
28,37,10,2345.7907991333004,0,1,24.816589013007572,0
36,18,8,1864.2588382863028,2,2,10.980256130355315,0
55,69,3,3249.779197832113,4,0,4.158253717892867,0
26,1,8,4501.659741040564,2,0,10.826324643693226,0
56,68,6,4964.229930152159,0,1,6.598667816085035,0
23,38,8,3164.890098608827,1,1,1.4255908188631263,0
27,3,13,6335.76860028973,3,0,28.21649150388867,0
51,9,9,4596.895474247658,1,0,18.116404932320208,0
63,8,5,3517.650818796207,1,1,11.860699723732685,0
27,21,8,3444.8455884967566,0,0,18.062665394121446,0
35,24,11,300.0,2,0,18.699886035680283,0
70,46,1,2404.068565979442,2,1,10.464408433004547,0
74,23,11,1621.5744511066534,0,1,7.32370671422656,0
51,52,7,3017.979033007672,1,0,6.446122037531303,0
43,21,7,1909.7140877043773,5,0,3.2375004492371886,0
37,19,11,936.8518180820856,1,2,2.0728361991509168,0
52,20,10,5051.853027894589,0,1,30.05754191410181,1
51,24,7,394.27077428019584,3,0,9.362216114110737,0
34,60,6,7830.291765657641,2,1,13.128899306007856,0
19,18,10,1519.0955529473742,1,1,19.498722337627537,0
26,20,13,3343.518782459229,1,1,12.01982424775419,0
72,68,13,951.1623794307079,1,0,15.127373809779234,0
41,47,10,1728.9334818168713,1,0,5.389764567844013,0
45,14,6,4941.360941476055,1,0,15.063586535842497,0
44,62,11,2135.6050510281743,2,1,16.685320354048972,0
62,14,3,2280.5578300229686,0,0,2.960919387854112,0
21,12,7,5246.495006137433,2,0,12.180638424590722,0
22,32,12,6944.505540266625,3,0,13.133318126832869,0
33,50,5,2750.4514354838743,1,0,18.748020699207125,0
45,14,10,300.0,3,0,7.68206061012719,0
56,54,15,2855.8580340131175,0,1,6.61030959117517,0
45,12,5,3011.3099486752903,2,0,29.858786969672728,0
43,56,7,3423.9951581907285,1,1,23.785122397074474,0
71,7,11,4602.393112466808,0,1,29.191667150097302,0
27,33,12,4964.634271683501,2,1,22.450388394314693,0
50,46,9,2014.1568393922641,1,0,14.134439895325974,0
48,19,9,3678.4447122222477,1,0,24.345567632461556,0
44,44,5,3773.253785723885,2,1,13.763528497611153,0
64,49,7,6682.851885996804,3,2,13.132141606109228,0
33,47,14,5103.578850613186,2,1,21.71590487440994,0
72,29,9,2325.179047684328,1,0,17.523930991512582,0
36,55,4,1258.1822213527166,5,0,18.308967546388573,0
49,52,7,2642.9482940689913,2,0,24.00900925850516,0
47,24,7,3592.2039838601527,1,0,12.291221961816653,0
66,53,9,3009.172096298927,3,0,8.776135390150095,0
43,66,15,1852.1246732031905,2,2,7.420943175791041,0
34,58,8,1922.0198538025406,1,2,16.160177101335936,0
19,53,6,5147.742824651472,1,0,14.022772670456883,0
38,55,8,300.0,2,0,21.466863753042468,0
65,58,6,5719.730830330303,0,0,17.534332644018697,0
18,21,14,3554.2872220469826,3,0,17.47423764866545,0
69,52,6,2001.4820577048313,0,0,4.516996738977356,0
48,15,4,3546.909741101049,0,0,22.619879970824908,0
25,26,4,5217.614159774778,1,1,11.154101352899094,0
35,67,9,3962.1869775616915,2,0,21.868678398654513,0
49,21,11,2436.3207603244,1,1,16.250372236473158,0
35,60,4,2663.8873868274677,0,1,14.395211955697581,0
24,30,4,3078.5310347104432,2,1,18.376602482597427,0
55,15,10,4315.044343069614,1,0,18.369425694046452,0
56,7,6,603.9886285673042,2,0,18.50155277745514,0
24,39,2,2525.0951711232974,3,1,8.855804865294672,0
34,33,12,3359.0401426536405,1,0,10.295449698968305,0
31,37,10,3447.7333605743247,0,0,19.353846862331313,0
55,4,6,2778.838789564342,0,0,26.53094028066098,0
59,20,8,3676.360873966037,1,1,10.653366839093412,0
59,1,6,300.0,0,0,27.282523263090674,0
71,22,9,300.0,1,1,18.7360680038081,0
61,67,8,6052.731471518691,3,1,17.31823589399315,0
36,11,5,3403.1873801957827,3,0,22.018184697697965,0
24,49,6,3180.5850570430844,1,1,15.031991323156149,0
53,1,10,300.0,1,0,7.6798802392787575,0
70,40,6,300.0,4,0,18.487583750685314,0
73,66,14,4163.077792857774,2,0,16.469714166878365,0
31,25,11,5827.100093486262,2,1,8.737928001120446,0
31,14,8,1779.5627387314955,0,1,10.067557578076013,0
20,41,7,3985.837340290701,1,0,24.721006528314998,0
26,20,9,5444.506358285073,5,0,9.15291403216354,0
49,64,13,2906.0227649833696,0,1,19.595059581770222,0
49,61,4,5722.407362599804,2,1,24.65846533239707,0
39,47,8,2823.0539255149843,1,0,22.374181776048214,0
35,46,16,3950.431593067107,0,0,11.217010572086606,0
65,43,6,6651.234416811047,0,2,10.635028891681348,0
44,53,9,4785.022399724322,1,1,10.274298709062679,0
64,33,9,3237.733528392524,0,0,23.046331238212296,0
72,69,12,2364.3681002306557,2,0,25.433857753305674,0
36,25,10,5446.519827470598,1,2,20.194065315855127,0
29,1,7,4561.452587285455,1,2,23.100012733231814,0
72,50,8,4698.061725055935,2,0,14.345032087943858,0
54,48,8,3757.5155133888147,2,1,20.924456610760966,0
34,70,7,5020.39628577586,2,0,16.554801037460095,0
53,29,8,1839.2151964127938,2,0,17.241568679369482,0
47,31,7,2186.726487285808,3,0,19.389161516140422,0
69,40,8,1852.9843864848194,3,1,0.0,0
32,28,8,4597.01154896859,2,0,9.036915246279705,0
74,56,6,2286.1216978414395,3,0,18.171497071082857,0
71,31,7,2069.102542269876,2,1,8.520165178413464,0
28,56,9,3742.0257352176986,2,0,19.920938493049466,0
27,31,9,1672.2307921855727,1,0,26.477780986019958,0
48,16,9,4377.276756693183,6,0,23.129722747344374,0
20,71,10,2477.2769281321816,5,1,2.4495204708436855,0
35,38,11,6011.390216475762,3,1,10.67280447592444,0
42,51,5,5936.994754184065,1,0,21.075354768062166,0
73,42,6,6497.974076369393,0,2,14.120066998153519,0
74,26,3,1499.3562871985953,0,1,25.696831746272945,0
26,70,7,3010.504953464809,3,1,8.517882084846956,0
68,27,10,5398.914845783841,0,0,12.672138526500735,0
23,71,8,6551.920757679277,2,0,14.999248679282633,0
60,31,5,726.7450231747516,2,1,19.586770924789146,0
66,2,10,4693.649960607354,1,0,5.503506295598397,0
68,3,6,3849.963745310818,1,1,24.09081370747751,0
30,70,6,4057.617037383539,0,0,23.19867214966238,0
68,38,5,1617.287516433333,2,2,17.734303407428282,0
24,28,5,2773.649164907273,3,0,5.348149784640947,0
47,58,9,5286.289528076931,1,0,35.19537352752438,0
44,44,6,5236.484561541777,1,0,13.538773349696267,1
36,47,13,3942.9858205452892,0,1,1.6034139697197158,0
19,49,6,5762.423129402632,2,0,8.500549859266208,0
62,15,8,5156.830202180875,1,0,0.0,0
37,7,7,6445.1197378797515,4,0,5.942853491424687,0
55,52,10,4596.923756512624,1,2,13.438982748446506,0
41,2,8,8668.513800900446,0,0,32.47541413844725,0
39,52,4,2967.749068179699,0,0,5.298883996583296,0
68,10,5,7185.040938014303,2,2,25.47224104516328,0
23,19,10,1726.6916544582139,2,2,18.30969245570383,0
59,51,12,3327.0681847836136,0,0,8.970323598506273,0
60,45,9,4801.236531208852,1,2,0.0,0
39,56,7,300.0,1,0,13.199338253119553,0
32,44,8,2520.0909889495824,3,0,9.614814793618844,0
18,4,5,7530.393933901598,2,0,33.21913604398544,0
71,60,5,6194.344979460079,0,0,7.599114330492153,0
72,16,9,827.4478241716488,3,3,17.405648235277667,0
31,10,10,626.6858115299219,1,1,9.468851528338009,0
19,63,7,787.1145913795594,3,1,15.627837726008348,0
24,14,6,1977.242752156158,1,2,20.861980337862267,0
21,39,10,3473.083431380919,2,1,6.069345074279392,0
65,35,7,5065.313429172624,0,0,18.6405978045426,0
68,55,13,5444.901053969221,2,0,11.52762554609577,0
26,4,9,6836.548130053632,1,0,12.265749641183918,0
60,8,2,5997.247043874713,5,1,16.642952020097926,0
28,30,9,300.0,1,1,26.51863652959471,0
38,34,6,2653.2905218157116,3,1,25.87780610870479,0
52,56,3,1021.680906843807,3,0,6.310714127011764,0
59,44,4,7792.302326378385,1,0,13.511061957784921,0
67,11,6,2842.4880630898306,2,0,21.59017361920454,0
20,70,7,2198.162585668868,1,0,16.311046476597074,0
29,33,6,4920.563694744342,2,1,12.233279668679598,0
33,69,7,3076.7781952279083,0,1,13.93019107189094,0
35,71,11,5537.492913498511,3,1,14.179954104139632,0
74,4,4,2440.08972071687,3,0,12.23287444956922,0
62,36,10,5268.858585355506,0,0,1.06277876294652,0
36,30,14,300.0,0,0,6.945459944650489,0
73,36,7,8123.9653047586,2,0,9.406802544279474,0
46,23,7,4876.1047381217195,3,1,5.411417667779107,0
46,40,8,4161.24742668221,0,0,27.62859168143857,0
42,35,7,2642.667649493972,0,1,19.267754853949807,0
26,14,6,3471.161020858623,1,2,18.894767885525447,0
71,21,11,3435.313151615518,2,0,14.198260890545939,0
18,11,14,3177.4289505957013,3,0,24.53144658967939,0
27,60,8,4052.857499648145,3,1,9.975971184129612,0
31,49,9,3300.140895060251,1,1,26.1413504126617,0
33,28,7,3418.381194048022,2,0,16.973665039206782,0
25,29,4,2795.825506869487,2,0,15.074978002443792,0
19,6,4,3276.9338442882777,2,0,9.182265458207912,0
56,21,6,3963.1211523460024,1,0,24.811350299585605,0
73,66,6,3791.503321943966,1,0,5.887659681332286,0
24,3,10,3385.2970285304323,1,0,25.97240553897451,0
34,11,9,3046.104691069708,2,1,1.9725724532021989,0
46,61,9,4554.704114543669,0,0,7.432167199271875,0
70,37,11,2371.8821215151884,1,1,9.624326524380102,0
57,3,8,401.77168850058706,1,2,8.681420892693286,0
61,35,7,3360.6010383200432,5,0,12.800826150391813,0
51,54,14,5147.457655884986,1,1,14.20096582099586,0
41,25,7,4433.928825643336,2,0,10.042359965759715,0
29,28,10,4984.464375270394,3,0,15.019697006066691,0
67,45,8,2797.211787904985,3,2,13.18595620321385,0
63,43,7,4318.162981103237,2,2,29.592294018390984,0
19,65,6,7262.487068774761,1,1,28.30035259330186,0
58,18,9,1396.0377557104416,1,0,10.0975313152599,0
22,20,4,4408.787922406798,2,0,11.718173385655563,0
60,12,10,2868.3266989483636,0,1,0.9296694642351699,0
65,48,3,5863.913004223584,1,1,5.850931152294418,0
25,38,9,3510.560754855043,4,0,18.473521633606623,0
42,25,5,3017.5013986558306,0,3,20.99981530817857,0
25,50,10,1001.4072651883967,0,0,3.7269272726626888,0
50,27,8,1830.8968874930672,2,1,4.239877031296958,0
70,14,8,2855.2751240202824,2,0,4.1882545426990365,0
22,39,6,5194.1084990412255,1,1,14.431877163631324,0
40,31,6,6293.127428344205,1,1,16.547501064625333,0
73,29,8,3277.9230457567664,2,0,15.376569853141612,0
35,32,9,2907.9153163893207,0,0,2.852869537713673,0
25,65,3,4162.2105144386915,0,1,18.943538037572473,0
45,16,16,3899.2468975729917,0,0,23.515878117537476,0
46,20,7,3208.128249438387,1,0,5.766874023036888,0
55,41,16,3458.3168746028855,0,0,11.995013714008282,0
35,4,8,4039.520243278622,1,0,13.438276425800197,1
72,11,3,5641.475705199867,5,0,7.100356501383668,0
47,41,5,2252.680156526941,3,0,10.670245367682561,0
34,37,8,1186.3308463230178,0,1,13.592777388200652,0
72,47,5,3847.616739099214,4,0,27.39940192994238,0
70,9,9,1873.7769162898037,1,1,31.594814515768824,0
46,61,10,6073.493453857015,0,0,20.15701203113488,0
19,35,8,4168.2200101809485,0,1,6.857508761846381,0
52,12,8,3279.4571845382225,2,3,1.7179909377778717,0
49,23,9,3440.907474997452,2,3,13.06249535136359,0
26,17,6,4246.0158940961455,1,0,18.952902359393114,0
54,33,10,4629.007598439499,2,0,4.404415204927725,0
65,34,4,7993.978963966483,1,0,26.354680210922034,0
24,31,7,1611.0481455405088,1,0,22.91189061362031,0
59,33,10,5268.797309509039,2,1,16.074423770354375,0
25,65,6,7571.52720669987,1,0,4.247274340446706,0
60,69,9,4211.171271621421,1,0,18.04436347347064,0
41,35,7,3651.0837829298757,2,0,5.051811789210886,0
18,69,3,2869.2843278989008,1,0,23.058689764403724,0
73,59,14,3379.53533792192,0,0,1.6762843051547378,0
27,59,8,3459.771453880763,3,1,21.128280664231106,0
51,17,6,5648.120338080993,2,0,12.70100667578755,0
28,32,7,5805.635481417692,1,0,2.354359243073505,0
71,25,4,2609.4946253261087,1,0,22.94118120186223,0
60,7,9,5869.298473675606,2,0,20.68698557936417,0
63,6,8,3864.821223407639,1,0,4.14912928862257,0
42,45,11,3958.9643102642563,0,0,19.005399549492648,0
44,30,7,5228.072052263988,3,1,4.328499382377604,0
54,59,11,3157.248615344804,0,1,16.28662460407953,0
62,48,13,3783.771181507532,1,0,13.397903422080914,0
66,7,6,4167.269908272123,1,0,7.386016353451094,0
19,60,9,6187.535120897932,1,0,20.653670033940244,0
55,36,5,300.0,1,0,15.379024244399945,0
24,41,7,3874.5096240268786,2,0,2.3227789722766694,0
34,69,10,1753.9629136616506,2,1,0.0,0
65,46,5,5769.169581179244,0,1,10.720007503088569,0
32,2,8,1486.5254819885315,2,1,1.1879977826568524,0
63,13,7,5551.401639455946,1,1,24.530683121162372,0
44,31,10,2560.2824485722035,1,0,31.780419265250583,0
31,3,11,7175.643213306041,3,1,6.267487607175225,0
37,12,14,1807.2696151326008,2,0,0.0,0
48,57,3,3869.3866558846194,1,0,16.976726687903273,0
61,11,11,4391.290096667387,1,1,10.950353837028228,0
52,12,6,3213.9277446377014,2,0,21.503299445002803,0
71,36,10,1100.8046438979682,0,0,13.997030131051483,0
67,7,6,4183.816276840144,4,0,10.691952297841095,0
60,19,12,335.77950330854037,1,0,16.229199507809994,0
52,67,11,4096.24224378566,2,0,0.0,0
34,45,9,3846.101260577502,3,1,17.146144971611424,0
41,69,7,2543.469757184517,0,0,3.7080278704316676,0
24,26,7,300.0,2,0,11.855670369377554,0
39,44,8,300.0,1,2,16.612459298121188,0
70,17,2,1876.6395003358232,2,1,8.232548708908261,0
42,27,9,3057.7538531985697,0,2,15.369857372649438,0
24,13,10,4335.420198655157,1,0,2.8871002508523187,0
55,60,8,3765.228340429224,0,1,9.342557847323388,0
72,14,9,1060.186593038732,0,2,10.277416204905112,0
67,15,7,6193.175223827819,1,0,27.555784512524014,0
33,33,4,5617.009863174353,1,0,19.12114770723968,0
43,31,10,3255.3424765080504,0,0,7.599495729201124,0
48,23,8,5120.906296726573,1,0,12.243364475052426,0
32,26,5,1977.1724615746296,3,0,10.077662803839921,0
33,21,12,2939.269229983327,2,0,16.05130474711128,0
31,65,5,300.0,3,1,27.974028553868415,0
74,42,2,2163.6507455406404,0,0,0.0,0
60,66,3,2866.2359409273167,1,1,0.0,0
65,71,10,4891.811685330576,1,1,17.354845036368605,0
64,47,11,4995.2691335280015,4,1,21.734705598594918,0
72,59,7,1404.991922589154,0,0,21.636856306497226,0
24,8,13,1845.8290624915505,0,1,10.567800748497525,0
68,68,10,2845.1364460845825,0,0,15.60835816754393,0
21,35,9,5890.148701047445,0,1,16.652057677974533,0
45,51,5,5189.320105646533,1,1,20.89751820728947,0
51,18,8,4085.390446148302,1,0,20.10581933662132,0
38,7,7,4279.875890105989,3,0,15.328750354826264,0
26,63,10,3703.2987648246954,1,1,29.816391191378635,0
28,32,13,4215.800864828666,2,0,20.509637233879662,0
65,10,9,1957.5765359363577,0,2,5.474268191362102,1
36,47,9,2439.97101309581,1,0,21.257140255883044,0
35,4,10,1963.5160849960898,2,1,16.37082380623405,0
70,32,3,5597.216619180737,2,0,24.515222914546943,0
26,51,6,6597.994444533562,1,1,11.249009401702162,0
70,52,11,3482.6795499209293,2,2,20.519853868513763,0
70,33,10,6374.03772185444,0,0,21.187306284174955,0
52,27,10,4833.014243976369,1,1,24.72504732432609,0
27,60,7,3317.8110199553967,1,1,8.128561138882247,0
26,14,12,300.0,0,3,25.96789705740641,0
34,6,6,7576.492688902161,2,0,0.0,1
50,12,9,5236.304654709832,2,1,2.7060474552480294,0
26,57,8,3370.7314302671266,1,0,12.95046457140295,0
43,34,6,3632.0578318302314,2,0,28.284981056371343,0
24,3,6,6166.355297798398,0,2,16.602621840816173,0
48,12,7,2921.8484283000525,1,0,0.0,0
19,2,7,932.2420585249124,1,2,17.56377710923101,0
58,58,10,6035.195262023198,1,1,11.186022474846496,0
21,33,5,2457.093852687006,4,0,19.658407295871942,0
29,5,9,2697.411893395525,3,2,21.32134085230279,0
27,16,10,441.71925562703973,6,2,16.73287948072354,0
65,44,15,6087.877019238451,0,2,14.276744407684237,0
21,43,10,5141.1549720115645,4,1,23.491076380006934,0
42,59,6,300.0,2,0,19.04230106078522,0
51,2,8,5217.109246082741,2,0,17.495984591194144,0
47,5,7,4815.4904016427345,1,1,11.65640679639946,0
56,3,7,5773.501607046954,3,0,12.165087614241756,0
63,28,8,2464.916481384359,0,0,10.841107395989303,0
40,52,7,300.0,1,1,14.802772853789799,0
65,48,6,2524.891450471141,1,0,12.198711774005776,0
36,15,5,810.4126264096553,0,1,16.717448429518775,0
74,47,8,5505.22210450542,1,0,10.775760820069284,0
46,47,5,300.0,0,1,19.145326628873743,0
59,14,6,2998.686904540464,1,1,9.120719121307959,0
67,54,10,1728.2294196130415,0,1,13.192876621795971,0
63,30,6,2371.667193669637,2,1,15.72546374863391,0
66,5,4,2962.0289001755646,3,2,23.31845252671802,0
48,28,8,4245.245968562754,1,1,6.9852612076537905,0
20,55,10,3539.11414323974,0,1,13.273559424535687,0
46,50,13,3402.193873982242,3,0,26.33536959453508,0
28,20,9,2988.93588297819,1,1,17.180968080620413,0
68,54,11,5815.029100161848,4,2,20.356387930674487,0
31,28,8,4805.308125121066,3,0,0.0,0
30,33,4,2286.7239430842137,1,2,12.698256915770374,1
32,7,8,979.2911919641656,1,1,5.966157093934948,0
54,71,12,3800.992913419956,1,0,9.837672335379693,1
50,60,7,3706.717195664793,3,0,13.673220100015158,0
72,14,8,2067.0617281386976,0,0,16.100429472469713,0
41,40,6,2178.460762688515,2,0,13.410870691254635,0
34,56,8,4229.984512800119,1,2,13.171008926466675,0
20,36,8,7468.149406094847,1,1,16.9241491100208,0
18,15,11,5928.54994466192,2,0,14.289628593314426,0
39,69,10,2056.714405042918,0,0,20.1763500108589,0
70,20,8,3629.191551818259,3,0,10.537396956765456,0
47,24,6,4202.755663674847,2,1,25.108191085111457,0
68,27,10,4546.937470744535,1,0,23.446836591741356,0
23,64,8,6556.353169713874,0,2,7.500521287600889,0
23,36,6,3024.896495746754,0,0,16.972464479766245,0
65,52,5,1893.6253783818354,2,0,22.221027654717563,0
24,64,3,3801.6928729618994,1,1,16.66271258986355,0
20,66,9,1918.6784366336246,0,3,24.007111717152455,0
41,61,5,3614.4765560811443,2,1,19.492527430026648,0
70,65,12,2323.182520699894,2,0,19.069453434724615,0
57,68,8,4774.245290090037,1,0,18.06861193100897,0
23,71,7,5913.602738794853,1,0,25.76242638785471,0
65,46,7,1500.6798750228345,0,0,16.323944135187507,0
66,10,6,1682.4511678678878,0,0,27.944698537264056,1
63,9,4,1681.9724543337145,0,0,22.62057543013919,0
69,57,11,2923.1452748527868,0,1,13.760916644586677,0
31,23,5,5150.0586566850325,2,2,0.0,0
73,58,16,820.0707020787008,3,3,12.34715311708715,0
36,67,8,4029.8609330913605,1,1,5.095213323257099,1
63,46,5,6505.9332576574025,1,1,18.79737645654776,0
51,55,12,1889.5708006304626,2,1,5.016056915247047,0
62,20,5,2346.6252720316597,2,1,13.624189016517255,0
53,31,8,2375.9110723441604,1,1,4.467254396367162,0
54,69,6,6130.168846202045,3,0,13.830614714758342,0
53,58,6,3726.7127593651994,0,0,15.717128473502314,0
62,15,9,5067.963257733748,2,0,4.754053437917891,0
60,67,8,2417.3983201654855,3,1,10.531673105015788,0
25,36,8,5112.716399966166,2,0,0.0,0
65,60,11,3278.25565531996,3,0,14.44547439289489,0
48,38,5,6557.5369976431175,1,0,29.329469104026835,0
36,43,10,5049.26286061157,1,0,18.851163878074736,0
47,12,8,6500.66958404801,1,1,16.98480030325688,0
73,25,8,5481.371315114101,3,2,27.721402061762973,0
66,52,6,1943.404467495093,1,0,14.203530528951692,0
65,60,10,6495.908289349962,0,1,10.466899714988937,0
44,7,10,6482.424939530608,1,1,7.821471154510274,0
62,6,6,1076.3496823491141,0,1,14.750484077629903,0
39,50,5,3381.6481618648518,2,1,11.201415591766938,0
57,32,9,2110.719193123571,1,0,9.608260318930613,0
54,61,8,4181.430520109449,1,0,19.171972407064985,0
32,5,9,3833.4421592222066,1,0,28.40543141064937,0
33,25,8,4427.267382686473,2,1,12.315648899111752,0
21,3,6,2378.172903523139,1,1,10.867217726373145,0
25,51,6,849.1207058283917,1,1,16.000030337237373,0
42,61,9,1420.1466727643765,2,0,18.38364662746055,1
45,12,15,4805.404820933141,2,0,14.840786263879677,0
27,24,10,1997.1467072213857,3,0,14.289558387914814,0
41,61,6,783.0044302519746,0,1,22.707971197512343,0
52,3,6,1943.8852508260666,0,0,14.661632346020317,0
31,68,7,5059.817967251276,1,0,4.587359424826747,0
37,63,12,1867.4883532520876,1,0,19.06400682023332,0
38,11,7,4335.200661346076,2,0,19.6234638289613,0
46,10,11,3525.8443808821635,3,3,11.923601353043466,0
38,50,8,3723.9032273036983,4,0,7.437547104637086,0
60,1,9,4198.080631219332,3,1,2.9042598075993364,0
36,36,9,853.6063638233368,3,1,24.989438082474884,0
42,5,9,3991.1820785498494,3,1,20.751276094807693,0
39,38,11,2785.780032269893,1,0,20.627576265205523,0
28,25,7,2853.6480019100613,1,0,23.693691266035877,0
57,51,9,2619.842756723598,2,1,3.2455313644853163,0
31,63,7,2981.1670085365577,2,0,10.752056898806703,0
34,35,8,4098.016596702082,1,1,12.964448699295003,0
63,46,4,4844.762901529446,0,0,11.758871932993731,0
72,43,10,5058.638974300161,2,0,14.829238967605214,0
56,70,12,9621.822796520122,1,0,9.287966070785444,0
70,17,10,3623.3755414097636,2,0,24.162050279304122,0
66,17,7,5690.766810713916,3,0,6.723039700557816,0
45,27,10,2446.7500174029747,4,0,7.095640651737103,0
61,53,7,1855.85680939241,2,0,6.903005487203792,0
36,62,6,2610.8325256204917,1,0,20.037363340672464,0
44,20,11,1960.357954701285,4,1,12.251923924129608,0
48,8,5,5519.740390584884,1,1,6.172255399071103,1
72,44,3,6678.885648893086,3,2,5.349866650805671,0
66,43,9,4629.2216670676535,0,0,9.217710522020901,0
45,27,10,3451.753250337738,1,0,10.345790331571616,0
55,14,13,3618.83506815593,1,1,11.651213612398227,0
29,61,12,4148.675718840526,1,2,20.15698711711768,0
63,61,8,6685.387492315129,0,0,32.214573434968656,0
49,54,5,5284.881613535402,2,1,14.309609665254847,0
48,42,12,6857.985676260201,0,0,8.907230409522132,0
61,19,11,3054.443576433191,2,1,0.0,0
54,29,13,3262.6930130811656,2,0,4.157553247646472,0
22,5,4,4100.711548160911,0,1,4.171748270383725,0
34,18,7,2015.5225854227565,2,1,11.096524597566582,0
28,32,9,5137.801079693907,1,0,11.472428945527371,0
59,32,7,2449.8418599381025,1,0,15.162016545015721,0
20,6,12,1216.7220132186153,2,2,23.5360219433097,0
29,68,4,7558.2417457889915,2,0,31.050427946829863,1
52,20,9,5906.3212675407885,0,0,13.275995614529466,0
57,37,7,4509.11739371801,3,0,17.204498692565124,0
46,34,7,5116.203634758564,2,2,23.43545699256044,0
67,34,12,4939.569588272785,1,2,8.745527394493351,0
70,60,13,3288.397245282613,0,1,14.20763421149748,0
25,53,7,6610.757696284768,0,0,7.980658601605051,0
72,62,9,6015.346266513674,0,1,24.917882642967797,0
53,27,9,4992.238771906756,0,0,13.051847657524256,0
54,19,8,951.0006799948333,2,0,18.24990240587587,0
23,31,5,1039.2971547636425,1,1,33.90241390835014,0
53,40,8,4475.382227644098,1,1,12.610403391652941,0
59,24,11,5881.121274759676,3,0,15.753069373440898,0
51,33,12,1551.4035970967966,0,4,21.882525718979284,0
22,11,10,5525.378796374686,1,1,25.155374291232793,1
47,42,10,2517.3700334569057,1,1,11.608136792872722,0
71,51,8,4319.133339198603,2,0,18.551280962230244,0
59,38,6,3244.49223640578,1,1,22.013093251181594,0
25,62,4,2796.2386149721538,1,0,20.575386124123316,0
72,71,4,3207.4723144441796,3,1,11.437005817346293,0
72,65,10,4514.762458015182,0,0,12.826968736427876,0
27,7,3,6119.810965764865,1,1,8.339682134014954,0
63,63,10,2521.593334657345,3,1,8.397119130441215,0
41,24,7,2916.2009942107484,0,1,17.36200568704959,0
51,33,8,4541.549534989197,2,0,16.568823625496137,0
43,30,11,4478.578890198053,1,0,0.6679681456695157,0
62,21,6,1812.693139464558,5,1,18.43154875840973,0
74,63,7,300.0,0,0,18.414207314982583,0
63,46,9,1310.2191350616672,3,0,20.5093976107837,0
71,69,8,2519.8223275345294,2,1,10.431156218868718,0
71,68,9,3412.7993861008736,1,0,0.0,0
23,30,3,5094.9855777045605,1,0,28.303260200757833,0
32,52,7,989.5447574283876,1,1,10.763432397389078,0
59,36,7,3117.7541306858293,3,0,0.0,0
51,36,10,6261.542622791994,2,1,16.908362893002018,0
20,53,9,2491.5708417486494,2,0,21.141710090674415,0
23,49,2,5602.2428575521935,1,0,6.556328239566257,0
47,65,5,5096.137179872412,3,0,19.0834916880499,0
53,55,6,5892.8148998587185,1,2,15.707874838923361,0
27,45,7,2352.161764881236,1,0,13.992137889295236,0
27,66,7,3508.136170772906,2,1,9.402224080390276,0
25,8,8,2711.363189491964,2,1,28.349118492016167,1
50,55,8,5770.223954526815,0,0,12.975580388987972,0
18,28,9,3498.8291038714647,2,1,21.800201780283498,0
50,31,5,3502.9833526860543,2,0,9.774355925568766,0
45,56,8,300.0,5,0,22.789474540524647,0
44,20,10,614.3808155991792,2,0,16.25478732065646,0
56,63,6,5367.490293639022,2,1,28.72437437620546,0
47,36,10,5181.592986686473,1,0,9.841363453643227,0
59,25,9,3880.519269510893,0,1,18.752430728335405,0
61,24,12,8510.059622919423,1,0,10.787115888231668,0
70,30,9,3040.5232452884475,1,2,3.4987900636436287,0
63,67,5,4844.199064817303,1,2,7.863953065169141,0
47,8,11,4582.312607153561,1,1,9.472704814585182,0
46,37,12,5379.9557180826,1,2,28.167766443485426,0
31,60,7,4978.237687305922,2,0,12.289961187633974,0
52,34,8,1483.4847352461188,0,1,11.365568642670771,0
25,41,12,1630.0409299958703,2,0,22.279028250272386,0
71,25,10,3364.403411747582,2,1,31.211894159693745,0
66,10,5,4780.53818651314,1,1,22.3123852334277,0
24,46,10,6913.320525721546,4,0,25.443664719223364,0
62,66,6,4837.033172572053,0,0,7.602318461198258,0
24,37,2,2862.1772671623585,4,1,15.449350634122936,0
59,31,5,3215.818300319218,3,1,0.0,0
22,10,6,5104.990346072241,1,1,27.544581894422688,1
45,68,12,2976.974029289192,0,3,17.413130141115772,0
55,62,6,4817.45128011905,2,0,20.924099937062508,0
59,65,7,300.0,0,0,29.178079241832606,0
41,26,10,1463.0921998732483,1,0,8.693808034800163,0
70,45,8,4454.522601625626,2,1,14.613925435575968,1
62,31,10,7406.061435083931,5,0,10.005162090726758,0
29,17,13,2452.382586347214,2,1,22.005537091417743,0
56,15,7,4566.285248439481,1,0,21.25254238498181,0
59,28,5,6078.4777822697215,2,0,19.739736538430034,0
37,40,9,4353.9223631015375,0,0,14.943104548229199,0
60,9,10,3523.296328511489,3,0,18.080754027101687,0
69,50,7,6061.910787683903,3,1,8.639404852229609,0
64,33,10,1349.702339654476,2,0,20.473311533063796,0
61,63,6,300.0,0,0,23.001343420511823,0
54,20,4,1035.12456765945,1,1,10.629753303485185,0
33,4,8,393.7474569454862,2,1,3.609145583012637,0
63,23,6,1939.969777641306,2,0,27.24440875156706,0
38,70,5,3247.715596898668,2,1,26.771821706122864,0
48,23,11,2499.5241085308257,2,1,17.483950787747695,0
35,50,3,300.0,1,0,17.865763408555036,0
35,60,5,3032.009907717172,2,1,6.776258753104676,0
26,21,8,3368.9461482724787,2,2,16.734262744825685,0
72,46,6,4733.069437473288,1,0,9.327109902943327,0
26,15,5,5506.651089857636,2,0,6.952278677235805,0
22,26,12,4707.21755997748,4,1,19.66287457074514,0
71,22,13,300.0,3,0,29.337874524948788,1
49,48,6,2207.9431291249084,0,0,15.259515175509012,0
42,63,8,2569.6082554410623,2,0,5.180548937768176,0
60,18,14,1465.722772819215,1,1,11.659328818532854,0
39,21,5,6344.470152215586,1,0,19.93489071904135,0
25,59,5,2720.1522077564896,1,1,30.930374073615013,0
59,33,9,1681.7607093108809,2,1,0.0,0
28,37,11,4401.925199225877,2,1,10.5940806830521,0
49,51,7,682.281665215362,1,0,12.120571847593984,0
72,10,7,1746.3264944182454,0,0,7.9085767843418,0
71,62,5,4202.305029344558,0,2,16.16734923886954,0
38,26,10,1753.1488954982863,2,2,6.574198712878012,0
62,47,9,6547.3941140533625,2,0,15.093919986747485,0
52,31,10,4578.948552343152,1,3,0.3297993166500941,0
45,54,6,3653.59640890897,0,2,18.623238368206774,0
25,44,9,3992.110531491968,3,3,17.716869651477857,0
39,13,4,956.1415859081299,0,0,24.17517414082014,0
55,14,6,3415.207197148361,1,0,16.494135049177757,0
74,63,0,1265.4170446455564,1,0,9.645607419580276,0
18,37,7,5701.303085630976,1,2,9.47670870170656,0
58,20,8,7260.90394062512,1,0,20.03712722455154,1
66,11,9,1246.6243155965662,0,0,19.592635523119505,0
72,10,8,2581.191711201798,3,1,9.573049325172406,0
42,66,8,3826.5427473309583,1,1,0.0,0
24,70,12,5654.998353191477,1,0,18.311077269715927,0
33,28,9,7138.306625732148,4,0,7.632216057111696,0
66,15,2,3475.4320868889336,1,0,8.982852717790335,0
68,30,11,6144.832808194202,0,0,25.353220977558614,0
54,10,8,3728.4200486857226,1,1,14.570411659443366,0
24,40,7,2793.1691076557613,2,1,19.568945224559524,0
24,45,8,754.5457000906122,2,1,32.17635811494327,0
45,70,6,2265.318915265505,0,2,19.442614268488217,0
51,23,5,3489.837570791147,1,1,22.66712419621773,0
19,15,8,2718.616797189647,2,0,26.9608750586902,1
57,10,6,8398.288843688315,1,0,20.54062158571304,0
49,27,4,4006.72245951191,3,0,24.87822478902304,0
18,43,11,3051.850354826557,0,1,10.117569498230818,0
23,5,13,753.3969348557298,4,1,7.639458538520054,0
43,54,10,2795.3117329298952,0,2,17.556189263494982,0
59,33,13,2472.4049759394616,0,0,5.697289294930949,0
65,57,14,3339.034153791561,0,0,21.113621926860738,0
42,33,11,6932.853475877589,1,1,21.673280424491338,0
34,12,6,4710.4665744056365,1,1,0.0,0
73,2,9,4111.407875763476,1,0,7.705231561462051,0
44,40,7,3033.0270279719684,1,1,13.021892251710122,0
35,39,10,2846.686218534568,4,1,19.71707661379357,0
43,58,7,4071.9506165613057,2,0,21.453582465735437,0
18,63,6,4576.453006680002,1,2,0.0,0
35,12,8,4660.406545395519,2,2,19.93122501128157,0
47,23,5,5074.308482688613,1,0,23.849918127308953,0
70,15,4,5132.2636378479965,0,1,9.11805511484114,0
60,8,7,1089.438845002332,0,0,7.491721595714899,0
62,1,6,4004.5180039997867,2,0,10.786944047061676,0
49,6,5,5623.27403760569,4,1,3.6058042458809734,0
24,38,13,2575.2673939049077,0,0,18.508365679509765,0
40,11,9,2014.1135716286838,1,1,12.335533668702519,0
74,14,6,300.0,1,1,17.797694910383782,1
20,9,14,1839.654461049621,3,0,32.9826614860238,0
68,52,8,3104.8811237683185,2,0,13.391046646359362,0
57,46,4,5521.333303885174,1,1,24.383806869506873,0
34,69,7,868.2455656872976,3,1,15.818691063687044,0
62,8,15,5593.415759473064,1,0,7.4157869075391405,0
65,15,8,3650.3846636495405,3,0,13.522245957918278,0
20,33,7,810.6157480883053,1,0,20.537708896437188,0
24,47,14,4658.242840563677,0,0,24.297344224640653,0
55,10,12,4690.6854582535625,2,2,15.694301727731315,0
74,16,11,3909.3092214692742,1,0,15.727099448615311,0
19,30,3,4251.9822704840135,1,0,20.483895857535497,0
55,2,9,4828.346709804847,1,0,0.0,0
25,29,10,3812.7911337964742,0,1,25.025837470513153,0
55,54,7,5179.499345841669,2,0,17.463666609500326,0
53,38,8,1285.0290682475334,0,0,10.144963616361245,0
23,31,11,4156.798336384696,0,2,16.770844940134065,0
56,35,9,4180.855381849993,0,0,10.006977982954337,0
69,68,12,5468.556579068818,0,0,9.572657910590763,0
67,37,2,4757.854631069549,1,0,14.33745705434819,0
19,38,8,2785.453348762222,2,0,17.34214612358658,0
32,67,11,4579.381128172438,4,0,12.79619564155092,0
31,12,8,2005.875883210138,0,1,26.52390997697777,0
43,7,5,1837.0363622154894,0,1,0.6903406174858393,0
26,32,5,3358.331764788163,2,0,6.357727072880104,0
66,23,2,1703.4922059689284,0,1,3.7586779308773544,0
62,15,12,3051.225445320129,1,0,19.69379503825291,0
64,9,6,4686.642741104953,0,0,10.921558824530761,0
29,63,6,5157.91712630813,1,1,7.887428552176893,0
18,44,7,1585.5368752287006,1,0,10.495163279152703,0
69,50,11,300.0,1,1,7.108588795969787,0
34,9,8,1767.110021716,1,0,13.651724947272946,0
55,25,5,2867.7054150099248,2,3,6.818368094410456,0
69,45,10,7636.599685996294,1,1,19.66429760254701,0
20,38,8,2208.7601998379664,2,0,13.292635259557468,0
18,50,4,6635.639637727072,1,2,13.12632611386417,0
18,48,9,4843.503766462201,0,1,6.672672436848293,0
26,30,9,3399.727797001898,3,1,5.375741310971671,0
20,56,8,3216.91048106416,5,2,10.889935898795134,0
64,19,6,5625.543480304525,0,1,17.07148354294252,0
52,6,11,2483.5003855746168,3,1,13.14644259326756,0
73,65,5,6946.160109851156,1,0,7.985262928769736,0
63,2,7,4579.912897623821,1,1,12.333068350284613,0
72,21,10,2963.961328100405,2,1,18.945630186364262,1
31,9,5,3797.488768349039,1,0,21.1659493137417,0
34,17,11,5543.781437541873,1,1,10.110578769269779,0
66,29,7,6725.075353174541,0,1,22.011797670132264,0
31,10,7,4234.406053058423,3,0,23.514209505825974,1
21,34,12,2678.079571508257,1,2,16.94824693497041,0
56,66,4,3981.4567781673377,0,2,4.6591796868038795,0
63,10,4,1507.7362732692927,0,0,18.314571795374196,0
73,66,9,4878.270490907182,1,0,7.0527873725886545,0
70,30,7,2367.8751603670053,0,0,9.63862138370294,0
24,43,8,2702.057369524328,2,1,22.75317855448742,0
62,32,8,5181.605941865451,2,0,18.939323702312297,0
66,23,8,5108.890011566742,2,0,19.906384548588107,0
57,8,14,1984.7566364981064,3,0,25.074037088145946,0
64,43,15,3975.9117756148225,1,0,9.411923832134011,0
65,66,11,3693.5780506396586,3,2,11.610938779624595,0
43,37,10,2406.247767945805,2,1,27.83820745917822,0
20,43,5,3939.2431890244925,0,1,11.275152104034131,0
44,46,6,3510.3059242064965,4,0,22.7356193629434,0
29,28,9,3083.629893210854,1,0,22.70919980152204,0
24,9,8,5167.383531950177,1,0,20.435869531335573,0
25,36,7,1183.0175307510626,0,1,16.775204278028244,0
57,62,8,2805.2932719208484,0,0,27.836585721626165,0
46,23,9,2449.5215798637573,5,1,18.371125948955786,0
48,62,6,1170.2946767946028,2,0,7.067049762231951,0
60,61,11,3834.2561348014474,0,1,21.061682858361337,0
49,18,7,1948.777968796981,0,0,18.373004910560375,0
53,41,4,2443.0979771436346,3,0,17.003297374323957,0
22,54,10,4709.33267803154,4,0,12.110525175499257,0
66,36,10,677.2613969310914,1,1,14.903172462498008,0
43,50,10,4516.7074075243045,1,0,11.405311812627485,0
26,65,9,6099.794299099794,3,0,10.844031697678265,0
64,45,5,4074.711413415931,2,1,9.861985917573682,0
59,60,7,4942.843064110244,2,1,6.6227977660792146,0
21,57,8,8247.889039028627,2,0,10.9227968835931,0
29,58,7,3959.0294334687483,0,0,11.53416692909014,0
18,61,9,4251.687480753599,4,1,10.2584196169426,0
33,17,8,5416.2433573233775,0,0,29.25004819407214,0
23,2,6,2631.038027127439,2,3,19.881024876968386,0
58,11,8,2212.3614827057595,1,0,28.49869093825074,0
47,18,9,3477.4384812944236,0,1,10.213446493885543,0
73,49,5,2990.9376783262046,1,0,9.701944814598004,0
60,37,5,1327.258585214653,3,0,1.5928720616714358,0
52,34,8,1196.451804972471,3,1,17.06631692382589,0
47,1,7,1037.721550305229,1,2,11.320346059187887,0
21,49,10,2591.509827216891,0,0,27.38993119044065,0
22,26,7,1568.431434191029,1,1,8.9402662167007,0
53,55,4,4525.341763644632,1,0,12.708053779555582,0
18,9,7,6086.722419397607,1,2,31.518057025130798,0
20,21,11,4395.314886870557,0,0,13.671811951040002,0
30,4,7,2216.7084585088332,2,0,10.3267448086061,0
68,21,14,7367.0784852908055,1,0,23.459958711429646,0
44,66,11,2447.433617862434,1,2,17.377908032019477,0
58,35,10,2747.3004693752296,2,0,19.274629189446284,0
41,32,12,3021.64911113584,2,2,20.572553779917655,0
27,20,13,5230.640261843595,2,0,28.075908372527373,0
39,19,10,2043.049600467885,1,1,4.000589260048052,0
23,48,7,6568.0358943083465,1,0,5.613824119753943,0
61,70,3,300.0,0,1,14.07675956752986,0
28,54,8,2261.280955707578,3,0,24.9484210547892,0
39,53,5,5133.42251244647,0,3,17.814087188048443,0
73,34,5,7901.711037141224,2,1,0.0,0
51,8,6,6351.09696136865,2,0,16.153879012678438,0
44,52,8,4616.177354475491,3,0,27.266973850790983,0
48,58,11,2074.6304979957126,2,1,37.08897093680705,0
62,37,5,2408.4310461716764,1,1,20.928566830299953,0
32,7,13,4937.5931796623845,2,0,7.951707611584002,0
54,51,7,4962.6332485370585,1,1,17.195434678437646,0
67,66,8,2799.675007644865,3,1,23.55751646327772,0
50,16,9,2795.135426526659,0,0,10.570673515275264,0
43,12,4,5504.758475747939,1,1,10.36468897841315,0
26,53,5,4969.174207818334,0,1,33.15871006495969,0
32,24,6,4232.799191114682,3,1,21.551962158665905,0
71,51,10,2254.847254552951,6,0,25.597172442255587,0
48,50,9,4321.565768011596,3,2,0.0,0
35,19,7,2745.1760827033204,1,1,6.115635125168435,0
41,4,8,3494.8322479616622,1,0,0.0,0
50,40,4,3914.77704990829,0,1,13.993649027250829,0
48,29,14,4585.359446492326,3,0,9.92922460529693,0
57,61,9,300.0,0,2,19.254083142662253,0
32,26,9,5396.187194719433,4,0,19.085078424573318,0
55,18,11,5272.688272000988,3,0,25.026548555425432,0
43,62,7,4850.718501656038,0,1,23.2536167446548,0
71,53,12,4219.963196272402,1,1,14.026136136844801,0
27,44,11,1202.3148070705902,1,0,24.614153199969856,0
26,68,7,5254.419611791374,1,0,7.963399025700197,0
44,56,8,2544.0829688729095,0,0,16.84893644628916,0
46,62,10,2308.107759384122,1,2,6.143490055871242,0
57,57,4,7068.833346952062,1,2,14.739279014940411,0
41,29,10,4025.1227526661332,2,1,11.610448583186047,0
70,5,5,3082.242804712613,1,1,27.584101249307004,0
45,44,9,2675.1716883821114,1,1,21.59462753385704,0
25,55,10,3849.1567257650945,2,0,11.657252527462191,0
24,71,9,2199.2205691762274,2,1,13.627528054001475,0
73,49,6,300.0,5,0,15.54754823249605,0
25,41,5,1468.8053667221125,0,0,12.793549076132374,0
72,41,8,3498.3460706827714,2,0,14.894726598470776,0
33,9,4,4892.349988368191,2,1,20.100872942366912,0
23,1,9,4663.944871304003,1,0,10.269544011736242,0
35,4,11,4678.152930104429,0,0,13.069419336373098,0
53,65,6,1905.8661383082426,1,1,18.24447503256468,0
42,57,6,3907.627184959716,1,1,30.401123130787887,0
62,19,10,4727.022988315812,2,0,18.568584642648773,0
52,31,8,4782.950553219502,0,3,18.262828487039386,0
40,35,12,2530.5963877163604,0,0,19.14516022800047,0
54,18,8,4629.030818039527,0,1,6.873466623641756,0
73,31,10,3732.4528279427905,3,1,15.345905165238257,0
41,25,15,2883.0586403550096,0,1,6.199959358005916,0
26,50,11,1585.2153609132151,1,0,15.446779362956079,0
41,54,5,3079.8564924195616,3,1,4.051171199969177,0
65,7,13,2343.9585559765205,1,1,11.457956425042383,0
30,34,6,1695.8334058077533,1,2,28.53916608620828,0
72,71,8,2895.4409873851628,1,3,20.89168865194179,0
51,62,6,2708.961622721943,0,1,21.18997298143463,0
52,57,7,7520.662700432794,1,0,18.263234084639677,1
36,53,15,5109.889105466338,2,0,26.36826400652842,0
70,1,10,2349.7135923802357,1,1,29.452379557387452,0
20,70,10,5499.794199723516,4,1,12.89604545679222,1
35,53,12,4275.423099208527,2,0,22.79592108000679,0
41,64,10,1068.9268649697365,0,2,19.374522167845797,0
45,65,9,3650.757902276318,1,0,0.0,0
45,19,11,3936.070211276159,0,1,6.431295309938092,0
26,1,4,3006.81065674044,0,0,29.828099696665,0
30,47,5,300.0,4,0,31.568536584160324,0
23,33,4,300.0,1,0,6.46172890503286,0
50,2,9,4827.492306738313,1,0,13.343409914112666,0
37,20,6,3632.8264024963714,4,0,32.00430137547737,0
50,71,8,2248.7116928664555,2,0,15.470616603269766,0
51,26,5,5405.523147850148,2,1,20.768249472582646,0
58,19,7,3612.2809355578293,1,1,29.190621157917157,0
49,47,7,1355.2118956638487,0,1,11.630131831372237,0
54,48,4,3791.146164016516,0,0,28.635533962926786,0
51,24,12,5053.078449102278,1,1,24.335898418151448,0
55,61,12,300.0,1,1,13.620814129509265,0
53,42,8,5416.794601609685,1,1,20.106928401514022,0
36,12,9,5564.200870313759,3,1,10.870166401450618,0
32,24,8,4499.854279525831,0,1,23.81007060100176,0
62,61,11,3390.0489789342,0,1,22.15483654838897,0
37,7,10,3978.849930253843,1,1,10.158864556610492,0
49,1,14,1816.8781521652031,2,2,27.627191172862737,0
29,47,11,1929.4066996870697,0,0,13.538988159860422,0
42,32,10,6116.524127908442,1,1,4.606005231110858,0
48,18,9,2518.446211208729,0,0,7.272624933171176,0
53,34,6,2777.8433271655426,1,0,14.13774773396491,0
48,14,10,4798.720379648657,3,0,17.9143315657967,0
38,27,7,300.0,1,1,17.2122992037519,0
72,17,7,2435.4323725131608,1,0,4.495054264274209,0
47,42,12,2619.1651032024874,5,0,17.020800601139733,0
64,48,8,3555.375770008372,3,0,10.272559897281052,0
59,65,5,4550.404466749047,1,0,11.063955576566903,0
49,5,9,3348.372142321763,2,0,14.084505716176432,0
68,24,8,3545.504457410286,1,1,13.796941640984002,0
25,19,10,866.0710470547988,1,0,24.436233832485215,0
70,42,8,300.0,1,0,27.163289619321574,0
66,38,10,3034.7753276380513,1,2,19.857241188295614,0
46,63,5,1903.757408673274,2,1,8.003147714825122,0
59,66,9,2994.0936781720675,0,1,8.264587618786834,0
47,55,4,4272.892788017138,0,0,15.171780125295662,0
33,15,11,1111.1287523449346,4,0,10.87459774281184,0
63,3,7,5976.595732096421,3,2,21.899651516566983,0
32,64,9,4527.944460126682,1,0,10.934157208944757,0
35,67,7,3197.682051868696,1,1,16.54297666454584,0
47,18,5,4113.70685797507,0,1,28.009626839130245,0
65,4,4,2417.9780431215913,0,1,24.72337296458584,0
39,49,9,2388.8253552097785,2,0,6.278797449571407,0
46,42,10,300.0,1,0,12.763669729531507,0
20,64,6,300.0,1,0,17.32042024329115,0
24,41,6,3344.776125026354,2,0,15.60933417769078,0
21,54,10,423.4104962322899,1,0,15.984375598436698,0
22,56,9,4747.791204312889,3,1,8.420778262127515,0
67,1,5,3034.4585163812676,1,1,15.607323222947572,0
65,11,7,2458.430906400344,1,0,18.692149206668287,0
64,56,12,2190.8285428898625,1,0,26.759982135337623,0
21,13,14,300.0,2,0,32.36529157184859,0
22,15,12,4345.041798250818,2,1,34.19424453264523,0
33,54,11,4435.271670417812,3,0,11.702842718266723,0
50,15,4,1257.7893343529076,4,1,25.122573580433276,0
37,11,8,4382.97230384405,1,0,12.599727456064478,0
45,1,10,1081.4125081742864,2,0,22.48457036796087,0
27,34,10,650.4616999286795,1,1,21.79939146717016,0
59,46,6,5832.3484720372335,0,0,6.183469895621595,1
35,52,7,300.0,4,2,28.984100799037826,0
21,65,13,300.0,1,0,33.42783908023114,0
60,47,10,1972.0003477694474,2,0,12.328657480985711,0
69,54,8,4410.112312839315,3,1,18.80934516358127,0
18,15,3,2710.069651352712,3,1,33.40228165979801,0
42,25,8,5338.293217168945,1,0,22.476239918387712,0
65,22,10,5666.594985876436,1,1,17.4645238435219,0
58,5,8,3345.615768091678,1,3,20.22962182620735,1
66,69,7,2568.741658015596,0,1,17.795933699785337,0
41,18,10,5063.369303778062,1,0,27.327158890135088,0
39,32,10,5452.753753258539,1,1,29.640024670975865,0
58,26,12,1252.3951566438454,3,0,8.600257323765945,0
26,4,18,5231.1493612824925,1,0,0.0,0
31,65,5,2605.903762768414,3,0,8.220368095693429,0
52,16,4,3287.27001987635,1,3,3.9086921871026785,1
56,8,8,5212.0918514909035,0,0,17.46086299903994,0
24,25,6,2046.4028042894286,2,1,19.151330599151798,0
46,11,12,5464.143688048125,2,0,19.244897096419294,0
38,71,10,1268.0310560241633,1,0,1.485249114339588,0
46,14,7,3564.411089789626,2,1,30.263530964738756,0
72,22,11,813.0833877232171,1,0,9.974750909300706,0
22,20,8,2732.4127152584815,1,0,12.299004266394485,0
74,2,5,5345.141016689758,1,0,17.855404621666292,0
43,1,9,300.0,1,2,20.84367313895604,0
62,37,6,556.8266863176859,0,1,17.098241082467624,0
42,17,10,5269.534532903321,0,2,20.919173550122267,0
35,6,8,2538.689844096283,1,1,15.392864397761718,0
61,21,11,2980.738577512445,2,1,29.776425972657766,0
57,20,8,4828.363488621768,1,2,1.3197554200668034,0
26,31,8,4709.817074471377,2,0,15.133520301420187,0
58,71,11,1175.7522566664907,2,0,32.59261859126404,0
60,22,9,3341.429078779791,4,0,13.106096987299184,0
40,51,12,3627.0239387003953,1,0,11.2979730270601,0
70,55,7,3192.4563959426014,0,1,13.22680465676118,0
54,4,7,2202.353194673747,3,0,25.008881228423178,0
37,36,4,4129.974457316945,2,1,28.610463732783504,0
18,32,14,2439.5407980670934,1,0,19.00936908689743,0
56,37,8,3720.3501203601063,1,0,10.265368629826206,0
29,13,8,3403.3981081020356,0,0,5.620146395085394,0
61,34,1,4237.441099754796,2,1,10.546641325666851,0
47,9,14,396.54669341866975,2,0,9.557093458768318,0
44,68,10,3800.9569959276237,4,0,31.67158321090517,0
27,42,7,6161.720577767226,1,3,13.530299539159204,0
58,3,8,5524.044115628116,2,1,6.499376235323716,0
27,36,5,2359.5525013472516,0,0,1.2057849879878422,0
41,66,3,4125.237889226737,1,1,18.769519131081392,0
65,53,15,2614.111486533851,1,0,14.918696869903558,0
70,20,6,2229.797327531468,0,0,23.747658557274356,0
74,64,11,3821.797129291268,4,0,15.735075940134125,0
72,14,12,3069.38285481556,0,0,17.768155886635633,0
49,18,11,300.0,4,1,24.533475873336794,0
29,12,9,5185.224476962963,1,0,18.094684711714166,0
65,66,8,4232.622472390364,0,0,14.223239451114356,0
63,51,7,5025.132897389087,1,0,18.67086503856673,0
74,37,7,4536.051990706646,2,1,24.525017645669543,0
55,48,8,5526.0099647823145,3,0,17.94727394395973,0
26,19,3,4376.298222239325,4,0,20.738761345428,0
46,6,11,1499.0703845695132,2,0,5.453789693027629,0
43,61,7,1448.6667169713219,3,1,6.321156188426899,0
66,69,6,2699.7317537511003,2,0,19.215724953547173,0
40,3,6,1913.765360279477,1,2,6.220142993366579,0
36,4,5,300.0,2,0,15.992919713393691,0
22,40,7,1623.4048603316805,1,3,15.062558828721947,0
65,4,4,5513.1854431908105,2,1,19.507969594097524,0
61,52,7,1551.0125996334646,2,1,24.708212939692658,0
20,68,8,3917.7209183171317,3,3,14.465290885433854,0
42,20,7,1966.0057162597575,1,0,8.069429277058187,0
45,21,4,3528.483573985626,2,2,12.54850853814746,0
44,62,12,2830.1172562326265,1,0,22.16281874243604,0
70,26,8,2101.3683716294418,1,0,14.723079102163858,0
26,18,9,4196.90094279214,1,1,13.499874709238517,0
35,6,9,2559.4340620557286,3,0,23.702755869358732,0
28,60,8,1361.292944773711,1,0,26.74388405168576,0
31,66,13,3300.4269801059463,1,1,11.147486423668427,0
69,6,12,6153.731935520533,0,1,17.279766206703044,0
71,58,7,2165.466965067838,3,2,4.568538594592361,0
20,12,8,3307.157335566524,0,1,7.810100937181353,0
54,10,9,4828.68921374394,3,0,8.687632955522766,0
31,28,8,3519.548493515268,0,1,9.321790678948817,0
28,32,11,828.9710907820481,0,2,21.41290577556912,0
34,61,8,1270.8122901130846,1,1,16.51714499927794,0
29,50,5,300.0,3,0,12.375090628756922,0
45,11,10,3080.703307464131,0,0,0.0,0
74,42,3,1031.8838169898072,0,0,25.20768833672728,0
51,63,8,2104.936858070442,2,0,35.71857518137031,0
59,48,5,3938.624827686027,2,0,12.097578616274621,0
46,17,1,3111.711452926145,0,1,11.973920588719409,0
18,10,9,379.82914485413266,0,1,8.57999306754121,0
22,33,7,3175.6318033321877,2,0,4.921548899097834,0
33,34,8,3292.082591516637,2,1,25.02813291862787,0
31,26,3,6069.13022937837,1,0,28.97025981425424,0
65,8,8,3701.512109436155,0,0,22.37860628906698,0
66,9,7,5071.235154928074,1,1,9.223000370450901,0
66,38,9,6838.766818449163,1,0,18.971109777267742,0
54,68,6,5663.162352703062,2,1,12.27848665325623,0
49,43,11,1471.0435310180712,0,1,25.803150094194798,0
55,32,6,3086.0816525547366,1,2,26.46535378060921,0
41,67,9,8617.449526891663,2,1,3.6257023142128855,0
56,50,9,1935.7246503622157,1,0,16.510516363202754,0
63,51,7,3350.4790566923684,0,0,27.585178715209384,0
61,41,16,5173.461864383879,0,1,9.747098845692953,0
52,55,13,4199.787083778262,5,1,22.311020580550007,0
21,36,6,2618.1762412060443,0,1,19.3402471260979,0
59,45,14,5221.292447294714,3,0,24.32226871104627,0
38,44,8,994.7598179678012,1,1,0.0,0
60,54,6,2757.4769983363494,0,0,12.780272811830649,0
48,64,9,4314.126405952712,1,1,15.899579299424884,0
68,21,9,1590.2540896675591,2,3,30.296144393328234,0
37,50,13,5835.190908742205,0,2,10.87257708767862,0
71,3,8,4705.77651153531,2,1,25.66654476657879,0
66,38,11,5795.6548212515545,0,0,25.371828936787676,0
36,64,7,7029.061258403915,0,0,12.488371783967482,0
45,46,7,3981.8429721615616,0,0,15.386324062604956,0
48,20,5,1001.3870694560273,2,0,9.979684367424856,0
61,44,5,4175.165604936959,0,0,25.53153422743508,0
57,26,9,4047.2452800673827,1,0,2.9466499588724044,0
66,31,6,5505.242214798934,2,0,0.0,0
39,17,10,2095.8788697693144,0,1,36.212742553159586,0
46,45,8,1169.7568310441711,3,0,10.994399356333833,0
42,15,8,2911.818406470383,1,1,3.3189983774567366,0
69,32,13,6064.439573436885,3,3,28.604988654302062,0
35,67,9,3966.119932599689,2,0,3.9630032512594298,0
51,54,7,3110.5967012458136,1,0,27.709677900726277,0
24,30,10,3330.2816748902815,0,1,23.42178399183142,0
66,69,10,3541.0370793565903,1,0,16.256462279365323,0
39,1,7,5556.952325296292,0,0,7.517420649196936,0
37,69,9,3892.4952081885676,4,0,14.320861238999452,0
51,26,3,6839.402908379234,3,1,8.157954115998429,0
46,59,9,3521.735391173765,1,0,15.5029707763895,0
66,68,5,3429.284452647974,1,0,17.10127538208463,0
48,43,12,5128.6523727655,1,2,0.7160849062554124,0
47,44,8,3573.527508132518,3,0,13.777393538328923,0
23,54,3,8074.4730965672115,1,1,11.10023217693261,0
19,18,2,2401.2610084853386,2,0,23.65775044069715,0
40,13,9,2982.6395341060233,2,1,23.220282725447174,0
74,25,12,408.0472915554933,3,0,20.02842942346225,0
70,35,8,5842.379080598981,1,0,6.624372377911966,0
53,53,11,6897.263195258393,0,0,26.736452761553032,0
53,19,7,4163.315986393303,3,0,17.925034931893407,0
40,41,10,6177.906489534229,0,4,9.925769970926478,0
28,1,8,917.767478983063,1,0,20.357204657574343,0
18,3,9,4990.376432905015,1,0,15.393040010815403,0
37,69,6,4569.866765665627,2,2,16.144068197248153,0
36,61,10,7118.059839756821,2,0,17.063397563971385,0
28,62,7,4717.89042250087,2,1,7.915290153560725,0
32,24,3,4675.061824466405,0,0,0.0,0
19,37,6,2982.6807694654185,0,0,12.394102743587949,0
52,48,9,5318.556941625241,1,1,0.4056340671262628,0
70,19,15,1157.453194489341,2,0,13.521228401367184,0
57,53,2,2868.4382274756927,4,1,24.078577928808848,0
43,50,7,3103.4053915241257,0,1,0.014510555770630873,0
41,29,8,300.0,0,1,22.092741246474294,0
35,31,6,4667.361013709446,3,0,23.99694519397854,0
26,22,7,752.7855901790381,2,1,13.778555636514419,0
52,58,14,5583.037799777014,1,3,14.74005783187354,0
50,71,8,1723.3737306872708,0,1,17.874227181735428,0
18,71,8,3390.8526410663167,2,1,12.129640945464617,0
41,55,14,4981.561585097723,2,0,13.178760614657033,0
33,25,9,7437.313497927338,1,0,23.9495708453454,0
27,56,13,2583.691988525837,1,1,6.231576987092126,0
58,18,8,2345.7443877196374,1,0,13.281394234878709,0
47,64,6,5499.439691053835,4,0,9.478378356768193,0
54,19,5,3959.597627817744,2,0,17.773560634915317,0
58,29,7,4638.690789272294,1,1,4.000798638612288,0
73,7,7,4246.901913664466,0,0,20.962292833442678,0
63,6,7,3451.873207459469,2,1,7.4967516441950925,0
53,28,6,3169.774683735452,0,1,16.059245999944167,0
68,40,8,6575.9323676297,1,0,7.156059176256363,0
45,2,1,1179.05814898674,2,0,9.857374096943103,0
74,61,15,954.483379035089,3,0,6.9846333773038225,0
61,9,6,1867.3576060922423,2,3,9.811229620965083,0
55,71,5,6654.445055409269,0,0,17.24635987980265,0
69,20,7,7252.435122656274,0,2,25.832587116326238,0
47,27,7,5212.85573458719,4,0,1.176557205884711,0
59,12,6,300.0,2,0,17.282161909794507,0
34,59,7,4764.871658166675,0,0,10.936794058683132,0
72,52,8,3419.5851504554253,3,3,18.793250838797984,0
53,6,5,1878.3550530946823,1,1,19.8493727956862,0
62,8,11,6187.8263024224425,1,1,6.350816547950133,0
44,44,6,6108.453043730081,0,0,16.01552402066063,0
67,62,8,2424.095956024849,2,0,8.725209535071723,0
22,8,12,5412.169656831218,2,0,13.373408784626807,0
24,16,9,2534.96349744003,0,0,22.38153904226492,0
46,39,10,3745.1701992478147,3,1,20.65594405858296,0
59,8,5,1146.0206193569688,2,0,13.53234492101512,0
64,22,8,2191.760272911005,1,0,21.298718684326676,0
43,1,10,995.8653531981031,2,1,15.62446064004811,0
55,36,3,2769.797527030846,5,1,6.682630151403975,0
49,51,5,442.87586712210486,0,1,16.78599973916681,0
72,30,7,8428.30988177569,1,0,11.186098552115004,0
55,19,11,2527.7691239976857,1,3,19.972330347967333,0
41,31,6,4196.0573989658815,1,0,17.86743480142151,0
73,37,10,4557.83155299545,2,0,10.221561105440784,0
24,12,7,714.6186636097391,1,1,3.512372353067393,0
74,8,7,4501.980046282378,1,1,18.919896198395282,0
26,13,9,2267.3670536153877,0,0,18.285319181750765,0
34,70,11,3950.539909532278,1,1,19.431665562034762,0
64,52,6,3465.644255718931,1,0,12.986770585313199,0
59,9,12,3018.4301313181513,1,0,12.304852839175632,0
73,22,11,2156.1346986827707,0,1,10.398049215313272,0
60,30,6,5856.879454206509,2,1,29.388821541943226,0
54,13,11,6190.498808952174,0,0,8.397289109725167,0
37,61,10,4660.286097157588,1,0,12.463527583658912,0
18,67,11,4222.514431939164,4,0,22.100557340929296,0
25,18,5,1886.2254932594456,1,1,30.65232359882708,0
34,2,13,4389.546878751226,2,1,19.01356742535221,0
20,19,3,2793.84711640421,1,0,0.0,0
46,42,6,323.2395368833909,3,2,5.876187589324301,0
62,58,8,2598.3261837230566,1,0,13.950784807882627,0
72,25,11,3233.308637744364,0,0,23.650328697719594,0
45,20,5,5254.7482471171115,3,0,33.208998131736124,0
67,18,7,3888.754088926193,0,2,10.702245176280885,0
74,1,10,3284.3105686054014,3,1,1.1891136697037368,0
67,1,6,3323.299293366538,2,0,10.158047274481374,0
44,31,4,5225.958865608274,1,0,14.972184051336441,0
36,44,10,1710.476597880696,0,1,5.745952486732598,0
73,1,8,3775.9915721451066,0,0,25.784645196853695,0
31,15,9,5581.578607877564,2,0,11.0638781226954,0
41,65,7,3723.5074077460104,3,2,16.648681584168283,0
22,71,6,3194.0793744743755,0,1,14.132578139969986,0
63,46,6,3181.607209192338,4,0,23.233262354629055,0
55,38,10,300.0,0,0,18.589252625335916,0
22,42,4,3853.101273317722,1,0,10.22021421752309,0
30,27,5,1287.0940804241804,0,2,17.774497390286097,0
49,15,7,3681.869134962184,1,1,19.315405737915405,0
48,27,7,2476.706610008534,1,0,19.95370469549426,0
63,50,7,7053.126756422526,1,0,20.90999989140889,0
33,48,6,2954.3889850378896,1,2,13.160926668446253,0
70,49,12,300.0,1,0,2.3177756541678605,0
43,44,6,3380.874540541592,2,0,11.980296971129356,0
64,5,10,984.3696968564036,0,1,19.863996528334397,0
31,45,5,4254.047233748785,2,1,16.767525034083402,0
20,63,6,5132.030808138074,4,2,14.331115054681572,0
21,47,11,1782.5890715464104,1,1,18.1391112895342,0
39,42,0,4083.4641091372487,1,1,8.744837149459395,0
72,16,6,3949.337239333243,0,2,8.771511684662691,0
20,57,13,1618.6571373183958,2,1,11.671909469458452,0
39,33,0,2624.1926031538305,3,2,0.0,0
24,19,12,6020.722044744329,0,0,9.67294819931465,0
71,35,8,3200.4400709396728,1,1,13.470216372758498,0
56,9,5,2904.565425236746,0,0,12.876711705388791,0
61,66,2,3800.365212098996,1,1,0.0,1
58,50,8,2942.3227952265697,1,0,8.064449831332269,0
55,24,4,3217.177002901135,0,0,15.50824414360996,0
62,57,3,4350.749270344111,1,3,11.81630208162863,0
18,4,7,3789.3513557322544,2,0,2.7074868352866908,0
67,28,10,8292.050379723525,0,0,17.532400791337697,0
60,47,14,6458.117342798643,2,2,0.0,0
60,2,5,3601.4960434462714,1,1,13.467222716548557,0
40,51,6,4032.360742775736,5,1,3.28632195596178,0
63,59,9,1546.6102086568164,0,1,0.0,0
39,43,6,2409.6204865187374,1,0,10.759998303893333,0
20,15,12,3484.1630403011995,1,0,16.798048021864105,0
69,54,7,5373.679847553787,2,2,5.714898432589701,0
31,25,9,4156.739396427904,3,0,19.03653673087698,0
23,53,11,3954.6760399696523,1,0,22.010223537441654,0
53,45,10,2847.0945771617417,0,1,1.7529634649198957,0
31,7,10,1265.338250029633,0,0,12.439585310012653,0
66,8,9,2265.143005585853,0,1,17.052103735089336,0
43,2,4,2517.259927642983,1,0,16.34224831162049,0
18,6,8,4571.9599571070685,1,1,11.885965560909346,0
72,22,8,6299.443785365128,1,0,17.19183684273829,0
47,2,9,1967.7436057606235,0,3,20.46467509116752,0
32,67,9,3768.62869511536,0,1,6.037168045846009,0
56,66,5,6657.285194901588,1,1,21.795932040964924,0
48,13,3,3192.7675257971723,3,1,23.189532806127332,1
19,23,9,5067.740975045404,0,0,15.103802277070017,0
61,53,2,1125.5824465538976,2,0,6.290227493089208,0
40,47,2,7176.009121784127,0,1,30.97288276362266,0
57,42,6,2330.4517359939946,0,0,8.564283565077526,0
69,71,8,2061.7972329965737,1,0,24.561250182793373,0
52,45,4,6740.800065441309,0,0,26.46401672964396,0
56,48,7,5196.014083832473,4,1,6.401156476199413,0
32,36,7,2050.1756952838386,0,0,17.848637805477363,0
31,38,7,4314.219397426974,4,1,8.970694484147458,0
41,21,7,4540.167183259107,3,0,23.904038642647503,0
66,37,2,1363.3928788594585,2,1,12.573432901733764,1
47,66,4,1542.1884777899077,1,0,6.4484056831840615,0
37,27,11,5228.23150572737,0,1,14.3540091510364,0
62,10,13,4691.051965338342,3,0,12.513937977476028,0
66,43,8,1466.8543200133493,0,0,3.4005594960462986,0
69,56,9,3315.773301475496,1,1,26.145337292507328,0
35,69,13,4819.3553781364935,1,0,8.479914088908878,0
58,39,8,3785.23375056665,1,1,6.83847547884803,0
51,56,14,2941.7217558493926,2,0,16.42762713244775,0
43,18,6,2135.732930678376,2,0,24.28206788634776,0
40,31,4,4424.79636759347,2,0,8.902625240693016,0
24,30,8,3358.6159021902095,1,0,19.065550869097464,0
33,24,11,3304.094489187569,2,0,10.006081009852302,0
49,51,8,3698.088882478437,1,0,11.505410375020563,0
68,63,14,5137.79783578839,2,0,12.55889580819525,0
67,24,8,300.0,2,1,9.434460849414275,0
28,10,9,2584.281666528226,1,1,5.607238778879573,0
56,59,9,4099.327865690314,2,0,20.908472295429767,0
22,61,10,3858.036137620134,0,1,16.904839511751895,0
56,67,7,7032.611715117842,0,0,16.102327669769252,0
37,19,5,4105.202423908149,0,2,16.43801475161938,0
43,52,6,5768.814846990235,1,0,0.20843918485463675,0
58,51,3,5016.937597093918,1,0,8.00194323094212,0
42,57,7,5537.507079057119,0,0,10.411450101517882,0
64,58,8,3156.822765449387,2,0,16.397915569220427,0
48,68,9,1504.5973866806999,2,1,22.41456330753498,0
74,34,9,7026.130605766144,0,0,12.532288149409204,0
54,6,10,3648.8780850991093,1,2,12.791268764524803,0
34,14,2,3204.982961910508,3,2,14.555016189413912,0
62,63,6,1629.7657415145993,2,0,26.371135915455127,0
41,60,7,4709.589338338346,1,0,25.2639838059511,0
48,1,4,300.0,4,1,24.624986362915237,0
25,27,6,647.2285802483393,0,2,18.346823736183545,0
24,18,12,435.3249484168432,2,0,28.431957506017945,0
50,23,9,1365.8012514137922,3,1,0.0,0
28,46,6,2904.8585050364013,1,1,4.9657800071461455,0
74,37,6,4725.416738781214,1,0,8.91095529012885,0
66,35,9,3054.6456311927886,1,1,19.438224696539045,0
57,31,12,5226.092419616451,1,1,30.20237514267712,0
59,46,5,7539.913551184898,5,0,23.68734783236597,0
51,49,10,3952.716400803074,3,1,9.191841525906923,0
21,4,4,5376.605516943731,0,2,9.932873093180856,0
40,10,9,4961.822208996604,2,0,12.511333184717435,0
46,25,10,4249.32955557802,1,0,24.318747201951652,0
70,31,8,1191.8450201972355,3,1,25.090466979473852,0
30,71,8,3509.4938539834025,0,2,21.49639961954719,0
46,64,12,1940.6983321797031,1,0,15.852544138982635,0
37,47,10,4278.584431197411,1,1,17.436826751093847,0
25,3,7,4196.457242535963,3,1,20.267645169358797,0
23,8,9,2704.668634881372,2,0,17.4329769203675,0
38,33,3,4786.298096026274,0,0,3.9444318763747344,1
22,42,13,2887.3116400727095,2,2,22.995205256401047,0
21,47,8,4173.280166637194,0,0,21.36207022434546,0
37,11,8,1395.33237543844,3,0,14.58064364620766,0
29,64,10,691.4114554937305,1,0,22.36784071894401,0
49,36,10,6202.788432090518,1,0,15.919987174994393,0
19,43,5,5480.04877548758,4,0,16.16021552445188,0
35,3,7,4426.099650341579,2,0,31.07192146677223,0
43,59,7,1985.7785695300145,2,0,16.09776827189906,0
72,39,6,1825.184292041989,1,0,19.684055515796683,0
54,16,3,1125.3601465938123,1,1,14.36812983795214,0
68,23,6,3261.1508158873285,1,1,3.6984581715410734,0
37,26,5,4264.890619059876,3,2,16.023044328870892,0
43,2,11,2670.0085301964573,1,0,12.44748984840085,0
41,67,13,6263.49430651833,1,0,7.173504151206367,0
68,58,5,300.0,3,2,4.127213012896501,0
72,63,6,4973.525125697463,0,0,16.45433351776303,0
72,26,16,3284.1404002829995,0,0,12.60018569067228,0
60,40,4,3629.7077942598485,3,0,8.25241194831024,0
46,33,13,300.0,3,1,24.011331416779512,0
48,34,8,2174.4106864075884,1,1,15.93076937542538,0
73,42,7,1326.7764947807573,3,0,19.38685382266749,0
34,33,12,5835.605917053435,0,1,26.19994307775125,0
37,55,15,2381.9974133202477,0,1,25.39881706652914,0
69,5,11,300.0,4,1,20.28053630567952,0
40,14,8,4076.4178888679785,1,0,29.53332263258341,0
31,64,5,5263.434253193157,1,0,28.736377693438698,0
49,63,7,4709.01405563053,2,0,15.509093796066622,0
36,59,9,3423.2772855483518,2,0,0.0,0
68,27,6,4851.173217197966,1,1,14.428703161877028,0
69,33,8,1689.5019355351396,3,0,17.026285275481193,0
35,2,4,4023.265731757613,0,1,26.98732733920169,0
48,20,11,4334.193492318571,2,1,21.15099207261988,0
74,52,7,3502.4076973038214,2,0,14.070040561563182,0
60,25,9,2792.702524112849,1,2,12.942532422003618,0
30,35,6,1791.375445099015,2,1,21.14315465951873,0
51,9,10,2381.2973241830123,0,0,12.366508275872887,0
53,36,11,5447.408759303646,3,1,31.22925040400351,0
55,52,10,2175.2997991811812,1,0,23.733717471332945,0
19,41,6,2839.0243556608325,2,4,0.4611811672496575,0
35,40,7,4684.720504997909,1,0,1.3145395040653511,0
66,65,13,1039.4156630954444,0,0,15.366265684724503,0
31,17,5,1983.6337604044083,0,1,8.353722432735939,0
35,22,7,300.0,1,1,2.1160125145544253,0
36,45,12,7286.693684057749,1,1,31.21599993154387,0
28,35,6,2895.0676474778024,1,0,13.277422900907922,0
26,70,10,4587.590787048153,3,1,16.215869087302863,0
37,5,8,7438.129253792975,1,1,17.840040097405428,0
67,9,4,1048.995726415269,2,1,26.51681190147957,0
18,25,6,3286.0276972800298,2,1,9.659477719995477,0
34,33,5,2425.3864683122824,0,0,20.977011968314752,0
21,64,6,2892.285500062226,0,0,2.8233259246929894,0
50,36,3,3567.7375552770914,1,1,7.060133035473053,0
32,32,9,6034.663948291631,2,0,13.869242899079138,0
63,12,12,4540.981662545652,1,1,10.49508889982848,0
51,31,5,6471.298660186165,2,0,14.204271920563976,0
62,38,8,3656.501386978204,2,0,26.033624181113318,0
54,42,7,2479.3574637916226,1,0,9.616569528071643,0
42,44,6,5512.778183958333,0,0,11.489871635786617,0
67,31,7,2421.9171030106863,2,0,7.981469164409547,0
45,12,10,3642.182323997098,1,1,5.106074137475401,0
72,11,10,4514.880132854878,0,0,11.187925901428553,0
74,11,8,5093.027083192006,1,0,12.505638322996347,0
51,44,8,3372.3546990167124,4,1,13.784539071773207,0
56,61,12,4831.00654974356,1,1,15.735535811036002,0
32,63,8,2294.34237073588,1,1,20.884672715424458,0
64,23,5,2898.3347186069027,2,0,9.479826220378861,0
56,6,6,4438.425809863611,1,0,31.505510160766523,0
69,45,7,3530.055595836188,2,1,17.436710416830998,0
33,3,2,2257.8826015021077,2,0,23.721090079488448,0
62,45,4,5060.047482332799,2,2,32.297591595528075,0
44,28,4,3876.4621883161653,1,0,14.720446101964725,0
28,60,10,825.3909270038266,0,0,15.2254668352284,0
27,45,5,4263.38244830539,0,1,10.646100289132,0
50,53,9,4434.0976790206105,0,2,21.486537198077766,0
36,29,8,3416.4333656997783,3,1,17.769967030243254,0
23,60,9,3953.8327978275856,2,1,20.23846160133077,0
42,38,10,5630.6595658525275,2,1,8.545619014298023,0
55,45,5,367.02133379165844,0,1,13.807243271014265,1
36,26,11,5069.228700316068,2,2,6.4738986194709245,0
72,32,6,300.0,2,1,4.576030292646321,1
62,60,11,2188.4985682534298,4,3,16.039915505793342,0
47,28,6,300.0,3,0,21.72127678346584,0
71,2,5,6079.899364351242,1,1,13.86334129565465,0
42,27,6,2932.8292160289307,5,1,17.300648509577975,0
25,28,6,3457.0834934107934,3,0,20.999264359257573,0
20,30,4,2947.563426362527,1,3,3.2042996900366276,0
71,6,7,3220.0642835551644,1,0,19.049299691831376,0
72,10,6,3255.7067173630835,3,0,16.248612324160604,0
60,24,7,5101.135243205319,1,1,9.985902537487588,0
23,31,9,3974.720211204626,1,0,19.499754240814575,0
34,3,10,2114.9045082805,1,1,8.143844872286468,0
20,28,11,420.2423138155118,2,0,13.218777481278192,0
20,23,8,5664.397881412071,3,1,19.90512498051517,0
32,3,8,4348.781962461772,3,0,17.768702742781777,0
50,18,13,2965.480046584704,3,1,13.139764468446064,0
21,20,8,5341.842943687487,2,1,14.131924751572646,0
74,11,6,7426.9629679226055,0,1,16.532453180007284,0
43,54,7,3577.306601681689,0,0,10.351924415368272,0
33,6,6,5914.944379751871,0,0,12.34359087745598,0
47,42,5,3577.0391480459343,1,1,0.0,0
63,48,7,6716.251730742539,1,2,20.400193909501873,0
35,58,8,3728.8426178796935,2,1,29.007965426127292,0
20,39,11,2745.9270429554417,1,0,18.933852453314188,0
20,39,3,5931.585280539997,2,1,11.159098343491003,0
66,55,7,3750.4462479787608,2,1,20.405158496408202,0
24,61,9,3577.4413855765047,1,1,25.508395482211505,0
54,15,9,5040.388746620173,2,1,0.0,0
39,57,11,3355.575332201516,1,1,14.83445350858697,0
62,33,4,358.47276402446823,1,1,24.639250573907916,0
21,7,17,2889.5817529462556,3,0,8.24525064757432,0
69,44,8,2400.6452221636764,0,5,4.145904905145279,0
57,70,8,1945.7035858989984,1,0,8.669581663074176,0
43,10,6,5397.903723354566,2,2,13.26482722095801,1
29,2,10,2634.6982318537143,2,0,18.978085930064612,0
73,66,7,2663.845807519299,0,1,16.310112908802342,0
35,43,12,3370.1787835594673,2,2,9.435573339444762,0
45,16,6,4104.536179250335,1,2,19.47256328865618,0
40,57,7,4364.589287797774,2,1,18.23536822352784,0
31,28,10,3799.7283382812957,2,0,18.98101845959257,0
41,24,9,3780.939990352009,2,1,14.053581933559792,0
26,21,6,1420.5195745106716,3,1,19.333488387790663,0
18,43,9,4391.273467201067,2,0,22.208152134521455,0
34,10,10,1745.2667121984093,2,1,20.595020850034786,1
24,26,19,5560.233229527805,1,1,16.40727529156038,0
41,22,7,3010.6958166120507,2,0,17.18050077958587,0
67,5,8,1160.8610225646298,1,1,17.963925813161907,0
27,55,3,3908.325509746991,3,1,26.854890986249565,0
18,1,8,4894.711133488547,1,0,19.598747317590977,0
24,69,3,2896.6493527218695,2,1,19.206254171878385,0
46,7,9,4662.118447115014,1,0,27.757280077481138,0
33,26,10,6059.568148654798,0,1,19.557821968066154,0
45,7,5,4096.905481851513,1,1,8.135012709959069,0
19,27,2,1177.352691478873,1,0,14.87549935379801,0
36,44,5,3457.991239246751,0,1,0.0,0
41,7,3,2622.121582630445,0,2,5.488255660101498,0
42,38,9,300.0,2,0,0.0,0
49,55,9,1032.7454993428405,0,0,29.590940090218744,0
62,33,7,6761.061456840876,1,2,32.17807184531671,0
44,8,5,2823.527546063644,0,0,24.935945528942817,0
65,50,3,3147.0239906941856,4,1,21.388521526796158,0
48,14,9,1291.9621015335201,3,2,11.51493746029194,1
32,2,6,7114.7755422442115,0,0,0.655137538717117,0
31,32,3,4222.145535891533,2,0,10.642381819356613,0
36,20,7,2884.1964057161895,4,1,13.987140850348709,0
52,3,4,4920.436658979625,0,0,7.182828976345626,0
31,56,7,5834.710165464223,3,1,17.995887229187502,0
70,43,9,300.0,1,0,11.694351467525617,0
45,65,4,5711.161812641851,1,0,2.2888658820348127,0
67,35,11,1900.3769976913873,7,0,27.36758757208731,0
56,32,17,536.3487636461737,1,2,3.7089394036734014,0
37,60,3,7179.707584860524,0,1,1.2908607551132363,0
31,6,4,4117.90480076959,1,2,12.113712470331528,0
60,26,9,2314.9576756907336,1,0,20.742125498911225,0
36,57,10,6858.07488695635,3,0,21.88150613717467,0
32,21,6,2648.4521997858324,2,0,23.963479563413074,0
71,63,13,1678.1000247835073,0,0,5.783540667278862,0
45,21,9,5096.979526095412,1,2,19.506068303359694,0
20,30,7,646.5101244306775,1,2,7.466051228731802,0
46,64,12,3574.5606222346155,1,1,25.422708107675255,0
44,18,5,914.0347998295956,1,2,6.898039227961673,0
67,69,9,1491.2590899389588,2,1,18.604076134654928,0
58,4,7,4554.641313014344,3,0,10.303132816277255,0
28,19,8,1757.065978563333,2,1,23.672528504942477,0
26,42,5,4949.3220915650145,1,1,8.456778091188715,0
52,43,7,300.0,2,1,10.507250109159934,0
20,65,7,3103.3929488152435,1,0,21.824751777912912,0
36,69,6,2501.139243460766,0,0,4.0317579541143616,0
25,49,9,3054.4012749809394,1,0,12.376710249344008,0
19,47,8,2712.814901116128,0,0,18.08530647825623,0
70,23,10,4165.9232175823945,1,2,14.786379489784464,0
23,58,15,4248.462376316638,3,0,18.762280310023456,0
18,46,2,2771.6648187135033,1,2,24.24730032033989,1
71,2,9,2557.5244240410707,1,0,15.277443115497755,0
28,60,9,4235.954440574601,4,1,10.951988983267817,0
64,26,12,4450.88157137233,2,1,18.57418456478522,0
19,34,9,300.0,2,1,17.463297228345922,0
26,35,5,1004.732242243932,1,0,22.154175733055855,0
24,59,11,1247.272920304249,0,1,22.493244205934005,0
58,20,8,2653.20034312075,0,0,21.494661533887736,0
53,28,13,300.0,0,1,14.587574076843028,0
45,3,8,4300.4089012112345,3,0,3.720802303551361,0
31,25,8,1701.757224282306,3,1,7.084214864701432,0
23,7,9,4755.347508360106,2,0,19.86691390359374,0
50,42,4,2256.9161286057943,2,0,25.665563514934817,0
31,64,6,5049.7195893029475,1,0,16.461855655812712,0
51,33,9,2818.2351323423286,2,2,14.582383429135996,0
57,65,10,3090.0629123607055,0,1,13.804166459173878,0
66,70,5,4670.0700159946355,4,1,4.379294243114263,0
46,4,10,2583.349851608125,0,1,6.802664046227244,0
18,37,16,477.9239142756801,0,0,14.364599293478635,0
33,38,5,503.87952123181594,0,1,18.661896542115862,0
66,28,7,5208.489343537718,1,0,12.543977354043355,0
48,59,12,1151.9258369686236,1,0,11.344509907300932,0
53,29,3,2680.614460893834,0,1,13.110798378917341,0
44,4,5,5986.897285397819,0,0,15.157644692373436,0
27,39,6,2380.792833837161,0,1,10.757277832386876,0
69,15,9,2078.7595950576424,2,0,14.990659925254798,0
62,26,7,3870.974857261619,2,0,0.14125161300068712,0
74,36,7,5852.020240154003,2,1,12.266971102447407,0
66,52,10,6441.149496144267,5,1,11.769835543699081,0
34,20,7,2047.4174172928736,1,0,7.004711320673424,0
32,28,7,4462.815476940511,1,0,20.511990557271005,0
32,5,10,3238.655128997232,2,1,21.66576963967674,0
70,28,4,3309.401915231177,1,0,4.648997261421927,0
49,42,9,4278.285577506275,1,0,6.508320504745665,0
43,44,11,4052.776043980397,1,0,26.867346039732105,0
73,21,3,1575.3352578544282,1,1,11.302021601010555,0
52,5,10,1587.2651829811039,2,0,12.672886579946484,0
69,41,4,6389.46111277007,2,1,28.25663699246894,0
74,47,8,2474.4885793206986,3,0,14.096335384333077,0
22,7,6,4500.161218405532,1,0,18.549364715620825,0
38,36,17,6150.824451164841,2,4,17.697863886858748,0
59,7,6,3130.0815938684987,0,0,21.94534566744097,0
64,33,11,5992.123692601738,0,1,20.232712024024828,0
26,46,8,2277.058169758499,0,0,14.481271901850382,0
36,52,12,5357.94208963751,1,1,11.36381448801907,0
49,51,6,3664.7928263015738,2,0,27.985022966218395,0
63,54,6,3027.384376168534,2,0,14.913661855028918,0
24,18,10,4893.830570365546,1,0,19.448907460996153,0
52,61,5,3057.9905901342927,3,0,28.587702044225253,0
34,25,7,2204.0573227309114,0,1,21.806346943938628,0
30,27,11,458.300648878027,1,1,28.125713370889084,0
47,56,8,4521.36768957723,2,0,0.17551055139284166,0
41,24,7,4687.825610880214,1,2,12.489083811065989,0
54,6,8,6699.388569476734,4,0,2.916648040220444,1
36,51,3,4276.566470549685,1,0,11.643944070762597,0
64,48,8,2017.4170557452992,3,0,22.774041688531113,0
22,42,5,3689.1264486692835,0,0,18.24526953755059,0
67,11,5,3203.6474336158462,1,1,12.815323295214698,0
19,45,13,5541.059397265579,0,2,15.149701753171724,0
59,15,11,5611.984906266184,1,0,21.082762251290788,0
37,40,6,7801.562082427725,1,0,17.78551205170757,0
39,37,10,3198.7970764940774,2,0,14.518566861856522,0
19,55,3,5631.2940412078215,4,1,26.211578741863697,0
58,70,16,6174.73595402269,2,2,31.226853494332193,0
27,14,21,4854.3084644391565,0,1,1.3918784754351154,0
55,9,8,2608.708272921165,2,0,19.67001360600907,0
59,40,9,2798.498325290356,1,2,26.3785066721807,0
66,68,9,4925.292269329646,1,1,16.71510679425661,0
58,12,8,4557.069783500627,3,4,4.2125510666282615,0
35,35,6,1263.8688385953856,3,1,14.437147625663657,0
60,29,12,1525.037157049732,1,1,17.180918239477514,0
65,23,11,4412.741912759117,0,0,0.0,0
36,48,4,300.0,2,0,15.476515910718598,0
25,21,6,3837.1017275186177,1,0,22.062408082468927,0
68,36,14,2399.9650909346647,2,1,33.01554670736692,0
26,61,11,1860.8493304248573,2,0,8.425866844622778,0
51,27,9,2553.732450660071,0,1,8.418840715609722,0
31,2,5,3834.099018931574,3,0,6.959959724732228,0
25,63,11,3428.595386794127,2,1,12.572408340035837,0
62,20,13,1192.1632192386437,2,1,20.54787499581919,1
26,55,6,300.0,0,2,26.954206297914382,0
56,55,4,3771.6095576370994,2,0,15.39942733759215,0
57,38,9,4313.408056780482,2,1,29.315673303560658,0
21,7,7,4770.232607366107,5,1,34.02869338838349,0
27,68,11,441.72768723671606,3,0,15.97654032703253,0
63,49,6,3930.146256724722,2,1,21.58037122992362,0
46,31,8,4517.395680989482,4,0,8.574865717796058,0
24,61,8,2492.3480811049135,3,0,29.085550279301728,0
74,56,11,2727.9999109218397,1,0,16.351157676064048,0
33,54,9,2572.955150702072,0,1,17.74830902909782,0
18,12,13,2381.324432617436,1,1,19.93882848439821,0
70,45,6,5695.398188730796,0,1,24.92757052673195,0
18,21,11,2344.8076641729604,1,0,21.46700691135508,0
49,6,12,2030.3521043911328,0,0,9.916869267775851,0
74,25,7,300.0,0,1,10.031421699860779,0
50,8,12,4578.541184187468,1,0,5.726955605757292,0
51,8,7,1917.3581107949055,3,1,8.965719176788227,0
40,52,13,1907.5342320749803,2,1,27.903512798131224,0
25,36,2,6167.321500107339,1,0,20.165463712422277,0
50,29,6,1214.40148259832,0,0,12.484287043234165,0
69,14,9,688.2796674630627,1,0,18.19895064728614,0
23,55,12,710.9898318151472,3,0,35.31282417009356,0
68,46,6,707.5769152802468,3,0,9.350372934106023,0
41,42,7,2064.990935231507,1,0,19.584925943332614,0
48,14,8,3191.806321587793,1,0,13.913829278415308,0
27,9,5,2760.403868552402,2,2,27.113638829848178,0
53,9,6,4917.3689042143305,3,0,0.0,0
28,2,3,4154.592196422945,2,0,1.4189681251741177,0
33,69,6,3742.6286272149714,1,2,15.284377307734236,0
59,27,11,3975.6063029397133,1,0,19.624809634848475,0
20,47,3,4414.600630266781,1,0,18.105952568917207,0
43,70,9,3087.575339971309,2,1,27.818925386983068,0
51,67,7,6257.761279635608,1,1,18.65726090040659,0
25,23,13,2174.163107730933,1,0,0.7174235284981823,0
34,35,10,2314.5662826779035,1,0,11.307869204405534,0
37,33,10,1773.5611129616123,2,0,6.028165181669625,0
55,3,6,1864.0338980718814,1,0,0.0,0
73,55,6,1181.5625090595172,3,0,11.272978328526825,0
65,41,12,1256.3751313552011,1,1,7.431637753044737,0
28,27,9,3007.476877286421,1,2,11.447115847313373,0
19,40,11,2964.9574835914455,2,1,15.211057727132687,0
20,53,8,2450.9650425164346,3,0,26.457036811536813,0
51,2,10,1847.079121447214,1,0,23.200682829761455,0
26,46,8,5698.292650448156,1,1,14.314192598486963,0
31,62,11,6094.476564354756,2,0,11.369038064209745,0
66,52,5,4622.653951151713,2,0,12.887929501642509,0
67,45,11,3916.2261028244566,0,1,13.891543361933048,0
65,7,6,6099.443879263352,1,0,13.248501339700486,0
32,53,9,3940.1990225020595,2,1,26.993100785440085,0
53,54,19,909.5207586894735,2,1,20.286082700025144,0
52,36,10,1612.6914650798267,1,1,17.598156501661503,0
28,42,9,3542.113344899773,1,0,12.805719664647958,0
49,44,12,4578.988276970604,1,0,7.178501185286012,0
47,9,12,5779.845430869416,3,0,14.956993430243644,0
40,19,5,5734.934794252487,0,1,14.167100902558971,0
60,57,12,5054.730357147198,2,0,23.183519261008936,0
56,70,11,5271.069690654347,1,0,18.215543101821225,0
48,20,11,2836.7494268540295,1,1,12.392050492112348,0
59,29,10,2749.619624095702,2,0,4.214113874428719,0
61,65,4,2633.359185640074,1,1,5.301717045898112,0
50,12,15,3573.7340419149014,0,2,8.598356479417763,0
33,19,4,4852.374801191601,1,1,25.738536197204404,0
61,4,8,9229.060568840532,2,2,23.6651222701945,0
58,17,4,2721.0285291016635,0,2,9.594551458724982,0
74,46,4,2330.833660518291,1,0,18.37271080056175,0
26,25,11,4661.171901794524,1,0,21.18474388197297,0
41,70,11,2718.465538306433,0,0,0.517871137925578,0
70,64,9,5831.524627080399,1,0,12.46634396057085,0
47,64,8,6090.394290920031,0,2,25.016726182275214,0
71,52,4,6908.583580124455,2,1,24.825381007593855,1
18,50,7,4358.025198769146,2,0,33.58648394982832,0
20,37,7,6367.172454141311,3,1,16.36097418573174,0
63,71,8,1212.930225413067,0,0,26.532170290130264,0
38,7,11,5886.3182961302355,3,0,27.015889538425768,0
47,52,4,4989.082413794339,1,0,13.830070175149771,0
42,10,6,3967.2875772795937,0,0,30.9723659621545,0
41,25,8,3199.372895734337,1,1,18.878919865333607,0
71,19,7,300.0,1,1,2.0845724276055595,0
23,43,8,4824.051447602222,0,1,14.44598548495355,0
62,56,4,2554.814768531522,3,0,17.975079679286594,0
68,6,9,2922.5709651787042,2,1,11.99844777401369,0
55,43,15,3958.7462348457566,1,2,10.750798212837049,0
40,16,15,4158.213326856293,1,0,16.00366193543738,0
27,6,8,2133.212232968698,1,2,23.498330641417112,0
56,30,11,2031.824474189863,3,1,9.354466716598925,0
44,42,12,1812.2444734207004,2,1,23.938994598479535,0
26,15,8,3688.391574792128,1,0,17.81461683028079,0
38,28,8,5665.753249536485,2,2,19.46232663958141,0
72,68,6,3841.7187351455736,0,1,18.622110330402137,0
33,25,8,4082.9273760409214,0,1,26.806815283947728,0
28,71,7,3125.8209021546527,1,0,21.673921707928322,0
56,60,11,2678.441692635898,0,0,16.95243177043117,0
29,27,8,2353.86325804194,3,0,15.037544609428036,0
70,41,12,2800.2111040546356,1,0,17.01926610456777,0
66,51,5,958.7604876336709,0,1,4.594586255163216,0
74,33,5,5883.228441933828,1,1,22.392808566687606,0
70,29,8,3998.912413562105,0,1,2.9814806572743944,0
31,24,9,3888.6101400072234,0,0,24.257327475283745,0
30,10,8,4202.975684333216,2,1,12.243887971677715,0
37,2,13,2761.0642345866704,1,2,8.525900154006184,0
44,24,10,4083.583243748145,2,1,19.912624267805263,0
68,57,4,2345.357869545567,0,0,26.165258399615315,0
59,17,7,2575.079456842272,6,0,25.19182500661205,0
54,13,8,3460.2983137506767,1,3,4.337591156063613,0
68,24,3,3630.4471837993337,2,0,31.34736216506361,0
54,43,8,6178.071127114945,1,0,17.915851432650566,0
39,16,6,1854.1417844218317,1,0,17.037039844382644,0
41,16,9,1769.444888290053,2,0,10.77521172193257,0
47,8,10,2715.447343224442,2,0,10.586170391830752,0
23,24,13,5368.296563028535,2,0,18.57803454675608,0
60,16,4,4029.301365617287,3,0,2.0859119345698325,0
55,60,4,7565.477301613244,2,0,10.92655830331816,0
59,65,4,3382.5462243648926,0,0,20.210466517965955,0
48,27,9,4177.662982428909,1,1,21.01957328448851,0
62,7,8,3659.715775172122,3,1,13.394684921811752,0
72,7,17,4002.7135708482624,2,0,0.0,0
50,24,13,2136.434195407299,1,0,9.104124913739046,0
43,33,10,3659.92357093636,1,1,25.8148400454686,0
23,38,10,1475.0542729549575,2,0,9.635433943371716,0
62,22,11,4123.721396554116,2,0,11.439808196306057,0
69,26,14,4298.855923321667,3,0,17.138653453825334,0
57,21,8,3141.8765382611255,0,1,7.553422147420975,0
67,37,11,2314.2331637574416,2,1,7.0660339434225525,0
67,50,8,2150.509160467533,0,0,11.937272355017516,0
63,4,7,1803.7231015284876,2,0,16.013263671840026,0
46,34,11,2191.3913602001303,3,0,9.441403160942798,0
23,47,2,7997.648261087691,6,0,16.904675412741227,0
18,48,7,4017.924341303606,1,2,23.13859944461246,0
29,41,7,3055.5158184978795,1,1,30.511491922700785,0
42,38,9,2191.9881499570447,1,0,9.872135716199937,0
60,49,13,3230.568586349762,2,1,21.553121069415532,0
43,27,5,4559.627607729362,2,1,13.799667834377516,0
19,41,10,4457.442259371467,0,1,22.97417558633406,0
29,23,13,5236.978037429174,1,0,10.011373396038348,0
73,32,12,5322.585709386121,2,1,32.21503594066952,0
74,9,6,3465.0185774670326,1,0,10.477273548491855,0
39,25,7,2239.127549739345,2,0,15.263253787522391,0
63,11,11,3069.196281369871,2,1,9.892145576609494,0
59,17,6,4915.608366191267,3,1,0.0,0
71,30,9,2321.2472213922365,2,1,9.243388271266133,0
68,36,9,7287.042355146865,2,0,4.597151870632656,0
53,67,9,2264.0569242671218,1,0,18.635999565166625,0
40,2,7,4412.94010003252,0,1,15.294778540239239,0
53,64,7,4026.5425722297396,2,0,11.829191776260275,0
36,24,6,4935.313599719945,2,1,24.98542581892037,0
37,52,6,300.0,1,1,12.299674891177064,0
52,49,7,5213.186026866525,1,0,22.890204053381623,0
50,69,6,2841.58459077943,1,0,22.499488847663056,0
51,8,4,1970.4547706172366,1,1,16.913597964795184,0
39,69,7,5242.243734297648,1,1,0.0,0
41,5,14,300.0,1,0,11.438790602350394,1
18,63,9,6955.6450902721135,1,1,7.036361843396299,0
52,47,13,3873.9405966154623,1,0,20.247413799604338,0
50,35,4,3234.6182257905175,2,0,14.692994643543146,0
71,29,4,1224.3622885530085,1,0,17.894212848842773,0
46,7,7,3017.5511106741656,3,1,9.124875752834027,0
44,57,9,5610.470858284707,1,1,18.81191322026828,0
21,52,6,3969.696431227318,0,0,21.5753578171767,0
29,67,7,4511.149126656094,1,0,33.120250876671676,0
37,52,11,5317.75474282307,1,0,24.238069950269022,0
39,68,8,1968.16548560194,3,0,12.989124036774445,0
38,63,12,581.2544239147674,3,1,25.806932773682256,0
40,31,10,1698.7158986549975,0,0,21.30932208319846,0
61,50,6,3446.9184970433244,1,0,8.766087592682576,0
25,19,4,3070.957085151694,6,3,23.824978648539613,0
36,57,7,3041.949283808261,1,2,16.232820166731045,0
27,44,11,4425.612963005104,4,0,14.975856115341982,0
35,32,6,2726.150778265172,2,1,22.803204917950378,0
57,45,9,1590.1253409123744,1,0,8.786703988440625,0
20,20,7,1726.6410080363398,2,0,0.0,0
37,45,7,4605.093435339596,3,0,8.375132984543647,0
19,34,5,5428.405905170948,0,1,14.575313494003334,0
72,23,9,6025.120388375781,2,0,11.0053491473035,0
59,70,10,2644.946008332013,2,0,22.384433570194705,0
31,5,7,3816.8953640611935,1,1,22.144730857186,0
29,54,9,4349.256400620327,3,2,12.833451916488766,0
23,15,9,4020.936284190679,3,1,21.22878514131377,0
44,16,10,4509.279187029522,4,2,11.534119917277511,0
60,11,10,4753.143659160915,1,1,27.181593372240254,0
51,8,6,2123.7690536360988,2,0,30.44393655610301,0
68,9,8,2382.2266702966126,0,0,10.830923798078427,0
37,60,4,4268.288555748932,2,1,3.282652610400845,0
33,66,13,1713.2100896136008,0,0,9.862697735081081,0
45,42,8,2379.7007209327276,1,0,25.804689650165425,0
29,1,6,3779.345339524444,0,0,1.1242782086677678,0
73,62,5,2614.6782115451133,2,1,19.083923930926385,0
28,43,6,4138.558820940236,1,0,7.22485086572091,0
45,37,8,2235.6239955817555,1,0,4.529408968695032,0
47,68,9,300.0,1,1,21.489260967126487,0
21,30,8,4027.6676769530777,1,1,15.450385919297862,0
44,26,7,3368.6599288527223,0,0,25.38588035247607,0
43,56,8,5761.560058204566,1,1,27.214647530001685,0
32,38,0,2828.242608223146,0,0,9.748539907800676,0
25,51,6,3647.696319112143,2,0,14.06141417277149,0
20,50,13,2774.6066615377963,4,0,17.88654707918215,0
18,60,9,2225.587153132763,4,0,9.98633863484275,0
45,23,11,2629.2782032984583,0,1,22.658999147140513,0
23,6,12,1731.0263449191666,1,0,17.333282749666704,0
72,34,8,3721.7990933542574,2,0,12.790454928097027,0
31,46,8,3684.2403365477594,1,0,12.96757428202783,0
55,59,10,1760.8390995019358,0,1,26.17145470730739,0
56,19,6,5009.667846470274,1,1,11.39874703979046,0
46,53,5,2184.9270012423985,3,0,25.560013368312433,0
68,60,7,3454.8590300851447,0,1,16.129334980123797,0
24,58,7,4988.7072042421005,1,2,0.5392950159706604,0
31,58,9,5816.750213160816,2,3,1.1226795291665663,0
32,71,10,300.0,0,1,11.957348950822123,0
25,47,6,5046.279883573448,3,1,18.934876081212725,0
34,27,7,3924.314700646268,4,0,16.7642847132003,0
35,31,9,4359.42398569759,1,1,12.22242348987805,0
61,54,7,2609.565661792276,3,1,15.260472505827662,0
35,17,7,4757.113161506302,0,0,20.881472650196184,0
67,43,8,5384.2185716564545,1,0,0.0,0
62,41,12,4505.424620523073,0,0,14.30254762339257,0
69,48,10,4995.848913456197,0,3,13.350115184331912,0
23,30,6,6861.207084393665,0,0,22.840848968789636,0
74,53,12,5985.290504070694,2,0,13.488542887619172,0
52,6,12,2281.6683381491607,2,0,2.632216153202215,0
73,54,5,4738.740458011206,1,1,22.241526848746467,0
38,58,11,5463.776232812193,4,1,6.891464963322582,0
72,63,6,4031.9721499308025,1,0,11.512528033390012,0
51,66,8,4638.293423712347,2,3,5.639448769423055,0
22,25,8,705.8418568617772,1,0,12.81413495774133,0
41,4,10,3366.454100075282,2,2,16.248965719832814,0
25,47,2,2983.034509311485,0,0,4.191196936984408,0
71,7,13,1740.4764184763605,0,1,24.66350467637755,0
35,20,8,5207.477710272289,3,0,5.2076202348187035,0
30,50,6,1321.0756831733115,1,0,25.215592524494532,0
49,43,6,5142.638326188152,2,1,18.33603120527434,0
42,44,6,3200.4892270799282,3,2,0.0,0
23,54,9,5531.292201505425,1,1,20.90143718144471,0
64,12,8,4171.801778828471,2,1,13.433442632919318,0
66,57,7,3740.0567910702493,3,0,24.420379334276923,0
60,42,6,3407.8725242394835,4,0,5.885051107619525,0
53,30,7,2646.029538820648,2,1,12.758124877278139,0
40,33,5,3888.881486517194,2,0,1.2729759579582733,1
48,37,9,300.0,2,1,19.429685185628323,0
47,40,8,2934.964472102025,0,0,27.85632474758999,0
27,24,10,4623.5006728362305,0,2,19.47340358810353,0
22,16,5,3314.9726426665125,4,0,19.550371290147435,0
32,13,5,5089.05039160626,3,0,13.493377534473149,0
43,25,11,2052.086541583486,1,2,14.716942857738744,0
27,19,4,1677.3820824573247,1,3,19.67702070770399,0
24,37,5,3716.2401739287297,0,0,17.844622766360565,0
66,65,15,2405.5837361907934,1,0,15.091928841671562,0
39,8,6,4513.345237336965,0,0,6.6922303192893455,0
51,22,6,2629.8510465218096,0,1,16.947502302876376,0
47,4,7,3863.420429228784,1,1,6.45449674798509,0
59,70,6,300.0,0,2,4.678137671554955,0
60,50,11,2923.018910972636,3,0,23.476348485531936,0
34,18,7,2940.7671887097845,2,1,11.802278036182443,0
66,30,9,356.53047165063344,0,1,24.229591631376323,0
39,52,7,3911.690794560127,0,0,15.365569704204507,0
65,68,3,3265.975373135465,1,1,25.075677293028733,0
41,41,9,1990.7060518749072,1,2,19.598191403680886,0
24,20,3,5813.992016155061,0,1,15.50005673635754,0
61,50,3,1708.2277983409408,0,1,19.97342722291501,0
19,49,6,5133.101306109699,2,0,15.155532019969211,0
62,46,5,3303.6758939196948,0,1,21.899020245060477,0
20,4,10,5187.94369413465,2,0,17.28886874422226,0
29,51,4,4510.791234479219,1,0,5.2257686562130505,0
52,2,8,300.0,0,1,2.1592935373756994,0
71,65,4,1650.062737488663,0,0,2.7825593913557576,0
41,63,13,2002.639571204732,1,0,23.98794944559711,0
24,41,7,7702.635020613013,1,1,11.327792745698346,0
31,46,5,5344.919247168843,0,1,21.912129208686054,0
69,5,7,6156.99729007968,2,0,12.222977949160509,0
59,63,14,1468.5868460600664,0,1,24.21908363444611,0
23,20,12,3864.682043310353,2,1,18.81054996193095,0
39,19,10,2182.236593854683,2,0,29.599696024759787,1
33,51,10,6351.577265644126,0,1,15.099033217976775,0
28,67,8,4398.665521257524,3,1,24.95552575971807,0
66,36,5,3087.8553082915896,2,0,18.43413367687376,0
53,37,7,2314.0514484988335,2,0,19.643906472432185,0
28,39,8,4710.411376851545,1,0,8.895957488742074,0
55,21,8,4148.28588146493,1,2,7.846054470893413,0
41,43,7,2918.384584328388,0,0,24.5067526547385,1
21,69,7,2145.8659078506416,2,1,19.460141496022647,0
43,28,4,4697.096701478849,5,0,13.071242397200606,0
28,55,8,3431.804738627329,7,1,15.42863426339014,0
31,55,11,2323.2378280688617,1,0,2.375282575134264,0
68,61,13,3901.6063964286923,3,2,20.068134054692845,0
58,52,8,4838.984836050139,3,0,31.87023187986315,1
25,66,5,3519.7187474932434,2,0,0.0,0
66,51,8,4679.626916254069,2,0,5.687084429082619,0
50,70,8,1921.6122312482917,2,0,14.71405986670769,0
67,51,5,6168.781279468115,2,0,23.804981712328715,0
60,60,4,1991.58679257174,2,0,12.635017626090033,0
37,64,9,4512.053184816754,2,0,24.044038636953648,0
48,70,12,3280.4950096815237,1,0,3.4375926361426057,0
48,43,9,1817.33582045129,2,0,10.583717245316802,0
59,51,6,2844.1842780616453,3,1,19.11866823270951,0
32,69,7,6654.732009258954,2,0,25.676836203902788,0
36,27,6,1757.2959895529295,3,0,4.54556249693513,0
31,9,6,1767.3978173252176,4,0,24.849314858330455,0
34,63,9,1933.87452456124,1,0,34.874127543313776,0
27,45,12,5288.398443335134,3,2,15.75448045027407,0
20,31,7,3826.87560640327,2,0,8.698249152323275,0
71,51,10,2772.9102189554437,1,0,17.642693780595152,0
22,3,8,2980.8750815042586,0,0,9.576104114001385,0
68,34,3,2698.0502478269727,1,2,5.519402062591455,0
18,19,6,3148.1751108457884,2,0,4.267213264855863,0
62,21,9,1575.2462257100399,1,3,5.774097790346971,0
36,69,8,1034.459388907158,4,0,20.611608482555486,0
47,40,7,3915.792405962455,2,1,16.374754029805768,0
34,10,8,2384.677984902129,1,0,14.700899839031111,0
45,26,7,4246.111084245187,1,1,27.2982427310168,0
43,18,11,3802.649620357957,1,1,14.88135475861899,0
48,65,8,5595.325221263698,1,0,11.810602479263235,0
40,21,12,3781.1067134401683,1,0,7.591851244738134,0
48,26,11,4564.233995376325,1,0,17.95158124545317,0
65,24,11,2500.8915007361693,1,1,20.576217051026923,0
42,13,11,455.49836083285936,2,0,12.11728895240439,0
38,56,13,3029.9555546300257,0,0,27.786028393819567,0
25,41,5,2549.956822399971,1,1,5.575435256883617,0
38,32,8,1750.9707088844468,0,0,8.528377650979916,0
25,29,9,5006.902476153635,0,2,36.97086204421407,0
28,48,9,2917.3679074091615,2,1,17.73828128173394,0
72,7,5,4103.120487587499,1,0,3.45095424004119,0
23,67,11,1431.3785115248606,2,0,6.637929239118655,0
45,41,8,3839.788981881764,3,0,17.26464368173761,0
65,17,8,5219.113247603471,2,0,12.77084361903673,0
72,39,6,7083.398206497441,0,0,18.24364598445525,0
26,61,13,1002.1397648874845,2,1,19.152293422484284,0
27,13,6,4033.346727636851,2,0,13.508525109175242,0
39,38,12,944.7165307766049,0,0,0.0,0
49,43,11,1280.5090327815474,1,1,6.731053654799281,0
72,58,12,4001.404031648092,0,1,11.796730480604506,0
29,41,8,4231.244388461407,0,0,12.880539180132702,0
27,53,12,4868.163810126139,4,0,21.368279282964828,0
32,55,8,3251.1577358533887,2,0,24.37714184792067,0
67,64,8,5638.0237515395365,1,0,5.669218879485914,0
19,26,4,4861.984000273653,2,0,0.0,0
39,50,5,3363.442978236901,1,1,15.484435667293479,0
24,18,10,4787.264195068883,2,0,14.774509993869618,0
26,60,9,2858.4921776901347,2,2,18.119133851679337,0
70,68,11,5457.227041039852,0,1,17.095421655452594,0
18,21,14,3967.1989256158013,1,0,0.27868325607376043,0
36,40,8,3052.1578440181,4,3,16.465817579946105,0
70,59,5,2207.704229226504,2,0,8.051415827269278,0
52,2,2,3108.9529342840333,2,0,9.065302048377568,0
22,51,5,4069.218280274861,2,1,7.847251665097715,0
44,59,15,3500.8634447340473,2,3,17.782857327131275,0
73,62,7,4785.949494247792,2,0,18.304106425117403,0
40,14,8,2924.3839527192754,0,1,0.0,0
48,54,6,4473.299021269542,0,0,2.534839946434273,0
48,56,11,300.0,1,3,14.491685117934834,0
55,1,8,3008.895412212168,1,2,18.037785255266876,0
28,51,7,2888.38875362565,1,1,24.880409883487538,0
65,45,8,300.0,1,0,10.573548038171833,1
74,69,5,5259.12583554457,0,1,16.937456659820384,1
26,4,13,3439.968338907434,2,0,17.851367894290966,0
64,69,8,4362.850103397448,0,0,7.7426540702698,0
64,41,11,2773.062420987493,2,0,10.326205260954865,0
60,20,6,4951.78179775772,0,1,9.91993515833203,0
39,28,9,3665.534679759941,2,0,21.218589201709783,0
44,55,10,4623.763525801168,1,1,21.330556407133557,0
65,71,3,3769.812623231322,2,1,19.63642227068755,0
26,23,9,4364.3587824723745,2,1,23.109694509359734,0
65,70,12,3686.40387664028,2,0,17.26743907662474,0
70,45,7,4198.260744022532,2,1,7.388530094981257,0
56,14,5,3637.5235447192335,0,2,9.668292969494612,0
37,43,15,696.0581390153543,0,0,25.109477254898678,0
49,57,4,882.4841148860532,0,1,13.855027136331664,0
20,4,8,2587.2339043391894,1,0,13.681859081193915,0
71,6,8,5479.926679868578,2,2,4.816226901729559,0
37,1,5,3488.1895347982963,1,0,7.163399262157981,0
21,41,7,1093.5729881348334,1,1,12.662697087465906,0
63,5,6,2973.423569444074,1,2,21.437589927165593,0
55,67,3,2715.9346783184787,1,2,13.876132588394803,0
53,10,6,3098.9546954764483,1,0,0.0,0
21,6,6,4807.009081486349,3,0,16.02166067194422,0
60,19,8,4430.443701040604,0,0,19.594041245380264,0
54,55,4,5359.99183961669,1,1,21.946453413942873,0
63,65,6,3044.1041452281884,3,0,14.26686155679956,0
65,18,13,4192.084567872162,4,1,10.161399534689048,0
30,37,5,5273.196581530407,0,0,6.629138612507759,0
30,55,10,3371.8025946617045,0,0,19.245928984036404,0
70,57,10,300.0,1,1,13.886162439215742,0
48,11,7,2910.367828747336,0,1,4.342319365739559,0
42,60,7,6637.522771876967,3,1,17.078401348842295,0
34,62,12,4044.4762061818496,3,0,18.276795822674455,0
54,53,7,3599.6905424734814,1,0,17.666753077386115,0
60,38,4,2411.441023145617,1,0,21.491479385377797,0
18,28,3,2605.2167797577586,3,0,0.0,0
49,64,7,3740.079768171039,2,1,13.645720367679601,0
74,62,5,4963.317608728385,2,0,6.629165315090651,0
33,37,9,882.220390390155,2,0,12.771250836450083,0
34,53,13,1621.4847939995634,1,0,21.19906824864765,0
68,29,3,4048.5730798218083,1,0,20.708087185618318,0
21,53,9,3643.518183624226,2,1,19.83573918244955,0
40,7,11,300.0,0,0,0.0,0
44,65,13,2783.8334992566474,0,2,22.7999192484758,0
63,37,5,5843.759688751254,7,0,19.187921981399096,0
25,43,5,3422.14318891516,4,2,24.210251941796372,0
42,14,2,1912.1806508938923,1,0,22.501214212093448,0
26,38,10,3212.098298050522,1,1,3.8005353511704083,0
62,1,7,5798.844806617981,1,1,2.4143030311020244,0
54,64,12,4445.962715666344,1,0,7.496216459876446,0
46,54,12,2160.5122868438657,2,1,11.500149921097544,0
40,33,6,4386.0132583687055,3,1,12.97894687205306,0
26,60,12,2881.0320767943135,2,1,31.91051464581293,0
70,58,7,1305.7823536807746,4,0,3.4711850619637286,0
54,9,5,5222.031984089146,2,2,11.744807869696707,0
36,4,7,4395.255216385865,3,0,16.999749332799794,0
41,19,10,1860.9752834508772,1,0,16.81164484600395,0
59,1,9,5140.463256551998,3,2,12.692184341967577,0
59,41,8,300.0,2,0,19.71300352658798,0
44,38,4,3451.350791971605,0,1,35.26687459133872,0
35,39,9,7430.330016857466,0,1,11.605775112987413,0
55,6,8,7111.714791558914,3,0,24.56820665917077,0
55,66,5,2946.6848072942003,4,0,12.56059753930252,0
52,70,8,8257.669951054293,0,1,4.7555677919590345,0
22,42,7,4557.078073208564,2,0,21.623017113372484,0
44,1,16,3139.4469423370065,2,1,21.923663194362817,0
52,29,8,3891.224489152706,2,0,20.7056921020935,0
72,51,4,2703.462470288743,0,0,32.6299948321498,0
47,54,11,4948.328415701693,1,0,2.188976225835553,0
37,18,13,2945.568952362749,3,0,20.313438368626276,0
49,59,6,4026.409974765089,0,0,6.747431817140853,0
28,69,4,3069.108000204017,2,0,16.59749607253647,0
23,37,8,528.8145528921864,1,1,10.82688804451622,0
56,28,7,2415.587847305047,0,1,18.13000452445349,0
74,38,6,3340.883438064728,1,3,15.917736106350242,0
66,2,10,3372.8150706420997,3,1,17.297048300720622,0
51,38,12,5041.565636931701,1,1,5.794305055057871,0
20,2,9,4580.090449101723,3,0,20.063341317825575,0
74,3,9,2884.421683972983,0,1,4.6476631285975145,0
43,40,8,2768.312847125565,2,2,20.39131827005234,0
34,37,8,3884.758918230722,2,1,12.872680267008592,0
68,71,14,3029.4527357233674,2,0,18.938363141827818,0
60,37,5,2722.5136537478993,3,1,4.538879496021918,0
60,70,12,2090.7690131722225,1,0,23.242193573070544,0
33,58,14,2888.1163443684536,2,1,9.789498988215023,0
74,24,10,4483.464140662941,2,1,11.322774845703774,0
43,66,9,1727.5208977630282,1,0,7.859537051622649,0
48,35,8,4441.813914980884,1,0,13.92653762667834,0
60,43,11,8420.484065482186,1,0,23.440217695044062,0
55,8,9,2621.3494155175267,0,0,18.82585272806653,0
27,16,7,3100.9734126887906,2,1,10.017488294768834,0
35,38,9,2741.2236777364797,0,0,20.574650749409326,0
38,20,8,4117.273557945067,5,1,17.59847868493534,0
72,43,5,2970.304656215483,4,0,20.603472859307853,0
58,6,9,3097.077178530674,3,1,2.3518785825941624,0
38,18,7,760.8729536556225,1,0,21.686169623763366,0
59,48,5,3070.6458505477476,1,2,7.754599146095543,0
60,44,13,1406.0130838532054,2,0,11.320787241341964,0
40,70,7,2176.407784461597,2,0,5.977925499262826,0
40,64,6,5646.908434001511,1,1,29.27338468123061,0
68,58,10,1943.4581479644287,2,1,18.933370363609672,0
50,1,8,2847.445960959958,2,1,24.726620058548953,0
26,43,8,4559.675325076078,1,0,14.820378007622544,0
59,17,7,3015.7913614972763,0,0,8.751546436980401,0
51,19,6,4543.078942366039,0,1,11.873973726518638,0
47,15,6,6558.346379978849,2,1,15.252699234104126,0
59,33,7,4322.433819106772,1,0,4.259584985098993,0
69,9,6,1255.5144580717829,0,1,10.365051777227645,0
36,38,4,5272.198120650104,3,0,4.986200611864662,0
41,12,9,2883.010313371371,1,0,3.091375176236019,0
28,36,7,300.0,1,1,17.05717180402454,0
54,45,6,1420.423965065846,1,1,32.153739329119986,0
40,13,6,3105.583600892654,1,0,22.939314576218358,0
37,8,7,4710.898396200129,5,0,23.02987554415356,0
57,58,8,2824.903228082012,1,0,13.586395363625327,0
41,53,15,3977.5901338762305,2,1,21.028814450718748,0
44,19,16,2696.045591362989,0,1,17.55681841853992,0
43,63,6,6838.127415912596,1,0,7.012736265702977,0
32,16,9,2227.055635875506,0,0,9.228299005877918,0
25,66,7,5978.90428185288,1,0,14.411457270857506,0
65,9,8,3455.9247469964207,1,0,23.144618340997432,0
23,47,7,4224.799354434568,2,0,26.050127750647825,0
36,2,10,300.0,1,1,21.27735172100749,0
56,15,7,6372.759545116801,1,0,34.67695545380971,0
25,29,7,1762.8486272717278,2,1,13.931504064058943,0
55,7,9,4732.60521494979,0,0,10.280327655042537,0
59,33,7,2334.6538234699437,1,1,10.2158002368786,0
55,17,11,1056.667011326747,4,0,14.445898538038612,0
35,8,12,5122.588085046301,1,0,3.771784334422387,0
19,69,6,2521.9990426369677,0,1,7.739411993962041,1
68,70,14,3293.3391164248155,1,0,18.840913396774738,0
36,69,7,2953.6902512544834,1,0,23.74326535415272,0
63,11,8,300.0,1,1,7.768356848953034,0
29,28,5,1317.9226700465447,0,1,3.548235178652991,0
27,24,8,300.0,3,0,6.740789866678899,0
62,24,10,1832.8733405635244,0,0,15.34081680765098,0
71,30,11,6309.910591479367,1,1,17.878225122180854,0
67,37,8,5681.8843765055435,0,1,29.24796952911774,0
60,35,11,6932.766608620186,0,0,13.274797981471364,0
32,21,5,5278.39705494232,2,1,0.0,0
70,70,7,4065.4342742653976,2,0,23.065897095956867,0
56,70,10,6182.981698120682,0,0,20.54624680287532,0
27,24,6,2636.001686340578,0,0,16.686065694556568,0
25,16,9,6225.193637528608,2,0,14.693806396303408,0
67,38,9,3639.3431270682163,0,1,27.263621020232083,0
33,27,13,3542.4276287886773,3,0,19.517694596431735,0
61,71,6,3589.307520777275,2,0,10.113508784013023,0
25,31,7,5978.787470974681,1,1,8.814016964122061,0
33,3,4,7204.730974944678,1,1,15.354471436262981,0
34,9,7,1229.5290295724812,3,1,21.30509397657795,0
34,6,5,5310.491616421401,1,1,3.8935835248335593,0
56,28,4,3042.106966102029,3,1,0.9784652588257661,0
70,23,6,3443.5199255621797,0,0,8.408386670073783,0
69,61,3,3623.2382970341614,1,0,0.0,0
60,64,3,5287.245280758316,3,0,5.8041495498038955,0
29,10,6,1087.3697823885045,1,0,29.958838634728764,0
72,68,7,1061.9325537854043,3,0,19.057247738848496,0
48,42,12,3638.385329081694,3,0,20.344685676862817,1
49,22,9,869.9340549833041,1,0,15.03962390228088,0
57,29,10,3835.931016432654,1,0,9.044843645433847,0
61,32,3,5306.318068126524,2,2,11.472124747623576,0
72,13,14,4274.261242682693,1,0,0.4813508449797599,0
51,62,4,4196.665887052687,2,0,21.937157154867897,0
52,1,12,2005.5570227118121,1,2,12.82332255434401,0
60,5,9,6475.208066634121,3,0,9.458761857000443,0
32,20,10,5828.59820204073,1,1,10.062149158468229,0
35,11,11,5897.59010924697,1,0,26.00606767689534,0
53,5,9,4559.3074962691335,4,0,3.349467820960614,0
21,28,9,1735.6781087718061,2,1,17.103740792704905,0
36,27,5,1181.9423546434646,4,0,10.409823123934515,0
58,9,10,5663.607985358098,3,3,19.15584628472561,0
73,58,9,2629.5005033884545,3,0,10.700973320472155,0
47,63,14,976.8594129608923,2,2,7.642834536028714,0
40,52,7,300.0,3,3,23.03597289544213,0
43,38,11,5423.268128152972,0,1,8.99622972241377,0
57,68,4,5516.557016306945,0,1,21.05998506951127,0
49,25,8,7504.597344916854,7,0,19.23252675288011,0
19,31,10,3894.2241813595974,0,0,25.937588098162458,0
48,2,12,3683.9327232906217,3,0,10.005178489627543,0
40,51,7,300.0,1,1,14.521555363541319,0
57,7,7,5415.047745643855,4,1,1.9269172981259626,0
67,48,3,3156.4323641387814,2,0,10.11504418320367,0
72,56,13,3427.462046340813,3,2,9.110544102740594,0
52,16,7,2034.6800123510616,1,1,0.8653858862554547,0
38,44,7,3350.417484869491,1,1,11.142339637456523,0
43,22,13,4090.0291608293774,1,1,7.1445831643655335,0
28,29,10,2869.801161875658,2,1,14.068141492426681,0
71,38,4,950.161671490006,0,0,18.729068902667862,0
66,18,17,4985.835965914357,5,3,19.395278890322807,0
66,57,10,4347.504264420254,0,1,16.29782937657842,0
36,29,9,2991.9483858314015,3,4,18.1953950376082,0
36,33,11,6047.6026385663245,2,0,15.850138659213938,0
66,58,7,3062.6768896740905,2,0,0.8969660468718121,0
49,17,7,3860.010606406364,3,1,14.573331718011653,0
58,33,5,300.0,1,2,15.961840304745357,0
45,71,11,2028.8282812770733,0,0,14.539269867386476,0
43,29,9,4240.189431624034,3,0,22.858390476316384,0
54,9,6,2996.591771420439,2,0,12.811727074497734,0
64,21,2,4562.770128559011,0,0,17.964893595333034,0
37,68,7,300.0,2,0,22.14719519713462,0
64,54,9,4639.475928164333,2,1,11.372693800571477,0
31,58,7,3217.705149628248,0,1,25.62876373780641,0
40,19,8,5982.426440983874,1,0,14.798063181428146,0
70,60,4,3283.6355177900614,1,1,10.870251080634365,0
72,28,7,4584.768359911666,2,0,14.081736785098629,0
70,57,7,4555.882124508542,2,1,11.074357314589665,0
36,63,7,5212.09330875001,2,0,17.429757579793666,0
66,15,9,4087.0449734385384,1,1,22.504093839334583,0
71,67,3,3532.777034424352,0,1,22.495222348809904,0
73,45,3,3157.3109834343363,1,0,1.2247675797362803,0
19,52,9,5424.201933515908,0,1,25.306389604923297,0
60,54,8,2951.0057458947813,1,1,20.183083425237825,0
74,12,10,2483.2720376056377,2,3,9.20590695148826,0
61,53,7,4859.298150052269,0,1,3.775981784897235,0
31,16,5,5548.697580946519,2,1,7.189995768136499,0
61,20,6,6316.136765711473,0,0,21.67772535978444,0
23,9,1,6495.415469844727,3,1,23.821993761998893,0
45,13,8,3842.969177721332,0,1,20.61453478554727,0
53,70,4,4682.483689654497,3,2,18.761376867390787,0
44,24,4,7328.409033435095,3,1,19.094146313154233,0
57,28,13,5368.964652989328,1,0,0.29404424931308526,0
31,35,8,6433.668841320028,1,2,11.936728299908435,0
52,51,11,5262.775100232943,1,1,23.13490908197509,0
54,41,4,2131.0795823824474,0,0,22.26959673356012,0
54,39,14,3097.111198954376,3,0,31.514323888843734,0
34,60,6,634.05534642579,1,1,16.171383583808574,0
35,36,8,3109.3317296480654,1,1,17.28860411786156,0
32,55,11,2482.177516390667,1,0,26.51940822033874,0
44,65,7,2324.251271655528,0,0,15.488910037400188,0
51,49,8,3109.095693989765,2,1,17.966277608505436,0
38,3,6,1979.5548996130808,0,0,16.055480415721473,0
41,19,9,1375.7942915050235,3,0,6.304908253285481,0
34,44,4,5339.816160621894,0,0,15.351535008149483,0
30,35,7,2427.6907900605024,1,0,20.120533839388514,0
55,21,8,3036.1748049513035,1,0,13.478138003003004,0
64,24,12,5725.176058756391,2,1,16.070588401129513,0
34,6,8,2139.2040556709126,2,0,26.659258640964268,0
67,17,10,4888.563664614685,2,2,4.606058736436612,0
50,56,9,1231.386164618194,0,0,19.843434907484742,0
27,1,11,3733.2791203681236,4,2,21.458568030733375,0
38,60,7,4659.77395210931,0,0,4.794642611598796,0
18,25,8,2435.0240670415146,0,0,24.13764107477901,0
20,58,7,5374.72499765084,2,1,39.0052616585604,0
37,19,8,4441.539780646587,0,0,25.429734051163777,0
43,59,10,4140.725515812159,2,1,29.480164519412444,0
63,41,11,5509.753544285886,0,1,4.987656278456134,0
25,61,8,5041.35222028189,1,2,21.260776174745057,0
65,5,10,3477.018297627851,3,0,17.956582913596968,0
31,57,8,790.8454850233493,4,0,11.503552837084332,0
25,20,11,6962.359734012879,0,1,30.938645223652387,0
57,26,6,2572.01702619886,0,0,11.363861438800697,0
62,4,11,300.0,2,0,7.491093231025333,0
52,68,5,6487.055706071302,1,0,17.214045287574656,0
24,46,4,4619.070379164682,2,1,8.70741560213147,0
24,70,7,3570.3957407921775,4,0,26.978851836314156,0
40,41,8,3400.6134459559285,4,3,0.0,0
43,12,8,5120.200294384649,1,2,12.238194447957065,0
74,24,11,7520.705687714857,2,1,0.0,0
34,32,5,2823.432893664863,5,0,18.10107367835724,1
28,11,9,2044.2717177967818,5,1,23.885622349256657,0
71,67,9,3106.409612540454,0,0,19.054639967574634,0
26,69,11,1026.994510060169,0,0,24.00477730634777,0
19,41,9,3249.1153351213134,3,1,4.803479192959438,0
42,42,11,5764.32124934358,1,0,15.846737582570928,0
40,50,6,3844.4125385265143,4,1,14.869675768778416,0
53,49,10,4312.043431023133,1,1,13.283960705604311,0
68,5,5,5327.993267632363,2,2,8.050342751677466,0
71,38,10,3003.190024936503,6,0,19.771646856009333,1
34,56,8,1439.9717509350571,1,0,3.7769548847834535,0
73,58,7,3184.895981805983,2,0,14.921124601943845,0
54,43,8,3263.716095421545,2,0,16.18266723998583,0
21,64,9,4973.132058593832,1,1,11.907406264515057,0
71,42,5,4864.536673699649,0,0,3.7478217638573152,0
25,28,7,300.0,2,0,17.536188887445476,0
51,32,3,692.2324282445402,1,0,18.700567940511085,0
63,49,6,5576.13062541528,4,0,11.16435103387938,0
32,63,12,1391.3322721967447,0,0,15.658190725791972,0
33,17,4,5355.256963799137,3,0,8.082929376748254,0
45,21,14,300.0,0,1,26.910797197127394,0
68,47,6,6731.31831457331,3,0,32.9979707870994,0
30,55,4,3617.1785087470316,1,1,17.968044323559997,0
55,29,4,5593.818247309102,6,4,20.9050879023821,1
43,46,6,3831.8787155159657,1,1,28.440990042973368,0
24,1,9,6268.942939749262,1,1,17.810039042822353,0
58,21,6,6186.550831889703,1,0,26.242963523205987,0
65,68,5,3320.072707050356,1,2,5.073189175105982,0
50,41,9,878.9574041911483,3,0,0.0,0
28,62,3,434.48744115560476,2,2,20.78660763762719,0
26,16,11,1813.0673302399607,0,1,22.95323100344821,0
42,21,10,1920.7841035890456,0,0,11.18308986652222,0
46,70,5,6280.711982381088,1,1,8.198311405881181,0
49,71,2,2566.3938393482463,1,0,16.23034022841663,0
31,63,5,4183.558304375458,2,0,11.502340540294757,0
46,23,6,832.0956600305435,1,2,26.877360320895328,0
34,57,9,2943.233368156051,0,2,0.26305312011550086,0
57,33,11,3597.2240436430843,0,0,13.215179887572885,0
63,60,12,3474.152103589624,0,0,14.017311616996544,0
55,61,6,1186.331035796854,7,1,8.190315245292641,0
18,31,9,4718.016740851589,0,0,18.91917756119341,0
74,22,3,4996.860759450726,2,1,14.032762808527739,0
19,70,3,3015.674003812616,2,2,26.58323718125852,0
74,32,8,300.0,0,2,31.043665086366925,0
19,31,9,4642.335554927224,3,0,0.0,0
47,48,10,4027.9586680695693,2,0,20.186910861312793,0
24,67,8,5979.938953920193,4,1,8.207104837782307,0
23,10,8,1600.6873999740133,3,1,29.27168868807555,1
56,70,16,6687.455308036786,0,0,17.187228606536454,0
59,30,10,2565.542051293848,2,1,6.070993633922551,0
24,2,3,7544.922913056959,4,1,9.339974110372607,0
73,22,7,2202.9277970138974,0,2,5.940128190891118,0
36,33,8,4241.336771838755,2,1,18.208660529675825,0
36,49,9,325.25579106619807,0,1,1.9505644249536367,0
34,41,6,3083.7196115149736,1,2,11.918399448943733,0
44,10,7,3179.1262246375063,1,3,1.207461155271055,0
28,35,6,4235.888816826801,0,0,22.079953492464103,0
42,17,9,2854.0763553066554,0,1,12.929869717806975,0
29,20,9,3173.5331680688305,3,2,18.244879010499798,0
20,51,10,5529.771279343334,2,0,14.39347746233775,0
39,58,6,2278.3522517244105,5,0,1.3054298365413572,0
56,12,8,2733.7452148918446,2,0,11.181240501320094,0
61,43,8,4240.785248426237,2,0,15.585212524295383,0
38,30,8,3658.315918163059,2,0,8.912153939856111,0
36,24,7,3229.895447238609,2,1,3.741003697725926,0
62,51,8,3616.7407962742054,1,0,32.830380019723876,0
56,18,8,1061.0900244999398,1,2,5.104279301336881,0
65,55,6,7022.231946134008,2,0,8.55900487561606,0
69,29,6,2545.0404625595934,0,1,15.628144052600693,0
64,7,6,1852.2224990439083,2,1,12.555887277033259,0
71,57,12,3904.142747447283,2,1,18.50690090182427,0
41,61,8,1399.818584253927,0,1,9.008625518341944,0
40,40,12,2799.739011640191,3,3,12.73494369904811,0
36,52,7,5700.361560160369,1,0,19.671771758781148,0
31,11,11,3542.9471591707756,1,2,16.65307053384873,0
60,25,14,2159.6284288485294,1,1,24.554214921647525,0
58,25,8,1395.89303804884,2,1,15.84603438471655,0
63,55,11,4108.593397380355,0,0,12.749518555112012,0
27,25,9,1855.0666254238577,0,0,24.216404433589034,0
46,52,6,1781.987338909708,1,0,9.550684947224198,0
30,22,11,4102.428983299669,2,2,13.372173084937263,0
68,43,6,5028.81312120064,0,0,13.571394385506164,0
33,15,9,2170.280096450474,2,0,20.304032337286632,0
26,40,12,725.3593954249,0,0,22.633677332977317,0
50,6,7,2825.422558852832,0,0,14.08754520470325,0
68,53,9,4599.319648994348,1,2,13.461850344125727,1
70,3,9,4099.735667444808,0,1,13.713907470993226,0
23,71,11,2242.8325927414535,1,1,16.813863808536965,0
36,60,7,4162.306763042882,1,2,18.574616047621397,0
26,42,6,2234.445419240488,0,2,21.346575040640523,0
35,65,8,1523.363975209103,2,0,1.7832927243276675,0
48,58,13,6103.5399692978235,1,0,10.26334119214291,0
33,11,13,5604.931141352222,2,0,23.517108758061152,0
21,53,12,1835.0648341527888,2,0,5.455709871793722,0
47,27,12,4413.534900447028,1,1,4.4544007416154585,1
21,61,6,1043.8918355182182,0,0,18.721960009995012,0
30,62,7,6102.979548950774,1,0,2.6498245274405186,0
18,68,4,4654.634363980576,1,1,20.367382515256487,0
22,33,5,3882.1207207088723,2,0,22.628167571904118,0
42,14,10,1068.5154268097976,1,1,26.66062611339602,1
66,9,4,5449.332904584501,3,4,18.128607298658483,0
62,12,7,4092.3090680931195,2,1,17.72692343653771,0
23,71,10,4428.678534629309,3,0,0.0,0
19,42,10,5614.755380780853,1,1,10.843090197352378,0
37,25,9,4578.797906713762,2,0,25.752179255185247,0
55,32,5,1256.2975689387285,4,1,5.728206043522075,0
60,13,6,5531.926671510869,0,0,9.27450776769799,0
64,41,4,2107.0868397951062,1,2,19.1029009202651,0
37,31,8,2934.98228242039,2,1,21.149347048368405,0
27,57,4,2878.783248383627,0,0,19.74803613902857,0
19,2,13,1098.3847297247676,1,0,20.862666620376835,0
26,67,7,2095.4849221099066,2,1,24.367681070389317,0
21,5,7,1519.5232417531358,1,3,21.954311738569093,0
67,30,4,1611.5447257827168,0,0,25.069448767690346,0
33,25,6,3293.7121405866574,0,0,13.378053376639444,0
64,51,7,4933.421522165572,2,2,10.418380982444468,0
49,47,7,6883.570823924811,0,0,28.71768098755089,0
48,14,11,4501.042543954892,1,3,16.28873549991729,0
43,35,8,6531.584667851117,2,1,18.7698018478339,0
64,38,5,1362.5752178878092,0,1,12.105847103220437,0
20,33,6,6674.149149258847,2,1,3.3461732592859903,0
23,2,6,2930.560770725434,1,0,23.45992936098438,0
42,13,6,7499.693969691469,2,0,21.914871552737477,0
40,36,4,1755.1692036420957,0,0,21.1227644520378,0
49,19,4,5427.8855076006885,4,0,4.367961176457943,0
60,39,6,1340.1262043950796,0,1,16.117136042355295,0
51,12,9,1464.0199205059598,0,0,23.275347786033205,0
32,53,6,7518.4649129726995,3,0,5.710283260342608,0
36,14,12,1959.3993295215494,1,1,7.382417298089124,0
60,47,9,3947.167775179847,4,0,17.466647502288637,0
29,60,8,1389.1721013138408,3,0,6.191995374028849,0
46,26,8,3562.1650970131527,0,2,0.0,0
48,10,9,7157.187279505374,1,0,11.115094634621524,0
60,1,8,4009.4456774841806,0,1,8.571600179768588,0
58,26,7,2539.634721493924,1,1,19.433462770196492,0
44,9,8,2790.5409838458163,0,1,22.563860448161,0
35,63,7,3280.6211020989995,0,0,9.366980420305666,0
38,70,9,3585.320048869957,1,0,34.83804907143056,0
41,70,13,4225.784694345815,0,0,17.7359390550402,0
30,66,10,4935.64445671901,0,0,8.944269850834473,0
53,42,9,2370.323838531491,1,0,20.09126942909341,0
29,24,7,4580.068453108786,2,0,18.51517033558589,0
54,32,9,483.160495964888,1,0,19.27606641692813,0
60,19,3,3856.1720308624276,1,3,28.207046710115254,0
72,60,8,2149.6804166179963,1,2,6.5430906452748445,1
24,31,6,3195.2181548624917,0,1,20.529793132780235,1
61,28,10,4429.029896300321,1,0,15.65538590254463,0
22,49,6,5976.835163581265,0,0,0.3062300417023316,0
37,27,3,3004.8327221559257,0,0,2.373948797811499,0
28,26,4,4132.548306602575,1,1,24.77021188475402,0
27,17,13,3859.5783579983413,5,0,21.846759332680826,0
27,5,8,305.5631922587095,4,0,28.03659504951515,0
20,3,11,3976.161738560854,0,1,17.268041200532377,0
64,29,8,7172.095544741741,1,1,0.0,0
21,71,4,5208.083227858225,2,1,12.909484679893422,0
40,19,5,2788.70191622404,2,0,13.278486761700144,0
57,46,8,2756.1201731008223,4,0,14.285950467451983,0
74,24,6,2483.89493257949,3,1,6.5418894056005055,0
66,22,8,4673.14744766651,0,0,26.440652148517216,0
25,12,5,3625.872956027118,0,0,7.751665554599978,0
74,41,7,858.428592553978,2,1,15.268218492741402,0
55,47,11,4733.265678154459,2,0,8.548962726472485,0
28,25,9,4510.815138675958,2,2,20.66491853553345,0
43,38,7,3510.994660277919,3,1,4.286966306944631,0
70,34,7,3892.7005537494774,0,0,3.7189259092525386,0
40,20,11,1985.7625989862574,2,0,23.38843792007601,0
28,50,9,6218.283582710875,1,0,18.746635072508163,0
67,40,6,882.2467289760621,1,2,29.180708398229598,0
72,5,10,3412.9498905133346,2,2,16.900758725036567,0
73,35,8,3538.8072408818466,1,0,17.281440302108127,0
72,28,4,2813.52426737818,4,0,7.253801633883784,0
67,57,15,3619.5155544550407,2,2,24.99817858058963,0
43,22,10,1719.6532898201312,0,2,23.22831126777126,0
28,68,7,2492.4576258936822,0,0,23.42372726648999,0
53,44,7,1756.2652212511996,3,0,17.708974165574674,0
30,10,6,3176.5638178054496,0,0,10.968694904668693,0
44,29,9,6056.188060281311,3,2,15.40023669739965,0
55,63,7,4443.386711346163,0,1,17.259083913197518,0
71,19,4,1221.5100518309355,1,0,13.95855609268612,0
34,51,10,3040.4882731470225,2,0,12.716861302914701,0
32,56,6,3450.0747484164485,2,0,21.718148075395273,0
59,50,11,2305.3522677645005,2,0,24.123140336613865,0
18,7,8,2681.7887754813846,1,1,7.7994567425975765,0
50,27,6,5827.806629615031,2,2,16.93178645145414,0
60,25,11,448.9341437977846,2,1,28.631153484333158,0
49,25,9,4263.458483955481,0,1,9.567569193632787,0
39,63,5,300.0,2,0,13.035021316637861,0
65,1,10,4030.2478223902162,0,1,8.95404317186189,0
39,39,14,1948.6240382327292,2,5,14.59656240755242,0
58,70,9,4656.311395394788,1,0,17.83375609459553,0
44,63,7,7034.835320089133,0,0,16.210517012646864,0
19,44,2,3403.2518946614027,5,2,22.378810912683885,0
48,71,10,5902.010555615418,2,0,16.19694392410274,0
20,29,7,4746.475389034078,0,0,18.54513406138761,0
71,44,6,4327.7985293893,4,0,11.68915027122811,0
52,39,15,1613.3045451727025,1,0,6.201879500188383,0
39,4,6,5498.188047825578,1,2,30.741948883871554,0
45,3,2,4267.640288849824,1,0,20.754627231677688,0
53,64,8,1625.8287121586059,0,1,9.27428280954579,0
32,13,6,1846.4119219343647,3,0,15.273251550106277,0
34,26,6,2501.619509872717,1,1,20.865393813157695,0
41,45,7,1938.7638446363824,3,1,12.5415591733449,0
32,41,6,3248.7043163503395,2,0,15.333630346088908,0
61,37,11,4536.854455447792,2,0,19.669559522742905,0
23,70,6,3097.150336847796,1,0,18.525565468454072,0
65,56,5,3892.144981510635,0,0,2.6589368228066466,0
37,67,5,1261.212990099517,0,0,15.070537853696596,0
49,47,11,5376.289025262297,2,0,1.4430796799486032,0
26,70,9,5084.117930899883,1,0,17.587466010327564,0
39,43,6,7273.449666855522,2,0,17.61178173839889,0
61,39,10,1629.139304072785,3,1,15.985212310170729,0
33,58,9,1423.0684315956692,1,3,20.28714773876934,0
25,62,5,1128.1243759307513,2,0,0.34033253506609995,0
47,5,7,5711.07788424531,2,0,12.233419283822972,0
27,65,9,975.182723204427,0,1,10.071185531189563,1
35,50,11,2705.219649596207,0,0,11.385438453033316,0
43,64,11,659.3964479617193,1,2,8.559085938772284,0
50,51,6,3637.9846852538076,0,2,10.518038695067057,0
54,66,8,3899.670163591129,2,1,4.6796908095668925,0
56,20,7,4335.843303058515,2,1,14.39069297835115,0
66,14,5,3324.0179089371745,0,0,17.15201479644103,0
21,14,6,1441.0636416897305,0,0,21.624840163050237,0
38,18,4,4414.660989874689,3,1,12.946479830752162,0
18,16,5,3611.1758028302806,1,1,21.077176183202322,0
18,32,8,3587.4620663825613,2,0,13.388410560104516,0
30,15,7,1914.542932867523,1,0,24.628291676445727,0
52,12,8,4222.068036284774,0,1,17.81789082454176,0
68,38,7,4997.870511388415,1,1,11.802814410142688,0
62,57,7,1995.804084498461,1,1,23.850385145597976,0
54,10,5,1073.0238536281058,2,0,9.706398592745318,0
62,37,3,4845.824129305292,1,0,18.541012936094265,0
27,47,5,300.0,2,0,8.5562575377709,0
65,51,4,1692.494707429071,1,1,23.413077711761275,0
68,8,4,2126.034301178577,1,0,28.596023024207437,0
23,53,7,1958.3747648585488,3,2,0.08790585934237427,0
44,2,8,4820.577074816535,0,0,13.815104813623533,0
65,17,10,5579.065783547592,1,1,31.46330954090716,0
45,23,12,5304.690371323746,2,0,8.141467464982775,0
65,61,8,1813.4415308562652,3,1,12.405434925051754,0
71,14,8,6184.502500041457,1,2,15.982322535505395,0
45,56,14,1188.4930604679566,1,0,11.375435672843105,0
21,71,6,3940.79928064953,2,0,27.853624535128482,0
37,69,7,3834.0335524075826,0,1,25.42416769685572,0
30,22,10,6227.66169334251,1,0,3.047234926743009,0
45,7,7,4406.301997427341,3,0,12.55746286709255,0
51,16,10,6541.475601589644,1,0,28.96474297648155,0
44,55,8,1934.2111283784295,3,1,9.482481908182944,0
29,14,3,5040.963793642577,5,0,16.7241547933923,0
35,46,9,5550.8183602986,1,1,4.971873383839256,0
56,27,12,4481.167907213177,2,1,21.411710053132076,0
19,55,12,2019.2351810106466,2,0,18.468136337449465,0
30,44,2,3010.9933957414314,1,1,8.96348974088323,0
68,42,5,4634.176094373185,2,0,21.299634493208625,0
23,56,9,4889.220743004236,2,0,6.7965193129115065,0
41,68,5,1779.6204082474349,0,1,24.09440347550889,0
29,26,11,1456.0896656196114,1,0,24.01980076888399,0
23,38,11,5791.575504776378,3,2,20.737147816319936,0
42,45,8,5281.163195438809,1,1,16.626146861716414,0
47,59,10,5811.420660815513,1,1,8.599142896806105,0
28,35,12,6806.557891973418,3,0,6.410166254432172,0
22,27,6,3788.855073063701,1,0,21.795810819239367,0
25,61,6,712.4523625629031,0,2,0.0,0
55,68,8,6120.646228880215,1,0,7.526397760253822,0
67,41,5,3260.409395888221,3,0,17.827260969463183,0
28,8,14,6611.766992952858,3,0,10.129735718773087,0
36,21,7,2020.4621315185336,0,1,28.085034709320176,0
37,33,11,5254.557533170941,1,0,7.822897958840331,0
38,50,10,1622.310501096944,2,2,8.652098703693625,0
31,48,4,6191.853519349764,1,0,10.18921289296972,0
21,59,4,731.7685923793056,3,2,5.786214905201954,0
47,3,13,3633.1429302394,1,1,24.115503057302547,0
38,34,9,3311.644522052572,1,1,0.7411179358636524,0
37,50,7,2343.3545945114947,0,0,15.291508658342535,0
33,71,7,3482.3412049626095,2,0,27.60122821928988,0
70,11,5,2166.8004662936473,1,1,20.5534009527964,0
52,63,9,2972.9244949282247,2,1,16.454265622901662,0
41,1,6,3765.9223400699357,1,0,9.435144798679488,0
29,14,11,1962.926393604851,1,0,12.355747356561283,0
63,61,7,3311.6637700550014,1,0,19.772056310672532,0
68,56,12,4789.6948864531805,1,2,30.32838733824534,0
19,70,3,1895.6303038862773,3,2,12.207585399680633,0
70,43,10,3666.1481875691284,3,1,0.0,0
57,44,4,1540.463637626082,2,1,24.54919308723654,0
23,38,10,6431.371178281861,2,1,15.732331588115128,0
60,37,9,4241.176583939057,0,0,16.165088371789643,0
24,37,5,1102.2430384629592,0,1,10.442839673850242,0
20,21,5,6809.545907263169,2,1,7.936154214585361,0
24,61,6,4151.2717214684735,1,0,1.3707865145287421,0
44,26,5,1927.2592144312775,0,0,18.10408550104627,0
53,44,10,7901.855092241222,3,1,21.726228124254863,0
41,48,6,3221.0911219391996,0,1,19.354441891550167,0
24,39,13,599.4692359251758,2,0,10.15917916153424,0
29,44,6,5731.266525466007,1,1,33.070774966026015,0
66,4,9,4041.259277893121,1,2,26.901424289081028,0
72,23,9,5955.1350084322585,3,1,21.22147585838331,0
60,32,6,3732.740672260015,1,1,12.933248510212174,0
23,28,7,2232.2666609690946,0,1,22.925824576660233,0
64,65,8,1347.916486674946,0,0,14.154896504617714,0
57,64,4,2101.920910596569,2,0,26.217084232042453,0
47,51,12,2245.613751016919,2,0,15.508638182328525,0
26,26,6,595.1007652660992,2,1,9.38234931390349,0
74,4,4,2117.9951046482247,1,1,24.808372616352674,0
43,54,14,3172.1872283807497,3,0,26.36268251890874,0
20,63,9,2960.734566267376,0,0,17.547787324040083,0
29,35,5,300.0,1,0,17.872528741702578,0
40,59,15,1499.409077607414,2,0,23.492817284784362,0
21,67,14,3194.30568775072,1,0,2.064298178284524,0
36,39,7,2268.6950569283617,1,1,19.905152540647883,0
44,15,7,4427.733171665053,3,0,16.343481710734288,0
72,2,7,2443.057115136032,1,0,10.351968739850854,0
22,54,9,3287.6364301314456,0,0,19.12344339448264,0
50,40,4,4182.3764228455775,1,1,32.71600317026467,0
70,11,6,5237.924367913971,3,0,5.914660279422915,0
63,4,10,3598.0545864339265,0,0,18.563781496003667,0
70,69,7,354.4473798207373,1,0,12.239868567836467,0
27,23,5,5980.059377920281,1,1,8.652714490711148,0
63,24,11,5284.082547578383,3,0,11.059787035930917,0
73,45,12,1648.0664368858313,2,0,20.90396715981314,0
36,26,7,3962.492423863247,1,0,14.385827381281588,0
46,65,5,1811.5332767668415,2,1,21.13862752600834,0
48,49,9,2557.0168977667554,2,0,11.581051755211497,0
46,26,5,4763.813093979419,2,1,22.583073233435584,0
34,19,9,3843.127467575894,0,0,4.491972656753861,0
73,62,8,4082.0365559356906,3,1,22.516561240721153,0
72,43,9,4276.710961343492,3,0,2.030491566336268,0
39,66,7,6021.816093177056,2,1,18.188792195923273,0
63,25,10,4693.856989500125,1,0,13.107611002820086,0
40,2,10,3543.8238310815846,3,1,1.7363013589551262,0
63,64,12,2895.0642383064906,1,0,21.37286845504284,0
51,17,8,3204.552540329392,0,0,18.998226998251376,0
44,61,8,2903.5373136652806,1,1,13.727215218469414,0
25,51,11,3651.4577896097153,1,3,0.0,0
55,17,7,1134.7982563543978,3,0,19.1960485405037,0
36,54,12,3540.246113117794,2,1,16.274969026903246,0
30,6,7,5740.487283759559,3,1,0.0,0
29,28,5,3553.8977749572173,2,2,19.791472889386274,0
73,26,9,3402.126192059219,3,0,28.66044116473438,0
23,47,10,411.6971109914034,0,0,1.841232279559181,0
63,38,11,967.8965809962169,1,3,8.170916685028791,0
67,44,9,1162.5720314430932,1,1,17.930589261230114,0
19,34,7,2861.7352051343832,3,3,28.789385719662516,0
51,53,7,2774.2510070104777,2,0,15.591351839772253,0
50,12,7,2580.60795323848,4,1,18.445686487038774,0
38,52,7,3579.8157514749987,1,0,0.0,0
56,4,10,5572.184450986233,1,0,19.079130569769205,0
41,7,3,4634.0277371726315,0,0,12.259135504520522,0
43,52,6,6460.407098961765,2,2,19.309164112545993,0
42,12,8,586.5008177709765,3,1,24.926067415076517,0
63,55,5,3896.323317683169,2,1,28.353825770303672,0
54,10,9,2987.40888956295,0,0,22.08980647604391,0
39,11,8,4624.479661113407,2,1,13.25682001672472,0
70,67,10,2200.285955954685,1,1,8.42748347971791,0
63,13,6,3718.7345321061825,0,1,7.144812307641672,0
71,65,6,2640.0773131525343,4,0,10.728750106030477,0
59,25,4,4254.566254116528,0,0,28.26553959671036,1
40,57,4,5727.384463815886,4,1,8.110396763832842,0
62,67,8,300.0,2,2,8.027177394920196,0
36,9,2,2767.8860762607255,1,1,11.47543656078405,0
33,24,10,6579.186948683522,2,1,12.856337688518082,0
43,41,7,5272.2544359047315,3,1,8.264427028146006,0
73,62,7,4516.366047740528,3,1,18.64889866574714,0
50,14,7,1945.1038628553345,2,0,19.368978114637976,0
39,14,6,2155.3873121542165,2,0,12.395454121111547,0
44,27,7,3738.6119883031006,2,0,14.913272835176913,0
34,15,9,3271.8608975263483,1,1,11.829971126287155,0
55,19,8,1408.949100071723,3,0,23.18106502999307,1
37,10,7,2631.3490003700476,3,0,9.283821106861215,0
49,59,11,7827.531321104105,0,0,7.4622482840705455,0
39,57,7,4235.805054715512,4,1,31.788805126538918,0
36,11,8,712.3858836340642,3,1,4.276382485266593,0
73,39,10,6528.570844290314,2,2,18.660697039546033,0
37,46,8,2422.9295142712444,1,1,10.965330099066675,0
22,45,8,6807.631872042725,1,0,25.79190966935312,0
39,70,7,5202.181113800738,3,0,6.6689126382242705,0
48,46,7,300.0,3,1,17.159777504068703,0
23,49,4,300.0,0,1,18.05247034872251,0
35,3,11,3451.3236898268756,1,0,23.643341916072078,0
27,6,7,4319.698590079146,2,0,12.627829981304883,0
46,44,2,4597.165731852741,2,2,29.10619159867948,0
59,65,8,5313.343940024456,1,0,18.93974317934239,0
73,29,8,3175.6263278001948,0,0,23.843089117333232,0
40,46,10,833.7941555279235,0,0,24.194454168743178,0
67,15,8,2800.0820294103864,3,1,15.647901533729192,0
30,33,9,300.0,0,0,12.65812411436971,0
62,54,6,2862.4383514551946,1,1,8.823106414490262,0
50,47,6,5672.310577781042,0,2,16.884500686052775,0
61,9,9,6217.6376875932565,1,0,9.260495139159612,0
61,63,8,2624.658939495056,2,0,16.86459568668864,0
48,66,10,4225.694827721107,2,1,23.610660631306164,0
32,34,5,993.0182477824051,2,0,11.607457324211298,0
47,25,6,5183.860945310098,1,0,2.9284783105611254,0
65,38,7,2103.7446634919884,1,0,13.700898644274751,0
73,57,14,2751.5104681258063,1,0,13.142967406425718,0
70,33,12,4681.75044680479,4,0,17.58775040608765,0
28,3,10,2714.552782402133,2,1,15.906924469565457,0
52,6,10,4342.349511518779,2,1,15.513362148785784,0
23,58,8,2846.052361419356,1,0,18.576684805858665,0
56,56,8,4248.196525079175,1,0,18.709672143511508,0
74,55,12,3479.4702530115,1,0,20.90069830416549,0
20,9,9,5537.5603065370215,2,1,9.707739841217986,0
55,13,12,2114.8959099934264,0,0,11.497071507738273,0
71,29,7,4849.2769833354905,2,0,9.91172824379296,0
66,17,11,3440.2683170978175,1,1,19.53408790669433,0
40,28,11,4256.13995881051,0,1,9.311424707166388,0
23,40,6,2208.316998559666,1,0,13.134009071473379,0
70,20,9,6291.884193656442,2,1,32.82050609598678,0
70,9,6,4410.072915424896,2,0,19.37559276719327,0
51,29,8,1215.4198030503976,2,0,18.392368680152224,0
73,52,6,5127.433642110027,1,0,9.312058421551843,0
18,44,4,7011.982870999114,2,1,23.738552611755317,0
53,23,5,1759.8587858498054,1,0,13.023681207976052,0
20,23,5,1769.01231442795,2,0,24.703444772243856,0
71,42,9,6091.824732928538,3,0,12.475534761510563,0
56,13,8,2319.5115248194456,1,0,2.8258904271149863,0
70,60,10,5229.145212597639,0,0,11.448800582145449,0
50,62,12,3931.319596422301,4,1,13.19226879592312,0
22,2,4,2675.759473181796,0,0,11.579666138882935,0
19,69,10,3590.785942162266,2,1,20.271493680642855,0
37,2,14,5509.420925000719,4,1,28.141456018260133,0
60,33,8,4286.868061633847,0,0,0.0,0
26,48,5,1757.7426335491418,1,0,8.514770888021754,0
66,24,13,2837.9390558432015,1,0,18.978554198015882,0
31,15,13,5263.56013527477,1,1,6.629084309755976,0
46,4,6,6694.4622936434425,1,0,23.80092388999225,0
29,52,10,4825.144672387268,0,0,7.251544235078359,0
44,3,8,7833.060674901275,1,2,17.564326505032223,0
43,35,10,3106.3792923021406,2,1,5.892381419438141,0
18,28,5,4812.771136590312,0,0,17.020504612345164,0
50,69,8,4072.0098889157625,1,0,0.6000616327841115,0
62,67,8,6929.545361551918,0,0,11.03603792960511,0
71,59,12,3601.273247901667,0,1,13.374803828132581,0
36,52,5,5569.578544094227,2,0,22.02236637273852,0
68,39,7,3365.8634375410816,2,1,22.303720682417147,0
68,25,12,2263.6945920283047,2,1,15.053111522669157,0
74,12,6,6678.394555942921,1,0,22.383390424982032,0
39,69,11,3281.160782696642,1,0,9.685812633811523,0
66,28,3,3848.897704550864,3,1,23.91673617797199,0
50,31,8,1890.2627820614373,1,0,22.828051068357627,0
21,11,6,5232.260071444321,1,1,17.23697355837277,0
33,20,10,1227.5170155570113,2,0,20.959465513564464,0
56,46,4,1295.0037827626206,3,2,10.639261869598432,0
27,31,7,5639.763788205888,1,0,15.478030646887428,0
42,42,10,3627.716328087204,2,0,23.37216479526572,0
62,16,7,2856.520438889815,1,0,16.462259097304585,0
26,6,5,1471.3250339778856,2,1,12.678476129036357,0
46,63,8,4495.077920362344,6,0,16.69768830640798,0
30,31,11,5109.812633849474,1,0,0.747738661670251,0
48,26,9,4308.958873407217,0,0,18.16386775144371,0
31,21,8,357.2479835438339,3,0,6.345590699286701,0
73,47,11,5580.955971632613,1,1,3.3604351120572318,0
22,40,8,4132.598511873305,1,0,13.762479775712446,0
72,28,6,2668.2784957437434,4,1,22.22838064300688,1
63,67,9,3734.3845045807966,2,0,11.942784627116012,0
66,65,11,1566.4470784694772,3,1,16.082139554181975,0
66,15,8,4624.942513194202,6,0,18.799560074831746,0
28,46,10,3116.965256042675,0,0,16.03592501830711,0
71,69,11,5027.470396584094,2,0,17.490293705327474,0
51,35,6,4318.543459259161,1,1,12.68043704560476,0
72,3,11,4043.706848966407,1,0,9.398443098920522,0
68,10,7,4554.562056182625,2,0,15.634638750610392,0
51,48,6,5037.021752249669,1,0,24.71046943748585,0
39,65,11,1330.6649130666915,1,1,10.169464170272763,0
24,10,9,5336.124312228871,1,0,14.210746295350116,0
23,39,8,321.36789867727975,0,0,12.3597406858959,0
40,36,8,3262.979636101732,2,0,31.666717221204273,0
64,21,8,6025.968615678534,1,1,22.844240116007384,0
46,45,9,3903.814286107285,1,0,10.760165671402863,0
45,63,10,3061.183318481476,1,2,0.0,0
31,17,9,2662.6550444418112,3,1,19.276995221228894,0
50,4,10,1509.5558414099087,1,0,10.353886758040058,0
54,26,7,6715.6064711227955,3,0,0.0,0
73,23,7,824.1662986790116,2,2,9.747630191213744,1
59,52,9,1387.2436860141565,2,1,26.310191448875027,0
52,39,7,453.96997204463105,2,1,18.307685878094023,0
69,2,11,6382.500001134309,2,1,10.11459341441338,0
42,25,6,3048.903638554773,2,0,15.834415256522249,0
71,53,8,4711.255229305913,2,0,16.139240894750316,0
39,34,9,4623.235037875092,0,0,21.83471581109064,0
25,40,9,4513.277547945232,2,1,17.016105328681324,0
41,19,16,3766.4947360054866,6,1,18.436433969675328,0
25,23,11,3869.255603504995,1,1,8.895936267369308,0
24,10,8,5819.964451695476,2,0,18.973060064268537,0
68,6,4,3564.865421864932,1,0,0.0,0
63,3,5,2341.290271223595,0,1,24.33166159280691,0
30,45,9,5783.35904028144,0,0,10.449658723663163,0
65,12,10,4406.237369815376,2,1,19.984503771515747,0
21,41,8,300.0,1,2,14.792730115665606,1
34,68,5,2684.6174051989624,1,0,0.0,0
58,50,11,3140.964758618969,1,0,2.7020603802721777,0
35,41,8,6132.9009604601615,0,0,20.591625992087074,0
59,9,7,3617.5449457449963,1,0,11.4030812858636,0
67,35,6,2207.4034914758317,2,1,5.657364833169142,0
21,64,5,1581.369280636468,2,0,17.968420598988853,0
19,28,11,3562.505312920581,1,0,18.382639146992087,0
71,59,10,5281.452912698297,2,0,11.350737674157193,0
47,51,11,6678.993762381411,3,0,22.586730625113955,0
46,19,10,1072.0680003653888,2,1,5.695203118964759,0
44,11,9,3875.2675165291594,4,0,9.872819749561582,0
42,2,12,2770.0837651878355,0,0,9.1537276147076,0
57,20,5,3313.2945828414613,3,0,29.817881654220994,0
51,24,5,2167.325213248377,2,1,5.336686345952906,0
27,47,9,882.9482409842476,1,1,20.439851965146033,0
53,41,5,4186.246728553846,0,2,23.114539770237897,0
56,35,6,2828.0678431010606,0,0,11.499313882216887,0
24,52,12,4938.115234629404,1,0,10.543141219356835,0
39,55,5,3711.9334875073605,1,0,29.42392606775211,0
63,51,15,6459.268297447858,0,0,13.368160597710254,0
53,64,10,5812.403953111222,2,0,18.950572292207838,0
25,26,8,7170.738479611829,1,2,19.633334477590317,0
20,59,9,1915.8576080464686,0,0,9.389708616077156,0
51,30,7,5835.0390173451215,1,0,5.497211826726721,0
44,14,13,3745.994279056538,1,2,7.117724536970074,0
72,11,11,4568.882305398766,0,1,1.8955754232365134,0
47,7,10,3554.287618761614,3,0,21.749175121263153,0
71,68,12,3838.7937658292735,2,0,0.0,0
30,13,8,2859.4320386411127,2,0,15.399852849707095,0
43,60,12,5844.091334632874,0,1,24.09478113089265,0
25,56,8,2112.4593146059497,4,1,0.0,0
50,32,7,3586.716688310027,3,0,3.543548163100061,0
28,65,6,4794.4045827392965,4,0,6.523270811556937,0
46,65,7,2929.3322493636715,2,0,20.797903696148882,0
37,66,8,5333.708872732938,1,1,21.327373768481028,0
28,36,6,2927.89100380013,3,0,10.228865311677017,0
23,22,15,3211.580880384635,3,1,23.438987211954505,0
47,4,8,5790.852436011566,1,0,14.358371072195983,0
71,60,9,2687.532392247829,1,0,16.121503882604724,0
29,62,11,5425.52725585424,1,1,14.438864502162255,0
41,39,9,4775.11661927223,0,1,22.066162982160513,0
30,6,4,7206.226522832081,1,0,19.76906731719253,0
64,59,4,2568.0844990894866,0,0,15.797314283414629,0
41,22,10,3016.372381210989,1,0,0.686941145201331,0
73,39,8,4061.7104558597057,1,0,20.937232283557236,0
31,47,8,3032.1458674533687,1,1,21.519065647098767,0
22,11,3,4360.685030900449,0,0,15.391718626324273,0
51,5,6,3858.0714647911927,0,1,24.14624891265764,0
55,6,9,1408.304142373957,1,2,19.388949954008606,0
74,69,8,2172.6192378611654,3,1,15.374100778926648,0
67,68,7,6657.00506273656,5,2,21.46541762190804,1
68,31,10,2806.4684709870453,0,0,8.018837117596249,0
54,31,13,4321.956310646636,0,1,17.131547312855695,0
38,29,6,2435.518281013788,3,0,18.560160221760963,0
42,25,3,2199.986779736809,0,0,25.500670988883076,0
25,39,8,5495.194301514236,4,0,9.805127686665287,0
42,26,10,4025.4050918576827,0,0,7.175209215682245,0
38,44,7,1885.5247054235074,2,2,21.14195224884388,0
20,27,4,3921.793814708253,1,0,12.151431179869588,0
29,45,13,4271.848948864755,2,0,5.876915207559087,0
48,68,6,6620.1769155562415,2,1,17.45069181517471,0
39,15,7,300.0,2,0,34.461904615781236,0
74,5,7,5516.541087889303,2,0,19.34268011441687,0
45,38,9,2864.2201903846085,1,0,5.5081979584561385,0
72,9,5,7071.426914630558,1,3,9.490443756258133,0
55,17,8,6507.38383854224,1,0,7.388219030066949,0
20,57,3,6833.247845850397,0,0,6.193089389975832,0
29,30,6,2813.508232048109,1,1,15.054231092575325,0
58,40,17,1271.5667664772127,2,0,10.001113267813858,0
49,56,10,3572.402351714856,3,2,28.088501202538758,0
35,10,4,1973.2694268658677,2,1,10.313113202542429,0
47,34,4,3443.3503510726778,2,0,18.796785425734285,0
69,3,11,1191.6791621452498,0,0,17.84490271732385,0
40,36,7,2821.6800795113454,1,0,23.37130292519027,0
20,16,10,6105.914555706438,0,0,10.789115356791726,0
35,65,8,3985.910635971803,1,1,5.0810466845125095,0
71,19,4,1634.254846493839,2,0,10.876379876800765,0
61,15,4,4595.052997125942,3,1,20.303847421800654,0
65,2,14,2390.266481220803,2,1,13.3628896524987,0
69,10,7,5661.601507706349,1,0,10.266614682853714,0
24,16,9,5280.224191405768,1,0,23.09935344755023,0
34,17,7,4718.864218737038,2,2,18.71271084750851,0
21,53,13,6670.80404691501,3,1,0.0,0
18,64,8,3178.316373160612,2,0,9.502368099625091,0
65,61,10,7088.242354270829,1,0,26.853779968962492,0
71,68,12,4420.449326300022,2,2,16.598034209552726,0
26,64,6,4965.4358882643955,3,0,17.013557770291712,0
59,33,6,300.0,2,1,2.2435313876324106,0
48,28,4,3268.7322174757724,0,0,21.0273484505601,0
21,47,8,3067.7811988910325,0,0,17.564682064797637,0
70,23,5,1485.3754098943057,1,0,14.01872565741403,0
67,43,6,1835.7445961259968,0,0,10.004261347051726,0
50,71,13,5704.876378796308,3,0,19.012950421928142,0
58,15,11,4696.099089154977,2,2,7.736655415027712,0
40,55,10,4780.689739485921,0,1,17.561154077754725,0
63,67,9,7304.431268868277,2,1,9.557552177927455,0
43,39,9,4454.674080332075,2,1,9.8291452520602,0
74,26,3,6045.051632575933,2,2,7.5674508442335195,0
21,19,10,4082.0939402372114,4,1,22.68580604584878,0
27,12,11,2435.276402047729,2,0,20.135326481734488,0
73,23,10,3557.4170875753193,4,1,22.563842339248282,0
34,54,9,4761.496715004224,1,1,18.459604936142238,0
35,37,10,702.6949554605567,2,1,17.108633964246316,0
63,16,8,3990.7137464662264,3,1,29.438312315101662,0
28,39,6,4414.863692336714,1,1,12.79575814418929,0
47,58,13,2234.4853889606766,2,0,29.351546159001312,0
34,1,8,1116.0446368867888,4,1,26.91434522412792,0
29,2,6,4498.593429473043,1,1,25.036915374293702,0
72,69,6,3726.0513389182584,2,0,22.85566720665756,0
29,54,14,5670.321390880836,2,1,31.034404227387537,0
23,41,6,3818.9027707877585,0,0,18.04672381371319,0
56,65,5,300.0,1,0,12.201853950356307,0
67,42,9,3559.5726959141557,4,1,12.118012758717981,0
25,37,12,4902.986638872528,2,1,7.842002002596266,0
58,16,9,1132.6060135489056,0,2,25.78756607561054,0
48,58,8,622.8163264162713,3,0,24.29082750538445,0
65,55,8,4728.139583622118,3,1,21.550886052717388,0
25,21,7,5511.629472859226,4,1,6.866391291568014,0
73,53,6,3069.487351653699,1,0,23.991138535752576,0
53,52,7,4189.835666204907,4,0,12.441124341642617,0
66,7,10,1815.0388773917489,0,1,8.187808670204788,0
38,12,7,2502.3621720943393,0,0,32.89818224719951,0
71,43,7,4338.2113570071915,1,0,10.409866148399892,0
53,45,7,3851.587833343079,1,1,15.997828166185766,0
25,47,8,4204.690145946448,3,0,6.195657259103534,0
70,27,9,4372.781243246087,0,0,16.631771887645694,0
63,60,3,7724.122025118558,6,0,21.13138825539523,0
35,32,5,300.0,5,0,26.08948865664292,0
49,15,3,4666.484982479717,1,1,9.74721055326691,0
40,9,10,2513.7314883299023,0,1,17.937071049274717,0
48,63,12,2022.9749875038924,2,0,8.339345539149601,0
73,51,12,4265.801663819689,2,1,13.847563842865629,0
69,33,6,3966.5186651499203,2,1,20.897753503940407,0
30,15,4,4936.305036179293,2,0,3.747288989148572,0
73,7,2,3717.604371993546,2,1,21.617694128614943,0
42,11,4,1980.4715964200927,0,1,3.116680087987957,0
58,8,8,1276.1441585064504,2,0,16.95593756660418,0
61,38,8,2455.4333898400464,0,0,13.998390129957572,0
45,15,10,4772.412763855509,2,1,11.658526867521257,0
44,10,9,5276.154850581921,3,0,13.299542987468383,0
44,21,4,352.50404249371695,1,1,24.374026082551183,0
67,50,7,3048.5098069838086,2,1,7.609899138292787,0
40,36,11,2928.939650088171,4,0,10.683795114834474,0
33,11,19,4041.520076250059,0,0,33.01335048129556,0
38,54,6,2274.1677062491653,3,0,22.260790323349028,0
29,35,7,794.5193418356566,0,0,17.944016906400826,0
40,14,10,2816.168178499478,2,2,23.546707446710364,0
24,50,8,5703.012984821848,2,1,15.047479271876787,0
23,71,11,300.0,2,0,16.389017320378468,0
59,39,7,1376.4499513695696,3,0,7.865526949601072,0
22,12,8,3276.75502767821,1,1,21.402577253907417,0
50,22,10,2413.1499395909423,2,0,10.151598258237293,0
62,43,6,1420.662612329308,3,1,27.499479835282806,0
59,71,6,2219.812169019653,1,2,9.860081319241942,0
43,66,13,4069.6766821809174,0,0,16.89781736644577,0
29,67,9,3932.093477508239,2,2,5.81266667535645,0
71,60,8,5049.191931360081,3,0,8.220810219514998,0
65,41,8,4635.941688913668,0,0,9.7909489297037,0
52,47,6,1013.1166850918958,0,0,26.4285174775759,0
22,53,6,4466.435724300915,3,3,20.897986500284084,0
20,51,8,4712.003591431581,2,0,21.450685859639506,0
35,46,8,2594.152320035544,0,0,27.09596397854684,0
26,10,7,5722.206424457119,2,0,16.411220198396663,0
67,63,7,2360.823107193527,2,0,1.586377103106848,0
29,1,8,5410.003687391883,2,0,17.15721298739357,0
34,31,8,4569.931173501287,1,1,20.770912243762282,0
73,31,10,3183.0207194533004,1,0,13.912187016391892,0
64,71,4,1710.6951019385585,2,1,26.660584836006663,0
30,7,4,2468.5218166411096,2,3,11.273605435780755,0
39,34,7,2294.0167216840855,2,1,2.2237487549701154,0
47,26,12,6758.117008921967,0,1,19.59619156527852,0
55,7,8,5444.070026955691,1,2,18.046286240644623,0
71,16,9,5302.455307987702,1,0,6.315982056725234,0
67,30,10,4085.6543294503767,2,1,12.625292807395756,0
73,66,15,2612.335135029874,3,0,18.25921414947857,0
20,28,4,4821.660708373028,1,1,0.5186316793875321,0
31,63,10,1833.2643997422135,0,0,14.55865656439031,0
50,53,10,6238.505232660522,2,1,15.277807439038224,0
20,59,10,756.6682065517425,0,0,25.986283347928804,0
38,61,12,1576.149026150798,0,0,32.00934177524444,0
26,51,7,4634.986773137882,0,1,14.41054780246042,0
71,53,10,2955.3322629066365,1,1,3.4210014568319025,0
21,11,7,5697.332227430028,2,0,26.365314341101474,0
26,51,12,5726.710403157791,0,1,7.387379492933477,0
29,4,8,300.0,3,0,23.094426911476376,0
26,53,4,1982.784140788884,2,0,18.779313178912098,0
50,47,12,1943.6084044812142,4,0,21.42112874383268,0
38,54,11,5089.485099913022,1,1,20.68436408083869,0
70,46,9,985.0616034973373,2,0,14.100869721553378,0
32,27,7,300.0,1,0,23.722001706652527,0
48,27,3,1639.2159446026396,0,1,13.442098773257833,0
55,43,10,4472.935899469718,2,1,31.133056392281052,0
53,34,6,6988.1729407959465,0,0,21.078210524132434,0
63,25,4,487.3859674436335,0,0,15.631260621267966,0
29,35,9,1910.0689410242835,0,0,10.077685723932888,0
46,39,12,3732.96606689269,0,1,23.63102400350022,0
63,18,6,5417.267700512596,1,0,12.03883543744551,0
67,46,4,7209.699987503344,2,1,6.758548842272237,0
53,23,8,4098.714111016234,0,1,17.523065920109175,0
55,20,6,4844.814700804694,5,0,2.270274676498362,0
67,30,11,3628.9812086510706,1,0,19.624021872815035,0
53,8,5,6112.1842655261735,1,0,11.78088945272091,0
72,43,10,2490.1881261352214,2,1,29.748073332424823,0
25,53,8,3513.1876940633824,0,0,14.622681357911976,0
37,68,9,300.0,1,0,20.375493088949845,0
24,21,4,4829.797644494585,4,5,25.776612465687556,0
23,39,6,6373.223156955955,1,0,14.427881231308653,0
44,36,4,4697.159177988921,0,0,21.68318847122758,0
30,52,15,2135.5391964139226,0,0,28.87571764478342,0
41,45,7,956.8526753172632,1,0,12.58551830768008,1
42,58,4,6547.776406966532,2,1,17.796955209677648,0
53,61,6,1722.840506276375,0,1,25.47558589600992,0
71,9,8,2895.371804413013,2,0,14.321308263573357,0
66,26,9,878.4211547092455,0,0,13.941095699752198,0
39,47,7,4328.45810676077,2,0,6.4452688069931785,0
36,39,8,6741.237733838826,3,3,2.254413310785651,0
61,35,11,3719.183043561942,1,0,10.484143158935176,0
25,13,5,5910.638430293693,0,0,1.0006762593452603,0
48,41,8,1855.7812457953798,2,0,22.69487744537125,0
42,53,6,3332.9384229740112,2,1,8.266464866874106,0
28,3,6,3837.5091050551614,1,0,29.88101325305699,0
53,43,8,2055.510132560525,2,1,35.88854830647004,0
36,65,6,1778.0391923755021,1,1,14.792884673327261,0
28,41,10,2335.711353771434,0,1,18.020893817575832,0
55,68,6,3040.219562122071,4,0,17.527828995058947,0
27,26,7,2558.8872534722086,0,1,8.808027940435538,0
56,1,8,5826.448791341463,1,0,0.4478619686916012,0
27,49,9,300.0,2,0,5.960172033032251,0
42,16,9,3679.151579221963,1,1,0.0,0
64,1,8,671.8815362324694,0,1,7.028852770687365,0
31,13,5,5328.890556551638,2,1,28.133717554863978,0
61,67,5,2101.190021624544,1,0,12.1467733071773,0
59,56,15,3403.7836567178274,1,0,16.457240459640122,0
69,20,10,5887.530884001186,4,1,28.4823992658766,0
27,43,7,504.8932215872014,4,1,10.596308983424324,0
58,25,10,5932.450448163379,1,1,13.50534999439039,0
71,13,12,4392.872508038314,0,1,11.95508068346945,0
61,71,5,2683.272697280136,0,3,29.20176896237381,0
28,58,7,300.0,1,0,18.9147198650572,0
64,26,9,6874.15448310285,0,0,20.343629769851724,0
24,26,7,2877.96021575954,3,2,21.70195940922223,0
51,58,4,4634.224366843264,1,1,14.624814712357605,0
46,33,7,3779.616545955864,0,1,12.711076772692788,0
48,27,5,7228.959192985081,1,0,18.220848225714683,0
47,28,11,1548.0441385909285,2,1,13.603901637663052,0
19,32,6,5386.365641691912,0,0,15.80623555365019,0
46,38,13,6822.513169845046,0,0,22.4962447833192,0
71,3,9,1355.570558862455,3,0,16.710083694640232,0
42,35,4,3133.910063256507,2,0,19.98683694604134,0
33,32,4,4116.8998820849865,1,0,22.050852658665324,0
74,20,9,4814.675322689368,1,1,2.320263298635524,0
23,26,12,4529.002230432021,0,2,3.140116539181589,0
45,31,6,5412.746316532106,2,0,7.040002327975622,0
47,26,5,3524.089088513745,1,0,0.2189689819343723,0
45,65,5,4221.25877013609,2,0,7.161818680542826,0
70,38,9,1309.195740818755,1,1,29.314204497465226,0
42,36,10,1663.2229802177224,0,2,18.890651965633197,0
73,19,8,3331.805029100229,4,0,20.698787003047592,0
21,66,12,2868.6451977404586,0,0,17.66648443429183,0
59,2,9,4717.890914285428,0,2,17.478642387531664,0
51,40,10,300.0,3,1,20.382925870775626,0
31,12,10,4342.736017195974,0,2,18.20688877551202,0
30,55,9,4869.380498910229,3,0,21.647257589681498,0
59,27,12,300.0,4,0,4.373139123532395,0
54,21,11,6509.5964579984275,0,0,21.63632328300145,0
52,5,5,7034.623616448145,2,0,24.80312204783892,0
20,57,7,5484.850110904146,2,0,4.9333388315098095,0
52,29,7,3100.4695954462945,2,0,13.019804104127882,0
73,19,6,2994.809144824956,4,1,14.578987308708562,0
18,60,5,2451.2613882724177,3,1,14.130970018881785,0
44,2,5,3486.8228805144495,2,1,15.638100388661876,0
46,34,12,2682.6083587392004,2,0,24.99495546623662,0
69,12,9,4115.350202940254,0,0,26.228360166868022,0
34,10,6,3562.6761834343506,2,1,13.237011110378539,0
45,2,9,4579.11537920888,1,1,0.0,0
58,14,6,2813.734721402613,3,0,6.123989474810118,0
21,68,8,1664.581411659391,1,1,27.522965653269893,0
63,32,11,5629.751588088766,2,0,6.35707539461146,0
64,71,8,1697.3505591789663,3,0,4.8389006735455276,0
59,19,12,3183.2721361048943,1,0,14.979998964902096,0
54,55,8,3209.796648078341,1,0,14.055665511665755,0
60,7,12,3679.491596008973,0,0,3.3355573589753895,0
62,8,8,3279.072657420684,5,2,17.79450051854811,0
69,2,2,2862.661787552583,2,0,10.313527694202254,0
42,64,11,3855.67249387356,0,0,22.861208103117725,0
43,48,7,1813.0016546645136,2,0,7.4684306107508585,1
54,53,7,3110.5629890356386,0,0,18.396108400847897,0
29,66,12,3650.050461061794,0,1,6.240702502420586,0
66,24,2,300.0,1,0,22.524577595884754,0
61,52,6,5811.871176284994,0,1,6.833277109898356,0
53,36,6,7243.940592422166,1,0,11.978135128912761,0
35,39,7,4608.731638137284,3,1,15.140963386081792,1
37,47,6,2809.6187241215066,2,0,24.388436253791724,0
42,34,8,2894.833873627351,1,1,9.497294004199285,0
55,2,15,1628.6378259177332,2,1,15.057769405777952,0
62,6,9,6307.550177772125,1,1,11.267377637156574,0
56,36,7,1089.2805355004584,1,0,8.549586690271061,0
71,41,12,5185.325163178313,0,1,14.424779371250105,0
72,53,6,2656.969317701842,1,2,7.957248336665719,0
58,41,15,5916.539156416502,0,2,13.82074957183572,0
39,14,4,4692.638764711372,2,1,17.65464883053884,0
52,27,10,5094.692210236875,2,2,21.621236334407758,0
42,32,9,3811.8742050400783,1,0,24.645644709158837,0
53,70,8,6490.293678781174,2,0,27.865105917396424,0
64,38,7,580.6443177613828,3,0,15.34723459546442,0
39,46,12,379.5416206529808,1,1,16.384764719095315,0
46,53,9,730.790354173947,3,0,11.336442341055976,0
20,26,4,2659.4714490418896,4,0,20.315797567678636,0
59,69,11,2199.77352317427,8,0,16.532603977721696,0
45,48,10,2530.086332055217,1,0,27.4559247586795,0
44,61,10,6482.878389644116,0,0,19.036216836260543,0
48,54,5,2396.9842284787915,1,0,10.475470146759253,0
30,45,7,5153.346747306426,0,0,20.86849918429125,0
52,3,13,3647.617202251236,0,1,10.950087891232872,0
60,42,6,5472.799287705699,1,0,8.10134065047157,0
37,10,5,4171.901382626218,1,2,15.554251995283693,0
25,43,8,4149.985478503928,0,1,0.0,0
40,50,12,2995.346558945114,0,0,20.70575675300578,0
29,39,9,1840.7128778068393,0,0,13.816706275430915,0
39,22,7,657.0038045788838,2,0,18.446984345771195,0
53,5,12,4615.4340761608255,1,0,28.326809569540256,0
24,48,6,6884.441107003402,0,0,24.31415038195945,0
60,50,2,2517.7611157693964,1,0,15.074027929236467,0
30,34,9,3466.693161304844,3,0,14.354614782885253,0
68,51,5,1648.217632320236,0,0,26.378694453036225,0
59,56,11,3263.889803500484,1,2,7.086848009135372,0
33,37,5,2887.9207528407433,1,0,16.638615294558903,0
50,4,5,2281.461613002984,4,1,29.450008153461532,0
24,62,12,1674.3708142903051,1,0,17.080450519206778,0
23,34,2,5330.5468797755775,0,1,20.456074738186828,0
72,48,6,5336.666500549298,2,1,17.901033355878564,0
63,65,11,6036.789260298208,1,1,13.61720089771196,0
26,26,6,5008.7577935744575,3,1,10.651105603439047,0
34,45,3,1890.4886470464762,0,0,11.672995085462784,0
29,2,7,2379.283523263228,2,0,11.91340242272061,0
40,63,14,4112.415029266707,0,1,14.009006757245853,0
34,5,9,2067.4590499396572,0,0,22.981955051695643,0
36,39,2,6186.770977923273,2,2,16.963063281283127,0
48,25,10,3468.2248319540117,1,0,5.750231988759385,0
28,3,10,1867.3832103844925,1,1,21.38342697691457,0
68,33,16,4668.516895529735,1,0,12.083635412710624,0
59,67,3,4923.8948564393095,1,1,9.857226803379245,0
61,12,5,4302.579980206562,2,1,8.430356585996508,0
27,21,11,5020.242224753786,1,1,7.848105717179932,0
58,14,5,4191.92846224903,0,0,18.361873430830872,0
65,9,9,6381.71567603073,0,0,34.53607050269714,0
27,17,6,5408.995582680753,2,2,14.552227006317162,0
60,41,12,2329.6409672798864,1,0,7.1724942309270405,0
38,56,13,2255.2440133388263,0,0,13.43784728342845,0
62,50,8,3284.480036767273,1,1,3.9739551653374097,0
45,55,15,3474.9967935756854,2,0,7.903392382416193,0
63,51,6,2275.3431161078825,2,1,25.585583540867727,0
26,28,12,1719.3108965491565,0,0,15.209989824962951,0
40,64,10,3097.4111225256856,1,0,24.75430901426959,0
33,13,9,2304.2053832891265,1,0,18.25759111606641,0
32,50,16,3601.180780697988,2,1,6.994221880192164,0
35,8,9,300.0,1,1,5.026063402779618,0
39,55,8,5451.182589095325,1,0,24.09749265576132,0
25,7,9,2899.707630716676,2,0,10.071093968101545,0
58,16,13,4065.864380824218,0,1,9.807953579688036,0
49,28,9,300.0,0,2,8.509981606904248,0
65,50,10,3644.0214218496058,2,0,19.62634497218972,0
58,4,10,3236.326868474939,2,0,16.648450882948723,0
26,19,7,3394.966382650339,0,1,14.328666861619975,0
21,24,10,3842.683348677428,3,2,22.005417364492367,0
42,52,10,2484.7831144224324,2,2,7.750669669146598,0
45,69,7,4172.228579989758,0,0,13.725168467379492,0
31,44,9,300.0,1,2,15.90189608356806,0
62,37,4,3988.6466492509408,1,1,18.407369829409,0
51,24,7,3827.319367719359,1,0,21.72764845483054,0
60,59,10,6275.012392037321,5,0,2.3077477258730177,0
24,8,8,4001.022190827348,2,1,19.251646039114362,0
64,10,4,300.0,0,2,12.36069790248374,0
29,15,9,2653.5271523438482,0,0,11.787418013470278,0
43,20,9,2671.521549042358,1,0,6.608154349615022,0
43,33,12,3320.3751251709837,2,1,4.8174797470051125,0
64,68,5,2883.0721743276813,3,0,15.879472493711857,0
33,47,12,3625.622297262377,2,0,10.631294631035551,0
31,28,8,1781.9299054962064,1,0,12.613619853723838,0
37,16,16,6369.603332807981,3,2,11.031164920232216,0
38,47,6,3284.8161301322607,2,1,8.100656785129186,0
28,18,5,7415.518140496473,0,2,0.0,0
28,70,11,1071.7800332017387,0,1,13.610462300116923,0
31,34,8,2739.348397842208,1,2,12.818844876974108,0
44,40,9,4829.586797015317,2,1,18.62075680923245,0
37,65,11,824.9403771817815,2,2,7.508651596238532,0
40,22,12,5680.537703020944,2,1,22.948145057927036,0
58,34,2,3764.533713238381,0,0,36.31771498468997,0
31,38,9,3737.7890711028226,0,2,18.69131200729835,0
69,20,9,5862.087398845106,3,0,1.5322838072927816,0
60,4,7,2673.2084390082327,1,1,10.118707517584651,0
27,21,8,2482.5019276384965,1,0,0.0866012826027891,0
35,8,6,2763.692647941927,1,0,0.0,0
28,48,11,2939.3744652905416,1,3,19.35602979146458,0
33,1,9,1247.4651577642476,2,1,15.4475475626026,0
38,23,7,4190.783216316907,1,0,21.187553892633396,0
25,63,5,2863.0830251505413,3,0,33.461680987391276,0
18,41,6,3152.3960405183534,2,0,8.90233276591289,0
43,48,11,3191.5515777396463,1,0,19.26904467138351,0
57,48,6,4948.765441896647,1,2,10.251130641588844,0
35,22,11,4059.416567960528,2,0,14.500820121351827,0
67,45,10,4345.815294589689,2,1,32.24859312327132,0
39,16,6,3197.9628667825828,2,0,10.111722318478389,0
69,46,5,4382.261472741237,2,0,16.04787881165122,0
31,49,7,7043.755913733967,0,0,30.157575033852574,0
48,63,9,5619.575412081767,2,0,16.088113376912442,0
61,66,7,1807.2539462718705,2,1,14.519546989554287,0
21,2,11,5555.876796773629,3,0,19.43677889976553,0
71,22,5,4329.987154369252,3,1,29.974975607788657,0
38,39,5,3542.6033570008667,2,1,19.584000831932787,0
46,23,6,4964.604612756723,1,0,21.451660959254436,0
53,44,9,4700.94731473372,0,0,15.731523027566165,0
54,61,9,3870.7262930411694,1,0,11.09584293849731,0
19,19,10,2857.7232636242225,1,1,18.309318248579924,0
67,64,10,2159.9615260443215,1,1,7.628902037023904,0
53,63,9,4999.058747480109,2,0,13.302150888836184,0
74,65,15,4129.180569855102,3,0,12.915934274412184,0
44,6,9,3027.636294193453,0,0,25.592286131982327,0
52,21,7,3465.702141546497,1,1,10.486961831213398,0
43,9,8,2837.8044229157667,1,0,24.323431193912313,0
68,9,5,1669.5234845778696,0,1,15.048412115038321,1
65,4,7,5719.730810454619,4,0,14.921420228830764,0
69,32,8,3745.692552194313,0,0,25.5440434390568,0
46,7,10,300.0,1,0,10.627306483878261,0
63,21,10,4863.961645110048,3,0,19.937853459491166,0
38,70,8,4054.505539073057,2,0,8.985967917589399,0
44,63,5,4505.8993499681765,1,0,31.362143682087257,0
61,67,7,5433.761007550315,2,0,11.580767517013857,0
22,3,9,3229.150154562417,0,0,25.169669812445264,0
58,47,6,3771.0032983212873,1,0,9.719883594839846,0
18,46,7,1126.7041686280868,3,1,21.760294562687722,0
51,10,5,2557.6268649032118,1,0,27.217950567939454,0
45,65,5,5192.744060492086,2,1,19.217153221542706,0
44,29,11,3435.8552635040814,5,0,19.222116337553803,0
46,70,8,2826.2983921980326,4,0,7.874055316096179,1
46,9,14,3987.891954659733,3,1,3.9019504615881466,0
41,47,6,1881.4116625166428,3,0,16.87041611602425,0
43,10,8,2502.20125882476,5,0,26.396077169186853,0
50,68,6,4927.423137194351,4,1,10.353540165583265,0
61,44,8,423.7016134984765,1,0,11.453938896313002,0
49,6,4,2575.877653126648,1,0,18.692626582534494,0
54,16,11,3696.4644223254377,0,1,8.485530663733837,0
65,26,6,4216.569813839543,1,0,17.867911136646466,0
74,1,5,1981.7712682403594,1,0,19.124856131258753,1
24,1,9,4396.554429457956,5,1,11.697858726616538,0
58,66,5,3577.2319438267555,4,0,2.137646451874499,0
30,70,13,5745.347324095738,3,0,19.31134782936345,0
29,39,12,4668.621007880558,1,0,14.252717736527863,0
63,65,11,3068.8038145647797,2,1,13.02219209587432,0
21,47,6,5481.839378388164,4,1,18.719130887294742,0
66,2,7,3574.9459140860963,1,0,17.045878573383842,0
61,51,13,4257.729506266945,1,1,5.9860772114823675,0
74,2,13,2489.5262226008203,1,1,14.556294213553336,0
56,58,6,1834.995042120948,0,0,12.089857735977821,0
67,27,11,787.7664067469477,1,1,28.07308787155941,0
24,11,9,2517.0081301186183,3,1,13.602972415881684,0
68,19,14,3503.9926577509236,2,0,25.1864488307276,0
27,49,9,2424.935105545941,0,2,28.74468047473549,0
35,61,6,3958.827925208013,0,1,17.301131630678025,0
25,41,8,3176.699571775966,0,0,1.635324637104011,0
40,12,9,3506.399873988639,1,1,23.056650543093212,0
60,64,8,5656.654657109784,0,0,0.4353860506287095,0
33,57,8,6130.638643150134,1,0,16.368268515665296,0
64,30,9,856.2152113233883,1,0,20.051862259831843,0
52,40,9,1482.3397955487467,0,1,10.288570608405653,0
53,69,11,3802.6263811055587,1,0,26.68693148190475,0
71,27,11,2804.913206116752,4,0,30.877430306823236,0
42,2,5,837.4797953066895,1,3,21.525748530448887,0
37,11,11,4196.880232501543,0,2,0.0,0
74,43,11,1517.1972555964135,1,2,15.32932774314586,0
49,71,4,4692.188911428131,3,0,3.395929415954514,0
53,53,6,5239.106870611183,0,0,18.15955779859255,0
34,44,12,5543.076383997895,2,1,20.572195079514927,0
30,23,9,2212.4840111823605,1,2,18.40473989699229,0
27,32,9,3547.995451097535,0,0,0.0,0
30,3,6,5494.007914736123,0,1,8.673005319092018,0
29,27,3,300.0,0,1,12.625177909054765,0
60,45,9,1477.8478525054998,1,0,14.164664061048349,0
21,65,8,4461.278412233212,1,0,17.469313622767448,0
53,66,11,6237.7321206776915,2,1,14.203169464491836,0
72,59,10,300.0,0,2,8.34161299403077,0
61,2,12,1418.8799047946854,1,0,6.844654665585585,0
40,58,8,2879.5594851513247,3,0,9.202371744632726,0
21,16,6,3704.1144974639697,2,1,15.979526378111434,0
65,44,3,6909.636684899652,2,0,27.342367241115575,0
18,68,11,5275.824659728413,0,1,14.370927468826732,0
56,64,6,4321.212745199142,0,0,4.279732372131615,0
56,48,9,953.2817500917195,1,1,36.00395909201279,0
28,22,11,3510.3723354839317,4,0,16.223035225972264,0
60,37,12,4983.084073081423,1,0,23.594105665449405,0
28,50,10,1488.1422397106144,1,1,12.2310570567879,0
30,37,7,2765.1753385387296,1,0,15.835075257740357,0
64,29,9,3240.808523237691,0,0,10.256315668974695,0
73,29,12,2282.5113994901303,4,1,26.081414632526624,0
33,43,6,4784.9454126421,2,1,13.21278722764341,0
70,3,9,5068.027341396186,2,0,4.974048012450565,0
70,71,7,2001.2525116657305,1,0,14.450525163085452,0
61,8,11,1598.5303712510104,2,1,24.521255222556917,0
25,70,4,3370.9708788621615,0,0,5.390854641179567,0
35,3,5,4125.657761563114,0,0,17.740464134630038,0
56,37,9,6905.864836716668,2,0,11.659709872716846,0
74,30,7,3536.0273470685697,1,2,19.136095040965767,0
64,41,5,2837.104961204345,0,1,17.93503060229394,0
41,31,10,2092.164060783196,1,1,18.386846299873685,0
31,64,3,3813.116443064862,1,0,2.003932229092909,0
72,2,9,3020.9956481632516,1,1,13.792230372957844,0
33,70,5,4903.569026960363,3,0,39.30402365005935,0
37,49,8,3881.3807870722385,1,0,0.0,0
72,56,7,3328.414466469764,2,2,7.491045242162625,0
50,10,6,1817.4790856595328,1,0,23.13592699907126,0
33,5,11,4284.273465812168,1,0,20.818639195875043,0
18,29,9,3223.889026246185,0,1,16.94317863694134,0
42,23,7,4737.106527684298,0,0,0.0,0
74,56,4,915.6094462370743,0,0,27.006615015881714,0
42,64,8,4046.4018670692603,1,0,14.695981630113012,0
57,31,7,4872.89894490713,2,0,17.944173408287867,0
32,55,3,3585.453477152897,0,0,7.369883201482317,0
62,5,8,5006.239458977419,1,2,20.778821137463353,0
62,53,3,4246.605410003932,2,2,11.013506512713239,0
52,8,7,2391.6327233184343,0,2,8.75074209391574,0
61,48,3,1423.616857254308,2,1,22.662915663993246,0
50,28,7,5270.481142706909,0,1,19.536382584065493,0
39,30,8,2475.8530000593696,1,1,15.84000620983599,0
60,20,3,3275.464546203527,3,1,21.01560240846186,0
65,29,9,2544.2640193479215,3,0,31.71043000333481,0
65,63,7,5406.790261568297,3,1,17.439304646745715,0
30,58,11,300.0,0,0,7.593299515156436,0
56,25,6,5102.510363155061,3,0,20.355599066240018,0
18,21,11,2533.704672735948,0,0,16.467553954393896,0
50,37,9,7294.269280753939,2,1,18.785147818638876,0
50,49,6,5148.747333471903,1,2,11.619917660998315,1
38,13,7,2049.589058060864,3,1,26.300793014662887,0
74,52,9,6311.1212275121,0,0,23.35673927263565,0
68,68,8,2351.2421842717176,3,0,13.052696204693756,0
20,60,8,4558.944968664924,1,1,3.430390510989886,1
29,39,7,4311.661252531892,2,0,20.56189344679072,0
29,23,3,7437.148980062985,1,0,16.457244691775934,0
69,23,6,1796.0197503070979,0,2,6.0126763624043935,0
47,53,9,300.0,4,1,13.450226608124634,0
59,33,14,1391.076972746845,2,1,10.1592158895597,0
64,8,4,3522.228094961053,3,1,20.447913069674907,0
61,49,11,1595.3120766014845,2,1,5.635342418991682,0
23,10,10,982.3323923430994,1,0,23.973285810303853,0
25,71,4,2900.6200921650443,0,0,25.618560225945142,0
40,30,7,5183.034774550466,2,0,9.51170084929037,0
37,25,13,300.0,3,0,14.073053434900295,0
60,4,12,3810.585878181332,0,1,13.145492578511826,1
26,12,16,3802.167609235478,4,0,11.175685041128661,0
39,68,11,4930.927767008359,2,2,25.86839322170065,0
31,39,7,1609.4440648584352,0,1,13.58439598760474,0
28,65,5,6603.023799703645,1,0,13.355095950979415,0
27,68,6,3830.7777418692685,3,1,12.17563274899047,1
29,4,11,4250.29424829809,2,0,3.720590239973374,0
50,28,8,2553.811506573037,0,0,19.385590780529004,0
41,60,7,5529.345403778851,1,1,30.698247757050765,0
42,36,5,7931.426614753241,2,2,17.706808670754132,0
45,37,9,2921.9416434743284,1,0,9.048882134610526,0
60,41,8,3972.365268170371,2,0,14.866288522913795,0
67,50,12,4598.603408200825,1,1,20.270069289669845,0
48,67,9,6054.395901440672,1,0,22.30693488295382,0
54,63,10,5328.7185647753,4,0,13.809040572341207,0
60,45,12,4432.999627071693,2,0,17.99346179522922,0
57,41,7,4564.043149581965,0,0,2.1718793198401407,0
25,26,8,5103.076731310421,2,0,8.99583564250245,0
74,9,9,5345.996299709028,1,0,21.38077394890929,0
27,51,6,5406.18414849832,0,1,10.885833079117063,0
41,1,8,2509.451425765659,2,1,5.779707745676587,0
55,50,6,8540.738824075965,1,0,14.677611193724612,0
40,36,10,4084.2941578950235,1,1,13.207736033907024,0
31,56,6,4510.144492162251,1,0,18.976094637992134,0
70,68,12,5275.198470181902,0,1,16.488963221172057,0
22,40,7,4567.772211468933,2,1,23.65112983660076,0
32,41,5,5213.604915016413,2,0,3.4067018575774206,0
74,35,5,2427.478192919364,5,0,23.042166686971928,0
59,27,12,3639.8811847740044,0,0,17.056549178696574,0
22,7,5,3554.8575978196004,4,1,24.937888665537287,0
61,3,8,5250.452505300711,1,0,22.514772526873802,0
73,52,9,3709.5260309074497,0,0,18.566806993921194,0
23,65,11,3927.507197732988,2,1,19.945201161141313,0
41,4,11,4007.2215110686307,0,1,22.714734007541125,0
44,24,12,6013.641392486032,1,0,7.8561440551069985,0
25,44,10,300.0,1,0,16.635796820219365,0
29,51,8,4297.544677290011,0,0,9.181201936093995,0
27,53,9,2854.1007296348444,4,0,10.101912361730907,0
28,50,5,309.6066813153857,1,1,15.131838134127364,0
41,6,8,1594.19502727124,2,0,7.198207479143864,0
44,19,8,1569.4982764989566,0,0,21.489835980027383,0
31,34,6,2758.9141162032192,4,1,13.783471186301796,0
34,5,5,2011.3635313361212,1,2,20.312105466904015,0
28,25,9,3607.877345613966,0,1,15.869372278317677,0
63,28,11,4918.309274869455,2,1,12.529953795898795,0
30,70,9,3801.4752466507,3,0,27.707937871094476,0
69,23,8,2262.307722026701,3,0,14.884649779222864,0
48,69,11,3861.7832682392723,3,1,20.64878663377245,0
63,50,4,4622.993270059851,2,0,8.950983641456986,0
54,50,5,5631.769718557683,3,1,10.152113478984688,0
33,59,10,2022.7140614679327,3,0,9.826889365386211,0
52,60,12,6575.265443631048,2,1,0.0,0
33,16,9,3804.875029699965,2,1,2.439029608052694,0
24,30,11,3758.3965165789123,1,0,13.31022899959428,0
32,38,4,2235.3836934901274,4,0,17.6284250402938,0
33,70,9,1119.9738624784572,1,0,8.599088021289944,0
25,3,10,966.4299951713274,3,0,12.363300039432003,0
19,34,7,6722.347865526568,0,2,18.130968409525664,0
71,16,10,6081.424725914871,0,0,2.521136667647877,0
47,15,9,4626.028855522194,1,0,12.814758930956778,0
40,55,5,1514.883219191562,1,1,17.698709278866072,0
71,15,12,3314.1223122163246,2,0,24.389761663573918,0
30,57,7,839.2014829726395,0,0,0.0,0
40,71,3,2409.1267235341393,1,1,14.575246352114748,0
66,56,10,656.0655213391524,3,0,10.798265780968514,0
54,13,15,2772.82224238444,0,0,13.420330322334754,0
40,11,9,2863.9047131494563,1,0,2.900865365827599,0
32,32,7,2335.291272432676,4,0,9.97678745715731,0
20,40,12,1833.5651800812254,1,0,31.267763605488074,0
22,56,5,3213.136143705511,1,0,24.472840566717696,0
27,31,8,4453.031859972993,1,0,27.141522394468048,0
62,12,9,5803.709052059807,2,0,18.863704809894024,0
54,71,6,2241.8804912253827,1,0,11.836291105826371,0
42,65,12,4564.650197613464,3,0,4.270624830140518,0
62,47,6,4531.605038356136,1,2,15.013235077044488,0
27,50,6,4135.94211122931,2,0,20.89577282989078,0
30,67,8,5077.268137676629,1,0,40.88027653373783,0
40,34,7,3766.1539902389336,2,0,14.055452044433602,0
70,11,8,3448.115937788921,4,0,26.593572287818475,0
53,44,7,4557.263193605418,0,0,7.174153300436443,0
66,33,7,6900.716266024974,0,0,17.25950099303164,0
32,57,7,732.2021600009548,5,0,8.698929141337551,0
66,55,6,3800.5480015714033,1,1,17.866741088136465,0
22,34,13,2706.727542421701,0,0,26.415413838886938,0
30,27,9,1549.2787033983243,0,0,27.46382938272436,0
47,30,9,4442.771206646042,1,0,23.302532985185078,0
20,45,8,2907.2729171213964,1,1,4.547918192817789,0
66,46,6,2623.0163615564124,0,0,18.170632604682876,0
67,37,6,4081.8119990032483,7,0,25.687051543577333,0
48,38,10,4913.81588013784,1,1,7.8577221734049045,0
35,71,4,1529.0326048799927,3,0,13.983164570307057,0
23,19,13,3872.11954569654,1,2,23.22385069229956,0
53,13,11,6029.271498491002,1,1,0.0,0
48,57,7,3790.1117421120352,1,2,9.819977517213003,0
61,67,8,3300.388118609952,2,2,31.57196667554251,0
52,44,6,3163.335312271392,2,1,35.2157503352891,0
25,29,6,300.0,1,0,26.67085220852443,0
24,25,6,300.0,0,0,0.0,0
62,34,5,5228.863972425198,0,1,22.800542561372893,0
27,4,4,7069.745581903113,2,1,23.668085858918484,1
71,38,6,6377.341591123531,1,1,12.695327651845968,0
24,20,9,6943.705084706344,2,2,35.80096921626314,0
59,19,10,2939.7074446617753,1,0,4.709608991496767,0
73,40,4,3255.7968170324516,0,1,23.965665150488277,0
43,69,6,1352.7493742464685,2,0,9.25794259158922,0
21,15,12,1609.696422323099,2,1,24.761635570144435,0
67,65,14,4879.5523665322535,1,1,25.63895581068364,0
28,37,6,2253.86784299807,2,0,19.062324236634318,0
48,70,7,2529.598734718745,1,1,0.0,0
74,28,12,2949.515957945954,3,1,11.611365049857477,0
60,71,4,5147.005575843674,0,2,24.581182048136043,0
20,47,6,3526.722015167437,2,1,9.494842455646282,0
64,48,9,2441.601459205758,2,0,6.139722360246761,0
27,40,10,3532.9893764100852,1,1,17.954684860531753,0
60,33,5,5117.027866343651,0,0,12.258653081644596,0
53,38,8,2411.218510541079,1,0,6.430414288061195,0
34,61,2,1737.7765659051943,2,0,8.108218116672324,0
42,57,4,1842.750363982977,1,0,16.628432511295273,0
24,2,10,7050.311621677889,2,0,20.203227709916867,0
74,50,3,2148.884646802174,1,0,5.519260391963005,0
31,60,14,3532.6773970309164,2,0,20.497227405267925,0
35,53,10,300.0,2,1,10.265016461334667,0
46,36,15,7666.581577020994,0,1,24.940514789191035,0
56,24,13,2441.938348043668,0,0,22.27763414372827,0
46,48,6,4375.886585458084,3,0,17.241130383695022,0
46,48,7,3331.9891443638,0,0,16.129174969159664,0
51,27,5,2173.4682969785467,1,0,30.901910456722746,0
66,29,6,4732.944251487869,5,0,17.943514756316443,0
40,27,8,2425.834314925563,0,0,20.537484410500156,0
65,4,5,5234.986456139349,3,0,33.61827305111596,0
62,3,8,8202.878887767707,0,1,18.25830229075865,0
72,6,7,5067.55391920613,2,1,18.76964869918761,0
70,31,7,1989.108837296803,0,0,11.716609683876385,0
63,37,11,3097.62349340581,2,0,1.6773800920545607,0
32,29,11,481.7680297084903,0,1,14.983788421800092,0
62,68,9,300.0,1,1,10.670900395942695,0
59,16,6,1134.7215360185392,1,0,14.613239549438063,0
34,28,7,3603.9693065883503,1,1,25.843684341689972,0
56,18,12,4105.370112229578,3,1,8.349569949590999,0
32,22,11,4071.624486000903,0,0,0.0,0
47,42,9,4372.904307826497,2,1,1.3575934480816922,0
63,23,9,3780.1735385213724,0,0,7.342958024906793,0
28,23,4,4945.547098631159,1,0,4.090366848212513,0
37,48,6,3828.202200226567,2,1,14.151997867076787,1
63,59,12,2137.745075255863,2,0,0.4698173746500558,0
43,16,9,5035.707062774498,0,0,9.673830022683191,0
72,8,4,1489.8376444384842,1,1,6.111333800934013,0
18,18,9,1821.0483393660977,2,0,9.97442909048413,0
59,42,9,7203.458421576482,3,0,28.735884793053806,0
64,69,5,1646.5277311868645,1,1,19.548086505110064,0
70,12,10,5049.653466885305,1,1,27.60010006280978,1
26,4,8,4528.645951719307,2,0,20.879046295490433,0
74,38,6,1457.6278988479253,0,0,24.55185267536917,0
40,71,11,8374.390812110738,0,0,7.651699010204613,0
38,40,8,3017.8822625326247,0,1,11.9622408921425,0
38,66,5,2793.2074007816464,1,0,19.078654259427783,0
54,46,3,2871.0051124869624,1,0,11.086626473229568,0
55,3,7,4334.501473825541,0,1,8.99357226874848,0
45,31,10,2248.6704637014973,1,1,24.534584028184774,0
22,55,11,956.7479283355915,1,0,17.212854506045282,0
74,37,9,4704.8927363599,1,0,19.337750141161493,0
30,14,6,1242.7832448005515,2,0,1.552743281811928,1
23,13,7,878.1151481955144,2,0,6.239034165713077,0
52,48,10,2350.2874827835985,1,0,12.875672204717334,0
41,33,7,7747.901632035691,1,1,11.025375317395426,1
53,41,4,2763.817100007219,2,2,9.305055754268151,0
67,27,3,6499.92041959897,1,0,7.8954370304351045,0
23,25,10,3281.269801955671,1,0,15.142153831181734,0
34,48,9,3648.6925706688003,1,1,16.361648914759602,0
47,1,7,3903.5797045717295,2,0,1.0196685356370079,0
62,31,8,2362.0484145645714,2,0,12.807348183373225,0
52,27,15,3542.838934967154,0,0,22.568602177274677,0
39,56,6,4483.696067326797,1,0,16.920972696535397,0
52,52,9,3869.312401574709,0,2,23.565619347868434,0
73,31,11,2350.9002629317474,1,0,9.691553201972447,0
45,19,6,5203.986432801545,1,0,13.222719558467109,0
68,17,9,300.0,1,1,2.92708677970648,0
62,15,7,4653.010259177149,1,0,13.880297077907596,1
35,20,10,4245.135928165821,3,0,10.941828311640718,0
32,55,6,3647.221708623255,3,0,11.69771116578218,0
61,4,5,5588.064584418089,0,0,6.261338764412894,0
29,2,7,4200.917624577261,1,1,18.778311126257503,0
37,39,10,300.0,0,0,14.639518976389489,0
31,16,6,4961.851360894425,1,1,21.719470299780518,0
52,59,5,3519.324042474131,2,1,3.2789747254395074,0
34,54,3,3728.2005611519626,2,0,19.879166852557262,0
55,55,8,3945.168940174228,2,0,18.82172538906873,0
71,33,8,3682.640583839814,0,1,0.04648387421721978,0
65,32,12,1465.6932948623112,0,0,24.436476352809656,0
72,31,6,2423.9377175482496,0,0,22.32508278894378,0
19,14,7,5061.452024863242,1,0,24.63139016961609,0
43,41,6,3448.4922221897345,2,0,17.879009531507947,0
30,62,6,3809.867165333011,1,1,12.149943494189122,0
70,19,5,4711.8103811539995,1,1,18.722255544996326,0
58,5,5,3086.122131268594,0,1,8.51961770907947,0
36,41,9,5472.776399247217,2,0,24.9450601104533,0
50,29,6,3903.3783377616605,0,0,7.652829665186426,0
52,57,11,1498.6053355678182,1,2,19.465651046643906,0
46,61,10,2906.620920980815,0,0,10.29559269217323,0
45,68,2,2786.7276867155324,2,2,9.730919835535303,0
21,28,13,3620.543538805532,3,0,18.956723357616106,0
43,65,4,1554.2985118587428,2,0,24.66977858713512,0
37,9,11,6725.794616332053,1,0,8.81944092765384,0
64,27,10,4990.904532774492,2,0,19.460277439759334,0
67,19,14,3933.797616043136,3,0,25.069406381766143,0
60,66,4,3678.680092695325,6,3,17.571155955337634,0
19,43,6,5238.288543926439,2,0,23.322410505169223,0
65,26,4,751.0192901512037,3,0,12.122657022455416,0
40,11,5,4053.5493434531923,3,1,17.232826209454966,0
41,56,9,1301.6653333544664,4,2,15.71648778085632,0
71,47,4,5119.466548445211,3,0,24.350867137236555,0
67,61,9,1949.1063968716205,0,0,10.081397355647425,0
20,32,7,4055.1061482896453,0,1,17.214364013564964,0
38,11,11,6996.873623293987,0,0,5.704727663336545,0
60,24,8,5512.4920590385145,0,0,9.727135373956544,0
48,45,5,1666.2188245104617,1,1,28.332971924998663,0
32,18,10,3903.1705105300384,1,2,31.732989709479156,0
47,6,6,3627.0668946633127,1,0,12.623049875133457,0
67,59,4,3403.8304593456146,1,1,9.299896723397524,0
30,38,5,6512.401751083745,2,0,27.79585971137808,0
60,29,14,3394.469265862154,2,3,8.154103046905725,0
59,40,5,7628.988916418756,0,1,15.724821879038332,0
68,53,6,2350.068928925662,1,1,20.07773946421511,0
34,1,8,3645.154819877578,0,1,27.765270831010753,0
30,32,5,3531.1863569327065,0,1,5.626769576203994,0
49,19,8,4018.9933802103424,3,0,9.379127191215492,0
48,7,8,4956.3752432571555,3,0,13.061908001324632,0
41,3,8,5861.641798945624,1,1,10.956735899849495,0
62,32,9,3333.3912994574266,2,2,27.157622656050407,1
63,39,9,3160.8987573103623,1,2,10.740558700060863,0
32,37,9,3388.424448033732,4,1,7.830776485189186,0
63,56,10,5186.415397312363,2,0,4.698374423099846,0
31,33,6,1307.3900344336657,2,1,3.397246839051588,0
41,42,3,2696.057548801112,1,0,14.050821132229515,0
19,58,2,6759.437071014676,0,0,18.11296047869618,0
37,47,14,300.0,1,0,0.0,0
72,65,9,5129.698036383959,0,0,13.642617941866998,0
43,16,13,5652.364201691424,1,1,8.622067700084452,0
58,56,8,5223.4262142279,4,1,12.26152829176049,0
24,50,8,2584.976772516373,4,1,9.008062785974676,0
54,42,5,5359.645642587277,1,0,13.824018755760756,0
39,1,12,4607.79494243446,4,0,3.5011834465607237,0
60,39,6,4542.089712411851,0,0,17.737597428732787,0
70,61,13,1530.7438839646672,4,1,12.015888289866528,0
48,46,8,3023.5327725519646,3,1,23.306475162360385,0
23,1,6,3671.852981279579,4,0,17.32620477631628,0
45,21,6,8100.965931791896,2,2,8.658837015836923,0
25,41,8,1307.9343192376114,2,0,17.69720072993577,0
43,58,7,3351.703143567721,3,0,23.405575317074316,0
21,32,4,4214.326842710824,1,0,12.478842502263168,0
54,61,6,3562.7972527289585,0,0,17.878800543549687,0
35,57,10,3796.762784221856,2,0,16.842386767768843,0
29,19,8,576.7274159381927,0,0,17.650542017190396,0
18,14,7,4006.605634217522,2,1,16.502051693892582,0
68,65,6,1579.9087943279897,7,0,3.7239087074783157,0
65,42,9,3406.7950424614705,2,0,4.977542547077801,0
64,61,8,3367.624083773133,0,0,1.8713857392486126,0
21,66,7,5929.14127765649,1,1,5.388946671762595,0
37,31,8,300.0,2,2,16.2444702578327,0
73,4,2,300.0,2,0,18.676660150563908,0
50,65,10,2354.137220640945,1,1,7.14112145183483,0
25,42,12,5114.145180746893,3,0,5.387901319140031,0
26,9,13,4062.470778377351,1,0,18.31398579936343,0
32,38,4,3478.342795859363,1,1,12.37728701113683,0
73,2,3,5958.88617358509,1,1,3.1225625149984904,0
27,21,13,2036.2593193396467,0,5,32.38703228940188,0
69,25,7,2484.4047272147764,2,1,16.881856496616454,0
56,33,6,4483.8613241654975,2,0,17.410671112814512,0
70,41,6,4133.088062395825,0,1,8.199427559358135,0
65,60,7,2234.759810424075,3,1,25.688993380193423,0
36,25,8,2521.7189594804277,0,1,18.651467896500584,0
65,53,5,2118.0153157767204,1,1,27.64649314055734,0
27,67,8,1178.4279988401272,2,0,8.014271154854363,0
34,54,12,2490.748974931785,2,0,13.16838443188803,1
30,19,9,300.0,3,0,0.0,0
25,49,9,3239.164044590985,3,1,21.290432518812146,0
23,20,9,3163.644142147271,1,0,18.196436490964256,0
28,34,8,3690.7427200132397,4,1,26.467580029687028,0
24,46,6,5751.119741036609,0,1,9.457748004766676,0
39,21,3,3273.404998687637,2,2,18.440086287587768,0
22,1,9,1948.9330183477873,1,0,13.935123460723474,0
21,60,13,3036.7780490554965,3,1,16.64842441779158,0
74,52,5,1672.882778427653,1,1,12.275415178193782,0
22,9,11,4351.342498011645,2,3,0.39125484973542335,0
22,27,5,4929.930950304636,4,1,15.93106273964837,0
19,19,12,4991.218073376538,1,0,15.387526613297375,0
25,70,8,5870.43881094628,2,1,23.479802466699887,0
48,67,5,638.7795109020649,2,1,12.034312295252,0
65,50,6,2623.275820794304,3,0,20.67255190341188,0
59,32,9,8269.93358192629,0,1,8.97364596158612,0
51,4,8,5337.80087608975,2,1,7.23833282835986,1
22,18,8,4421.154780136106,1,3,17.20987671669119,0
62,7,5,3273.7716725317737,0,0,9.51285224595522,0
20,57,9,5737.667699674614,1,1,31.660490740962633,0
53,7,7,2926.533687263435,2,1,5.5572009436508605,0
41,49,6,2508.1551914089937,2,0,26.224275956021646,0
68,68,9,3957.113763087409,2,0,1.7914421552122572,0
35,22,8,3309.964790839287,0,1,20.928852163611083,0
54,49,7,2265.6443587503,2,0,24.405282947856428,0
43,63,5,2423.6792890092547,2,1,18.32460722826678,0
47,31,8,5350.196763147514,1,2,22.432385880622796,0
71,32,4,6287.070024972378,2,0,18.073839082610856,0
58,15,5,4408.847046218859,3,1,16.66108301542239,0
41,31,6,2475.370057113364,1,0,16.720237551689753,0
43,63,7,3256.61855256876,1,2,9.361748427357277,0
58,48,9,1733.6589982191665,0,1,13.257006908757667,0
37,15,5,1353.4144561994067,4,1,14.83013990741969,0
27,38,11,3910.725875009174,1,0,0.0,0
44,51,7,3296.371883150034,2,0,15.400739343562973,0
21,6,10,5656.7230332169565,3,1,23.125087557330883,0
27,55,5,4960.185923354834,1,0,22.788059941113456,0
41,15,8,300.0,2,0,1.573599541077762,0
63,21,10,6186.134804664283,1,1,10.07134448403436,0
62,30,9,2723.085746787896,2,0,22.96250562737876,0
32,36,10,2559.1368652049227,4,2,4.799080052960015,0
42,66,12,3115.9857580949283,2,1,23.214869003990575,0
26,16,6,3327.5083392011334,1,0,7.1378942614042264,0
61,19,6,944.440087034161,0,0,15.030758469316346,0
32,27,6,4490.488542154101,1,2,0.7866809651091184,0
63,61,15,2574.6813907289516,0,1,27.839699552687563,0
65,69,10,1465.7385349087701,0,0,1.4776662317187963,0
57,33,4,5340.281461945753,2,0,11.090393270268176,0
36,50,6,1403.5321130140705,0,0,14.277100016788081,0
72,66,16,4150.245930508746,4,3,4.041681865098862,0
57,61,8,2674.826585390401,2,0,16.330569558283575,0
54,49,9,5765.885166407317,1,2,18.63551341172734,0
66,39,5,4667.179457036107,0,1,10.376824289019668,0
68,70,10,5327.50168093914,2,1,21.98377472991799,0
22,17,12,300.0,0,0,7.648788370531527,0
68,26,5,2460.7323361792523,0,3,10.961474089563426,0
61,51,9,3126.1025523559388,0,1,4.683906111839242,0
29,2,7,4085.6194737728038,0,0,11.496601234206205,0
35,36,8,5733.500368144023,2,0,21.966678158788557,0
60,61,5,448.6242078256487,1,1,12.895309293758645,0
30,13,7,3969.230743649658,0,1,8.282863965895679,0
43,58,7,1917.8415990098779,1,0,7.195029297788247,0
57,30,6,3048.6081205903197,1,0,14.252704840516415,0
55,62,5,1555.8909609815857,1,1,18.501397367133407,0
69,46,9,8324.453528301266,5,0,21.44507924032518,0
24,12,6,4804.147396090759,1,0,24.636388509619067,0
34,53,11,3104.798189695408,1,0,24.21030231082287,0
74,4,10,2304.136423536078,3,2,22.956479587765408,0
50,18,7,4755.397167764983,1,1,13.24905129026733,0
32,64,9,3108.4560309004546,2,1,14.886208210212406,0
34,63,8,4173.9117613383105,0,1,20.162603249069903,0
37,4,8,4065.9471710695957,2,0,18.32398466964859,0
49,27,5,2638.96305671561,2,0,21.39537662948031,0
34,7,8,4598.387967175834,2,2,0.0,1
53,20,11,2326.994845261044,3,2,16.9384684339668,0
43,69,6,1471.3891458127905,1,0,8.954932412486674,0
52,14,9,3949.9820179427857,1,0,15.187321250893076,0
26,46,7,5326.713731750551,3,0,21.141971237281066,0
53,58,13,1181.018367414944,3,0,1.5951222094760524,0
70,63,10,7589.387094277554,4,0,23.85492109598237,0
25,26,10,1576.0732033631366,0,1,11.84203742685148,0
36,50,7,4041.327775640556,2,1,4.952800748418085,1
57,35,6,7779.278325616613,4,0,0.0,0
53,8,9,1106.2821360079174,1,0,29.322301662633755,0
56,16,11,1464.5422550931573,2,0,8.150110644853712,0
49,54,9,5965.360901902972,2,0,14.695609664952556,0
56,49,10,6350.291945818658,1,0,16.985421465699165,0
52,37,10,428.8569569497904,0,1,11.333056970210235,0
22,56,8,2161.353044527417,2,0,0.0,0
60,50,6,2660.4881550125288,0,0,16.346971747825897,0
43,25,5,2464.404245307181,1,1,24.78692587414392,0
20,21,12,4205.360708708597,3,1,11.688471666123517,0
41,68,16,3725.300152447329,2,0,22.036173881029843,0
42,70,6,756.598894632486,2,1,27.199396808052043,0
22,3,16,6054.820818783906,1,0,0.0,0
74,57,8,1079.4660773992396,0,2,26.0266835855193,0
30,10,5,4577.6788142670175,2,0,28.338475767238947,0
36,62,8,300.0,1,1,18.204007047137782,0
43,42,8,1649.5367162071475,0,0,19.0363711320824,0
65,49,11,1569.7613834759827,0,3,32.02873021944236,0
60,50,4,7323.494350055078,0,1,17.2790038717934,0
61,43,7,2366.921873406887,2,1,31.656798558991564,0
31,18,12,4243.123604209944,1,0,22.77038795530156,0
66,58,10,4903.578987158553,2,0,7.3111138399903375,0
65,40,8,4659.228580347251,3,0,10.000770443817089,0
44,39,5,2599.6494620827925,1,0,21.15020666163312,0
49,23,13,2903.417439854791,1,0,6.082774718772468,0
20,1,7,4708.359604015588,1,0,24.943934091080777,0
61,40,9,3835.1515859955202,0,1,20.785611683102548,0
72,25,4,6487.700315410264,1,1,18.76557603388435,0
44,47,8,300.0,0,0,1.0644950097393657,0
48,26,7,5494.134344727055,3,0,18.082476402892468,0
46,70,14,3957.1406259824826,1,0,12.861139947475825,0
22,49,5,6769.8829376091235,3,1,17.191493824486372,0
53,33,10,7759.713969924631,0,1,11.890307710888482,0
59,51,8,3380.2353841190416,3,0,4.7989692438378135,0
70,47,8,4322.726480791703,3,1,13.935352414064486,0
70,45,7,2828.9191657704027,1,2,10.271814356800821,0
46,42,8,5410.052744630153,1,0,0.3741608544588857,0
72,67,7,5452.198522439684,1,1,29.93683621272014,0
48,23,5,2926.3134820030937,0,0,10.22236132132456,0
54,31,9,4906.323218255484,1,1,9.036370488802309,0
52,18,9,3399.6401829236615,0,0,9.193929087728282,0
74,41,7,2002.6993551045805,1,0,16.407850317836385,0
60,71,8,4064.1899246767402,3,1,16.152659708345475,0
24,44,13,4539.736934598001,2,0,7.108819791742888,0
22,15,8,4655.899355201091,1,1,3.5148475092417844,0
41,66,6,1922.0988163599523,0,0,24.999850099101156,0
47,57,11,3147.260680580348,2,1,3.6269146625467457,0
56,32,8,609.1949611347482,0,1,12.418906931369992,0
45,11,6,3786.379962433254,0,0,20.957379495342487,0
47,29,5,3692.784775272636,1,1,6.333215982333975,0
70,58,11,979.5126146634834,1,0,16.97039723661021,0
37,41,6,927.1478859479148,2,2,10.205700097780058,0
46,14,6,4565.809622197343,2,1,10.531278646715423,0
49,12,6,5837.467348147666,1,0,13.694390410297181,0
44,69,7,2017.9497612020525,4,1,25.244866725577197,1
73,32,13,3277.7323708547738,0,1,0.9873185006596383,0
72,49,8,829.1387068500535,1,0,21.299927382453617,0
47,26,10,5129.296404636656,1,1,29.80752040371314,0
43,7,7,6195.5649983904,1,0,18.239860760744154,0
51,30,7,1462.5180746143449,4,1,16.627554052853,0
28,50,10,964.5151842477862,1,0,22.012223684469642,0
42,24,9,3144.014482847861,1,0,13.388463195850093,0
30,43,5,3872.816814622283,1,1,0.0,0
26,32,12,1196.3298341103432,2,0,31.416316656621607,0
23,24,9,1299.7384816099598,2,0,4.66131686991727,0
51,19,3,5378.362738502176,1,0,17.315369368158876,0
18,19,11,479.6527728138158,1,2,12.186388685929392,0
54,19,9,767.0543655359529,0,0,13.084326852812161,0
42,52,6,3212.610639241589,0,0,12.029454748700973,0
38,24,6,6849.49125744943,1,3,24.33376820102246,0
61,53,5,2580.0173507846825,1,0,16.504701875789117,0
48,23,10,1362.094204186812,1,1,15.441698302121253,0
59,24,8,4457.930921982122,1,1,12.719040455398506,0
58,66,9,5528.208503107175,2,1,12.563583877136736,0
19,63,6,5957.655989131961,1,0,22.351730875773363,0
30,29,9,4186.847674301117,2,2,12.514880334269415,0
50,20,12,4573.155920082316,2,1,7.97467282686345,0
73,51,11,4608.08786847292,0,0,12.050508305465298,0
26,5,3,3874.8198498470965,2,0,11.121567663949582,0
24,33,9,6796.990678462747,0,0,7.05301834998989,0
71,43,9,3626.9928461086847,1,1,28.54435831757756,0
73,48,8,3367.7432640868674,1,1,11.175293703067293,0
27,8,8,5078.780453281984,2,0,12.810968243320676,0
40,1,9,3884.945943067627,1,0,8.25091377860534,0
53,20,9,6990.256647994151,1,1,12.140296240152924,0
29,9,12,7084.617207481904,3,1,21.26747409409966,0
36,37,7,1793.714066095648,0,0,17.031844180972307,0
40,66,5,4969.488583493687,1,1,13.37421056263933,0
54,21,4,3582.0993009447516,2,0,11.119132103354563,0
35,33,7,4112.351636228497,3,1,19.088444989133315,0
41,16,7,5613.70738031966,0,0,7.925678725783118,0
34,4,7,3008.372691981586,0,1,10.682065497307535,0
61,50,5,2036.578603630016,0,1,13.83806698701427,0
26,19,10,2460.79847272144,1,0,16.76331472656085,0
31,39,11,3238.426783599333,1,0,27.89692927374884,0
32,49,7,300.0,2,0,7.117221382038814,0
69,60,14,2852.4523908953106,1,0,11.017668537622587,0
71,14,5,3466.159831545733,1,0,23.649759430173248,0
46,42,9,5109.206604978261,0,0,18.945561825462427,0
26,65,3,2403.511639323903,0,1,14.850216432131967,0
61,35,9,4233.543187358317,2,1,16.369469508399977,0
46,3,6,3623.8310124708846,4,1,15.611138049950524,0
66,19,12,5021.767410360034,1,0,17.764946603014945,0
38,57,6,5592.673281540974,0,1,16.068952699068987,0
74,57,8,2740.5605065860336,2,1,19.339741829159337,0
63,23,7,5599.902038166174,1,1,26.34225775092001,0
30,14,6,5261.104324316477,0,0,28.792410615460465,0
59,21,9,2890.874097056959,4,1,5.44747355392116,0
34,18,8,5409.627004583348,0,0,28.8887871464577,0
37,53,9,3961.9868105498895,2,0,24.401394386349452,0
32,60,11,4782.149631228636,1,0,11.547810998161527,0
56,4,14,4532.87399854342,3,0,21.244784005126824,0
32,53,6,2557.255872980747,6,1,29.474925132723072,0
54,54,8,2398.650301221396,1,0,9.004610870038084,0
51,44,3,5869.3758543219965,1,2,12.279680902716143,0
60,62,9,2675.842679839515,3,1,20.805274245668855,0
74,3,9,300.0,3,1,19.29435692642408,0
18,50,8,2219.520327400467,0,0,16.237412226198085,0
74,10,6,5711.183252022916,0,0,15.406015435679157,0
24,64,7,6135.415854877523,3,0,13.949479476771149,0
48,36,13,5551.59152393888,0,0,23.133178842414296,0
37,7,7,2797.269275173707,1,0,15.01682589189603,0
54,53,4,2896.623091451527,0,0,12.321562528168482,0
59,54,6,4201.437401812777,2,0,20.730150224219344,0
67,33,8,4566.223239267958,3,2,12.646133066525069,0
40,23,5,300.0,1,0,24.688831826616408,0
71,2,6,1886.07049829837,1,0,24.28883697512552,0
36,65,7,3695.1522296572066,1,0,30.67987414507534,0
29,14,3,2991.595860105598,0,2,18.001992996414796,0
39,60,8,2082.2936878563914,1,1,20.106441729289777,0
48,42,11,4300.295086588942,1,2,18.32427352440907,0
56,49,10,2498.2364892129895,3,0,20.60353993272014,0
65,50,7,300.0,0,3,11.600292161596688,0
30,61,12,5288.4740973351145,1,1,14.535546691897407,0
35,3,9,3318.0085656782894,0,0,25.14135747360612,0
71,71,11,4102.972875688668,2,0,25.50372270701367,0
43,4,9,1531.3808915074515,1,1,7.625435616948512,0
31,71,10,1738.857140592987,0,0,17.344031512592807,0
74,19,7,365.5986110294525,0,0,23.62813336510807,0
43,61,10,4193.567462727543,1,0,27.280834188468727,0
74,6,9,3120.944731320146,0,0,22.69817678678757,0
70,33,10,5639.092581078683,2,0,12.343165211688085,0
69,39,15,2363.96252152586,1,1,18.727149211620187,0
51,68,9,1722.4677687289634,0,0,14.282047050219372,0
63,9,10,1664.2277327645006,3,0,0.0,0
72,3,5,4851.154980424145,3,0,14.159536762942636,0
33,47,8,7668.28138887873,0,0,15.477275690237745,0
20,4,13,2845.4683167761286,0,0,15.138903780148551,0
36,56,12,4585.561954420923,3,1,24.05680166136497,0
54,3,9,2549.0323212669437,2,1,13.290256936805896,0
49,69,9,2774.1058691660064,0,0,18.349135006853295,0
22,38,7,1392.5546984544362,0,0,20.059353635061463,0
49,68,5,3697.8052985275544,2,1,13.092922211915141,0
27,9,17,2351.6405252823884,0,0,15.795691770160097,0
46,20,6,1826.9418999670118,1,1,2.202662569914576,0
50,33,6,5596.452296441041,1,4,11.787177909629282,0
54,3,9,5065.558746572195,2,2,14.59614488282954,0
41,8,4,5649.093841259579,3,0,8.61288153645042,0
41,24,8,3947.4019169282137,2,1,4.682662213016302,1
56,53,11,2076.23192029217,0,0,26.41475701867298,0
60,51,3,4126.784675296522,1,1,12.278970787865688,0
64,7,9,3986.767995796412,0,2,5.690810956332324,0
37,5,10,1958.9451618596709,1,1,16.690240644336644,0
42,47,12,6878.61439058561,0,0,15.898813827039671,0
36,26,9,3496.7134223208745,1,1,3.5406717547414175,0
48,57,16,3812.4505718357955,3,0,14.218614686981468,0
25,22,7,3815.362929165918,3,0,21.40559998717133,0
42,26,9,4377.606544173773,0,0,27.248577970082515,0
28,16,6,3032.9763530881933,1,0,8.457175468928536,0
48,19,6,5776.749965410256,0,0,8.461985668575434,0
66,51,6,6111.840308543121,5,1,15.662594287205792,0
74,34,9,300.0,2,1,14.568615483188664,0
43,47,8,3096.0771447576517,0,0,14.366152433574383,0
21,6,6,5508.07479300444,4,0,14.259670926255328,0
30,39,10,4323.359052963974,2,0,25.450982833057033,0
23,33,9,1553.2006898788754,6,2,16.03246091289742,0
61,65,18,2796.6463262885068,3,0,24.872024663465396,0
74,31,5,6222.9674180326265,2,1,17.546237448696413,0
49,8,7,641.1119449697844,1,1,21.978038686338408,0
28,50,9,3727.162576431985,1,2,19.210053350426257,0
19,11,7,3328.336985936731,4,2,8.502572170370382,0
73,65,8,2798.520786873844,1,0,12.13890844545158,0
36,28,14,2930.688330872252,2,0,25.601186487776737,0
24,56,9,4633.490253134596,3,0,17.40441239374204,0
28,47,12,4750.348599611311,1,0,10.0304592070311,0
32,34,5,4077.598707585558,0,0,8.99185559425563,0
55,42,8,4621.286301215232,2,0,2.898985735872259,0
68,13,2,3251.829862356205,2,1,0.0,0
33,6,9,5992.681708852297,1,0,0.06017627314457208,0
57,55,9,4798.59184341859,2,0,22.52017652443113,0
21,69,7,2474.356551805333,1,0,10.534590466156624,0
18,62,6,4405.126553605268,1,0,17.37881287807283,0
21,22,7,5387.411505608509,0,0,21.8848217420414,0
70,26,9,3880.207157071509,0,0,0.0,0
51,26,7,1773.0090948486188,2,1,17.68052480000319,0
63,50,8,300.0,0,0,9.012298009261587,0
19,45,8,4675.691787371521,0,2,23.171453240538,0
19,57,5,1549.2798525683918,0,1,19.102248185667946,1
66,68,14,2005.5701434339287,0,0,13.506207024853907,0
23,28,4,2063.745911206155,0,2,17.26950905514547,0
26,48,15,1742.6339790201544,1,0,15.29344548307183,0
47,36,9,2891.656908661865,3,0,12.77434793275685,0
52,68,9,3645.7905013347317,2,0,15.007981324134462,0
31,26,7,2181.4388444769043,1,2,16.45174430461473,0
43,14,5,1951.7627196335723,2,0,21.63133310984041,0
56,27,7,2847.1644523746136,1,1,16.012190392517308,0
43,44,6,3088.9612474894016,2,3,13.862021914877806,0
39,68,8,3985.5093097634317,1,0,16.48140443641222,0
22,59,9,3894.68348924064,1,0,6.1778420169890715,0
43,2,9,1284.4067749939481,1,0,29.605074443472674,0
63,37,6,5041.994142536203,2,0,18.24118052035588,0
53,12,12,1028.6783268213999,1,0,11.062382762338698,0
68,26,6,3943.6087514874334,2,2,17.21519060826551,0
25,68,3,3254.3536089992053,0,0,14.816400516994609,0
18,70,4,6526.067647566959,2,0,22.636785455932483,0
49,11,5,2674.7716225387744,3,1,5.4260641516351775,0
28,11,13,3582.001970023323,3,1,26.66039588324555,0
51,50,8,3628.1917847048803,2,0,23.822813314734773,0
69,30,11,4577.915542894909,3,1,21.315700440896254,0
37,31,6,5624.965156300557,2,1,13.396710108137155,0
49,63,7,3979.8633827515196,1,0,8.612732506214344,0
56,66,5,7659.081131760311,2,1,32.75603606824308,0
26,64,9,3037.278633753347,0,0,0.0,0
69,56,14,5661.587603265221,1,0,13.121657344922681,0
29,70,4,3928.8662970385194,0,0,24.690070692981735,0
64,52,12,3753.141980157147,3,0,16.038463634825597,0
55,63,8,1320.6920698892936,3,1,15.65856593309442,0
26,39,5,4557.332542019599,1,1,25.918003110270263,0
59,4,10,3098.5415231611837,3,0,8.472491869356938,0
29,58,5,3452.1297194519866,2,0,0.0,0
52,67,8,3475.8836533811163,0,0,26.39323644450657,0
72,23,7,4479.923172161278,0,0,12.892601020666488,0
72,31,4,5609.758419491345,2,0,19.495300883369527,0
67,41,6,3161.7931681897185,0,1,14.230730750477601,0
46,47,17,2909.8513209180196,2,0,10.100803855069708,0
49,48,4,3944.594111936584,0,1,0.0,0
35,28,6,1608.7306148656783,0,0,8.72542847924559,0
70,61,20,1952.7161543848456,0,0,17.1916340800025,0
45,58,8,4441.907432866251,3,3,9.426541231852553,0
61,67,2,2478.472957906701,1,0,29.89284067709285,0
38,41,12,4930.996071258596,3,0,12.189905359483959,1
60,6,7,3315.3996789198945,0,0,21.73656521878015,0
30,61,6,2872.3000758345697,1,0,22.141012486128833,1
59,6,8,5552.227198763056,4,0,14.445355246954625,0
20,14,13,2313.061013467793,0,0,23.731378696124725,0
23,21,7,3502.05448260155,1,0,12.317527099791157,0
38,14,6,2360.5420931849844,1,0,19.842273665442466,0
45,52,11,3474.639076266259,0,2,11.14923875373608,0
58,32,10,4652.486776726111,0,1,4.530491520374325,0
38,16,9,3774.7939216981654,2,0,16.901996235912225,0
19,1,8,3428.822001489721,2,1,17.706656237567348,0
36,16,6,3263.038590362614,2,1,1.4958127346826693,0
43,50,5,3980.517515400406,1,0,20.665618852073095,0
48,57,8,4305.515411629344,5,0,19.36611037111573,0
54,22,5,4278.318203507282,2,0,19.667180353693492,0
32,6,16,3812.1854475372897,0,0,30.71802932855113,0
52,40,5,2448.5849154789084,1,2,13.30551230947043,0
54,56,6,3254.756253992585,3,0,19.933169914359457,0
62,5,5,2704.6015182083265,1,1,9.625094524413052,0
47,57,11,4185.02633281729,0,1,25.29715579649959,0
64,13,9,3028.0906400751956,2,0,9.385184394746961,0
30,19,11,3077.353459075382,1,0,5.5213494001574475,0
58,45,4,6093.3592127285065,2,1,7.801268177793664,0
20,4,11,3335.6332834858267,3,2,15.22804889885825,0
23,22,5,300.0,2,0,14.921691962624317,0
67,10,12,6489.05837027706,1,0,12.165048937831676,0
45,16,5,3497.723194894381,0,0,25.99911975042745,0
53,55,7,2936.011303674926,1,0,19.997888346107274,0
52,17,4,2929.3369043407806,1,2,32.539630490764836,0
57,4,8,2897.8287397473855,1,1,27.63931787967177,0
31,16,9,5713.371230723041,1,0,4.514366696872363,0
28,7,5,2479.3458440459535,0,2,12.287047180966795,0
20,45,8,2476.762140175675,1,2,10.31634932765612,0
67,70,9,3192.605381998189,3,0,16.26119046285735,0
30,12,11,708.1256720188162,1,1,18.704318352783055,0
50,52,8,2752.437775964897,1,1,10.720261769397684,0
43,26,6,5253.775036001751,0,1,8.327357231440187,0
27,6,6,4048.9268146156537,1,0,21.83708944326681,1
41,49,7,4471.089681955308,0,0,11.14924817889309,0
22,15,11,2434.6560598723527,2,1,5.122674982192258,0
28,37,11,634.1880004153877,1,0,12.967179675394336,0
25,37,10,4656.389685100572,2,0,12.94566069587475,0
64,43,2,1764.1679911032481,1,0,9.95998075396989,0
50,10,9,761.6044004181731,0,0,18.767020199016038,0
70,18,5,2145.9104017667732,3,2,13.596966683973601,0
42,53,7,2335.363713161283,1,0,4.5753992064577815,0
29,67,4,1519.8862693661308,1,0,11.401885460896025,0
52,1,11,3549.5589169716786,1,1,11.732892325781178,0
70,30,10,7336.121560986667,1,2,19.081368816131352,0
48,63,9,3418.7659015702975,0,1,14.928436258627011,0
19,21,7,2373.3278292608807,3,2,18.34560730828699,0
35,32,8,3608.5956922645537,0,1,13.638541159318564,0
70,65,5,5167.774480385917,0,0,20.93196017453278,0
47,69,12,300.0,1,0,35.59975900290338,0
72,47,9,2754.577514392657,2,0,16.796220207998623,0
47,50,9,3955.3724587065794,2,0,16.356184844570542,0
18,44,11,4127.167725070747,2,0,9.989107188048225,0
67,21,8,2654.1939372731745,2,1,19.426838976610004,0
61,63,7,1128.9877857923293,2,0,32.39144370202999,0
58,3,5,3848.133477757089,3,0,11.30381244396223,0
73,5,8,2132.0044997145515,3,1,9.24511241308095,0
29,43,6,300.0,0,1,7.385406303914156,0
69,60,7,3699.4426909586036,1,0,7.956476103534789,0
31,58,12,3928.2942660928156,1,0,0.8830183314113995,0
73,49,8,3114.094466483158,1,1,5.466404209856998,0
28,27,6,6518.982632190987,0,0,3.303900718407302,0
49,26,12,4325.917810589839,3,0,8.682675036294793,0
62,31,7,3735.796829955697,3,0,24.08889391465292,0
22,19,3,6145.166799740171,4,2,11.919614359874718,0
21,30,8,6806.989214781465,1,1,6.132663468425408,0
66,8,6,5079.529322762262,0,0,6.578586491437813,0
21,23,5,2692.2977830396676,1,0,14.291797451719283,0
52,67,6,4264.284678464533,2,1,11.382664075877479,0
71,51,8,4945.841837920528,2,1,16.656376098116954,0
53,11,7,300.0,0,1,25.47561484505215,0
45,21,8,1377.8095122269856,3,0,11.146050608652416,0
41,19,6,4503.036056437481,1,0,1.1949357371204297,0
54,20,7,3307.7788080381415,1,2,9.3849327121821,0
50,50,6,4432.828134394565,2,2,21.547753689522555,0
46,64,14,4709.424609551259,1,1,0.0,0
26,51,8,1890.5091166734455,0,1,5.305476537887076,0
55,35,7,3134.282189831012,2,0,8.11037886955399,0
60,12,6,3742.2324030597833,3,2,11.827310055385668,0
58,11,13,5017.81579899916,1,0,17.93899650274737,0
22,58,8,5020.192064829012,0,0,17.920700448816252,0
58,49,4,584.796218658641,3,0,18.12690675119788,0
59,37,11,300.0,3,0,9.749611758917077,0
28,41,11,2477.89235716478,2,2,21.21732193530893,0
66,61,5,5546.838114324074,0,1,7.242961418504292,0
47,58,8,2493.125226918044,2,2,21.705576261962054,0
44,7,6,7388.132837716688,1,0,23.974364519204812,0
59,29,9,1157.1661028995818,3,0,0.0,0
47,4,4,1671.8482908287197,1,0,2.698217949213193,0
49,28,7,2280.154189354964,0,0,28.276769730660988,0
35,46,8,1760.956284040776,1,1,3.4827902695806845,1
70,15,9,1947.6437843894223,2,1,15.968529634484922,0
73,11,7,3920.2754123294835,2,1,20.003513672029758,0
25,35,7,3548.419576275372,1,1,16.057532288072675,0
59,38,5,1683.6245263976114,2,1,11.478877837939354,0
19,51,6,3627.6436936946884,1,0,11.000901895795192,0
39,2,4,2309.069528786491,1,1,26.18090933836055,0
73,18,7,4801.150094203733,1,0,14.483202383978195,0
27,56,12,4015.936350989663,0,3,11.595629881628893,0
39,49,8,4439.4307177879045,3,1,17.059534182081844,0
30,64,5,3604.7221682164004,2,0,16.51278144743849,0
59,58,8,3261.7376596587465,2,0,25.008856835143593,0
44,60,1,3833.426697303255,2,0,15.793213773913898,0
51,37,11,8257.502070019653,1,1,15.153586986155197,0
71,69,6,2575.5444898770293,0,0,9.193026336379036,0
47,30,6,4661.085073913366,1,0,20.67356715739141,0
59,65,5,4648.399969313316,1,0,6.018958300226021,0
23,28,4,7748.418465302518,1,3,7.3974520900209875,0
30,32,6,5645.1197814728,1,0,0.0,0
71,49,8,314.95033486963484,3,0,28.410700781580136,0
66,29,10,2882.282456215371,0,0,21.721180926710947,0
55,11,3,300.0,1,0,4.13355050323924,0
39,64,10,4144.662615567758,3,1,6.669966508812989,0
29,33,7,3960.448617926076,1,0,3.1084007127306776,0
66,66,5,2930.1987152370693,0,1,16.381151783773184,0
62,29,8,4019.4183543352306,1,0,19.459982481468625,0
31,70,4,4801.444426844786,1,1,11.578742581652662,0
51,43,8,2515.8935028412398,1,0,12.902739118492597,0
53,55,8,1636.510835239244,0,0,0.0,0
45,54,9,2470.803018989868,2,0,11.7936408072829,0
70,15,7,4367.91840496606,3,0,26.549762944140856,0
25,58,8,3491.8183121850775,0,1,6.88837257855292,0
32,68,13,5043.685105607864,0,2,15.368796734186494,0
23,47,11,1127.0664601125964,1,0,22.392213775037867,0
57,68,9,5082.668049680597,1,0,18.185104712744216,0
54,61,7,5789.342881007678,0,1,22.63448741648138,0
74,48,8,6971.199428956707,3,1,20.94348232206295,0
48,34,9,4031.9699040027226,1,1,37.732099472940064,0
26,61,6,3773.3650270423695,2,1,18.79037198197158,0
43,14,10,4892.668967752176,1,2,0.0,0
23,40,6,3431.690070795588,1,0,5.9462664252052875,0
56,58,10,2004.811798807753,1,1,5.401798067082774,0
56,68,6,891.7264171386782,0,1,0.0,0
66,19,10,2165.715672932254,1,0,16.638373014056814,0
37,7,8,6104.5387852809345,1,1,21.750748435487495,0
35,24,3,4059.6792789659726,0,3,26.641715509455604,0
22,62,10,968.3448992285767,2,1,13.22113320498155,0
41,38,11,3601.843661736701,3,1,21.96316577293993,0
45,4,7,4411.007493596331,2,1,12.704873514263927,0
61,9,4,5201.228519479862,4,1,22.69245255281361,0
60,25,4,2094.629532192268,0,0,28.324805794683478,0
25,25,13,3304.7277017153674,1,0,19.446731585880418,0
34,10,14,549.9081897272704,0,0,28.396393846071863,0
47,36,10,4425.307807073347,2,2,30.022555693703836,0
37,35,9,300.0,1,1,13.41371051760333,0
19,15,11,2984.9771350423007,2,1,11.981166378226796,0
66,17,10,2445.7906771368944,2,0,17.564279028322566,0
59,48,8,6571.798707842431,2,0,12.886343136131961,0
47,68,7,5889.623262684863,1,0,23.367142734156694,0
36,71,4,1787.826698485051,0,0,22.595195971742207,0
66,40,6,2972.8615235684983,2,0,15.076466584570339,0
20,3,4,300.0,2,0,10.769165038154249,0
43,64,9,1743.917890324569,3,0,14.25961269969998,0
63,68,6,1584.9012709908031,0,1,22.141487216843935,0
72,20,7,4089.487019883987,2,1,20.290278741844755,0
32,29,7,4586.1832074169715,0,1,21.462251460574446,0
55,2,14,1562.250709285535,1,2,13.512257475601654,0
28,57,13,5848.167663923013,0,1,11.722282620709796,0
24,56,7,6965.925604789329,0,0,13.210805075633898,0
38,2,11,2300.835505260323,1,1,19.530211399030836,0
68,50,4,2152.083437160199,1,0,19.672032136643992,0
57,30,10,5163.539050935818,1,0,14.61128496576305,1
45,39,8,3189.7111526458743,1,0,11.037535296269903,0
34,16,8,3467.264255924973,1,0,37.90447892918952,0
26,58,12,3772.472233218336,3,1,15.52482680915144,0
33,29,13,4319.39004605127,0,0,14.966510073521055,0
26,60,9,7981.972979808216,0,0,21.703684410900298,0
28,11,13,2831.4399741263987,4,1,10.695919248522655,0
57,42,6,4342.278241393413,3,0,9.995811653937825,0
25,23,8,1148.971042024355,1,2,6.434260124940291,0
20,69,7,300.0,1,0,22.30193181756941,0
48,40,4,5474.373318334534,2,1,32.86111031081491,1
34,52,9,2568.9872061573938,2,2,0.0,0
43,7,9,4654.53828308908,2,1,11.277462747865346,0
25,49,11,4412.57773535654,3,0,12.949602925202537,0
29,8,13,4848.338771964454,5,1,24.05973947522499,0
43,26,4,2599.4913822106682,1,2,9.545884501285087,0
57,16,9,4572.9349720774935,2,1,6.95871897418729,0
41,1,3,6528.919887959512,0,0,24.017396263957288,0
48,42,13,3786.7713060200667,0,1,6.943870706270497,0
47,18,6,5428.268565136112,1,0,0.0,0
33,37,15,2819.2972956598605,3,2,10.583313312438275,0
33,55,10,3094.869084173406,0,2,9.846333178193282,0
42,13,6,5860.134837775973,2,1,16.218517356391814,0
19,51,7,2583.959178625306,3,0,8.87371737517699,0
57,22,15,2725.869245428061,1,0,12.368791259650795,0
53,24,11,2586.159552000036,1,0,13.2231298553465,0
35,41,5,1894.3640956336874,2,0,0.0,0
39,45,9,4525.859763449074,2,1,29.31716689855218,0
36,47,8,3298.9986690854903,3,1,28.618980691572887,0
55,14,9,4133.800439390421,1,0,16.442063264933992,0
61,42,9,1870.590036556029,3,0,0.0,0
24,19,11,2472.396998601698,1,0,20.77684955398739,0
41,20,10,4682.600961292133,3,1,14.672107850071022,0
18,68,4,2537.6959290291707,3,1,21.568709354256058,0
43,8,4,4726.33664304978,1,0,21.45868220962735,0
32,30,12,3310.95086810727,1,1,6.006001949741092,0
37,32,12,4071.5457401970866,2,1,16.361840246372058,0
44,18,9,7530.023456801607,1,1,29.63820398952571,0
36,56,6,5010.608758793599,1,0,11.555670522616373,0
40,35,12,5990.134473622487,1,1,25.132122478634052,0
61,52,11,1721.0790890882154,0,1,3.482879834428717,0
64,28,10,4285.369977172187,1,1,23.489615992110984,0
18,64,7,6225.997124610425,1,1,0.0,0
39,52,6,4540.836631974858,2,0,12.600648595865195,0
66,24,3,3245.538105054497,2,1,1.0639800917537983,1
48,69,9,3176.8613194446607,1,1,27.517108482635308,0
29,62,11,1988.6015777256314,1,0,12.163362101018642,0
51,43,8,2911.477086176463,2,0,16.72122515990162,0
26,2,5,2358.534974161441,1,0,21.865981845255064,0
19,42,6,2250.340612967707,1,0,6.722444261093578,0
54,50,9,4545.623403550059,2,0,25.092558268215317,0
47,26,6,2765.2472874025293,0,0,27.282547097266132,0
61,11,5,4542.877200178926,2,1,8.933364131083636,0
37,41,9,3648.013997648159,2,1,17.749905721154843,0
66,57,2,7298.433588634655,0,3,24.426572187868306,0
42,23,10,3145.31217091336,1,1,15.00522882319457,0
60,33,9,4613.66106841839,1,1,25.15205159763892,0
23,1,8,2319.8082516160102,0,0,15.925905940590825,0
23,50,12,2884.0362560263366,1,1,11.344687406557101,0
62,62,6,3378.967061907697,1,0,19.660411362434566,0
65,56,8,3920.0399902959225,1,0,10.922661390679067,0
71,31,12,3338.8828509533087,2,0,6.5296058536799,0
36,4,8,2112.9024250212715,1,0,18.567742943839633,0
19,35,9,5001.937816138204,3,1,6.0901177473794625,0
73,67,9,4388.5761811997145,2,0,19.05498199334485,0
52,6,4,5340.6063417356445,1,1,17.949223883666345,0
32,16,4,3544.180628114765,0,0,14.516141888039002,0
61,60,7,5958.255122381894,5,0,11.356560533035704,0
69,41,12,3234.7003859129536,2,2,14.724721013110463,0
34,13,11,860.0629261997587,1,0,0.15311306079718,0
61,2,7,3734.7582089249017,0,0,23.091525776097043,0
62,30,9,300.0,1,0,0.0,0
46,43,5,3917.776211064456,1,0,7.845326983728659,0
54,60,10,3992.8293381087997,0,1,15.823223856895634,0
33,63,6,300.0,6,0,14.502436173928976,0
70,33,11,300.0,0,0,19.469852735452076,0
74,30,3,1659.6345280914475,0,0,11.824448925390602,0
73,67,5,3372.38175451285,2,0,19.85990788735161,0
60,56,5,1157.458185151932,2,0,25.146865153704287,0
20,15,7,5782.418804252205,1,2,10.530518236531242,0
38,49,11,1463.7482036285694,1,1,17.439468216177353,0
43,51,4,5038.29934837037,2,1,25.459530506895966,0
72,17,9,300.0,3,0,16.992799569429334,0
49,70,2,5961.54877407831,2,1,7.537578620227574,0
48,22,8,4918.203907276254,0,2,11.960015776264356,0
26,40,6,494.7789418865,1,1,1.2739514742649103,0
63,36,8,3667.19923715734,3,0,9.205184257337015,0
37,50,4,4485.426309026226,2,2,9.41441929067268,0
23,65,5,6152.461115610646,3,0,23.177020452203884,0
74,28,5,783.6516241684062,2,0,17.78012831180596,0
28,28,12,6547.022574147968,0,3,24.020975276775626,0
18,54,4,3059.760269292034,3,0,15.65607753213188,0
22,68,5,7565.29268393145,0,1,4.023425478774724,0
43,65,8,6447.074994612015,1,2,20.50788808653754,0
23,54,7,300.0,3,0,16.627542216882244,0
66,50,9,4698.122174229275,2,0,18.5006460451006,0
47,55,12,3162.778608955364,6,0,20.988805182159595,0
36,67,9,5134.378528875231,2,0,17.24042780934118,0
18,1,9,4531.816662982031,3,1,22.855882850823413,0
45,42,5,4058.2246479004084,2,0,14.618147331249068,0
26,3,14,4792.360034210953,0,0,10.64377452686352,0
73,41,9,1697.310961659057,3,2,7.683464646911511,0
34,29,10,300.0,0,0,12.13399374861165,0
45,22,2,4639.155235981111,0,1,14.599181267225713,0
19,64,12,4036.465374844587,2,0,21.79899292751634,0
25,51,5,5656.894892498033,2,0,11.632227555915186,0
29,41,6,4550.208043138563,1,0,0.0,0
20,63,4,2673.9978397917853,2,0,5.927243548999167,0
59,7,9,4074.5592842097767,1,1,20.903574352349523,0
71,46,5,5962.085183455365,4,0,0.11247183558112006,0
74,12,6,3851.5193249411936,5,1,16.479823348217415,0
33,17,6,300.0,3,1,15.50377453288358,0
62,14,7,6089.252555146806,3,1,10.500668438475191,0
46,39,7,1603.4455326447776,2,0,9.250699137502068,0
20,45,6,2428.524988082625,1,0,36.439146769264326,0
23,54,8,1619.8453822461497,0,0,20.517095916549454,0
49,32,8,3849.1259534416354,2,0,3.019256944405079,0
42,67,10,2799.703661824863,0,0,23.002214707999144,0
18,27,6,4678.335607358691,1,1,8.29088836810476,0
71,12,8,5099.56822675346,0,0,14.41224589266483,0
59,3,9,627.2465169340398,2,0,19.904995475127116,0
46,10,4,300.0,0,1,17.732449298823614,0
74,32,7,2400.3242479071223,0,0,19.448763920459896,1
73,30,12,5156.904891989891,3,1,14.692582367278991,0
73,61,11,4147.576351564733,1,0,10.032504829951282,0
32,9,17,4839.114709529298,2,0,10.54636036166419,0
68,19,9,1267.7794658072412,0,0,16.451462553637565,0
46,70,6,1277.1730805586208,0,1,7.530760410726258,0
59,3,6,4816.60538271498,1,0,19.532987021118707,0
66,31,5,1427.6986852612417,2,0,1.6045450002505195,0
27,15,8,4068.3771111308233,2,1,17.89690784852472,0
43,38,10,620.68381513845,2,0,11.14310048918894,0
25,70,11,3092.026988047428,1,0,29.09922631581191,0
33,17,10,2165.59604422185,1,2,32.59379060592162,0
41,27,9,4563.456570605672,1,1,18.34520067059503,0
66,32,10,506.4110418086848,1,0,3.844527943056397,0
67,57,4,5128.348938423053,2,1,16.785353982506336,0
40,70,7,3687.0673056717783,2,1,20.95438577011566,0
36,7,9,5043.23358419287,4,1,13.074615320996836,0
48,35,7,2093.9202759792806,0,4,28.219508274757203,0
69,54,10,4949.869182653494,2,1,14.68487067565043,0
73,1,7,2458.1740685968534,0,0,20.91489448086572,0
30,58,7,6061.6825186669375,1,1,22.88447512414141,0
28,18,13,554.8148462200043,2,1,0.0,0
58,37,12,587.8501595781718,4,1,5.9019175935220325,0
35,70,8,3356.3070433369803,1,2,19.649430408831364,0
29,46,10,3768.1773546705895,2,0,16.431955651026293,0
19,71,8,3829.455061989666,1,0,27.19124882962595,0
40,43,7,4562.312515274825,2,1,19.618801222792456,0
40,15,12,965.6205464670138,2,0,30.101705519778214,0
50,50,9,6608.615977187414,1,0,13.549182380626048,0
29,44,13,3317.246495244001,0,1,13.362663904285839,0
58,23,7,4855.240388588772,1,0,1.6214000273551825,0
56,6,7,3624.0150654985105,0,1,6.833742975462455,0
44,47,10,5237.644857255781,0,0,19.940167060965432,0
28,41,9,10051.088981432196,0,0,10.735305779136027,0
46,55,7,1673.5267965723242,1,0,17.89258562908362,0
56,9,5,3658.012113394853,0,4,22.30939889515316,0
39,39,10,3160.215456479948,1,2,16.627634826590228,0
33,59,16,5829.060134918409,0,1,0.5469979101101607,0
46,64,7,4736.1134906047855,0,0,19.75624987430131,0
38,67,12,5338.905329076471,2,1,7.3399146561959805,0
40,16,4,2731.8949601810464,3,2,10.62713724548991,0
37,13,6,4867.422109169905,2,0,18.439544334915073,0
35,41,8,1896.9399218068038,2,0,22.401652002165633,0
58,33,7,2502.0966218037806,1,0,25.295531691737843,0
44,17,10,5508.156065029381,0,0,24.567529800675583,0
44,8,9,5175.026709885166,0,0,15.570686821118443,0
55,11,6,5365.37186735964,3,0,9.007885735350756,0
38,25,5,1943.8699566157009,2,1,0.12667009745549507,0
23,53,9,4824.122231187743,1,0,15.34775840188516,0
66,5,6,1717.8840871947393,1,1,26.516862231707854,0
21,8,13,3603.0778350728333,3,0,16.040198472860663,0
50,19,8,4966.32714605714,2,1,21.98243471806451,0
33,63,6,4138.573258032113,2,0,29.611615462031565,0
30,71,8,5673.703444562259,1,0,13.696646885939394,0
20,32,5,708.3081280353986,1,2,0.7201045562999582,0
69,4,8,2717.772681830538,1,1,21.97539493286441,0
42,1,8,1141.0970026135328,3,0,2.118025429520891,0
37,61,14,2789.110930781739,3,2,6.34926733473568,0
60,32,7,3468.3985453547903,2,1,20.557701183559853,0
20,6,5,3558.1159313163193,4,0,7.365713264131579,0
50,60,5,5069.693914798541,3,1,0.0,0
46,38,8,5186.637601961192,2,0,6.403957994703855,1
49,25,5,2596.408158947637,1,0,15.966707196750958,0
25,33,8,4317.302402069759,2,1,16.08403595370907,0
72,16,6,6500.61769859153,1,0,15.036599179217456,0
31,67,5,6400.973686196184,0,2,29.713087233207194,0
56,56,5,3558.3202070721127,0,1,18.084158039750115,0
60,15,6,4517.136446484744,0,0,13.246396536944312,0
37,53,13,3447.1277858919534,2,1,15.888513178114081,0
25,13,8,300.0,0,0,24.07004170597925,0
34,33,12,1227.7305709647667,0,0,15.395316184552334,0
63,54,10,2592.2760619852397,2,0,23.572613999570045,0
69,3,9,2713.39686611711,0,0,22.676355369270976,0
71,52,11,2801.2098932170334,3,0,17.029158214767868,0
30,17,3,2169.3497762984307,2,0,19.985885395744415,1
52,50,5,3423.2912356234747,2,0,23.82390952227213,0
26,36,1,3073.947049422399,2,1,0.0,0
58,2,8,2203.9093613601535,3,0,16.892487063940077,0
41,55,10,2355.93858880932,1,0,10.263699198616505,0
58,19,9,2275.008288959767,2,0,23.012636226472942,0
57,68,9,5526.864876244114,2,1,7.841085578418913,0
74,60,8,4454.813944732292,1,0,30.62350615874651,1
45,14,11,2732.6184321740993,1,0,22.81696720851786,0
37,43,14,4836.617374262641,1,1,13.704527387964855,0
48,26,9,2663.0332939474065,2,0,17.941851546881406,0
27,43,8,3081.0765081386817,2,0,26.751315925315463,0
24,40,3,3000.526129441837,3,1,16.191335268398433,0
47,22,6,5560.966618015125,1,0,7.074452600977827,0
65,47,5,3985.6771265088773,1,1,1.692021389886774,0
48,19,4,2763.5695582221765,4,0,17.502624312349557,0
62,65,8,5920.624884702673,2,0,10.575643155469983,0
28,68,10,3171.716812037662,1,0,17.40840915860379,0
43,12,9,1592.9292545481717,2,0,13.351497254406041,0
52,52,7,2278.975723469061,2,2,23.54437269504257,0
37,66,8,653.8930705446032,1,2,31.137188813165263,0
18,10,11,2223.681743025588,1,0,18.40241137805329,0
22,53,13,2703.3296188079835,1,0,21.713325618277892,0
70,67,9,1477.0532502999865,1,0,24.609741677230105,0
52,16,7,2181.7747315717424,2,0,21.288029051781976,0
33,42,5,1611.3291543668722,3,0,27.184768574902975,0
32,57,6,5181.476175916729,3,0,6.2295708750445336,0
20,24,8,571.2999602657615,1,2,20.134594676880813,0
71,17,10,1228.0750257598434,2,0,27.37343484395052,0
24,29,11,3591.785059509136,0,0,0.0,0
61,24,6,585.0433170932038,1,1,16.024126364765653,0
31,52,8,3739.9177033223455,2,0,10.93663484853395,0
37,27,9,1398.3839818226747,4,0,5.915260979910714,0
33,27,6,4282.006025345587,2,0,11.901086107459774,0
64,68,5,2378.4963945376144,1,0,7.917823878072737,0
19,42,8,2650.4765595086665,4,1,4.117605093252989,0
38,66,9,4729.083960257925,1,0,15.637972935566207,0
33,51,12,3560.2244186043135,1,1,20.175233946635554,0
33,63,10,469.4790072024598,0,0,25.70145806284714,0
28,14,11,3621.4909946333228,2,1,20.074569936757246,0
70,67,5,3033.177158790084,2,0,12.249792117975318,0
39,68,4,2873.8642920339244,0,0,25.03931613195197,0
41,3,12,2633.7164787980637,2,1,15.141762934118494,0
39,26,6,1874.6433528210994,2,0,10.130080663476669,0
73,30,9,3888.154492653006,2,0,22.59534684419753,0
37,30,10,2313.804600836226,1,2,27.62937040655055,0
37,56,12,6711.553679227977,3,0,8.038409579560781,0
36,50,3,6574.973119960554,1,2,10.042430604852552,0
36,16,13,3380.787272803747,2,1,24.743256915612857,0
23,44,13,4985.482426783938,0,0,21.50073714203738,0
52,70,4,3032.956844551951,2,2,20.082837652411794,0
19,32,5,2692.6298357553005,0,2,25.825794143671963,0
30,66,7,3515.7069999824193,4,0,27.394983334409794,0
29,47,10,1812.4924066209608,0,0,16.32571981336925,0
34,66,9,1925.0970267748633,4,1,33.26611131177693,0
61,65,11,7093.656777654389,0,2,35.344619916841054,0
52,2,0,3379.8351775870633,2,0,13.232555573378857,0
74,57,3,4425.268163738058,5,0,19.895672843193,0
38,14,10,4789.671715322322,0,1,10.092100154240173,0
70,59,7,1908.711573861875,0,0,22.12701739469999,0
20,58,2,979.9595604080523,6,1,4.972658685022765,0
46,19,7,6350.065222721883,0,1,7.964298598234658,0
63,5,8,3874.4071003810704,1,0,16.377650766133204,0
48,30,4,3517.3745187056547,2,2,19.68992822758031,0
71,22,5,4226.984967895876,0,0,9.825851306094847,0
35,40,5,4233.753021605673,2,1,2.053105346112149,0
19,6,7,5308.218272438287,2,1,24.49609637207901,0
62,4,3,5052.000291252527,1,1,12.034360842827564,0
21,32,5,3484.442290280573,2,2,17.13303556984193,0
61,55,9,3511.835924541928,2,0,13.744858075743984,0
59,23,7,5938.193528813789,1,0,25.927990650153326,0
66,23,13,718.9865776919492,2,0,6.1380707994960115,0
45,12,7,3678.1688395038955,0,0,19.099870398953986,0
69,21,12,1398.8370955015803,1,1,30.817154352278123,0
27,22,12,508.46414557349317,1,0,13.255532012405896,0
42,19,12,2164.579673773094,2,1,14.360744560143836,0
24,25,2,1468.2911645880065,0,0,13.402414031124238,1
61,21,15,4522.007881179539,1,2,9.76609465304628,0
58,49,8,300.0,1,0,10.589052376500508,0
63,24,8,5642.103844361989,1,1,19.289961518353476,0
61,54,13,2811.6373701893917,3,0,17.908636681229126,0
35,43,10,4946.66573778141,3,1,15.31268516898815,0
21,46,9,2320.215941871501,3,0,5.98797960012201,0
70,42,7,2152.7548153693206,0,1,2.7017750357812833,0
46,66,4,2813.8643314565115,2,0,13.853810431232628,0
23,19,6,2738.3296684629586,1,0,20.782336282203392,0
70,70,12,2855.5635600944597,0,0,12.089617123015724,0
74,15,5,2026.9214282296743,1,1,21.59327064819327,0
43,10,7,3311.0228747656224,2,0,18.201894869938837,0
61,59,6,3918.542833427888,4,1,0.0,0
20,64,6,4296.28106811146,1,0,4.9809262654772155,0
23,7,6,5673.234676955364,1,2,10.887327272090669,0
33,43,14,3692.973273049138,0,2,14.104325959213831,0
55,37,10,4619.68110460788,0,0,10.967736159072626,0
25,16,10,6050.357271060761,1,1,25.333075855351616,0
19,37,7,2113.5245864560557,1,0,24.658997490747467,0
56,49,9,4620.829175213291,2,0,22.046491557997257,1
61,41,7,2225.0547378856913,1,1,0.0,0
60,37,10,2266.387399688446,1,0,18.338610062319518,0
63,63,6,3622.907809650962,2,1,15.659129916501831,0
63,17,6,300.0,1,1,21.11079972359224,0
52,45,8,2995.209033127212,0,0,13.692549014817963,0
47,23,7,2111.8878583739875,1,0,16.995449641748362,0
66,70,2,844.4007900495162,3,1,18.083867443615652,0
37,18,8,4701.290668493644,1,0,14.921025157346673,0
23,62,8,2176.181790672892,3,0,12.85167619058402,0
60,45,11,4403.986983945555,2,1,7.378773861774448,0
33,16,4,4854.714413715506,0,1,14.013708917165946,0
73,54,6,5015.175336704144,3,0,2.056777917467331,0
41,18,4,7716.723635657236,1,1,21.229080130473154,0
66,19,6,2366.121580841769,0,0,15.090562781511661,0
20,25,9,1360.40155159274,0,0,17.72854164133773,0
55,49,11,7340.16827033114,2,0,4.470657760167326,0
43,28,9,2972.916189745836,3,1,7.199099023250832,0
44,41,6,3130.2820392500553,0,1,5.643655501271688,0
33,40,5,5061.942978895593,2,0,0.0,0
73,14,10,3423.9527071651028,2,1,9.961521062578102,0
40,17,4,3107.2420620970925,2,0,0.0,0
66,22,13,5113.06823739652,0,0,21.196432140793142,0
42,16,5,1206.6091679380588,0,2,17.531230057864185,0
20,66,8,1391.7372877098805,0,1,33.393379521997886,0
68,28,9,3467.3947844678046,2,1,11.109803202041265,0
28,29,11,300.0,1,1,15.327180083688217,0
33,48,11,433.1795489501469,0,0,20.707835271408392,0
67,56,7,6485.711670669788,0,0,11.363444798249402,0
68,49,14,632.3502681759242,1,1,22.243052265477502,0
70,40,11,2542.487085571054,2,0,19.641205110331622,0
42,70,8,4909.161499218721,2,1,23.872014249233324,0
61,64,4,5227.089682128117,3,0,6.925118940105772,0
36,15,7,4220.333817563194,2,1,11.159009613696933,0
60,12,11,2553.0913701635227,0,0,10.83040790531321,0
46,28,4,1928.4941717288668,1,0,12.218408151122711,0
20,60,8,2953.5260939874306,2,2,2.0213100726427093,0
41,69,11,3988.1115068416316,0,0,20.30567605698894,0
44,50,8,1019.1048785293901,3,0,17.276496647938217,0
32,49,14,4531.643084848802,1,0,27.08510715758881,0
39,17,10,3507.484550094604,1,0,1.6358511096736574,0
46,43,6,2297.5460156076015,0,0,23.991781401636864,0
20,14,11,4558.082882429784,3,2,12.620810122496984,0
26,39,10,5891.685394110496,0,1,14.62338753859722,0
61,14,6,3763.508266441873,1,1,15.349378699403122,0
38,6,8,3667.6709609344757,0,0,25.340310619285148,0
52,69,9,2772.7860483493077,5,1,16.85294479711765,0
50,64,6,483.01397300733333,1,0,15.404096114615886,0
49,49,9,1881.391723629424,1,2,11.337576053186785,0
41,45,9,3412.7868972560814,4,0,18.67620066386907,0
45,18,4,957.1930553864963,1,0,6.779844453570618,0
64,41,6,2299.611875446876,2,1,34.375741829844216,0
73,54,7,1431.9172470348813,0,1,4.4155502071600505,0
32,39,5,3624.2773691659586,3,1,5.87663111047112,0
56,21,8,4631.211342973024,0,2,8.86905162695825,0
73,28,12,4692.092203753795,4,0,13.731241286180033,0
18,60,5,6075.183853212495,3,0,0.0,0
62,19,5,1254.2665957186878,4,0,9.361815009144923,0
46,69,8,5103.099047447342,3,1,10.386558786954586,0
73,54,12,3947.2709443012045,2,0,16.06840760813836,0
50,64,8,4175.302078887853,0,1,6.7884718869399645,0
65,37,9,6186.498995987311,0,0,25.700710802410846,0
27,16,10,335.280545165534,2,0,8.693812677368975,0
26,3,4,3208.4101426966618,1,2,13.757448343643262,0
70,38,5,2638.314525040037,2,0,9.603891675620183,0
48,29,4,1759.2424199583074,2,2,30.08084724055276,0
49,9,6,3132.768357234988,2,0,6.558425642107258,0
27,66,11,4200.361740875097,0,0,15.119353689524761,0
30,69,6,3449.4850580112807,3,2,7.99225156104671,0
64,27,9,401.90493603286905,1,3,19.302047772044986,0
35,48,10,3049.3138532972234,7,1,17.978717961193876,0
51,30,6,1392.319222204851,2,2,10.64321425665194,0
36,36,8,1888.1424455814422,3,0,16.69486878876582,0
33,45,9,1817.3692068484133,1,0,17.077922317402052,0
27,30,5,6618.149810182504,3,2,18.64789497673154,0
70,57,6,2648.6157364935602,2,0,18.093149821139765,0
71,14,5,2608.3847340432676,2,0,17.690406524946518,0
24,48,5,3455.409046259765,3,0,3.1487922973793943,0
38,70,8,2350.499373052401,0,1,10.442127851709996,0
50,61,10,5267.170418367139,1,1,20.578144087230672,0
39,4,7,4591.587533092354,2,0,13.726508812660901,0
59,9,9,4174.052072687764,1,0,8.486983189012346,0
32,45,7,3350.2732093757586,1,1,13.755226929783525,0
21,66,6,4611.381630661186,1,0,2.4930776887835187,0
37,60,10,3211.839963890861,1,1,21.557978072927156,0
52,65,10,4969.370901810764,4,2,24.18156806030274,0
28,11,6,3940.417603032293,1,1,9.29036442649838,0
64,37,9,2392.566807407394,0,0,17.34528701243309,0
18,52,10,3374.8880879964527,1,1,8.194732452266514,0
21,45,6,4872.635616322242,0,0,9.089105375491563,0
47,56,5,3714.704541630181,1,1,27.50232774068661,0
47,16,3,1972.521415893895,1,2,14.859871429610484,0
34,33,7,7097.4750315806905,2,1,12.869943223036312,0
32,32,9,2703.939396466345,4,0,2.0223616040330956,0
21,67,10,3580.7046547446903,4,1,24.03565779982666,0
55,15,6,3412.637945670889,0,1,3.149905146628667,0
39,24,6,7212.283219271421,1,0,5.691309719950386,0
24,2,6,3275.6187214717265,0,0,0.7104398862705263,0
40,11,8,5029.650849302506,3,0,11.713481499380205,0
71,70,11,5067.426440247782,1,0,27.809268445459267,0
32,61,14,1393.3947163630528,1,3,11.942442337641483,0
68,19,13,6401.259054757153,2,2,11.933063133875002,0
32,50,11,3809.0194371229513,3,0,13.418966452498736,0
28,43,6,3535.6694776281047,1,1,16.0120507530278,0
32,65,11,4108.619386809297,1,1,16.560236054472146,0
36,22,7,7390.764025468943,6,2,5.513887691260344,0
24,71,6,3521.4257790298407,1,1,37.05706946683763,0
51,27,15,3893.3567594517313,3,0,22.2802595221476,0
37,51,8,4974.388256867534,1,0,19.649614877339207,0
58,29,4,3999.339600162869,3,2,18.43968373602482,0
45,48,9,5582.561762417021,2,3,25.48949260676923,0
43,24,9,4289.424885713961,1,0,22.472993295718922,0
44,60,12,5581.986392742236,2,0,10.886796365150325,0
26,46,14,4681.109856109482,2,0,15.255205930197475,0
58,21,7,3815.8157715999682,2,1,24.292758470271654,0
23,69,9,5453.063910251129,2,2,20.000717194406217,0
59,51,9,4959.950435856277,3,0,21.33020429527346,0
74,31,9,3254.410550105144,0,0,19.167548729160394,0
61,10,16,2268.487434247828,0,0,8.51356981921926,0
43,70,11,3888.9697204030217,1,0,11.919025392392875,0
35,54,11,5714.825015771312,2,0,24.113570873037112,0
67,48,15,1679.8672261863353,1,0,16.62715267054354,0
32,60,9,3245.027705128923,0,0,17.67059360733978,0
45,44,6,3408.9291413000415,2,1,32.28223619846297,0
61,17,8,5370.986733899519,2,2,20.2676754797991,0
70,17,11,1534.774505435754,1,0,16.980237961314167,0
70,6,11,5368.559912685245,3,1,26.049873321125013,0
23,5,10,2324.6573507714957,3,0,23.37792337790245,0
69,52,10,3592.286995712596,3,0,16.679553284353208,0
24,61,7,5053.645743856415,0,1,2.3196426967815267,0
51,12,6,6265.681640235041,2,1,21.19988327748677,0
70,41,4,5622.067522083746,1,0,21.724610094070314,0
55,9,6,2531.1218674731135,2,3,22.756394158874066,0
72,30,7,1856.551075414433,2,1,14.388644605839495,0
37,57,3,6928.156260024482,0,1,11.875827054608687,0
35,58,6,1247.4886980668884,2,0,14.934387605254898,0
36,68,17,6620.619919888459,2,0,8.540658782778628,0
38,23,7,5275.113279040099,1,0,12.677161152908116,0
56,68,4,5119.788835598882,0,0,20.627302322085267,0
43,56,9,4878.348964796807,3,0,12.017754189444062,0
60,25,11,1910.2510875542298,1,1,11.604480520935564,0
41,24,12,2949.80946207906,1,1,29.485347863410393,0
35,8,9,6917.1912002112385,0,1,12.004765366200804,0
28,66,7,1281.0660438659056,4,2,9.405943455133485,0
49,15,10,6311.460173019781,1,1,7.658335193115226,0
69,20,11,6766.038120377329,3,1,13.494046161076612,0
66,30,6,1942.5347653031445,2,0,7.644454123104116,0
32,10,8,5244.69289198711,1,0,17.87754956934954,0
45,58,7,6913.074221585328,1,0,4.066847875399043,0
58,50,9,7054.5454208907595,3,0,0.3669955354287904,0
52,12,8,300.0,5,1,9.934035405085499,0
21,12,4,5463.6411979628,2,2,17.008180936251666,0
51,2,2,4099.923556991292,0,2,24.731308694685303,0
20,68,5,5992.30899554052,2,0,17.525573840768395,0
24,31,4,4463.0207001282415,2,1,14.740980515438839,0
55,47,4,3754.103223008225,1,0,0.0,0
23,11,11,7421.649750389099,1,2,24.339978142709626,0
37,17,15,4005.281724502983,1,1,7.4757179003382985,0
51,39,14,7147.197969952785,2,1,10.574828629582884,0
55,15,7,4916.847554829046,0,1,0.0,0
43,44,7,1727.2199730747413,3,3,16.040696345894645,0
23,66,10,4462.9837911511595,3,0,35.48629649702569,0
63,22,8,6516.42044632238,0,0,13.879777439283854,0
72,44,11,1928.620674535147,2,0,8.592147464027306,0
68,66,6,4068.7050593004274,1,0,13.776467188919492,0
60,64,3,300.0,0,0,24.547207462142516,0
40,1,10,1949.7953779097945,1,1,22.14286384866714,1
67,8,9,1220.1499116927812,1,0,11.529655893610833,0
45,71,13,1422.9619970943145,3,0,23.504163816395504,0
25,66,11,5837.722628311938,1,1,26.93657585578818,0
66,23,6,2758.7742142574025,0,0,23.617632873326095,0
36,37,8,2691.7677424697176,2,0,9.063445115841205,0
71,41,6,2181.1757331965446,3,1,20.680364980671314,0
38,48,6,4748.481749846669,0,0,13.372695318097218,1
67,54,12,6587.7077267017885,1,0,15.791178514229895,0
48,27,11,4666.236121161168,2,1,9.257241323643722,0
44,64,8,4985.386495342609,1,1,3.27499572684334,0
34,5,10,5505.72764119923,1,0,10.728954237021135,0
65,3,7,3894.497088627895,4,1,3.543777947307486,0
21,69,8,474.3664900496724,0,0,7.14335215478442,0
44,13,13,5646.941081182054,2,0,13.49271679894381,0
39,71,8,3053.417459412577,2,0,11.093909747743812,0
48,21,8,300.0,0,1,5.642530455772427,0
32,26,7,4506.198363913986,2,0,3.8527151610928847,0
55,2,5,7239.0674296868365,1,0,16.608958424074608,0
39,68,4,5843.090861691835,4,2,20.028801761924832,0
28,26,12,808.5560259670988,0,0,13.798075776973562,0
29,12,7,3350.227616187833,3,0,13.377944257986222,0
57,35,11,2346.6767186765132,3,0,5.972863400464176,0
32,11,7,1215.2821356472996,2,1,7.22982320231234,0
35,57,15,3277.3895043196,0,1,18.09590319393993,0
53,6,8,3212.3654713207607,1,2,4.837418190365916,1
36,36,9,1431.1862217544349,4,1,13.466484344510135,0
40,28,9,2769.599269087266,1,0,9.542499093491326,0
31,3,8,3026.892139728427,0,2,6.656802619904262,0
37,4,7,1755.2295734205702,3,1,10.409187237944018,0
57,37,6,300.0,0,3,26.34263937610949,0
48,29,8,2039.5611812474494,4,0,16.64783009948972,0
74,10,8,552.6446338827664,3,1,33.1196379531728,0
61,10,5,4078.4717170761724,4,0,13.756736693224441,0
18,58,10,3479.785824198791,3,0,17.749976352894453,0
39,52,8,5765.496117979857,2,0,0.0,0
34,44,10,300.0,3,2,9.139139254659902,0
51,60,14,5876.07735164159,2,0,7.548037787540817,0
33,5,5,1252.3080932759076,0,1,9.073175074505816,0
73,49,10,3353.8810306851246,1,0,21.94528322630557,0
35,54,10,2890.359314086667,1,0,16.475397280595732,0
47,15,12,1062.310858302876,1,0,2.7233154936670267,0
25,39,9,3970.672691675654,2,2,5.047216137352082,0
69,55,8,3598.8279706537833,1,2,15.51626351239248,0
69,43,3,7025.368961576968,2,0,14.198935213411733,0
63,18,5,3733.0298816921204,1,0,23.667952964344558,0
38,48,6,2913.8129781443567,2,1,2.113058333997987,0
21,54,9,2125.4395035231714,1,0,20.86273917949279,0
58,1,8,2274.291281033218,1,0,20.837606950056397,0
42,41,8,300.0,4,3,7.682885779048191,0
74,36,8,2365.1968473422658,4,1,11.812624681651462,0
57,27,8,4361.666810161929,0,0,22.75944289169476,0
48,4,3,2022.0355094441336,2,1,0.0,0
74,6,9,5273.045809705218,0,0,18.289903006756912,0
63,54,11,3452.258930055724,0,0,21.195504349589754,0
44,59,4,4813.908959945101,3,0,15.065476087827033,0
19,30,8,2946.4802544563913,1,4,15.502344231306664,0
23,67,6,2104.741816030957,1,0,2.2885589484852655,0
43,66,3,5800.037543661793,0,0,0.8456343612960104,0
50,48,3,3418.616489438607,3,0,13.37325080030022,0
19,42,3,5542.60706492309,1,0,24.187139434485367,0
25,69,9,2728.721210630643,2,1,12.450028907788763,0
58,44,4,300.0,0,3,17.154461578519488,0
60,67,10,6608.618203715312,2,2,3.8155477310252817,0
19,70,14,1866.706011859999,2,1,13.151938805694796,0
46,14,5,1024.9068320508509,0,1,3.615306989565882,0
22,47,9,4897.906958416131,1,1,24.75016519513058,0
59,52,10,300.0,2,1,6.923870874270733,0
65,59,6,5248.524950153992,2,1,11.764904347020696,0
67,25,6,3613.9756621826064,2,1,14.443359701378355,0
52,62,7,3969.67192848075,1,0,12.513092333497891,0
53,35,9,4297.771202935097,0,0,12.615899471798866,0
70,28,3,1504.336129142619,4,0,15.370571714912234,1
52,12,9,1524.1328838131628,4,0,12.030517782018634,0
43,23,8,5129.056470139071,1,2,23.87193226389774,0
61,70,7,2358.1787689717025,5,2,23.695393049771308,0
51,51,10,2990.6982252641806,2,1,0.28802568004465634,0
66,52,12,3751.926200660145,1,2,11.898440572690056,0
47,64,9,4750.667798443754,2,0,19.72478936169899,0
67,19,11,477.93710455620567,1,1,10.236204277066069,0
20,47,7,4351.193904035526,2,2,27.143945020401432,0
20,27,12,5396.0853052904195,0,1,10.578874465931786,0
23,61,9,4319.147836381626,2,0,0.0,0
49,30,10,5966.605699293821,2,1,8.400093284458668,0
58,61,7,2959.3443920308896,1,2,12.780338329615294,0
30,54,7,735.5155778966368,3,0,12.361797023238234,0
26,55,8,4474.444766571906,3,1,1.7706687189278227,0
67,66,5,3532.489643721569,2,0,4.526378930966558,0
60,57,4,6851.581668966963,0,0,9.552206933658644,0
54,23,13,3987.672927980037,2,0,6.960798834529523,0
45,38,10,5078.265580601341,3,1,28.924391626443786,0
41,34,3,2919.6136515937715,1,1,15.374427065913148,0
19,5,11,3581.284391808582,1,1,28.907299660094267,0
28,43,9,5720.624572461145,1,1,22.63750630909912,0
69,32,6,4676.848718218226,2,0,21.203074902080807,0
37,28,6,8602.63191230264,1,0,7.619014190740871,0
58,8,4,5217.196997003477,0,2,17.959148485379565,0
58,36,9,3648.446734068252,4,0,30.31572619075917,0
35,42,3,4007.4008514342427,2,0,21.317869392691062,0
29,8,8,4754.358478169414,3,3,16.215715981033316,0
57,46,9,6012.792314689736,1,0,22.19613137808398,0
23,12,4,3231.0710986841077,4,0,2.4095569449601815,0
46,11,10,442.38681485832785,1,1,8.170897511723478,0
68,29,7,5017.773216713729,4,0,27.197937527574524,0
58,28,8,5489.59688661108,0,0,26.41481964737627,0
61,65,7,2793.7254882873012,1,0,11.991107840598186,0
22,5,10,6118.464576887087,3,0,0.0,0
29,25,1,5108.261118639597,3,2,0.22251788739351674,1
33,53,4,4092.117784455901,1,1,18.923639049373946,0
34,18,5,2699.820483768894,1,1,11.590543190216868,0
29,70,6,1943.7194555564506,1,0,6.697604372486275,0
73,53,5,4641.695101511772,1,1,21.191941092825914,0
27,68,5,4188.578767392897,0,1,11.608252987522295,0
58,68,16,3014.862904306556,1,1,3.1039420732104244,0
51,8,6,546.7055432635425,0,0,15.800965948948086,0
52,33,8,4661.035919386482,1,3,19.15988778232476,0
30,53,10,4743.45036795788,0,0,2.924138906937028,0
35,1,7,3960.047464385646,1,3,4.927172484335385,0
52,33,1,3361.1794117309487,2,0,6.390225710182607,0
35,49,5,1681.4874412948038,2,0,17.768275566070773,0
57,57,4,4799.53272512855,3,2,22.30382692540752,0
20,30,8,6861.980619232478,1,1,6.402408758290612,0
22,62,11,1969.313748647633,3,1,9.614895204908388,0
59,48,6,2113.395002311459,1,0,2.5819595925993966,0
53,4,9,2848.2352133883373,0,1,16.420004279883692,0
20,20,11,5835.475959415715,0,0,9.520127973017026,0
69,67,9,6180.536202575422,3,0,16.37856847561445,0
18,1,6,3413.660934246233,2,0,12.805452917623732,0
72,8,11,3509.3161208656215,3,0,15.582694210546311,0
59,25,8,3605.250822674379,1,0,0.0,0
74,71,10,945.10168305342,2,0,13.38868340335557,0
72,51,12,666.7057942314768,4,2,16.760011893955735,0
35,11,9,4241.162098346509,0,0,0.0,0
61,28,14,7190.437262928335,2,2,24.17193379992912,0
30,67,5,8140.417922690387,1,0,22.43381812151612,0
44,16,14,3091.1145098135867,1,1,22.909902138104272,0
31,41,9,2066.5564138886903,2,0,14.66105105841663,0
45,33,12,1689.1097174659042,1,0,21.019472539124052,0
67,54,6,7484.601352677645,1,0,29.503470988515318,0
42,54,6,1467.1324631301231,1,1,4.6634422236332504,0
23,60,10,3523.9616690633443,3,0,23.96049394443875,0
36,9,11,5399.306760255067,3,0,16.06386095232414,0
62,33,6,3509.667483169738,2,0,0.0,0
47,50,5,6226.456771399464,1,0,16.450277848462914,0
49,30,8,1030.546749610553,2,0,20.43300899679499,0
42,48,6,2192.9295815327278,1,0,21.931906489723914,0
34,46,10,2607.2385015724817,2,0,19.57544767339923,0
52,27,9,3262.7889663610854,2,1,22.003012513610933,0
54,8,3,5389.674712508356,2,1,17.49514266719105,0
69,69,9,300.0,1,0,5.614681221028768,0
53,59,11,3180.6128441796227,2,1,13.892077818637592,0
74,64,9,4230.083672342848,2,1,20.783216793702856,0
65,22,5,5111.817480361903,0,1,13.410008289501908,0
22,23,5,2462.007607578372,4,0,12.755796130534467,0
40,23,7,3331.184680670296,3,2,2.266342666405958,0
39,3,3,3837.5199435869436,2,1,17.858224126569006,0
18,13,9,4626.615978131501,2,2,21.555084126414297,0
28,22,12,6513.165196188403,1,0,17.336887110385774,0
61,71,8,3432.457195861189,1,0,17.211362516707997,0
38,15,13,4606.264402207598,0,1,13.383945560143923,0
26,37,8,300.0,1,2,22.87006807120933,0
34,39,7,3086.9110161575218,2,1,32.78730834050495,0
33,26,7,4785.999991010454,2,2,12.006198295050247,0
27,66,8,5547.768086138196,0,0,23.43224111487683,0
23,7,14,438.3757001401332,1,1,7.9227776994574555,0
61,62,9,3383.486266058229,1,1,10.728549349254262,0
64,53,5,2621.1789309600294,2,1,4.699360362672776,0
46,22,7,5689.804344317594,1,0,21.704297192967577,0
53,55,4,716.1845244840724,0,0,13.463315447652443,0
70,31,10,4606.543507751069,1,0,3.637775257532077,0
66,69,3,4210.958651392264,2,0,23.91286837639216,0
19,3,8,4889.805488269458,3,0,4.180238306529608,0
72,3,9,3764.487704166862,2,0,20.40879828886376,0
21,39,4,4518.045836881905,2,1,16.836285740892905,0
19,67,10,4924.986441736074,0,1,0.0,0
40,5,8,2386.9960653701723,2,0,14.492949822753006,0
60,56,10,3242.2442833384675,0,0,11.364474581736635,0
22,67,5,5083.652639555872,1,1,1.7909111290636588,0
34,35,12,3940.4729479993543,0,0,20.163323848412475,0
32,62,8,300.0,1,1,14.151707514153307,0
40,54,9,766.1418018879945,1,0,17.130302063536554,0
74,16,9,6125.898219327238,2,1,9.135360098928729,0
36,61,9,2703.593621395741,1,1,19.664026838436264,0
29,50,4,300.0,3,0,9.107765951741,0
24,1,4,2549.522591920546,1,1,25.36756544107845,0
29,41,5,4974.892930531823,0,0,18.19964359073952,0
25,47,7,2518.5688739464913,1,0,9.119583240854372,0
50,57,8,6027.298090240341,2,0,20.986421100236864,0
41,55,6,1611.6892020042892,2,1,15.5822785158688,0
46,34,8,4389.27032638846,4,1,20.48002582984967,0
65,22,6,5037.678116901722,0,0,4.901990878563067,0
51,14,9,4040.8076711572658,3,0,0.0,0
26,7,4,4718.5321687682945,2,0,15.302718505431278,0
39,46,6,6708.080055148979,0,0,8.136875125864833,0
35,69,6,4561.079308010604,0,1,19.910275352180456,0
65,6,9,300.0,1,1,21.28037474175798,0
35,50,4,3429.6954083036953,0,1,6.856988084821861,0
25,42,9,4427.996160297462,3,0,27.785454545922413,0
59,13,8,5733.00283430388,3,0,16.662680828892334,0
42,16,5,4213.203447930305,1,0,10.984120281697857,0
23,21,3,4028.004731614006,0,2,22.861631622874654,0
57,49,6,4801.079826568368,2,1,21.304149619489515,0
29,22,4,4127.529143385222,1,0,12.904113375455294,0
67,59,13,1884.1879161042712,1,1,3.9016830410690755,0
65,27,6,5614.795355375523,1,2,4.744821715328522,0
39,8,8,2189.114143941971,0,1,14.162283000139563,0
49,7,6,608.5680098766093,0,3,21.07095300096934,0
50,29,3,4075.209153897294,1,1,0.0,0
55,29,8,2213.139341028747,2,0,14.710871402443306,0
21,53,6,3785.009492022915,0,2,12.797688330002483,0
36,34,1,947.4817469798577,3,1,22.608861261798065,0
27,12,9,3737.662598392775,1,1,0.0,0
57,16,9,2846.7932570418816,1,1,16.692327277215213,0
21,41,9,3241.0228496230243,2,1,8.04114837542147,0
47,24,7,3747.7997731616583,4,0,16.451361988647303,0
59,48,9,3102.9492611985474,0,0,36.88304422439384,0
72,66,5,2208.855532133486,1,1,28.149538539317383,0
34,26,12,1263.1096756824704,2,2,16.289684434954406,0
18,40,9,4320.938750575932,1,0,0.8947310472045427,0
59,60,9,2235.0660021704007,0,0,9.262164581778208,0
18,15,7,729.9876905559481,2,1,24.155943684504074,0
21,37,2,2626.02030438393,3,0,11.46420664112739,0
74,22,8,2263.53109496782,1,2,4.936007237050388,0
67,45,9,2492.594670665126,1,1,14.66903934677348,0
58,53,6,5202.228611143043,0,0,12.559673325725925,0
65,11,7,1809.239677600218,3,3,25.073244699982418,0
22,14,10,6625.722835263739,3,0,6.590657701505675,0
23,2,9,3477.091453096843,0,0,7.798190026744401,0
35,1,12,2739.000819878099,2,0,18.884385557913458,0
19,4,6,5748.456209444892,2,0,17.384146192713136,0
68,51,5,3215.6203107416027,2,2,15.761922893953992,0
21,65,4,2632.263408993124,1,0,16.086826327177903,0
49,30,6,3140.5882189326635,1,1,32.51478633039793,0
66,63,12,10180.037137814055,1,1,8.003323064249177,0
59,52,9,300.0,2,1,11.969953139708716,0
31,58,7,3520.336031701491,2,0,26.431599500061527,0
44,53,3,5504.173175600986,2,0,9.996855280259622,0
49,15,7,4274.941958842292,0,0,23.718180854542823,0
61,38,15,4265.279246869598,2,0,17.640977845707397,0
42,38,12,5005.722146537103,0,0,1.316519556293553,0
34,46,12,4883.251179707151,1,1,8.978358832820227,0
63,57,12,3081.223625202997,2,3,15.23321866843665,0
68,8,8,4964.283028430966,2,0,0.873958877131793,0
45,48,7,3689.2987792381427,2,1,15.267002510292459,0
19,60,9,4050.4017407027886,1,0,7.5805641804957355,0
46,9,8,1799.0580923449993,0,0,6.892941835945944,0
68,30,7,2277.1247392355353,1,1,45.0,0
74,64,11,2517.0516385996443,0,1,25.760310019104523,0
40,2,8,1998.9321206229076,2,2,23.021694663521174,0
26,12,10,1498.3376968081777,1,1,2.0560011985211855,0
50,58,15,5100.941826518342,1,0,3.3518340694185405,0
65,13,5,2211.072579735705,0,1,19.897652612697254,0
71,50,12,1492.5161476396138,3,0,0.0,0
20,64,8,3840.7277557179623,1,0,6.932966446281982,0
34,36,10,1862.732962901049,0,1,7.130762089450526,0
45,35,6,4574.658384622047,3,1,10.774870666005038,0
23,31,10,4066.3379657098676,4,0,23.607150496173187,0
68,27,11,4286.540249256525,1,0,26.705692579059804,0
24,27,9,1877.4645677434635,1,0,19.740087374939048,0
55,40,12,2560.6212855611666,2,1,4.446020009912656,0
70,64,5,4419.801664160754,1,0,5.588044128171951,0
57,70,4,619.6637525752703,3,0,24.282671765768278,0
61,62,8,4102.959829845011,1,0,20.64997355962253,0
33,9,9,3537.9226554371853,0,0,23.642921826373758,0
65,22,4,5801.561471507187,1,0,5.893806550335924,0
41,54,6,622.4247805330433,2,0,10.992908378915647,0
21,39,10,2598.1895383512733,1,1,24.598362131240396,0
38,24,8,3729.7332452738406,2,2,21.657067724137242,0
37,23,7,5804.8596628466585,1,3,21.70489241833011,0
47,9,11,4877.80848785465,2,1,18.740804495989856,0
33,24,6,2347.8488677619584,1,0,8.618745133605758,0
44,30,7,3831.9929076949056,1,0,19.671577821116955,0
42,30,12,5096.63862770865,1,0,16.087986892954998,0
36,39,8,4987.092959407944,5,0,9.835315424150915,0
57,20,5,5677.029602647731,1,0,9.330001942252942,0
35,15,6,1518.2410861436458,1,0,15.997595967472048,0
61,64,8,6902.059684567781,3,1,14.112731532922444,0
32,29,8,1865.7727107116611,2,1,11.570238407605686,0
67,19,9,3914.941774817638,1,0,14.51465417958411,0
38,46,9,2491.8276437324785,1,1,10.0871922418687,0
20,39,7,3379.4919022525223,3,2,17.906592573524907,0
26,41,6,2914.602683656016,1,0,17.406089038091586,0
63,16,11,6591.95480510529,4,0,17.96080928330978,0
67,52,6,1260.1835476511837,0,0,0.06044649227336407,0
30,14,11,300.0,0,0,6.853399045664895,0
52,60,9,1647.63863506853,2,0,7.2069246046137945,0
50,31,13,1638.6816779323865,1,0,2.2486056361472855,0
25,30,7,4437.408505665465,2,0,26.246618117043504,0
43,28,4,3154.2489332620517,3,0,16.268450778658636,1
57,31,6,4125.030345463625,3,1,8.97665666765428,0
73,48,10,4002.5577717288324,1,0,9.230058280191368,0
66,36,6,2004.0018652297867,2,1,1.8386003802367803,0
23,10,4,2270.906128300913,3,1,0.0,0
31,41,5,1474.7834947757083,1,2,17.968593121789382,0
42,19,8,4769.729699770273,0,0,34.42513110188918,0
26,8,8,1128.9121655788786,3,0,20.994765778591283,1
50,60,11,300.0,0,1,14.933696373200053,0
18,23,4,2106.3709844361592,0,0,8.09332428911518,0
24,43,4,6083.0424852304095,2,0,12.849864565844687,0
20,13,10,1885.8881633092903,2,0,0.0,0
34,25,5,3094.380679990861,1,0,13.299196493421718,0
61,28,5,1424.3232610586397,1,1,12.018702280445668,0
28,10,6,833.4075064598824,1,2,2.380895080533378,0
74,70,9,1865.8655410616202,1,0,0.6105948280061213,0
33,23,6,4329.744759353892,1,0,18.15987558275758,0
20,42,4,300.0,4,0,2.465314922410796,1
37,41,11,6292.614372818415,1,0,30.509281362575827,0
60,31,7,397.9597093982002,1,0,1.845181221279418,0
24,42,3,1970.7213000659967,3,0,21.082435072172967,0
22,41,6,1391.624710732135,3,0,0.0,0
66,6,10,2407.62170613376,4,1,17.858823644861562,0
51,48,5,6334.97806528486,1,0,9.19191176079976,0
37,9,6,2802.6022843562855,1,0,11.978924316157087,0
61,31,9,2582.034494178888,1,0,16.670060539754736,1
66,26,9,4555.651658893531,2,0,7.358779908440236,0
38,32,8,1738.404280837201,2,0,21.25086730023208,0
49,6,2,3560.4139568461746,1,0,18.53957150961962,0
18,50,7,6033.288363902861,1,0,6.678132581369049,0
35,30,8,4694.132768807565,1,2,3.8984709906417816,0
51,5,8,4035.3439804407562,0,2,13.605220598554281,0
29,1,4,3962.576849848015,1,0,17.52244492514412,0
74,39,7,2422.0623856431203,4,0,7.707479831969658,0
73,48,7,1068.918055962126,2,1,14.756269577932063,0
32,39,13,4662.059608139909,1,0,20.328079036516936,0
40,52,9,3326.1134676255065,0,1,17.716192838977832,0
28,54,9,4687.552455602207,4,0,10.4357383866538,0
46,62,7,6364.906114832254,1,1,24.89439850699189,0
25,70,7,6022.886439324471,2,1,8.763861535173989,0
40,63,7,3474.3204819949137,1,0,0.0,0
49,57,10,3853.2653242023694,4,1,0.0,0
52,31,13,1623.5174789440969,1,0,10.964692671630681,0
51,36,9,2239.9166316396477,2,0,10.128341938715245,0
30,44,7,2680.3813906175237,1,1,11.28218094556225,0
63,13,4,4160.49973622313,2,0,9.492402066176336,0
57,49,7,2924.43715195188,1,1,10.207793651231773,0
60,42,7,3813.1770947456475,3,2,5.46485217435742,0
44,37,7,2908.7252633549924,2,1,19.08858348978088,0
68,60,7,2110.629283021728,5,0,12.437514861971023,0
40,49,9,4570.824783662624,2,0,22.012961286717996,0
63,67,9,3980.7562266476007,1,1,16.219653541163893,0
29,70,5,2223.9084944156966,3,0,9.466106269556455,0
32,59,13,4132.8569047457095,0,1,11.772786334726083,0
48,22,8,2602.4302546822287,1,0,15.812387194228872,0
49,14,7,5066.064241262404,0,0,4.900364670778041,0
60,22,11,6290.6180506855435,1,0,16.08169957230425,0
34,51,7,2573.0076210407906,0,0,18.675021631562956,0
67,62,11,3971.9358564828435,0,0,0.0,0
36,63,10,4406.861097052655,3,0,6.108624809247713,0
48,49,6,3237.9448805330417,5,1,19.636206168175974,0
71,49,13,1967.7060494387704,1,0,17.16071897921775,0
48,68,7,3657.850602368141,3,1,12.227558933604014,0
56,49,8,4651.296844603348,3,1,14.674855911399959,0
69,11,11,778.0456210680809,3,1,13.622141668431244,0
73,36,8,2986.6587948293227,1,0,24.675009301597886,0
46,26,8,5315.090588235961,1,0,3.576741952913414,0
41,46,16,5185.604278103765,1,0,22.32603606089564,0
29,46,11,1113.2739380485173,3,0,16.91375451426404,0
48,21,10,693.4312703618716,0,0,24.625242182383293,0
70,22,6,5464.019880566857,0,0,19.59105004217041,0
45,7,14,300.0,2,0,17.815733203104422,0
37,21,7,2123.6939199933067,1,0,13.70993296171924,0
24,59,8,4986.9767087807395,0,0,13.483818434131855,0
40,47,9,5810.880650519701,1,0,27.598447583599068,0
31,67,9,1602.0435131298411,0,0,2.673448975166636,0
73,66,10,3978.027884724932,1,0,7.722492395658434,0
48,61,6,5557.306667842524,2,0,21.83817600507274,0
25,13,7,2812.3881761363273,2,1,19.209316694349276,0
21,24,11,2609.799402957343,0,0,30.537214667380006,0
66,5,10,6516.889923490398,2,2,9.677046894222157,0
71,7,4,3202.567192819275,3,2,15.055641764919354,0
61,17,6,300.0,1,0,24.47728119398968,0
25,20,10,3745.174314951302,0,0,18.14774204608026,0
23,2,8,4480.237143869852,1,1,24.563757746761617,0
29,60,11,5425.068711912969,0,1,9.251483424271669,0
60,38,4,4772.4553580906,2,0,19.010619589873766,0
61,47,9,4228.367560536214,2,0,2.1704535329389767,0
65,47,9,1991.4590818660567,1,0,25.605595543172107,0
23,69,4,6298.1918777591745,0,1,16.798264368064764,0
26,11,7,3260.354987329692,0,0,19.261557158963868,0
69,25,5,4976.799914342153,2,0,10.693169829202262,0
70,22,8,5061.48525045717,3,1,17.42799287478422,0
59,40,2,4590.412818278128,0,0,24.91965820858743,0
24,38,7,2816.5496220108766,2,0,6.152634274969126,0
21,57,8,6056.601110775511,0,0,27.814319450930874,0
21,40,11,3683.7827232655686,2,0,17.998962923951858,0
57,17,4,4017.902324292248,0,0,8.931425154507055,0
66,41,6,4961.795003568647,3,1,9.753415408817531,0
54,69,7,3349.6824383030425,0,1,18.8694279017975,0
32,42,8,5404.1325105045735,2,0,10.269602850246603,0
61,43,13,4118.417242736392,1,1,21.978552813331476,0
21,13,11,2817.2213711111353,0,1,16.67508101806272,0
65,1,10,4498.466848802889,2,0,27.09947791807501,0
68,15,5,1714.3420014431,2,1,18.712326341757823,0
58,2,8,3807.227367180895,1,1,22.9961893638599,0
68,33,11,3109.6312786716326,3,0,15.919030560000483,0
51,63,4,4815.134561485056,2,0,3.6296004652885685,0
44,32,3,4874.900306620088,1,1,13.916037263605986,0
36,46,10,2424.231222515077,0,0,2.6394865935037917,0
70,61,8,2053.5589636578343,1,2,14.650680743114323,0
57,55,10,5998.640958824246,1,2,18.10275301831784,0
28,47,9,6468.554886519589,0,0,9.079969788133303,0
72,56,8,8185.575029509906,1,2,7.974354310872375,0
21,20,6,2801.2583206509735,2,0,24.711912886115066,0
51,30,9,2460.436137331977,3,0,0.9755041260903266,0
28,29,7,1657.4577524432523,2,0,26.404219560907702,0
55,57,7,3175.554234060238,3,0,20.05865459175885,0
41,30,4,769.2157998693015,1,2,1.4022568428181952,0
42,67,6,2709.1668489913727,0,0,0.0,0
56,14,8,3697.921101883405,0,2,5.973669213218114,0
61,13,10,503.5317389051861,2,1,8.770732309705936,0
39,51,9,3727.092062664924,1,0,13.723167696079646,0
74,55,5,5437.131885197755,1,1,11.49685551894136,0
46,49,8,4149.914180957626,5,0,19.871970519242623,0
27,22,3,4940.189761759531,2,1,7.622433790418987,0
18,1,11,2044.3002077576182,3,1,14.120945834476737,0
29,23,10,668.0219009495854,2,0,11.849213532891262,0
57,34,5,5455.421352538857,0,0,14.379323681437736,0
48,30,7,4048.0813673820853,3,2,18.428246941342927,0
37,66,11,3207.4487930926402,2,0,15.31877736312358,0
45,62,8,3434.4122049619214,2,0,20.70127224038691,0
65,56,6,1589.7014471005377,1,1,20.10923578463727,0
50,2,7,4067.1006911027766,3,0,3.274050410836784,0
21,10,9,4011.147148662297,0,1,18.476223463694414,0
20,31,4,3977.207554745817,2,1,9.565822676528224,0
45,45,7,2688.5285207333727,6,0,18.43844494011136,0
41,49,9,4238.997537214827,3,0,18.37201829284388,0
66,22,9,4067.777638865551,1,2,8.408040257182275,0
51,8,8,4016.1225570818287,1,0,15.99679692185829,0
61,24,7,3413.168357687354,2,0,14.397587256419461,0
51,57,7,3350.7990307868176,1,1,20.345276791817184,0
37,71,13,3002.4775282170185,0,0,18.445524788241027,0
55,67,11,3664.7832532769007,2,2,20.361806770613953,0
53,43,8,854.5079402188048,3,1,17.848687720979672,0
59,7,4,3553.7030398513266,1,1,0.0,0
28,69,11,3116.143946846415,0,0,20.647213772990444,0
54,11,9,6408.196677642718,0,1,16.9264164777204,0
34,20,7,1543.3098973724318,1,0,33.932078485264746,0
63,70,11,1141.3152920840848,0,1,20.400315684856345,0
63,36,5,2283.9541310019576,1,0,22.335533085026576,0
53,15,6,3969.7136754003077,0,1,22.315293003398047,1
71,36,7,3049.4803795540906,3,1,16.170806839250623,0
48,6,7,372.9611815173803,0,0,8.914601934834568,0
19,23,8,1138.2106448252325,0,1,16.883060295663686,0
52,68,6,5505.423745517643,2,1,18.41274796819564,0
62,22,6,7039.016935802109,2,1,11.940803683416528,0
23,64,9,4480.885826454131,2,2,0.0,0
23,39,8,3196.560339441756,2,1,7.565106315428348,0
33,47,12,3879.6824319656707,2,0,13.25923139300042,0
66,50,8,2101.9672968829045,1,1,32.71044403130671,0
48,40,6,5829.745806596304,2,0,11.21905235046744,0
73,3,4,6325.08194731902,1,0,35.53563893046207,0
67,66,7,2171.183059500083,2,2,15.396279277577607,0
49,34,7,4368.423636255709,2,1,12.883079683095268,0
56,47,3,2677.6604441493573,1,2,12.190491082011672,0
36,40,7,4517.05700487432,1,0,20.74752278415058,0
23,47,8,2938.1574190736637,0,0,9.82964081484026,1
40,26,6,2144.2014922804683,2,0,14.537075337377969,0
51,60,3,3919.9775375664976,1,1,5.963287941960797,0
28,16,13,1010.5868277949708,0,0,4.785078006534544,0
30,47,9,3447.9220320344652,1,3,20.28692523145731,0
18,42,10,3063.5694959981784,5,2,0.4903230191726031,0
59,36,7,4614.303264155276,1,2,9.98408512804102,0
69,2,5,3873.545626341242,2,0,18.407328254746567,0
65,28,2,3549.578898862206,1,0,10.624690491776782,0
39,4,10,5107.348085913901,0,0,11.134869366662079,0
51,36,5,4916.927250873652,4,1,25.576949358023146,0
72,49,7,5028.307162252608,3,0,22.055667653232433,0
51,38,7,1623.9535570590267,0,0,25.105930209680125,0
34,54,10,4703.745040937503,4,0,8.075789011762012,0
37,26,7,6265.015492505652,2,0,20.550370960548364,0
59,22,4,523.954611722248,3,0,14.611934240729953,0
43,32,7,1254.7052715129134,0,1,0.8867911407434264,0
65,17,3,6790.44684426275,1,0,8.805513007441213,0
67,57,8,4253.314611887798,2,2,32.98791578309356,0
20,58,16,2393.447155961584,6,0,9.726706743526751,0
59,30,10,1265.618204028936,2,0,23.510936672113218,0
39,57,11,2321.0452880018793,1,0,18.029500998728132,0
47,2,6,300.0,1,1,4.69417855805094,0
33,11,6,4089.5048192594395,3,0,28.74596751148926,0
38,21,9,5114.251570605991,3,2,18.614850036951044,0
36,28,7,5969.205049719309,0,2,12.763325464331524,0
20,17,8,300.0,3,0,26.088850123670127,0
62,37,7,4506.648800970258,2,0,2.8557670996941464,0
26,57,9,3636.1819211102543,4,0,11.962366286892232,0
39,33,10,4845.057368772201,0,0,22.770490771620793,0
29,32,4,300.0,1,0,20.102805550766618,0
27,5,12,3443.8480500799146,1,0,21.501978823732134,1
39,20,8,1537.6597098592779,3,1,19.973400679545186,0
70,58,10,1547.231399015205,2,0,15.667764473840322,0
71,58,7,6758.392156899277,2,0,7.143022325630363,0
39,8,8,6495.844080522421,1,0,8.844687010469087,0
46,2,6,3848.0852105231356,1,2,20.257122617251913,0
74,60,13,300.0,0,3,7.6604543700458825,0
31,13,9,2282.2500545548373,3,0,2.3419458329185137,0
71,41,8,6771.965511973,0,0,24.333190904284223,0
24,59,5,3142.9830435278045,0,0,41.92565979257783,0
30,56,14,1409.510626768535,0,0,12.239814733968146,0
37,40,7,3749.096839573029,0,0,6.643201437932271,0
20,27,11,3335.537848937783,0,0,28.609282506610782,0
64,55,6,1531.1215943538034,0,1,11.464751429253045,0
66,50,11,2323.277765425302,0,1,14.42485248528749,0
39,60,7,1015.742959189537,1,0,0.0,0
65,37,6,7893.751363193274,1,1,1.68013195792153,0
62,67,9,2001.8006223946088,1,0,17.030307177428167,0
63,55,8,2583.584106551244,1,0,10.549449086448277,0
63,5,6,2878.957107096804,1,0,6.565755979665296,0
50,21,9,4765.057413751118,0,0,18.504800747493647,0
24,57,7,300.0,0,1,12.767363499899538,0
70,9,9,3359.7438681964422,2,0,13.226992961507799,0
52,51,3,3745.400086119297,4,0,22.449514469540176,0
69,25,13,4290.5017952124535,1,0,13.632931458778197,0
72,15,12,3777.854341016526,2,0,7.201962862752713,0
28,39,8,1607.3976988698232,3,0,21.98868643219694,0
40,67,13,3306.066532947197,1,0,15.507155422611339,0
28,64,7,4462.5150127553325,0,0,9.874366101619724,0
20,29,8,3604.840766272646,2,1,21.20152446846445,0
73,1,13,3350.8410733318988,1,0,5.090570679969602,0
70,64,5,6068.947897987628,5,0,12.369222180488018,0
71,64,5,4967.9527393214175,1,0,12.267546295401099,0
68,43,10,2306.435263406318,0,3,28.929393336452115,0
54,45,8,2956.152410087177,1,1,26.541907442333134,0
47,38,10,4221.623868794963,0,0,12.041724756646238,0
74,1,5,1503.9439298515658,0,0,25.605580425687712,0
49,12,14,3504.8838660457322,1,1,14.269565895519154,0
54,11,5,4251.514716949028,3,0,20.489086851002156,0
30,65,7,1580.2406106745057,0,2,10.77743061872199,0
60,4,6,4996.108561652494,0,0,25.95588023571736,0
64,40,13,4990.880987965231,4,0,28.76159188392208,0
56,26,8,300.0,2,1,12.80333547033816,0
46,1,7,4364.89212262323,0,0,20.80700135842926,0
29,66,9,6212.4595436331365,1,0,31.453066148739552,0
19,2,5,3498.481898516431,2,0,26.40215273591642,1
53,61,5,1161.9227466478383,2,0,13.986003384851012,0
56,56,6,4595.173806294404,2,0,5.8961873176348085,0
62,57,12,2537.7245639595626,1,1,26.566428053872766,0
72,12,6,4493.915327235179,2,0,8.439497733211795,0
46,63,12,4708.000328763852,1,0,11.26565905812924,0
65,43,10,1375.8155240696497,1,0,14.819954827951198,1
58,29,12,3914.0853764901813,1,0,7.9453535221235425,0
33,49,13,1713.877577623747,2,1,30.149604516159627,0
66,25,8,1197.3249984949102,0,0,14.031086954916207,0
21,20,7,4854.694092538613,1,0,9.02270165120217,0
52,21,5,3679.533596691009,2,0,26.096494757821624,0
71,41,8,300.0,3,0,13.771234349768843,0
55,43,5,4669.583645097063,1,0,9.35149835541301,0
71,18,3,1381.8709530526116,4,0,11.141053124589513,0
21,18,7,3520.4437446637025,0,0,16.687645836590285,0
48,68,9,2750.4555865282377,0,0,22.921760175613137,0
62,37,10,5227.0509914026225,1,2,32.24775663984457,0
54,62,8,4426.305934927433,0,2,25.062527509164862,0
68,24,6,3963.5257776366993,2,0,17.166678096089427,0
44,21,10,4521.899502307698,3,0,24.79683251954362,0
56,21,7,3296.266117324637,0,0,23.000578380102084,0
41,38,9,5045.674892628567,2,1,16.010031532773265,0
67,56,4,4015.813774409725,2,0,9.185927402866682,0
24,36,13,5206.113475914415,1,0,12.600787339613829,0
32,21,4,6089.58207251042,2,0,16.953677016430387,0
23,69,10,5463.608472986692,1,1,18.365401854624995,0
58,41,3,3618.061358303593,0,0,19.229284736383924,0
31,28,14,6362.373420884996,1,1,0.0,0
36,1,3,2236.4372614778504,1,0,16.49360699257568,0
65,40,7,3387.4052334192775,2,1,24.46932430890989,0
38,45,8,4455.727317444064,2,4,23.1320079174305,0
26,66,7,3000.4698315035766,0,1,4.210446810744552,0
19,17,11,5099.276429020079,1,0,19.169623858587364,0
30,12,9,3551.7946386452386,1,0,18.546193109226703,0
70,71,3,520.1500177013786,2,0,14.367225768977306,0
49,40,7,1196.8529022216462,1,2,15.697178326994033,0
74,2,9,5146.051442887253,2,0,21.448068205608454,0
30,8,8,1766.3629336154593,1,0,1.3920284693136136,1
38,34,10,3587.4884269067916,2,0,18.91430211928379,0
27,44,8,2669.8151301180123,1,1,15.404797215706536,0
40,18,6,4370.398991320962,3,0,20.404297549996322,0
50,26,10,3419.8442727995307,0,2,12.517869012721814,0
64,53,12,1915.8745773336993,1,1,12.384267107337234,0
38,69,7,823.5771743443865,2,1,13.264314117223076,0
61,35,6,5008.568701029924,1,1,7.141290190205825,0
53,30,10,3125.1628191078203,4,0,11.81062675166853,0
34,26,7,920.9164073282341,0,2,15.613447240101227,1
69,10,11,3901.607576228217,0,0,16.89689110994429,0
42,4,15,4088.6612755650385,4,0,2.3145088479429745,0
26,60,10,2848.9900448197427,1,1,3.0829215577575546,0
72,3,8,3323.0208375534494,1,1,18.305237684903847,0
70,59,5,5373.119327954243,1,0,11.287720988196163,0
20,18,8,3605.4354283089965,1,0,19.518648395143547,0
69,50,4,814.2355011130212,0,0,8.54972033161835,0
72,68,5,3593.326311484441,2,1,30.54025387033643,0
65,54,6,5255.655703891787,2,0,20.96851036637473,0
32,52,6,1104.0973969417223,3,0,25.10580003836148,0
53,19,7,4786.11908281421,2,3,13.574883122418687,0
48,43,8,3345.847038889048,1,0,13.37723386479772,1
53,46,9,805.3415272437528,2,1,23.028234133723544,0
53,31,9,5115.8352090056605,3,0,7.53240350112614,0
54,3,9,2057.615250532694,0,0,17.370190539574498,0
47,65,7,3479.4021875502344,1,3,20.43706033364433,0
57,14,12,4042.7740992957033,2,0,3.178088254232547,0
48,70,4,3667.283201891656,3,2,13.160836278502789,0
18,67,8,2123.3840292396994,3,1,15.460679580718747,1
20,2,3,5629.425450388346,2,0,22.066350139505065,0
72,53,2,1912.5267342272966,1,1,5.764391439200352,0
69,46,13,2813.858899007111,2,0,11.662063258717334,0
51,17,6,5003.151884720349,4,2,17.349453932278863,0
27,58,11,3249.1148950364027,3,0,24.107360456677007,0
62,8,9,2815.605229806776,3,1,23.167253918078963,0
26,18,7,2878.7085427837114,0,2,22.700490605446284,0
39,68,9,300.0,0,1,21.441529470561395,0
36,53,10,5188.893813567049,0,0,11.654319065365017,0
18,8,8,1253.2116858937643,0,0,4.935282631754745,0
63,11,8,3403.549416299093,2,0,8.582242118452958,0
47,19,4,300.0,0,0,19.960822246944897,0
36,6,4,3603.0038692498038,3,1,1.9789902296765867,0
46,13,12,1089.0826716352421,1,0,29.78553178046446,0
18,41,7,332.42881044011483,2,0,0.4138054077912283,0
42,1,6,1638.183489572688,4,0,6.023627660795874,0
47,21,8,397.0690434503749,1,2,15.075310201288847,0
37,23,5,3116.008928576017,2,0,11.00424766406972,0
65,69,3,3450.267047708769,3,1,9.403530207103326,0
32,70,11,3148.193299274719,1,1,9.366258567008728,0
25,61,12,2138.071290963637,3,0,17.320813444590247,0
48,25,8,4869.595432475445,0,2,24.623787015838012,0
68,38,7,2899.7662271877316,0,3,6.936454278580404,0
39,36,7,5399.982343597703,1,1,13.021216882916324,0
20,62,7,300.0,0,0,9.425783603846014,0
73,53,12,3745.6946866011103,3,0,1.243398832594993,0
43,65,4,3709.3494479115757,1,0,4.482904261164363,0
27,40,11,1896.167027195524,2,0,7.443002482099524,0
53,66,11,5314.6937411420495,1,1,19.266299796087583,0
36,53,3,3231.5404933105506,0,2,3.262590330871431,0
71,53,6,3520.7670835736535,1,2,23.39152669471957,0
34,47,8,3979.2910043533007,1,0,21.804657167413026,0
49,24,5,6609.761053514487,2,0,9.879386941374761,0
48,44,6,2556.4190370275746,6,0,23.732619862873598,0
31,26,7,3588.967525867196,0,0,7.045898138445636,0
46,47,5,5421.331290175022,3,0,15.728492717740949,0
24,19,13,3043.0784687401374,4,1,16.46734410294821,0
54,57,8,5205.717559860947,3,0,33.53634087762299,0
61,41,11,3273.6303222337415,2,2,17.308205095498607,0
72,51,7,3926.004673832252,1,0,13.598235587308722,0
36,16,11,3001.045644356433,1,0,16.429967972309672,0
34,57,15,2728.6617924416696,0,0,15.423094124085562,0
49,57,9,3304.4768472028722,0,0,23.70504639382731,0
57,11,8,1826.6250760698888,1,0,8.359519372992006,0
74,25,7,1879.7587296732947,0,0,28.11635530015574,0
19,49,8,3030.998491678083,1,0,2.604318777284078,0
31,63,11,3362.1889296764934,2,2,24.01216552547458,0
32,53,4,4438.17985452854,0,0,27.75306035987723,0
32,34,6,2612.4835065214097,1,0,0.0,0
44,22,6,5965.659317731647,0,0,23.911665907616406,0
67,65,4,1149.8287265415888,1,0,13.543955686062596,0
19,63,8,1759.3108177367108,1,0,13.019222297151428,0
64,64,12,3985.4271521087535,1,0,16.672132269538437,0
53,22,6,5622.352163416073,0,1,13.83068556575827,0
53,31,15,2007.0807128443398,1,0,3.1394588795692204,0
56,18,10,6020.308066019072,5,0,18.47243396931832,0
24,68,8,4679.243894072259,1,0,15.150259537695634,0
60,62,9,4205.899122269847,4,1,21.785983089068957,0
32,13,8,4171.080052642803,0,0,18.651367949812997,0
47,18,12,4119.137568740467,1,0,15.519923893451352,0
56,40,8,2457.035784853667,0,2,17.197207724926887,0
52,30,12,2440.8151305331075,1,0,11.045416080236222,0
36,33,8,2436.912115093184,3,1,35.35837526768934,0
40,27,8,2489.879734964125,4,0,5.378372461969667,0
45,48,7,4514.296977877223,2,0,14.029237540934712,0
20,64,11,5535.849236619124,1,2,21.528057661149894,0
59,66,9,1493.09291133808,1,1,18.94443913083558,0
23,33,12,1714.8561319526339,3,1,4.259032517222661,0
44,59,5,5756.829637374816,2,0,5.230004010890607,0
55,50,6,3200.421162580067,2,0,8.010231651629793,0
22,14,8,4497.784546267685,0,1,3.453991883141951,0
74,57,12,2581.8120079040186,2,1,10.121046076803303,0
39,25,7,6739.024844392126,0,0,24.110043169291387,0
18,45,7,3512.123653805963,0,0,16.979917009304888,0
55,52,9,4762.7264848585555,2,0,31.74462841263362,0
49,68,5,4976.452094110298,1,1,7.967659866466326,0
54,68,4,410.6262403884293,3,3,4.285431646440266,1
60,57,10,300.0,2,0,12.337568067041293,1
45,36,7,2315.87301669966,0,0,5.450745011955577,0
65,29,10,3417.4264213795277,1,0,16.404503132425972,0
39,32,8,3347.7040725143356,0,1,24.422248387171052,0
49,68,8,5161.925203658538,1,2,14.428586775190293,0
27,15,8,1614.9423849902037,0,0,7.246214880185304,0
53,38,8,1477.8165521393196,1,1,10.48804765922267,0
32,49,9,1680.6360675391124,1,0,8.870814753918868,0
57,2,5,5360.227733957778,1,0,25.618886225174165,0
63,46,6,4719.161510191287,4,0,16.925217647456947,0
66,19,5,1029.1540271372687,3,2,25.421913245932153,0
70,20,4,4677.282665582326,3,1,3.49094620804893,0
24,45,13,2361.018367097062,3,1,35.56045111440174,0
25,1,9,850.3307535550325,0,0,24.207274668836455,0
70,12,8,3279.404224695449,0,0,23.765904257269355,0
39,33,12,3160.4548553703266,6,0,14.953189008511227,0
19,42,1,4745.5896791895475,0,0,23.023663803728674,0
34,8,11,3167.971056972566,2,0,4.110349556133894,0
65,26,10,5403.206393451697,1,0,17.77691065295188,0
38,22,8,5613.827025507008,2,0,16.11387752944392,0
22,38,14,2351.8028596997497,2,0,9.077343225133468,0
59,22,7,3029.7725131875427,2,0,13.630409781927533,0
29,1,5,5125.402062635044,3,1,10.700467884654627,0
38,38,4,3430.617158864218,1,2,1.297366445825002,0
18,61,10,5181.523113613512,2,4,4.157779383124273,0
52,42,9,5246.257872098452,4,0,0.0,0
43,26,8,438.8826411431205,2,0,18.237095077923435,0
67,35,5,4360.276464091348,2,0,26.539356948536536,0
37,10,6,4126.920564635663,1,1,26.84268997810462,0
29,17,10,4186.213123084228,0,0,10.477680407451206,0
27,32,11,4030.3324086183925,1,1,11.887026248882723,0
29,43,8,3997.2022013834903,0,0,6.236423667433243,0
43,35,6,6660.9897566269665,0,0,15.203566077130612,0
22,69,6,4148.9173493435355,3,1,24.61110233038218,0
40,46,10,2614.7143709479724,4,1,24.227467383570016,0
66,2,7,2719.6580213668703,3,0,13.333924427543478,0
61,38,8,2983.53874675157,1,2,23.161509537225424,0
54,42,10,5718.721977320909,1,0,7.671283919194763,0
68,4,9,1549.9027993080667,0,1,9.08022029912221,0
62,28,8,6174.06478904451,0,0,19.444957506945336,0
55,62,7,3813.257069715395,2,2,10.02318234243873,0
67,26,8,300.0,2,0,0.0,0
25,33,4,5824.9476051518595,1,1,23.58720265113562,0
64,16,5,4919.884821181542,3,1,15.511195390558115,0
34,6,12,2827.571990465637,3,0,22.189246331254164,0
59,23,9,3834.1417621560327,1,1,1.6673936588700133,0
70,55,6,5134.9722876322285,0,1,19.48031464727963,0
46,70,11,5591.182966910468,1,0,20.957455534617417,0
23,47,6,3227.8833468724783,1,1,22.75237566935253,0
39,59,12,5919.622290503326,0,0,7.6783872514154705,0
41,47,10,3164.1083134105074,1,0,4.0004121053047115,1
71,47,14,5646.620490072968,1,0,15.111416730135755,0
71,31,3,635.3193299432178,1,0,11.656673610005253,0
50,5,9,6244.354301928813,3,0,29.315630942336767,0
72,30,4,347.9208872844738,0,0,4.110626781795853,0
42,62,5,2072.0509971882348,0,0,16.03291454665866,0
41,39,5,5340.096783949251,1,1,21.36579891241453,0
65,55,17,3677.3779051646898,1,2,21.245489972844528,0
56,4,5,4774.899185683722,1,0,2.9092268005376294,0
47,15,9,1358.3545466891514,2,2,6.433020405648525,0
44,22,9,1984.5634089552227,1,3,18.64084393445389,0
58,26,9,2974.7025164362085,2,1,9.153711558074127,0
60,71,7,694.8329202997606,0,0,23.46094588814921,0
45,33,7,5538.15209433366,3,0,30.432188509722707,0
19,48,9,3375.283703727667,1,1,10.563747364953649,0
23,46,5,1450.8187400691218,3,2,7.96129405094758,0
26,30,14,3391.089427253887,1,1,24.58893193206341,0
44,69,10,3483.5556457462753,1,0,23.192254336800957,0
53,16,9,4379.872245862633,0,0,10.318511035941537,0
63,3,10,3279.153614524722,4,1,7.909150639675723,0
31,53,5,2115.806529639046,0,0,5.313800721717344,0
62,47,11,3109.285621746055,0,1,35.877014993929876,0
55,19,6,7279.446752846302,1,2,26.104377035485513,0
20,62,8,4113.391912691067,0,0,15.747154586251282,0
38,12,10,1752.6379431356213,3,1,14.768123326624076,0
35,18,15,5305.449328308507,4,1,18.261493042305645,0
68,11,12,7700.63570737205,0,2,9.003368346069728,0
70,14,11,4451.452354279168,2,0,0.0,0
64,52,13,3392.6764487792107,2,2,8.500599010899514,0
48,50,7,835.1736402567917,1,0,9.933273567181082,0
46,46,12,3326.9787689409336,2,1,12.51231577933731,1
35,62,7,1279.8164908333679,2,1,11.863007350036298,0
62,5,13,4028.8667076023994,3,1,17.49095867432219,0
22,45,15,300.0,0,1,7.834675939981925,0
33,9,7,4535.150438269873,1,1,20.462047640449107,0
25,68,7,316.05013606447847,2,0,1.0395596339473894,0
46,46,9,3656.4048565600515,1,0,14.673046763557462,0
35,54,8,6306.712491215896,2,0,15.827889023964063,0
29,41,7,1817.0157668710583,1,2,27.06632484049549,0
39,28,5,2307.4262140674537,4,0,22.1473478340022,0
67,49,9,4158.675373898378,3,0,3.2716179358083153,0
49,60,10,2519.1513532312683,2,1,9.411270786189988,0
64,13,4,5644.79646147376,1,0,19.44911283887277,0
70,62,10,2999.767848231999,2,1,4.881208159788377,0
69,52,13,5244.564758140201,0,1,25.166489802066593,0
38,7,7,4360.909131564446,1,0,0.6648489323284732,0
68,67,2,3590.7996830137063,2,1,27.006942419383215,0
69,13,5,3756.374863221605,1,0,22.525484306494132,0
72,43,6,4140.414320283957,1,1,13.893696605989438,0
38,10,11,2815.3811928899872,6,0,19.906113307435103,0
31,14,6,5612.931574775386,1,1,13.523184720717879,0
51,46,6,1188.673020952729,1,0,10.645871992300584,0
71,49,5,6396.053486193459,3,1,19.257070336877007,0
69,49,10,1191.1628996123263,1,0,13.82735506988788,0
50,25,7,5356.162159863485,2,0,15.568561795346152,0
26,59,8,6997.585514194713,1,0,7.337770168722578,0
42,4,8,6611.886787929772,2,1,0.0,0
58,61,6,300.0,2,0,11.881464454138458,0
49,22,9,3583.175864296374,2,1,13.91309421570098,0
37,45,11,3548.771473671608,3,0,6.684174436901399,0
37,65,9,6412.37963341461,2,3,30.944477944802664,0
21,19,11,1040.1352636271308,2,0,15.193609360892996,0
34,30,6,3436.257267338826,0,0,14.808527403223692,0
56,59,12,1803.7392435585562,5,1,18.398830122414168,0
31,62,5,3885.3848044270235,4,1,18.866995169343,0
74,17,10,2519.3682217214264,1,1,20.312087343339563,0
22,37,16,3808.175010061561,1,2,16.485124109702863,0
51,24,6,2837.7626281083076,1,0,19.584799538206436,0
46,37,12,895.4051490777892,2,2,30.484556790598567,0
65,27,8,5270.266528257631,0,1,22.526242185082605,0
68,1,3,300.0,4,0,26.119557727685347,0
48,66,7,3769.806096526552,1,0,7.683453440548949,0
53,46,7,2932.939702582278,1,0,3.1878403846996193,0
57,33,8,4691.138804447936,3,0,23.84846933579028,0
47,8,6,7402.633988405061,3,2,23.405779602097454,0
28,6,13,300.0,1,3,12.287459289059187,0
42,34,6,2373.191040826484,0,0,17.107585401901357,0
31,47,10,3101.0927754245413,0,1,3.602747606245778,0
44,19,8,2140.8100241774555,2,1,19.538073622079686,0
53,53,10,4764.896472997463,1,0,13.021689988141087,0
29,28,4,3442.57002990553,4,1,24.013698946872147,0
32,1,9,2172.036335667679,2,0,11.888316325566029,0
64,39,4,1662.3539326846171,3,0,10.179551900476962,0
39,13,7,300.0,0,0,14.042635067242584,0
29,2,8,4615.509061699611,1,1,10.092040667735377,0
58,10,7,2353.6564563637376,2,0,20.292088370115025,0
58,21,9,6872.757942581558,2,1,16.34013454531126,0
65,37,5,5736.873466414718,2,1,16.744174614165104,0
61,71,2,2973.69584030935,1,1,11.5921397346627,0
74,16,6,3259.0087452441453,2,1,26.288109454157894,0
50,5,11,1919.2092554718088,0,0,16.444022510521425,0
34,14,7,3186.2841288714426,5,1,16.479180746304788,0
67,23,6,2662.9657376961995,2,0,12.339871293931397,0
33,15,6,3347.7829781611836,6,0,19.07569162713203,0
34,23,5,4953.394671783276,0,3,16.419973077343347,0
65,69,9,7002.950092167635,4,0,11.946379353230423,0
68,27,7,2267.7586405648963,1,1,8.715635538113762,0
37,46,7,605.5015988081632,1,0,8.39261190701163,1
59,49,15,2922.9611034812874,1,2,22.485432979373783,0
70,10,9,3602.7454146419727,1,3,15.074059581658458,0
63,18,7,4427.746834331249,2,2,18.31140302103383,0
18,30,4,5446.432843983515,0,0,23.238714525893492,0
55,33,5,875.998085612895,0,0,1.6248651843064152,0
27,1,4,3999.1606586422326,1,0,23.23453911804981,0
66,46,8,6879.710849555684,1,2,6.661554158221721,0
21,22,7,4112.720814731803,1,0,35.438065297982206,0
74,23,9,1465.4149563714016,2,0,7.458025169749666,0
28,43,15,688.0811514099805,3,0,14.584124722480379,0
41,68,8,3143.914682714331,2,1,13.144442282038515,0
31,62,4,6283.907347852555,2,1,5.63639839057857,1
64,70,10,3278.132482961361,2,1,35.55604562352352,0
40,30,9,2101.4516906890008,0,1,11.000508285949394,0
60,9,10,1357.4653596610028,1,2,0.0,0
21,16,7,7136.941917652564,1,0,13.732163338200897,0
43,25,6,300.0,3,1,8.870877100508462,0
69,22,8,2757.138695725481,0,2,17.739588381398733,0
70,15,11,1424.668432143687,4,0,7.773007915919485,0
29,11,4,3189.940924894856,6,0,25.244090865918515,0
40,14,5,3289.900194477836,1,0,25.116006907344424,0
41,47,4,5028.678754938542,2,1,16.222889416431553,0
50,35,6,804.3153565527232,1,0,38.683275169247885,0
48,3,4,3450.8938930448044,1,1,6.0239502040397905,1
24,41,8,424.87344750803913,1,1,4.030798382981089,0
61,60,8,356.6975189126647,4,1,15.472858245057843,0
30,31,9,2900.3880370429833,5,2,15.077708881201392,0
35,23,12,4292.101410217217,0,0,17.364911596330398,1
65,20,8,4790.616044477227,1,1,22.17927805074581,0
57,27,7,4410.974245338971,4,1,21.708058266530323,1
40,20,7,3412.179340761577,2,0,13.585847235796818,0
70,66,6,4050.2665720249997,2,0,2.192101638305804,0
40,71,8,2712.8367999937714,1,1,7.958101180361036,0
50,25,9,1821.261303374156,2,1,0.0,0
32,66,12,1903.7984757780084,1,0,27.164683978327812,0
28,61,9,3065.8410290256584,0,0,1.958211947874993,0
46,6,9,2073.8638032177096,2,1,16.01107518431534,0
50,35,7,6485.093674063736,2,0,15.902396545345642,0
63,47,5,2331.37697381014,1,0,13.46868059351686,0
40,30,2,300.0,0,0,18.372023270247126,1
69,33,11,4749.7781520811905,0,0,5.703317441849155,0
52,36,6,4806.875229142806,2,0,2.9178950144654685,0
21,49,4,3651.476887589871,2,0,23.913387374148307,0
60,21,11,3525.015976210893,2,0,5.801462755307691,0
50,43,6,3040.8928873054297,1,2,17.506123370045362,0
40,18,13,2959.7554830980544,4,0,12.935831062169584,0
44,64,5,3144.104897339465,1,1,18.318577673124658,0
35,7,8,3539.042937371378,3,0,14.899357911195484,0
53,5,10,3043.638184643969,1,0,18.052442560763783,0
50,3,10,300.0,3,2,18.059049711839958,0
43,25,6,1522.138001532331,1,1,7.8365285067651325,0
34,44,8,3788.4555210608805,2,0,19.32523665297417,0
40,70,7,1471.3939844663269,1,0,22.72632545761621,0
46,33,10,1853.6391847284133,3,2,12.378603545772373,0
44,13,10,4721.033372247782,2,2,17.41778779483144,0
35,27,5,395.8480740123623,1,1,9.56928863354593,0
51,10,10,1522.3007231868378,0,0,20.61167565776354,0
30,34,8,4503.2960647171,1,0,15.02531755189023,0
46,52,9,2027.89241142311,2,2,14.550732251571118,0
24,3,6,3243.8777367650428,2,0,0.0,0
44,56,6,300.0,0,1,17.839669296432447,0
62,17,9,5153.44027439565,1,0,20.19234576326142,0
64,48,5,5137.850791857656,1,1,26.329004199326917,0
57,58,12,3389.4188924898867,1,2,2.668568126539734,0
60,56,12,1396.7481076860759,1,1,0.0,0
21,48,12,6204.903391076946,1,0,21.217896353191485,0
37,50,9,7517.628799442919,1,0,26.592139455220348,0
55,14,6,6449.901168909415,2,2,18.487396212801734,0
63,10,5,4983.527791895984,0,0,5.500717137765571,0
51,28,8,3703.494439174625,1,1,3.5206651000377907,0
66,44,8,2768.618062601589,2,2,11.029706633524963,0
33,44,9,5834.31237595984,0,1,29.238625770964553,0
26,56,9,3204.540886876748,2,1,13.667945116603137,0
22,22,12,300.0,4,0,26.736174875123805,0
51,62,8,3467.690432350382,1,0,1.1672244288255555,0
55,32,10,3116.5425821859026,1,1,22.553521618715898,0
34,18,6,2265.1477492258205,2,0,11.101333979565446,0
62,53,4,4955.582923707797,3,0,24.316294559109835,0
60,10,8,2248.9342405256,1,1,19.39379686477462,0
38,29,7,3840.0783083738443,1,1,12.934997681918441,0
31,56,4,300.0,0,0,24.534182571387564,0
60,55,8,1597.6329560168813,3,0,23.134234676410564,0
56,19,6,2908.3895235215177,2,0,17.4630942228479,0
27,12,14,300.0,1,0,16.679132202168866,0
32,3,9,1740.3032395538105,2,1,8.984287330063179,0
45,7,7,4779.400340988486,0,0,6.381245478777284,0
47,59,10,2690.178642278799,1,0,10.680976848396654,0
27,56,11,6012.569727019805,0,0,4.995352162662121,0
72,36,5,4031.1373899728424,1,0,16.563823780911115,0
40,41,7,1178.009442610081,1,1,22.642475325432237,0
39,24,12,5876.408104569378,2,0,7.249876724742999,0
21,14,7,4654.522388193949,4,0,16.504387742157892,0
67,1,9,3954.5702574712222,0,0,11.801241240433082,0
31,48,7,5265.686104273664,1,0,13.820367726322445,0
74,3,11,1742.8739913857607,2,0,13.71583386941955,0
46,8,9,3905.276194441823,0,0,19.74637899651404,0
67,57,10,2085.572329345663,3,0,0.0,0
28,42,10,4808.996049515527,0,2,18.77874640784946,0
27,35,8,1312.871506758942,0,0,6.5942313653684295,0
63,16,8,3716.624935913177,1,1,10.311306568366591,0
64,11,7,5444.672345951329,1,1,3.317599614612547,0
48,34,7,2941.5079399195456,0,0,12.258543030707935,0
19,26,9,5822.072029108134,3,1,28.6430453959577,0
71,38,13,2370.152427270279,1,1,7.230532524647067,0
40,12,8,1342.804309720741,0,2,3.3925089713923207,0
71,17,4,3955.1611478537843,2,0,19.467865513180232,0
67,9,6,3260.1914301053175,0,2,18.795271285320933,0
66,31,7,5598.2543439622095,1,1,21.221956106489245,0
57,20,9,1959.6593361840523,1,1,20.712815021679454,0
56,16,15,5211.7765762826175,3,2,18.60261453387468,0
48,40,9,3603.146271919435,1,1,18.941527472944532,0
19,36,6,5227.357052297349,1,0,7.450228223315924,0
40,15,10,2048.5348492570765,2,0,4.0407797242183126,0
59,50,8,2846.454235731852,2,0,8.243448655508242,0
64,25,9,3599.104247251535,0,0,2.2704318181190146,1
49,25,4,5607.464157805326,0,0,9.103485546223386,0
58,34,7,4378.61250229613,0,0,8.85322080973802,0
19,10,8,883.4285186458524,1,1,31.290380956818368,0
44,30,10,1973.8925616511506,2,2,23.193091432275445,0
46,42,12,3273.2874312032427,1,1,11.303289358327877,0
68,10,3,2181.9217234979833,1,1,29.982333204310752,1
35,41,5,6541.277874640957,4,0,10.630015702580085,0
31,3,6,2225.5273684685308,0,2,7.795474563273563,0
38,43,7,1367.0920652765494,1,0,30.341878450623724,0
27,3,5,2532.813762195876,0,0,29.879471235139025,0
49,13,11,4571.110782689004,0,0,23.527038443692202,0
54,25,5,2911.6519032138663,0,0,19.33142696026215,0
63,44,9,6335.661305010781,1,0,21.600372485469585,0
73,52,6,967.36900807133,1,0,15.79466467217588,0
22,34,9,3036.387618336711,1,0,26.18600330397465,0
32,10,7,8170.035552413149,3,0,31.818759643007642,0
35,28,8,4518.902301860422,1,1,25.909620640688345,0
32,56,4,2175.6914464360016,4,0,24.058864020225762,0
65,7,9,501.8803003164462,1,2,2.0324600611796466,0
25,51,6,1823.2658377734786,1,0,21.929410474056475,0
19,28,9,3491.7480179184336,3,0,9.348566414421846,0
67,1,2,5520.961271440974,3,0,3.2676313198770153,0
72,50,9,1503.7007477387774,0,0,12.498481336584785,0
30,2,9,1450.4652341541728,0,2,6.92119051061586,0
36,27,9,3235.885230470928,1,0,20.659454779150785,0
46,14,7,6650.3633916161,0,0,28.19660690396376,0
47,42,12,5547.134297751481,1,0,9.981502601216453,0
74,4,7,300.0,1,1,16.532629865899597,0
41,7,13,3237.852757649642,1,2,2.2557341538217557,0
18,38,7,4279.2122160814,4,0,22.35271867360259,0
42,71,11,3374.685338332659,0,1,27.459002240800096,0
49,3,8,1428.5772817385746,2,1,10.317110453676836,0
47,33,8,5189.67387536489,1,1,16.498461231665278,0
47,57,7,4700.941534883942,2,0,8.400985902491232,0
70,21,7,6025.046490307397,1,1,9.394919134465056,0
64,36,8,3811.6043649079843,2,0,16.791265939231284,0
32,60,4,2694.117519128769,3,2,8.732030623751925,0
38,52,12,4294.580668659089,2,1,17.668115221364825,0
56,21,16,2057.854924310722,1,2,18.414283270333314,0
41,54,11,5061.722242294358,4,2,11.611329349537947,0
42,48,9,6559.543641351089,3,0,27.76927563960024,0
27,36,8,1600.2562906230237,2,0,18.443292492415598,0
32,32,9,2046.9405043556264,2,1,21.24932151972707,0
60,66,7,6363.679487570504,1,0,40.64130320624825,0
66,63,10,4982.2398900226,3,0,24.96450100428475,0
62,71,6,3519.8459105250845,0,1,30.356574907619077,0
35,48,3,813.8129694862505,1,0,9.963279718097226,0
25,26,7,3030.7577884136267,1,0,1.1512005654162873,0
27,8,13,2974.6134276294933,3,0,4.016899498427927,0
40,9,11,2503.7533739715373,3,0,20.78978129009517,0
47,68,6,3784.2694660066636,1,2,13.527636767734316,0
68,26,11,300.0,1,0,18.607708907272354,0
69,8,10,3713.4375009029154,2,1,2.111670434225365,0
18,16,9,4006.0626192615446,6,1,20.064752224582417,0
58,2,13,2669.0193224277273,2,0,5.862524597296126,0
35,38,11,5688.767998442547,2,0,9.150005266180655,0
29,42,9,2054.8271912127343,1,0,17.838592340390495,0
49,27,4,4380.182006124025,0,0,9.204672924332291,0
19,53,10,5907.678505115078,2,0,14.709607484508444,0
37,35,3,4631.033163229253,1,0,6.754015000012778,0
49,69,7,1072.198018216589,1,2,20.906579197016576,0
33,55,12,6724.98663653613,1,1,24.890990294167025,0
51,6,5,3308.412641929497,3,0,18.28587572476124,0
44,20,12,5129.539728651242,1,0,24.040721759328065,0
63,54,4,3876.8589073676258,1,1,0.0,0
28,39,11,5657.9670241974345,3,1,17.39725919253824,0
21,54,3,5151.215990788409,2,3,15.084650461291531,0
48,24,6,2957.45424341916,2,1,16.45700487767242,0
32,3,6,2908.0913138088445,0,0,22.61225195920331,0
58,56,10,4488.939028135113,1,0,11.405820251634575,0
23,56,6,2824.993681067455,2,1,21.798285408323483,0
50,46,12,5223.71933505996,0,2,0.0,0
74,29,10,6144.533488340838,1,1,21.43050605489793,0
23,1,8,4255.134551125661,1,0,18.544745399421682,0
35,52,7,2847.8657662880346,2,0,22.2064341535163,1
66,47,13,5082.693916109164,1,0,14.240385793325647,0
48,48,12,5747.907412496605,0,0,5.19944027412515,0
27,13,15,2921.6677943610616,0,0,27.607171753042998,0
30,52,4,1982.2412910171824,1,0,10.9010343991614,0
61,52,6,1595.9480726665802,1,2,23.090267562082666,0
67,61,7,1857.0894636148537,1,0,12.57568038835487,0
38,41,7,3850.6782545049996,3,0,11.601555573457071,0
45,52,11,5215.630654400143,0,0,34.61071570935931,0
62,29,8,1052.5742316517167,1,1,20.70578162047045,0
28,50,6,4899.417782163305,2,1,14.818198767962,0
29,50,7,5095.654592424712,3,0,27.17976781367262,0
62,56,10,6609.077598493575,1,0,7.425873837958695,0
28,61,8,2796.17589940782,2,1,21.036612896334514,0
61,1,6,6397.748142041826,1,1,17.951696074502955,0
46,56,8,3862.2734883828793,2,3,22.779493433773375,0
74,57,9,2906.3697504475135,1,1,5.32963676196286,0
19,39,6,2091.6542876524936,1,0,22.910421865874497,0
71,37,8,3250.072165326339,0,0,8.23639280818136,0
30,52,8,1627.66202708543,2,0,18.64780759749723,0
19,33,8,2976.6189363732947,2,0,0.0,0
59,30,9,2323.287133568709,4,0,18.075735562009832,0
48,58,3,300.0,0,0,31.08109016149796,0
65,57,10,4333.096367381664,0,0,8.156020451230688,0
24,15,5,4158.61436146549,1,0,22.146030635399406,0
22,59,4,2840.2136619079906,1,1,16.504272011209917,0
50,24,6,4379.795566327865,0,0,14.905674733752472,0
68,10,7,4302.771759520185,1,0,23.306641203772756,0
41,63,8,1116.3045213217129,2,0,9.09505359405449,0
63,17,7,4116.826582264349,0,1,15.813539630760024,0
69,15,5,4040.7588674654316,2,1,15.038468805327303,0
67,20,13,2985.2784075760846,1,1,12.64769705695261,0
46,35,10,300.0,3,1,14.334353863581386,0
57,12,6,9183.85568635818,2,0,8.884399620102373,0
47,12,10,2674.2033579236813,4,0,6.456696226210596,0
56,28,8,2542.6979705080776,3,0,19.607874217466822,0
50,16,6,3963.125594807121,0,1,16.1585977562535,0
47,14,9,2780.9163264007448,1,1,10.142506104816515,0
42,65,5,2063.9571523739523,2,3,22.35397145428415,0
55,43,8,5541.138610642673,0,0,10.164585675942291,0
60,1,5,803.1150590666925,3,0,11.407959738346246,0
70,8,5,1895.0865631784193,1,3,19.82439687827855,0
52,58,8,2286.954157854781,1,0,12.787363780677149,0
23,20,9,4137.144310850433,2,2,26.420761958329724,0
51,11,8,5967.261316919201,3,0,25.68883745503615,0
35,48,6,1434.0104654888896,3,3,20.787412846657617,0
19,60,7,3480.550231372819,2,2,29.409205683508066,0
22,29,8,356.3644149306483,4,1,24.228763080322633,0
51,53,7,1907.777909036667,3,3,21.411780692132364,0
71,30,11,3182.2490973838717,4,0,24.55117558566375,0
46,8,2,3919.9800539482985,1,0,24.077354915423733,0
43,57,8,300.0,1,3,32.319297414711954,0
23,66,10,1097.4305504918761,2,1,13.686187261080974,0
56,70,6,4466.937934590121,1,1,14.524876982783358,0
21,8,6,4761.446605550214,0,1,15.872363496272644,0
65,41,7,2310.422345991784,1,0,23.50300499016822,0
64,45,9,2485.890921074052,2,0,5.790025047007074,0
74,6,8,2215.0159250866104,3,0,15.072799104178552,0
34,68,9,5801.273014203509,1,0,21.382156185768103,0
27,8,6,4745.956807975881,1,1,4.4805129003347215,0
35,20,14,6302.127192868487,0,0,11.127630765530384,0
63,69,12,5798.140089340586,1,1,11.491061477115966,0
30,40,8,3314.771611075889,2,1,17.936811189124157,0
68,49,13,3063.4565710558336,1,1,21.998607304187743,0
26,36,12,3746.473293679041,0,0,0.0,0
20,54,3,3378.805594939818,2,2,18.72902669097108,0
30,6,14,4642.411466177093,1,0,10.016434773521038,0
60,48,5,4319.431567372968,2,0,0.0,0
52,5,7,5500.4411877058865,1,1,0.0,0
38,13,12,2089.605173810555,2,1,6.094642378058433,0
55,36,9,4218.683229801791,1,0,9.285011830511095,0
54,32,7,2671.7625763176006,2,0,23.087389583169557,0
49,11,4,5265.326670456017,2,1,13.924165204091883,0
47,57,2,300.0,1,2,15.204090625286206,0
23,22,1,4688.187757763524,4,0,8.862872970282123,0
32,62,7,1657.9360906741756,1,4,17.310289725048428,0
48,2,8,3390.1769145616413,1,0,25.95195963810371,0
25,17,11,3782.6620581215866,5,1,8.302847389698844,0
45,22,1,2125.924342248042,0,0,22.737170230409134,0
24,43,9,2632.224739544016,0,0,19.858775285959204,0
62,29,7,3973.681813059685,1,0,34.094194973904834,0
23,12,10,3067.5587451601773,2,1,5.424660283156799,0
23,41,10,4069.7302689793996,1,1,20.651218807587163,0
54,69,13,5256.536506490425,2,0,8.397043357042513,0
30,10,5,3138.1272589052087,0,0,19.38358823358653,0
38,18,9,5226.092584443644,0,2,20.071730086978235,0
35,34,4,1702.0432315706364,1,0,11.566961714936701,0
30,52,10,7282.731344287537,2,2,19.713364299513103,0
61,10,8,1177.5876243332177,0,0,18.17460794116827,0
57,17,6,2150.884760480247,1,0,18.27982180564363,0
31,17,10,5495.393181257368,1,0,8.659779626185824,0
57,44,7,4721.144305785151,2,0,19.448337654675235,0
58,6,7,4268.836028758586,5,0,12.651821378113993,1
48,47,10,3429.6211204304473,0,1,10.506152273270393,0
50,31,10,2077.869760867115,3,0,4.7317368192095355,0
71,24,5,1002.7776721458563,1,2,1.8943780796910623,0
43,62,10,4498.0967353384385,0,1,3.8772490424458486,0
39,59,9,4769.433736167159,1,1,11.106372263759877,0
48,58,9,4384.770216402414,1,1,0.0,0
65,63,3,3141.283309586598,2,0,9.211249268749263,0
58,17,8,6576.373770794355,2,1,32.013394383448166,0
22,61,10,4433.10372100842,2,1,19.91678855345406,0
44,13,10,3779.077865809726,3,0,25.92226983687828,0
60,24,4,4122.172731192076,0,0,1.2505006608332359,0
30,40,7,7100.079148192528,4,0,17.240944906076624,0
74,53,8,2091.52617706825,2,0,14.784011108854353,0
64,42,6,2155.644241421248,1,0,4.713745491095475,0
66,40,10,3788.917555401207,2,2,11.272409140511932,0
22,27,9,3420.1273014987846,1,0,22.8595142383023,1
51,43,8,4881.83081859132,2,0,6.722022121044889,0
48,34,7,3678.617632982781,1,0,23.41504336973501,0
53,34,7,4858.6313392971815,1,0,4.445970434505259,0
66,42,14,5628.821212255054,1,0,21.91502666218027,0
38,43,14,3263.793554072818,2,3,2.6852664596393456,0
48,24,4,6573.47383870349,2,1,15.052664030305687,0
56,10,6,3424.602400952251,1,0,6.191458334768106,0
60,22,9,4696.451807534082,2,2,0.0,0
61,30,13,3396.468872562494,1,1,13.505308055546884,0
37,12,6,1577.8341238117962,1,0,26.20984899551525,0
74,13,5,2952.1078064483554,1,0,22.27443237666721,0
18,68,10,6526.11565719739,0,0,12.08403159696474,0
46,20,4,885.8633204727294,1,0,9.070303654515387,0
52,53,7,5707.369102683788,4,1,15.963119905986181,0
21,10,10,319.8490096285436,5,1,15.57925197193285,0
43,70,10,3930.1247821691654,1,1,23.192497342757722,0
51,16,5,5701.293033848344,2,1,9.786416839505112,0
52,28,4,736.7011460455383,1,0,24.483903832831764,0
24,56,4,2121.499854871996,2,0,0.0,0
33,15,9,5883.5834016663675,1,1,25.34963844971693,0
31,40,2,2503.535445830238,1,1,0.0,0
54,56,10,3127.343521693949,1,0,19.947040955450795,0
36,2,6,2969.99640570852,0,3,19.867711146515294,0
50,2,4,1208.0164315554325,5,2,16.925607949062684,0
59,56,5,3959.812798541725,0,0,18.402950363597096,0
63,19,8,5924.216533231947,1,0,16.380870272352066,0
28,65,5,3868.507356381422,2,0,16.993923253111888,0
69,66,10,5774.704792802155,2,1,7.2789471595217945,0
27,63,5,3015.4558352747117,1,0,25.477840638090917,0
19,71,7,4004.911630989002,1,0,26.3640185435929,0
20,59,12,5255.02362256295,0,1,13.242130805458048,0
29,28,1,3844.029927315483,3,0,17.634415988296677,0
67,71,8,1630.3889140714914,3,1,21.972616587796168,0
29,25,11,2179.0965024746083,2,2,23.93332814116234,0
57,42,11,3646.5582738203325,1,0,16.00956309899058,0
41,1,4,5017.275762215785,2,1,11.84960719530705,0
20,69,9,3207.506446217841,0,0,3.3350162407537454,0
43,43,7,5284.309206890285,1,0,5.980274953713767,0
19,68,8,6860.595363500173,0,1,26.712916981825675,0
45,26,9,5561.2456907762935,2,0,42.87824541766992,0
49,23,4,2717.3490758515404,0,1,29.044100549960028,0
47,38,13,2961.564977367537,0,1,11.170756039673872,0
34,62,6,5946.749944794148,1,2,12.851500903868125,0
61,39,8,4000.807634728967,2,1,5.69376817059552,0
52,57,6,3575.2580646631395,0,1,0.0,0
32,16,9,3182.20285375827,0,1,27.651511207505784,0
42,56,9,1977.6197749999703,1,2,20.24023753229458,0
24,53,11,1781.6805215146312,0,0,13.003019210513473,0
70,64,14,2701.262193831708,2,0,2.7340162866354962,0
60,5,10,2691.6624086889733,2,1,13.356629021905093,0
34,28,10,4589.01330304156,1,1,14.390241408370542,0
56,7,7,2902.709775256071,2,0,7.25562121050737,0
56,29,8,3532.5471145242545,0,0,21.38670672943124,0
52,54,5,2737.217747659228,0,1,27.034998582018865,0
21,46,5,2907.213321603159,1,2,9.66945265100858,0
68,54,9,4023.8739819523753,0,0,17.590743356293096,0
72,53,8,300.0,1,0,21.01390934249365,0
73,71,10,5911.334733600776,2,2,0.0,0
73,63,7,3221.9296035509205,2,1,2.294882159762423,0
70,42,9,1737.7552136524923,1,1,25.262016472989995,0
60,63,7,1441.7523166146311,2,0,12.10706640169366,0
21,4,4,3625.461520357158,1,0,23.565650164991915,0
44,52,6,300.0,1,1,24.830939042973185,0
31,38,11,5776.71307246399,2,1,18.638076474781222,0
30,68,8,2039.3810986962233,2,1,10.582048689839066,0
65,36,9,5836.987072935593,1,0,21.778987318756585,0
64,13,7,4553.016346640986,2,0,32.585753057528905,0
47,52,9,3328.60195711911,1,0,27.020022893029985,0
59,68,7,4878.85542010155,1,1,10.659252696006984,0
25,2,8,2354.924193504501,4,0,2.740739900132013,0
30,5,9,2966.7086811707586,0,2,21.383747349965944,0
67,47,10,6769.58534336967,0,1,22.083230455420015,0
43,40,10,4628.005902062463,1,1,8.710283058583627,0
49,39,3,5019.580591415584,1,0,22.625884499468235,0
44,7,8,3447.810329504326,1,0,11.149286751863976,0
29,41,13,1877.3723119775639,1,0,9.631514358757833,0
65,41,7,3211.8307548334933,0,0,17.30593880330407,0
61,61,8,1366.3434051333802,3,0,6.117530646018112,0
56,28,12,808.3179812683547,3,0,12.46592678224398,0
38,25,6,3585.8480443945004,2,0,11.649342155881467,0
54,6,4,2130.4901697566993,0,0,19.100289201387245,0
72,41,8,4297.963950471465,0,0,9.984588281783074,0
55,47,7,2390.4549335046418,4,0,8.72122597013971,0
46,20,8,300.0,0,1,6.997520389259773,0
33,52,12,4746.606373285962,2,1,23.552098287760202,0
47,67,9,4640.1142361949105,0,0,6.549476245601845,0
39,13,6,4420.996611453935,0,2,20.73526160709175,0
52,41,4,2766.212422412812,3,1,15.169933857320643,0
20,50,8,5596.104809781929,1,0,15.54862166549904,0
28,2,9,3274.851233471419,1,0,8.80233645660573,0
62,13,10,3672.746783101017,1,0,13.64217825760897,0
39,29,13,4406.753158022335,1,3,10.073643824108288,0
42,10,9,1251.6286965653762,2,1,25.60428061518708,0
49,26,8,3490.730784158014,1,1,15.69197442613395,0
42,11,9,3336.8053859731745,1,1,14.681001545160354,0
61,64,4,4433.149859515633,1,1,17.87803977583732,1
31,43,9,4180.215916054003,2,0,22.875476921881365,0
61,24,3,5651.779961418608,0,0,17.814475035637876,0
29,56,10,6331.582675593396,0,0,17.61372590929497,0
39,2,5,2939.135022996007,1,0,15.965775462502695,0
51,43,6,300.0,2,1,19.81697364372858,0
68,49,7,300.0,1,2,3.6705630226482437,0
31,58,8,5490.672795948588,0,0,13.366790884405932,0
51,16,5,1637.322742370869,2,0,14.653659510689723,0
21,42,9,2913.756928677084,1,0,12.86947073210409,0
22,55,8,5346.57319509835,0,0,13.545741818873845,0
61,57,6,3894.9663080601035,1,1,27.81152481791143,0
58,13,15,7475.323405755379,1,1,18.443251418551633,0
39,70,4,5130.260916103094,1,0,5.974630584306931,0
53,20,14,2490.606959487708,1,0,4.273618447520247,0
39,28,8,2357.102101621431,1,0,23.818069033403823,0
33,14,5,5176.817381154995,2,1,8.20544605291278,0
42,11,8,2913.112936372425,1,1,12.973961697474863,0
35,19,11,4760.607038975771,2,0,10.688365599188094,0
64,10,14,6737.995159525195,0,1,16.738746129563058,0
41,53,16,1294.0888310698401,1,0,9.397908024548112,0
36,43,6,1648.518657110001,1,1,13.685308724744857,0
48,28,10,866.9496315840274,0,1,11.771314385069113,0
61,39,4,1010.0391819385086,0,0,23.518781943263946,0
33,43,5,2137.2737438956237,3,0,12.098516532475347,0
71,14,8,2955.488956843865,4,0,16.435011261257767,0
44,22,6,2604.5586938270035,2,0,1.6738560338269082,0
55,63,10,3832.6871264468377,1,1,10.60391870446244,0
72,1,6,3002.0801189398317,0,0,15.937915119186668,0
42,68,8,5177.924664755425,2,0,6.754444406047423,0
29,69,4,9040.07489992441,2,0,0.0,0
60,18,5,3215.7857897652175,5,1,11.740977932295321,0
18,23,2,2617.121883016084,2,0,23.748514540895464,0
44,15,9,2020.3411921475054,1,1,16.567844301596264,0
73,40,6,550.6386699326581,1,0,9.985587381907951,0
41,16,6,2396.5189805567325,4,2,4.0051774761389005,0
56,57,11,3717.4787537438347,1,0,9.251803427559132,0
47,28,5,3312.4943147511103,0,3,20.87097710472017,0
30,69,7,6612.764306071727,0,1,20.942880943299947,0
36,61,14,4331.048662452193,3,0,14.727982862951723,0
47,29,7,5656.660326643218,3,0,7.317238472980257,0
23,43,9,2742.049684324993,1,2,10.574424149171266,0
41,2,5,687.0141272348092,2,0,11.91905436276809,0
41,5,9,4939.095382625359,0,0,3.4429441000863203,0
65,36,8,5087.707044562196,0,1,16.20762119678096,1
25,34,7,1653.1528369912835,0,0,12.483695618027049,0
66,29,6,300.0,1,2,31.19023142781523,0
41,7,3,438.8872944621621,0,0,16.362905591541082,1
55,60,7,5281.410168276462,1,0,10.049794267002646,0
49,29,9,3707.390586239971,1,2,20.880674960090907,0
35,34,8,3273.1779906566157,1,0,16.52854557030988,0
71,29,3,4797.8317403004285,2,0,0.9845423961615563,0
30,36,8,3038.816200238586,2,1,19.316047537838706,0
20,47,7,424.5288874801781,2,0,15.152687006263754,0
60,55,8,2407.8703425065924,0,2,13.180054698015207,0
53,40,7,8630.707348685,2,0,12.422524979243676,0
68,12,11,5725.739110964122,0,2,20.984791081667776,0
44,63,12,4145.785534050135,3,2,14.801878510379364,0
18,21,11,2210.2302573879006,1,1,20.957152918779887,0
19,2,8,4324.142590639194,0,0,19.371255681686225,0
42,3,11,5440.348107032263,2,0,21.24973753022329,0
32,55,6,4248.670719471929,0,0,20.014956623975735,0
70,28,10,3507.896843132492,1,0,13.851827324775336,0
24,2,13,2864.3947757377205,3,0,14.120353783828664,0
68,58,8,5544.6213924719195,2,0,17.838173088849484,0
30,22,4,3548.252116405751,1,0,0.7171089703508944,0
24,70,7,3140.3210116849355,1,1,23.208360937118847,0
33,63,8,3193.763783414985,4,1,18.335976733778875,0
26,4,8,2457.9466873589818,1,2,24.271420994033388,0
40,50,16,3858.8675843793435,1,1,11.95594256406267,0
36,43,10,334.85456433414174,2,0,7.532784052095027,0
48,13,10,2446.572035948152,1,0,11.48624197295133,0
48,25,6,2147.4927805603884,0,0,15.198136203491392,0
18,35,6,4812.416716022559,2,0,14.135805751364908,0
25,11,7,4202.754769409587,1,0,14.566714163692978,0
27,52,7,7870.209307032721,0,1,12.104594708907648,0
29,20,14,3066.0039209980237,0,1,7.371220602413908,0
23,67,4,4849.338701253246,2,1,15.953229700838753,0
35,57,3,300.0,0,1,15.915565686784896,0
49,46,5,3458.11355315628,3,0,19.495401467549442,0
35,9,14,2377.8427220604885,0,0,20.626372726903,0
36,2,7,1248.2793133098817,0,0,20.44856380332486,0
44,11,5,3880.5687220199807,0,1,14.164050234172901,1
49,36,4,6619.920861131774,2,1,12.52505391169875,0
36,56,5,4145.11454953408,2,0,27.707396291316332,0
30,11,9,905.0338799220513,1,1,9.29963177387724,0
41,51,9,300.0,3,0,29.828571474775508,0
19,4,8,3832.986011119962,1,0,20.73495178544968,0
46,19,10,2408.515834140166,4,1,22.871830344936427,0
71,43,5,1130.2501769608484,3,1,25.139846723515006,0
40,59,14,4651.452840282846,4,0,19.973000073527153,0
24,56,5,5836.12842909666,0,2,18.2215322463302,0
58,38,10,635.7400943276284,2,0,17.75098248348446,0
25,3,10,5276.314817600322,2,0,7.161185709686297,0
29,21,8,2244.725037124019,1,0,20.71473652408094,0
26,56,8,3304.826632919084,0,0,8.046745517066636,0
68,6,12,5376.387029418384,2,0,8.154029356370845,0
73,51,7,1989.8274951991873,3,0,16.035467886673903,0
50,50,10,3305.2220575814135,0,0,6.660358671761143,0
53,54,8,1739.0951803278745,0,2,7.480776117516438,0
54,16,13,4085.2044053875297,2,0,29.04642577559934,0
52,18,9,4305.332971226196,3,0,26.622317781949167,0
49,15,3,872.1194597191156,0,0,13.126493406907086,0
74,28,5,2006.7832006429508,1,1,14.207765080587334,0
59,38,8,6033.359739497317,0,1,21.004517182719788,0
23,9,13,4571.359246874361,1,0,37.730179502724205,0
40,41,7,3844.063539435126,2,0,17.2624182668462,0
73,17,7,5264.7547122795295,0,0,7.767171202355477,0
41,40,7,2047.5868903190478,2,0,9.541181493396106,0
29,22,9,2839.8011528530956,1,0,20.131897074367526,0
67,68,10,1864.7641356169818,2,0,17.14159585180768,0
53,23,6,742.6193584711955,0,0,21.49245319347661,0
50,62,11,2158.2350760049594,2,2,4.007490887628899,0
41,13,8,3385.8316110290516,2,1,25.655670544546673,0
25,7,5,4523.912858540377,1,0,14.487194615444093,0
39,14,7,5677.03273217868,1,0,16.543383890642687,0
42,30,7,3654.018802149749,2,0,11.242813778010634,0
71,65,10,4592.808922351774,5,0,11.238080851885568,0
35,13,8,5127.204624937769,3,0,6.375986398296986,0
26,56,11,5223.692581099737,1,0,22.182203769926723,0
42,50,4,2389.2802731610645,1,1,13.88649684750987,0
74,25,7,2263.7743034178575,2,1,4.39627378294184,0
45,24,5,3534.025625689282,2,3,10.262875974602682,0
39,68,11,7219.484495773142,3,1,0.0,0
56,51,10,5156.571474764125,1,0,1.2490796268107243,0
54,17,16,2753.832926376643,2,1,14.056572946342545,0
35,65,7,3530.724139148791,2,0,17.836676002419104,0
73,29,8,4001.8544397814353,0,0,34.42497526088731,0
51,6,7,1302.3306434072206,1,0,8.079788369557711,0
21,58,5,2131.2156712480237,0,3,24.429336641081143,0
41,62,11,4320.146401226632,3,1,17.919867333343852,0
70,32,4,4802.456295466145,0,2,17.159144087023133,0
40,50,3,3241.8078918387932,1,0,9.976530200275242,0
50,17,7,2679.28501101408,2,0,14.049625280519887,0
52,61,7,4169.873706530318,1,2,18.46008933573471,0
58,27,8,1711.7897108975742,2,0,10.416144009278362,0
67,19,13,1863.805713010793,2,0,27.832537180437022,0
26,36,11,8738.898611688774,1,1,6.4942559691233015,0
47,19,6,2100.3947845365046,1,0,17.215694859405016,0
48,45,11,5070.305190490106,2,0,15.335984431958552,0
26,54,7,2811.4820304793466,1,1,20.962529476653483,0
56,29,12,4608.981819655671,2,0,19.193688003014486,0
24,56,10,5188.80314647694,2,1,12.6845610949241,0
44,31,12,686.2001560367698,2,2,10.515195201324385,0
36,69,8,3344.101854625314,0,0,11.41879083325232,0
26,19,9,1353.1318983531955,1,1,7.556413246938216,0
64,51,6,1833.1175893675902,0,0,7.698641038037025,0
31,39,10,5966.779343339258,2,1,12.854607060887972,0
32,67,7,2060.2056956582805,0,0,14.618189130451022,0
66,16,9,2203.485503615974,1,0,20.82377690680326,0
68,14,8,4643.33666052815,1,1,20.31927372407493,0
19,62,13,8716.590418036829,2,1,11.686922654876753,0
33,64,10,2717.7895138665453,1,0,25.78447518471983,0
58,54,8,2106.7645228281526,1,1,23.82986978739173,0
62,34,10,3184.431083425873,2,0,6.151566973917298,0
74,30,10,4782.4609595896945,4,0,4.981889127081551,0
49,48,11,5362.912234395415,0,0,13.982253007852558,0
18,54,6,1192.8536039624732,0,0,5.409427922494901,0
67,20,8,6677.134454985573,0,0,11.768131301479698,0
27,1,10,4537.70204040362,0,1,13.226084436760356,0
24,6,8,2056.069979166531,2,0,17.69431710235063,0
56,25,11,3081.9053099906614,2,2,10.521003222233523,0
52,49,5,4345.225269828335,0,0,10.379881845667963,0
21,32,8,3508.4880989209146,5,1,17.751229886824742,0
27,44,5,3233.083014597228,2,0,18.92918585323733,0
51,34,6,7236.244167452171,4,0,10.815729198647919,0
32,18,7,4456.5309471405435,1,1,14.993103791522147,0
56,54,7,2681.963595338546,1,1,9.937230210774198,0
41,52,11,2865.7492907403907,3,1,16.278403113224723,0
51,69,18,6607.069585193522,1,0,10.708019951774563,0
45,59,9,4145.993288068157,3,0,11.058003230563672,0
38,27,12,1576.050633308931,1,0,8.996824717764822,0
37,51,10,3081.5045212981067,1,2,12.129205153771686,0
57,25,9,3454.111654208331,2,0,6.44428799187464,0
47,62,5,1648.4634851272556,1,0,4.596813880911807,0
51,44,9,6455.48774811525,1,0,23.144995203334787,0
50,60,4,1249.28885020919,2,0,19.12344563590293,0
29,20,8,6468.636691732835,2,0,14.511990877612812,0
70,2,11,1382.624060229643,2,0,2.6107437794271213,0
50,11,8,4040.884890846288,0,0,11.373838874158471,0
58,38,9,5738.236883249761,1,1,26.125120648416804,0
68,69,7,3241.819224148761,0,1,12.05588582096061,0
70,45,13,2019.3526898514342,0,2,0.0,0
56,58,7,3773.7447710343827,0,0,16.118579901101658,0
62,34,4,4216.574242019275,1,0,18.78814113001318,0
44,69,6,5939.976241010045,1,1,15.727211804341804,0
60,67,8,1350.860831249367,1,1,16.797970703557812,0
36,16,7,1845.1524243270715,3,0,21.642286932957944,0
58,62,12,7192.167787441835,2,0,19.15772105674036,0
22,2,7,3898.4644706625213,3,0,8.631722000558714,0
70,43,7,4246.434433889173,1,2,0.0,0
31,32,6,4825.437367985306,0,0,20.047017974082568,0
55,22,10,3722.305826586279,0,1,6.102505360559796,0
18,67,5,5746.922068229103,1,0,1.0997272767741855,0
26,48,7,4693.6983558815755,0,0,22.026288418712145,0
74,10,9,3607.1599057943413,2,1,14.46939155076844,0
65,10,11,804.992180643133,1,1,16.272418719515514,0
30,9,8,5344.575394907304,1,1,19.094311967089816,0
25,22,11,6882.492083762667,1,0,6.673882200261936,0
64,5,13,5684.800091736611,1,1,7.679974292900846,0
74,19,15,300.0,0,0,31.88917304183585,0
27,55,12,5739.551790052806,1,0,21.035714015155058,0
55,63,6,4715.520047491072,1,1,15.13455233087008,0
34,56,5,3607.0501682795707,1,0,7.547181758015519,0
60,36,10,1136.0126427542882,6,1,5.727502866860192,0
41,50,6,2126.5961867959413,2,0,28.824522103975497,0
25,68,13,4330.762891421687,2,0,18.690791423208786,0
36,4,8,2714.1179262382398,3,0,11.451147953762467,0
48,65,12,7205.847587191166,1,2,34.25544774317093,0
63,52,9,622.7538650148649,0,0,16.30060332398446,0
19,28,12,3331.0438040290373,1,0,10.305268708777898,0
72,32,7,583.9930192097513,2,1,3.6689186412222803,0
55,32,4,545.2935593585657,2,1,12.859388112916804,0
67,12,10,1457.4610894481286,1,0,12.763070336090918,0
71,17,11,300.0,1,0,2.9785926982637303,0
26,21,7,4495.057118246549,2,1,29.826589171926706,0
23,1,8,2057.0614723812,2,0,15.686046523489763,0
62,36,14,1529.2182393319924,1,0,9.750414018290204,0
28,34,8,3437.3711220052446,2,2,26.643096353907985,0
26,24,8,3122.5389650397983,2,0,18.465463013768762,0
44,13,7,3049.0453671631312,2,0,10.024066263240064,0
70,69,9,2754.3871898057405,2,0,6.399302204809487,0
63,49,6,4169.59869890192,3,0,17.92012159865068,0
47,34,13,4606.75063950193,2,0,10.083920246073511,0
29,52,9,1641.2990664396536,3,0,21.169851361621827,0
37,27,6,6457.321958095851,1,0,2.7839026427423317,0
57,16,9,3472.424260786823,1,1,9.741141293303212,0
26,48,8,5585.808533042863,1,1,22.427939666492513,0
47,55,7,3679.7431572591972,4,2,2.0141149051686877,0
18,47,7,4985.537788097749,1,0,11.440967196841767,0
36,41,6,788.0834561308825,2,0,22.017514918939405,0
32,1,11,1421.6413102649249,3,1,20.679789948738648,0
56,46,6,2404.941312653895,3,1,19.060291643748656,0
70,44,10,1187.6064553871697,0,0,21.202832047879742,0
26,30,8,3988.5375466922337,2,2,28.7260017967074,0
63,18,4,3457.6521646589445,2,1,1.2836859074536147,0
55,70,10,1685.9151709537093,3,2,4.320972829754854,0
73,27,15,4463.870574142131,0,1,12.22615212901551,0
69,20,4,4912.089254656083,2,0,15.215735802201587,0
23,51,6,300.0,1,0,17.238746021874384,0
60,35,13,5344.992674275262,1,0,8.260227708769897,0
51,40,9,4634.370341706924,0,1,24.59402923567056,0
24,47,13,643.2429539965706,1,0,18.72895922561194,0
32,27,8,2236.0615045400755,2,1,30.86165433592506,0
70,11,5,2292.2713175725717,3,0,23.507628641777494,0
48,12,7,1754.6025231645351,3,2,20.17308540147293,1
37,67,6,6241.303519286287,1,0,6.6376816108324626,0
36,36,0,2568.633757619602,4,0,5.799202064211215,0
65,30,10,300.0,4,0,12.176575992463743,0
34,23,12,2937.2397316429197,2,0,6.214451627221628,0
27,52,12,2397.946461379388,1,0,0.0,0
50,65,9,2202.5746426505557,1,0,11.545051951267864,0
74,55,8,4072.1720147868637,3,0,35.04419011607614,0
28,38,13,945.4585738557876,0,0,22.778068334211348,0
32,34,7,6696.279745701644,1,2,4.361259052260246,0
44,62,6,3270.0730822184705,1,2,16.392866071621032,0
29,61,8,3558.1312642537173,1,1,13.962188917333267,0
55,28,9,2698.94621786523,2,0,7.51176109346523,0
32,69,10,6299.068947592226,1,0,16.77801789458169,0
25,59,13,2254.5115906707183,1,2,6.470138338032779,0
32,61,13,3879.1992853796646,2,1,6.12573649469673,0
71,5,15,4135.017729357105,2,1,8.685754047121145,0
71,10,6,3094.867124040274,4,1,0.06979702027383183,0
46,22,10,4518.510908985852,2,0,13.951108228792258,0
40,55,12,5066.477658765072,3,1,14.043272591855914,0
64,6,6,4815.888436844347,2,2,5.422586408112597,0
29,6,10,3312.3323058298224,0,1,20.048999651474734,0
55,3,6,3032.374078457099,4,0,7.175652407507069,0
56,14,5,3739.0211274426088,2,0,11.03923219329426,0
58,66,7,2770.1332481333347,3,0,5.64677901808979,0
30,52,9,1606.7628283873194,1,1,17.121888155654855,0
58,51,4,3782.4414691941665,0,0,9.886179422046322,0
52,21,12,6149.679547921576,1,1,19.686198994147425,0
67,45,11,4413.020161646993,1,0,19.27664009150488,0
27,56,12,1107.6137284967008,0,0,16.280352210211177,0
52,38,10,3656.9193073526985,2,1,18.403194305331567,0
65,61,5,5151.070684226883,0,0,23.56462667337657,0
33,41,7,3193.1531288610763,1,1,18.944210231332413,0
60,24,12,3819.4798917971493,4,0,13.564057990506909,0
23,46,4,9898.376225483658,0,1,16.074389033458864,0
58,67,14,6865.6806324104,2,0,17.854813048768662,0
52,59,10,3522.5167520811615,2,0,8.46977667289854,0
28,36,8,4831.847780380492,0,1,9.081329859769408,0
21,43,7,3124.315127793897,0,1,19.857211260830493,0
60,70,6,2998.888724650781,2,1,20.413974990463064,0
31,54,5,5279.35670574235,2,0,29.568824655812513,0
46,36,7,5240.439436789089,1,0,14.49285254641331,0
21,20,7,4754.060786893763,1,1,19.533823812335964,0
72,65,2,3169.372791861739,2,0,14.105415388381527,0
49,70,9,6880.396038144047,0,1,33.408616199170694,0
71,6,5,1593.1879486290227,2,0,28.99175611454335,0
27,3,10,3750.482969677451,1,0,3.9430977430842535,0
29,9,8,1500.9436071009193,2,1,22.26902100776502,0
52,28,10,3778.450918011239,2,1,2.042222040891426,0
52,12,10,3047.950120236416,2,1,35.456436017327505,0
63,63,11,6035.324931979121,2,0,12.761627483971651,0
70,65,11,3574.0623870574937,1,1,11.704986780250573,0
64,13,8,6093.022312793964,2,0,0.0,0
25,59,9,3249.9548763307803,2,1,12.390490105137959,0
35,11,4,2706.9288890772477,2,0,7.645855868207828,0
70,56,4,4349.412682820015,0,3,9.85129685204311,0
49,26,8,300.0,0,0,17.877392908322374,0
67,3,5,2971.4638656260768,0,3,20.29456096639268,0
50,31,8,3978.3860844626965,1,0,11.768191579220389,0
20,59,7,7676.597600932778,1,0,14.826922525239912,0
44,67,10,4740.864396923534,1,0,17.569750760388786,0
65,9,11,340.1402040178791,0,1,12.569559072271106,0
55,60,8,2369.6517532095,0,0,4.754630835640995,0
25,21,7,1562.5093164925283,2,0,27.803467861870732,0
29,33,8,4413.501528054368,1,1,4.822042187749691,0
66,8,2,5266.627001547574,2,1,18.824672885327946,0
73,70,4,899.0687711012006,4,1,22.8985450632089,0
60,57,10,5671.96762913044,2,0,27.680427303118037,0
23,46,15,1967.0542758138386,3,0,11.448580987309821,0
53,52,9,2004.9374298535888,2,0,12.966550719913613,0
65,63,7,1408.0615751543273,0,0,19.299448626732904,0
54,11,4,2551.1325817236657,1,1,16.3238771050556,0
51,18,7,3621.9103505356775,2,1,18.49747966030974,0
44,3,8,5730.420194136079,1,0,24.182450288652596,0
31,35,7,1267.1367412929476,0,1,17.844979255313493,0
34,36,8,1352.786278124824,0,0,7.86137105264479,0
60,3,7,5197.547007581578,0,0,34.27550687254627,0
21,47,4,2989.7804390038227,1,0,13.931840954668715,0
22,1,7,2352.858069444079,3,3,16.533197925390834,0
40,57,8,3989.854752770547,2,0,9.910931676275197,0
62,51,11,2583.1714869990255,1,0,0.0,0
55,58,6,1890.6942058495488,3,0,0.0,0
51,9,10,3025.3889151606504,2,0,14.400710255997344,0
48,62,4,3990.5792595224875,0,0,1.7070574881059066,0
24,39,6,1556.3148975239092,3,1,0.30677059739509005,0
36,62,7,5371.953647369062,0,0,16.46596233699088,0
22,50,9,3268.170519269247,0,2,16.292010378478224,0
61,47,7,3219.8593179871996,1,0,12.225373503667559,0
60,3,6,2492.0255098886632,1,1,22.546180800926187,0
32,50,2,2802.3831051091993,0,0,10.2234609882447,0
34,32,10,2170.4703367398656,2,0,16.969589005071864,0
36,61,14,5570.684299289944,1,1,20.96352244498322,0
68,49,3,3810.033568364328,1,1,7.66453393079667,0
45,6,8,2650.0277394225254,2,2,10.991843452043385,0
61,64,7,1993.7862434018798,0,2,12.593303028980934,0
43,5,4,2675.970079825815,2,0,13.862360493100875,0
57,22,4,4391.034540123144,0,0,7.922557246011179,0
48,16,8,2868.1696493839345,0,0,36.47383889876545,0
33,70,10,3105.641481832547,0,1,29.201479272212893,0
67,11,10,3722.8525702791017,3,0,17.329113931319498,0
58,60,10,2498.1075186549033,0,1,6.373084737310835,0
61,16,9,3319.097638747845,2,0,33.38776565386415,0
72,47,12,7203.262663040183,2,0,22.64156516376743,0
32,7,14,3836.0048343098324,2,0,23.506913583596546,0
23,28,9,3900.513277371529,3,0,13.806288312217795,0
51,45,7,2177.9915612320897,1,1,19.62770189412125,0
36,51,11,5062.47691856534,5,1,23.15721751568583,0
42,62,7,2340.25854862296,1,1,2.1027617181717293,0
31,58,10,4093.0615046638827,1,1,16.03585862748006,0
40,37,7,300.0,3,1,16.006443161938968,0
40,22,5,2067.4252555751764,2,2,20.307834134655902,0
37,19,7,2498.677698511109,3,1,21.169532764516763,0
60,71,9,2947.778136283516,1,1,13.09942174666114,0
51,44,8,2756.341500037767,1,0,5.697429955818144,0
45,65,7,5684.218983503366,0,0,0.0,0
24,31,12,3380.258354542995,0,1,16.8904952654655,0
50,35,8,5700.029201665881,1,0,15.388865457863844,0
27,59,9,1814.257569810522,2,0,7.682223027784378,0
35,52,3,1310.3757142369545,2,0,10.717960544410296,0
41,15,3,6193.091799231168,0,0,30.240636282960818,0
26,38,5,1871.4581098566948,3,1,5.5950255356559815,0
40,16,11,4010.67724449621,2,0,0.0,0
33,55,12,3033.615313280267,2,0,16.871740205568425,0
66,3,10,1458.106992767438,2,0,8.872589290861786,0
67,59,2,1036.0524734425244,1,1,22.400639739969186,0
18,66,4,2017.1485201733785,3,0,14.926554821029852,0
52,2,15,2713.3683217127254,2,0,0.0,0
54,45,7,4242.4475666439175,1,2,13.001526149364434,0
39,6,8,3626.5194540894827,2,0,10.73501595474206,0
44,26,6,2887.0733861457975,3,0,21.926454687181884,0
63,24,2,5361.129078343072,1,1,16.154966152564263,0
39,37,16,5881.3499827451615,1,0,17.994968652009767,0
21,66,12,3783.196228563274,0,2,32.05477728432871,0
39,33,5,2638.0622934103417,2,0,25.38935560846592,0
32,29,12,3470.9645348658937,0,1,7.38935113146919,0
39,7,6,3960.9476389519923,0,0,7.36914710740768,0
31,64,13,877.6223920885591,0,1,7.729610503557476,0
26,23,10,3377.5418950688663,1,1,10.06204902083996,0
74,33,15,3562.595460628261,3,1,3.5885956819830547,0
25,7,8,1699.2551017653277,1,2,13.610715226956046,0
58,21,6,2498.045316595717,0,1,8.543110305692316,0
58,40,11,2147.411220205545,3,0,14.593650996441387,0
53,64,2,5677.244301784856,2,0,19.04160968765906,0
69,24,6,1290.8238326322335,1,0,16.063676840095255,0
18,40,11,4181.765989597403,3,0,5.118386704559914,0
35,63,8,6427.7162368219415,3,0,12.94036708571842,0
28,26,11,3331.0660835955146,2,1,15.869602230081174,0
50,21,14,5999.035727771,3,1,11.679613083523785,0
54,4,5,3682.4164600583495,0,0,11.462129075891731,0
69,65,9,4375.3169461983025,2,0,6.357358604266851,0
39,8,10,1013.902770694548,0,1,18.875075786256584,0
31,16,5,5809.006236686002,2,2,17.41295597555594,0
70,10,7,2959.762115743285,2,1,10.211672093091693,0
56,51,6,3370.0371852983117,1,0,23.50237715672748,0
61,26,10,2863.2347550721006,1,1,0.0,0
43,51,9,2134.0254335596087,0,1,1.2449722523658782,0
43,44,6,4963.569614305025,0,0,32.840492812245685,0
40,2,8,2827.1082000086153,1,1,21.260548176022645,0
60,22,6,2066.8982370779613,2,0,11.7886130800271,0
30,1,10,2170.1021061080783,2,1,16.406832464339125,0
73,5,5,1788.156527982815,1,1,8.483185032390786,0
28,34,7,6196.102105197431,1,3,26.675805389288968,0
44,19,7,3730.219872736935,2,0,22.9252620433957,0
35,7,9,2063.33400155047,0,0,7.788584545924557,0
54,30,11,2022.4664765556197,5,3,15.33560750430619,0
56,33,9,5361.155428630409,1,1,15.708467876820459,0
70,71,9,3982.7092987912947,5,0,18.01009209831888,0
62,47,6,812.8579299935459,2,1,5.889343816583995,0
32,28,4,300.0,5,0,13.494008343330515,0
29,34,10,3755.3259492625093,0,2,7.932123982472871,0
68,7,14,5964.442213164089,6,0,24.800362305645876,0
45,28,8,2095.756177025609,1,1,21.02529523737954,0
23,42,14,4598.892057515855,0,0,3.7220262570905955,0
65,2,4,6702.202587414013,0,0,5.6504325133250966,0
54,66,9,1146.3587480694446,0,0,7.088002387545186,0
19,37,4,1758.413125619981,3,1,15.0045123491278,0
62,56,8,2867.6647784091065,0,1,22.079457769645103,0
52,20,10,4185.896718294807,4,1,20.553419481873398,0
53,60,7,4114.925495902111,1,2,24.845232260871995,0
67,27,9,3279.136461386578,2,0,21.017394103477603,0
46,66,5,8138.329480465362,1,0,13.192534389218222,0
44,38,3,4978.747216078361,1,2,21.243646794027295,0
53,46,6,2891.5389575371596,1,0,0.0,0
29,15,8,3160.8143033358383,2,0,8.98923495344551,1
26,71,11,2829.900437388923,1,0,0.0,0
66,14,10,5752.481885321082,0,1,7.656871635237908,0
30,3,8,769.5403738064806,1,0,2.8358421285597366,0
46,32,11,3073.105978734494,1,2,16.128878785506238,0
33,60,8,300.0,2,0,3.247199085623798,0
31,66,9,4052.904346851842,1,0,15.425331725683668,0
52,61,10,4419.614960996772,0,0,14.518675767209581,0
63,40,6,930.1883011574805,1,0,17.99978178388306,0
43,66,11,622.0737397049543,2,0,15.172702601982001,0
25,35,10,3540.858419183331,1,0,14.605635973205512,0
31,34,9,4132.9931091991575,1,0,2.9423819849871187,0
27,13,7,889.3684074439143,2,1,41.647450299314386,0
68,56,7,3011.6513913971316,2,1,12.317194944276707,0
36,23,11,4691.288832045116,1,1,24.192314867314593,0
39,14,8,4367.65710251268,3,0,19.509952018339433,0
22,27,7,2750.847220468562,5,1,13.234672422645582,0
43,43,14,2251.564560406473,1,0,9.096087606186046,0
70,20,10,300.0,1,2,14.242606227232667,0
41,26,11,2119.1671096072128,3,1,17.56694386778162,0
55,24,12,4088.7864269587094,0,1,0.6904741842949154,0
28,43,8,3421.2538135135237,1,1,19.621895172796428,0
26,51,10,4850.362327455165,4,1,9.009449606931721,0
59,48,6,6880.415429980639,2,0,26.52564267829505,0
21,11,8,3499.4411104794367,1,1,25.255268442246848,0
43,25,4,300.0,4,1,10.45628080663867,0
36,47,5,2593.132737647513,1,0,4.270299635343589,0
18,16,9,5575.466542144208,0,0,2.108521322843444,0
48,5,10,5688.7904619947985,1,0,16.678790129926092,0
72,23,6,519.5765979588305,1,0,14.705256961789873,0
21,49,7,1941.8989988053513,1,0,29.751591494967613,0
64,48,7,3118.3201093214284,1,3,8.18084120248966,0
48,10,10,5141.971703758513,1,0,7.3988054048649055,0
59,49,6,1886.888142759415,3,2,6.712233948039495,0
23,14,8,4551.910122708113,2,0,18.695619406966017,0
67,53,7,300.0,1,0,6.73662018762135,0
18,41,7,3216.7014898460097,4,2,18.502477032822863,0
69,9,10,1346.6588473098473,1,1,13.114618460083797,0
55,25,4,2976.141345753706,0,1,6.098224100726686,0
37,59,4,723.8985233341532,1,1,22.331728436537286,0
18,31,7,3541.1117293624943,2,0,24.085624975998183,0
52,49,7,4494.416179019974,0,0,13.955163729367158,0
22,54,10,3883.1143945590798,0,1,22.05203167996277,0
52,3,10,5509.621147263533,2,1,24.534040739911955,0
62,67,9,3717.5513731858114,2,2,24.875253146305976,1
33,24,3,3787.611236646376,1,3,12.356605575567205,0
31,57,7,2431.8953643232685,1,0,25.196760239617674,0
30,34,10,4241.502309084521,2,0,15.458389482409194,0
30,41,7,2549.672079888306,2,0,9.421822350775717,0
24,26,4,2918.0680356499333,0,1,22.00183252863801,0
32,61,5,5430.283358449726,2,2,10.896746495106527,0
55,9,8,6570.809080687909,1,0,16.939932588370194,0
35,64,7,2895.10100781752,0,0,20.593354808192405,0
62,15,9,4212.320419485751,1,1,14.522218580698343,0
64,63,7,2129.3737082185407,2,0,7.414121361926706,0
61,2,5,2326.9189782818826,1,1,17.213458687334818,0
48,1,3,300.0,0,2,5.381843408374467,0
36,7,14,4512.774247718226,2,2,5.217052334917607,0
71,39,5,2679.194259437887,2,0,22.562074181560398,0
29,19,9,6500.732786012233,3,0,7.819231664792057,0
44,43,12,2173.567379587569,2,1,29.371043899514053,0
43,59,5,3476.414981131925,1,1,13.298872778441636,0
60,2,3,4826.356851059805,0,2,19.535883645900903,0
49,38,3,8000.53674719485,1,0,2.707735917666705,0
63,53,9,1946.090180351795,1,0,0.571489107403103,0
70,31,7,2643.885507475802,1,0,32.251779918471044,0
40,66,6,3789.876569604664,0,0,26.976829272371134,0
67,48,7,2927.739531921965,5,0,28.60297544538688,0
27,3,6,4748.16555844765,2,1,11.849698401907837,0
70,39,4,3796.5452078463154,0,1,17.7865114087567,0
28,28,5,5759.313030189609,1,1,16.041073467918405,0
66,10,13,3044.937676428088,1,0,16.01548712450869,0
40,68,8,5037.278042056327,1,0,25.844162915297275,0
72,16,6,3448.467023069885,2,1,24.20130451123221,0
25,6,9,4523.700797297516,3,2,17.49960660551516,0
44,16,4,3912.930208390516,3,0,7.559120634413164,0
69,59,2,3380.2330488963685,1,1,25.560714232293535,0
20,43,3,2175.068767666734,2,1,3.8301225848653786,0
33,59,3,5027.566209492553,2,2,10.41473041098891,0
22,33,5,1617.4646979098295,3,3,10.44041584809291,0
36,9,9,4653.155961630393,1,1,7.202887928314066,0
40,28,8,4606.81889316719,2,1,20.86339548960045,0
53,15,3,7469.684287380716,3,1,11.204834002633442,0
32,40,10,5027.47050129655,1,1,11.767537391850782,0
27,20,5,300.0,2,0,6.773116942418325,0
27,69,4,1778.4248053626868,3,0,16.317608740102454,0
71,27,7,3460.3643494806515,4,0,16.78037886535297,0
72,23,4,2762.236827504287,2,0,12.899372862050146,0
30,70,7,4141.427185633795,0,0,14.975671495111305,1
29,37,9,1243.1576770697552,2,0,18.318963455716503,0
21,13,7,300.0,0,1,16.928367090072047,0
72,35,6,1791.0246876653307,0,1,19.189703636638956,0
58,19,8,7362.369542495022,4,1,3.296675150063047,0
61,51,7,5454.19818633901,1,0,9.459795046977984,0
34,41,2,2488.8260364870284,1,0,15.171726977234943,1
54,52,8,3818.740212803722,2,1,7.418080480246521,0
21,67,10,1714.3376086334993,3,0,9.317049703494183,0
56,52,6,5025.197218113465,3,2,0.0,0
51,25,9,1604.1499638188939,1,0,29.866151821682095,0
36,15,13,2795.0162315192533,1,3,16.15950869640335,0
58,38,13,2127.2209465393744,0,0,11.782090215607315,0
54,32,4,3066.021375720472,2,1,24.336655384752063,0
43,23,11,4017.9039465612714,0,0,23.818852650491927,0
28,58,8,3462.3590854058343,1,0,14.65183566766459,0
19,65,2,5283.6267448619365,5,1,19.256406324660404,0
71,28,7,1704.7347967651442,2,0,11.000347674497522,0
34,49,3,300.0,2,0,22.479687724007952,0
35,70,7,3807.645101218669,2,0,13.37787110032444,0
56,1,9,6419.311301868633,7,1,10.094787882687466,0
32,26,10,1667.1299094823435,1,0,14.774229837767539,0
39,53,8,4539.943340275169,3,2,5.11539444602473,0
58,36,12,2678.415786951343,0,0,17.047754274941767,0
51,57,11,2078.063080347284,4,0,12.179050920387828,0
55,34,8,2076.976376302725,3,0,14.543240229079387,0
18,5,7,4399.159039931419,2,0,14.808648460170888,0
43,31,5,5927.846190049648,1,0,16.802763762423236,0
45,29,9,5642.754161561023,2,0,13.039516377569745,0
54,61,6,5049.00717352448,0,0,13.9303124494466,0
26,11,7,3750.761297475686,3,0,15.185540564735163,0
27,12,4,2340.907834285685,0,2,18.48148027927211,0
61,11,7,5178.6242928293195,0,0,17.963706467474857,0
56,41,8,5905.4445233678925,2,1,18.661614096907844,0
64,71,7,2733.661231413761,2,0,3.1068051400154424,0
33,44,4,2701.518273671497,4,1,6.248522356792732,0
74,58,11,4261.1105636686625,1,0,25.203666268448725,0
33,61,13,1675.4841631490663,2,0,13.755626148600905,0
55,43,9,3906.2704720942784,2,0,21.35663661681874,0
27,44,7,300.0,1,0,13.418452280610941,0
70,18,8,5354.232847660873,1,1,8.346574411319692,0
36,69,7,3721.6564321268042,0,0,0.0,0
63,56,13,3735.5731274930067,1,1,0.0,0
36,62,12,4449.52327090664,1,0,32.29339377049132,0
63,70,8,2637.8948706864007,1,2,27.486289903465515,0
43,25,10,5230.294321069634,3,2,23.29952229672336,0
21,11,6,5632.759750327288,0,1,26.030411215286442,0
28,62,8,4847.171343191318,0,1,14.579782776601265,0
56,34,4,4869.529728765659,1,0,7.427811550731175,0
29,69,14,9240.568406895438,2,0,18.18222260363188,0
33,50,5,6392.023470923727,0,0,15.337582824865567,0
48,19,10,2385.8737370563867,2,0,9.199804414620555,0
32,26,7,3825.723368986553,4,0,12.532929121293893,0
25,44,10,454.54228237507095,0,0,7.492364390412861,0
53,28,11,4801.151829137416,1,1,21.010901045166072,0
57,21,4,2513.0616483085423,1,2,27.83631821806592,0
59,15,4,6692.883755147217,1,1,10.26597359181267,0
71,47,10,4742.236117220065,1,0,19.582875145743845,0
25,3,4,2643.689576586682,0,1,10.612758954437496,0
42,7,5,3658.463243536781,2,2,27.894923641760705,0
31,4,8,5465.186580709231,1,0,24.198242697235337,0
69,53,11,4942.223365285425,2,1,12.401998146093245,0
48,3,7,2244.589758584698,1,0,14.688335016481377,0
23,30,5,6034.148449456045,0,2,12.992012749150017,0
57,9,7,300.0,3,1,28.445318644220638,0
20,42,9,1004.3221826699864,3,0,11.398603824801473,0
33,3,6,3395.5134567516093,0,0,22.726178740108494,0
59,2,11,2768.404426520426,1,0,25.419169641839513,0
46,30,6,4009.2132206506294,5,0,12.397722301250425,0
61,50,8,1446.3006875018305,1,1,23.371396339095767,0
50,8,10,2181.517227341289,1,0,6.874329280833717,0
66,36,7,1552.612900319297,1,0,21.674108480127913,0
50,58,5,1417.478632057951,6,0,19.149405848106646,0
21,45,5,3329.371454006142,3,0,10.957980824633385,0
22,54,8,1595.0900916012336,0,0,17.38797434212919,0
62,23,5,2637.3459158064456,1,1,6.30139929831137,0
20,67,3,2702.2985810631094,2,0,22.780508081816766,0
39,11,9,3467.786571008432,2,1,6.221459728297734,0
18,43,7,432.2458498861847,0,1,23.333302657023083,0
35,31,6,4228.628540875208,3,0,27.913071742752663,0
51,3,6,2335.3643958004877,3,1,6.38701318228031,0
27,68,7,4037.8660918865216,2,2,24.053967930773542,0
44,50,7,3206.0238560823423,1,1,11.306863076147955,0
74,17,6,4064.2470409603147,1,0,17.05569568589854,0
22,4,12,3862.1671194276732,1,2,20.915873153169283,0
21,48,8,6641.192490392065,1,0,0.4230658972267456,0
33,39,4,827.7014083409795,1,0,0.0,0
65,4,5,6595.356674662471,3,1,6.905983331115813,0
41,71,11,5697.6325212454285,1,0,27.241367563601667,0
54,51,9,2872.4639699737363,0,0,10.742237682317613,0
19,33,10,4884.80882071442,0,0,22.271924366514234,0
59,17,4,7442.242793469328,0,1,14.62670498684765,0
21,20,10,968.5584717725073,0,1,12.000216460293299,0
58,33,10,3902.3255139853445,1,0,25.259644211118506,0
26,5,6,1467.6782764547763,2,1,14.077629971958455,0
66,27,7,4166.939311728034,2,2,15.986286269371604,0
34,16,6,5265.934266644725,1,1,2.951562250049701,0
28,9,6,1719.7842920711735,0,1,21.650363383125217,0
37,9,9,2501.1000964098935,1,0,10.546082251335896,0
18,25,4,3436.8231451158194,3,1,14.3521038969754,0
27,28,8,5186.292690169856,1,2,20.43320744390944,0
52,25,6,5458.176202466059,1,1,11.246981793090361,0
35,49,6,4450.142678882319,3,0,12.389438076425787,0
38,38,6,4081.4963225818155,3,1,10.60498057875046,0
64,14,8,3593.631331966632,2,0,12.947149763263432,0
25,70,6,5225.09183831378,0,1,16.34071998306947,0
40,52,6,4527.170778688791,3,1,8.107995491909703,0
28,34,6,4923.284485109433,3,1,26.92218882701203,0
45,4,6,3953.6831648051416,0,0,22.634998446348934,0
36,65,9,1274.4472372662535,1,0,14.080777695897268,0
20,53,7,1488.3717014826013,1,0,7.224845992748677,0
22,33,8,4445.441128322915,4,2,12.086495410613129,0
66,12,10,2705.5957368478576,3,1,18.93907909680335,0
21,8,4,4413.426312298153,3,0,30.823752289520257,0
62,21,10,2757.0651152418204,1,0,19.829004259838644,0
70,17,4,2149.7479517560396,0,1,4.131206467332154,0
44,15,12,4826.277159111425,2,3,12.720076065622637,0
35,29,14,1168.4592634701276,3,0,8.896772393648526,0
62,4,11,4582.009620561894,3,2,12.022351684225299,0
73,24,6,2870.1583351145578,0,0,11.752662509100883,0
24,62,12,2173.1893146783195,2,1,9.012626316545834,0
72,62,15,2807.347438062724,0,1,21.418712773134065,0
71,1,7,3780.468964595486,0,0,0.0,0
26,49,7,6696.6717698879875,1,4,19.961214444249755,0
21,71,12,4403.21103717526,2,1,22.935809494268,0
58,42,8,5505.589683882858,0,1,5.934251261109164,0
22,28,3,4817.023087282387,2,1,16.69326121951319,0
52,35,11,3885.676860871225,1,0,14.803976948880859,0
21,16,5,2789.075029754022,2,0,4.594437655149829,0
57,29,8,2784.293053037412,1,0,25.545493386123397,0
31,67,9,3179.165956811423,3,0,29.950282786878965,0
23,44,8,5411.495527759587,0,1,21.20379572034679,0
21,31,9,7704.494732180115,0,2,5.952356834952107,0
28,9,9,2927.786990694673,1,0,22.4709687459408,0
48,65,7,3913.054485770438,1,2,13.999911917417556,0
22,12,15,3672.325169966839,0,2,9.31813781693418,0
63,52,5,2792.1706941613743,0,1,25.510038791984528,0
52,22,5,300.0,1,0,13.15723982239898,0
34,20,6,6071.800994525336,1,1,8.357537888280866,0
74,13,14,4500.83778430761,3,1,15.2902956748264,0
55,27,7,4586.994849051051,0,0,11.256835412302664,0
56,49,9,2603.001628380053,1,1,4.1005659560600165,0
27,30,4,4710.268816630345,0,2,17.809605232294206,0
58,2,11,1468.077805873245,0,3,20.6422426120967,0
49,19,10,4082.1943122160255,0,0,10.71686332131888,0
74,12,11,1690.8470019238182,4,1,18.432114012300115,0
45,29,9,1765.119276553824,0,1,21.227744831019994,0
56,65,7,3424.820793580342,1,1,5.07169083725209,0
37,69,11,2951.4350876007684,0,1,21.785576728739425,0
20,71,6,6427.070658388189,0,0,8.337327362659519,0
25,8,10,449.940082022712,4,0,21.28341036246947,0
67,35,5,4469.337293188859,4,0,14.707137027571758,0
60,4,13,5438.0261743674,0,1,21.90513325322771,0
38,36,11,2299.250500594426,1,0,0.1134068390350862,0
57,41,12,3004.2390218106807,4,0,19.815769327966485,0
18,55,9,4807.947855105094,1,0,21.86422073836953,0
20,24,9,1855.1624277684855,2,0,17.412035494366542,0
46,3,4,3546.7314236502934,3,1,36.13980592166924,0
53,33,9,3276.503870788888,1,0,11.201769444072132,0
71,31,14,4189.876896932988,2,3,18.8547143254325,0
61,45,11,3800.7767604522937,1,1,24.719869665192117,0
32,8,2,3330.7453219570148,4,1,27.469222982930297,0
64,44,6,3436.9259716202387,2,1,12.294125757067649,0
46,29,8,2714.8376419106685,3,0,19.49439305897025,0
65,53,11,4939.183770818961,2,1,17.150711760266365,0
27,70,7,3873.308409859421,2,0,3.292283415156472,0
19,17,12,3742.202627346804,3,1,10.817868245740105,0
21,54,7,6275.422968153405,2,2,10.105958329055,0
74,10,10,4983.892374018245,1,2,12.199843699722841,0
22,70,11,2569.406990315717,1,0,27.347009317080808,0
71,35,14,7446.25362657901,2,2,5.081272589997372,0
59,53,7,2812.951037214545,2,0,14.652074327119193,0
26,56,5,8198.023485362133,2,0,11.500741442843967,0
67,44,5,300.0,1,0,22.78909116759185,0
26,28,10,2619.9928584180607,2,0,12.24588752800615,0
26,54,9,3317.2668526013736,1,0,14.273468745162827,0
50,34,7,3197.4210876320217,0,0,14.583665596013141,0
34,47,9,2994.014417432796,1,1,7.741393891654306,0
34,44,9,4433.822994622919,1,0,3.116928715835673,0
29,33,7,2569.819606084219,2,0,20.087489375352007,0
52,9,8,3665.937154044623,1,0,10.034276664976918,0
19,21,8,4079.7006158821923,1,0,17.077977219255146,0
31,67,3,9309.822389114699,3,2,17.514509752448294,0
49,37,12,6390.535818246926,1,0,27.60755361404389,0
45,46,10,4632.265921128704,1,2,22.185690103709945,0
57,19,7,6178.94768440331,2,0,14.631847330298559,0
30,51,4,300.0,1,0,18.958209764658257,0
54,35,10,851.4226611927579,1,0,6.534525098963144,0
61,16,11,3138.0295148721843,1,1,15.172567875603756,0
40,11,2,1588.9640837222746,3,1,8.055906347142965,0
32,29,3,4514.887290275811,1,1,24.298450901214437,0
49,41,8,5122.668077422279,2,1,10.420097046651664,0
50,20,7,3143.038603476578,2,1,19.289290558632025,0
23,18,11,2122.6545240874007,3,2,12.417734295488835,0
50,20,9,6005.703723078406,1,0,15.81333969438447,0
26,21,9,300.0,1,0,26.342766841871544,0
50,53,9,2986.0256500042933,1,0,10.173874556339719,0
71,36,8,1704.2437003864804,3,1,18.287816037132483,0
48,34,2,3418.1552498428755,0,0,14.064410850255905,0
61,12,5,2880.786357312155,3,2,16.447465421172325,0
35,39,5,3150.6104713945933,0,1,14.260980257047192,0
70,69,4,4011.9762588567037,1,0,17.3763075555285,0
64,53,5,6993.703760395734,0,0,31.095890593307484,0
70,32,6,5461.253709482641,2,0,4.823279982370233,0
60,22,5,2964.693742574712,2,2,10.190270252378593,0
55,26,5,2553.2187307787,2,0,13.204321634973152,0
47,2,8,4280.3143622496855,2,0,23.160444770572077,0
70,3,15,753.4036111913183,3,2,14.978646211094647,0
66,56,13,300.0,5,0,8.867618807547874,0
41,60,10,3769.468778786936,2,0,31.976612279858998,0
22,69,2,3324.3920410692267,5,0,2.296385812987019,0
18,45,9,6054.478168810594,1,1,8.742704179959208,0
31,66,17,3241.1471869428387,2,0,31.55538075583226,0
21,30,13,4953.607938088554,0,1,2.9637867448454145,0
30,19,7,4372.8692376786385,0,0,9.724115619877747,0
24,18,11,3465.6124744082795,2,0,27.984289566930126,0
73,17,7,1495.3028097338172,0,3,6.511269131046104,0
23,53,9,3395.484928144468,1,0,0.7393565276271392,0
53,1,7,1393.7950786409178,0,1,13.863519127004032,0
38,68,6,2240.869014755427,2,0,11.296690474921968,0
27,56,15,1168.5738700728525,1,0,19.3705492601721,0
57,28,5,5692.084420129184,1,0,14.142878876806325,0
73,50,8,3291.5246818655405,3,0,3.833921793405164,0
63,10,10,1691.3833694359237,0,0,14.740555902793323,1
73,31,10,1272.7898760255307,1,2,13.12934719983732,0
51,8,6,5281.136904351711,2,1,14.729628778534037,0
56,8,9,4865.77266350518,1,1,27.506534222564504,0
26,1,7,1179.7204450553754,4,1,12.917684843766772,0
66,57,10,4543.394688445181,0,1,15.420473968911258,0
60,53,8,2377.458536753288,2,0,15.722917992297134,0
32,64,5,4897.624195333786,0,1,17.863224461352537,0
38,70,13,703.4824149803853,3,0,26.88865897211482,0
52,69,9,3508.292223038727,3,2,12.571510608486468,1
18,71,11,4105.999880599675,2,0,14.414512705749836,0
64,2,8,6257.045617501296,2,0,11.53692887624859,0
33,56,9,2204.3060570331145,0,0,16.698258119566574,0
22,52,10,1708.6894688935263,1,0,10.287896279726127,0
36,12,9,1317.9089659042806,2,0,0.0,0
65,10,7,1866.667782866193,3,0,2.573510195832288,0
33,70,6,5816.497995686654,2,0,12.670933412281387,0
48,63,11,1670.7768994235037,0,0,18.714861103363912,0
64,24,4,3956.6112144496165,2,1,22.340873646656313,0
19,6,5,3932.158584929089,3,0,0.7416194139405157,0
61,24,6,1388.3113619854257,2,1,31.399372511366064,0
34,1,5,4422.992577714398,2,2,22.846967403075976,0
57,49,8,5119.475704853283,2,0,12.060534956550025,0
28,27,5,2488.37723098392,1,2,15.822526513339517,0
25,4,3,3121.94909851781,0,0,0.0,0
62,70,10,2790.468099985012,2,2,17.74679453166574,0
64,59,6,1353.0657609142213,2,0,11.874721456263025,0
73,65,9,4222.8984938874855,0,1,9.277440641442489,0
56,71,8,3392.7978543999134,1,1,11.772670361614761,0
44,2,14,3847.4232203448246,2,0,5.846031455190452,0
29,56,11,300.0,3,1,6.510325446682044,0
34,56,12,4109.846695054927,1,1,16.297436637062297,0
54,56,10,5793.895056556828,3,1,11.240728241575562,0
37,19,11,2394.6775367796563,2,0,9.764507727008315,0
45,28,4,1884.762513709314,2,1,13.057009958379496,0
27,66,12,4776.92992912369,1,0,19.431012960586735,0
43,5,7,1241.704801314378,2,2,13.006064380520803,0
31,46,2,300.0,2,0,5.679682528856528,0
24,57,9,3776.140845992909,1,0,6.758338433462592,0
25,57,3,2400.7026404798316,4,0,9.329446100761714,0
47,43,8,4614.96196660924,0,0,0.0,0
38,55,9,3595.6773710858133,1,0,13.589214822715267,0
23,65,8,4662.15599628791,2,2,0.0,0
47,55,3,3722.234204147534,0,0,5.586914288536574,0
27,9,10,4992.291096136117,2,1,14.320486748920699,0
18,18,6,9137.420489670094,3,0,18.418774130406348,0
25,22,13,2730.4872602369096,1,0,4.1722965681089,0
43,25,7,3142.6718993536924,3,0,17.91999665385637,0
72,26,1,1474.1551211814347,1,1,0.0,0
31,16,7,3029.5783276399193,1,1,21.822528238345306,0
34,49,2,3487.6712124260857,0,1,9.134646242666056,1
31,8,8,2755.6445134267456,1,0,10.089130257063232,0
38,56,10,3646.068896516223,0,1,6.313685502748315,0
58,47,8,3703.381140146701,1,1,23.26891127336863,0
36,69,13,3915.755154623541,1,3,13.840593611353835,0
55,1,7,2731.6637429834914,0,0,13.517662068316477,0
69,21,8,587.9663865297871,2,2,0.0,0
71,64,10,4708.384715040471,3,0,1.6894853226210316,0
50,36,6,2896.3222998408,0,1,0.0,0
58,40,7,4862.736007766821,1,1,28.05633434506285,0
70,3,8,2794.9813399065247,0,0,12.948659778429827,0
62,55,9,951.297421650424,3,0,7.048471072966718,0
35,18,6,2903.7288855082716,0,1,7.139170863236769,0
25,69,7,300.0,4,1,27.219381699214765,0
24,27,7,1738.416233240545,2,0,37.1690537843769,0
68,14,8,2922.283569765874,1,1,21.473551093767448,0
49,43,14,1264.024673705263,2,2,16.026835710117975,0
34,34,6,3061.0361187655717,2,0,15.22601624560003,0
37,34,3,1754.7911764429696,0,0,16.63074470623053,0
34,68,7,4494.53190699547,2,0,37.53176425433716,0
63,26,7,300.0,2,0,14.921320226203,0
52,29,5,3942.6116390606057,1,0,16.097117120643325,0
68,45,14,3231.1270402667496,2,0,14.46039747132889,0
35,13,8,2171.8117377867584,3,0,18.73235827908108,0
44,59,6,3134.1669219313544,1,1,11.232680165162527,0
24,17,12,4129.527115370414,1,1,22.73428889363073,0
73,18,8,300.0,1,0,10.239902794501212,0
47,1,7,4550.349944764873,0,0,0.0,0
49,25,5,6360.335083735069,3,0,5.27869034247491,0
41,42,9,1011.8726830791893,2,1,1.5891681059329983,0
33,51,7,6670.38528096015,2,1,12.974837918628882,0
72,64,5,5112.4354605720255,0,0,21.970259974839177,0
45,56,8,2129.933565592126,0,2,11.589444147571433,0
56,23,10,3674.7067892332593,0,0,18.881119626591754,0
20,59,10,2403.6389700461204,1,2,9.423221402831322,0
33,14,7,3741.7785189914507,0,0,15.585804198908509,0
63,15,11,6519.044000363594,3,1,16.43810960108141,0
23,26,10,4470.41251866029,1,0,15.460915982788201,0
23,39,9,2930.0799733561153,2,0,14.772234191584465,0
64,15,14,4197.212512838099,3,0,23.700529663444897,0
35,64,6,970.6953077463627,1,0,2.7838651773396137,0
33,20,9,6357.084731229013,0,0,14.47628140566254,0
50,28,7,3088.0055129659863,2,1,13.572459879837181,0
29,43,7,3064.658572321752,0,2,27.640555392032443,0
20,31,12,3882.8918744751654,3,1,8.771194803531554,0
18,29,7,2607.2053635868633,1,1,28.878191522670917,0
22,70,12,1968.9827731735518,1,0,17.67532900350143,0
27,31,5,4089.953065126003,2,0,14.487911830043979,0
57,9,6,2875.4379613195388,1,0,24.642580312839065,0
34,52,12,1422.6951237420303,0,2,15.970701333857939,0
22,51,6,5279.654706621799,2,0,13.521230665895935,0
18,16,10,300.0,2,1,4.907541826028279,0
45,61,10,1327.763715570275,3,0,6.259408003131455,0
65,28,5,4932.892501444187,3,1,25.668149225056744,0
37,11,8,2971.248164396683,3,0,26.33750630998236,0
21,13,6,5700.230267617091,2,2,3.7774430590080055,1
31,51,17,5543.747785053536,2,0,24.740415123040172,0
46,16,13,5207.2214425787215,0,0,22.969228362898935,0
28,34,13,6207.90019292453,2,1,17.41792488055124,0
73,53,11,3045.1673738411673,2,1,14.756078844314493,0
61,61,3,3268.31224053466,2,0,3.642250405343871,0
37,35,9,3564.451732434764,1,0,21.57187367679257,0
72,65,13,5309.924836496544,0,0,14.422454915562206,0
36,22,6,2479.3795568590217,1,0,11.444548678684864,0
25,62,2,5127.304736435989,1,0,0.0,0
71,18,7,3641.622361252896,0,1,12.029049465822098,0
72,5,8,5308.547645883129,2,0,16.350570639092314,0
35,52,9,5134.675032251722,0,0,19.63689004561421,0
51,54,10,3245.2025678502873,2,0,23.04748394107337,0
27,66,8,6462.534338043184,1,1,16.593091502053216,0
54,66,8,5181.105430104519,0,2,12.5182069524821,0
57,8,7,300.0,1,1,13.460116657295108,0
58,45,5,300.0,0,2,5.1807731113083335,0
50,51,8,1679.0343832677772,1,0,9.169545896950634,0
58,43,7,3453.4258169617715,1,2,7.855005779329263,0
49,2,4,5539.313016013578,1,0,16.279964842112197,0
64,4,9,2888.9168312303273,1,0,24.9763649790524,0
28,48,8,2910.094347945961,1,2,18.3088697532775,0
45,61,8,4009.5325260462014,0,1,3.151146459650789,0
41,13,11,6163.120478184952,1,0,9.298927865030144,0
48,4,11,4163.178854244491,3,0,7.2648793404594105,0
26,29,11,3055.138842725242,3,0,14.837280494880089,0
36,23,8,1477.783061883801,1,0,26.341214410427693,0
72,70,11,1213.9366556498526,4,1,23.910301188323835,0
23,66,8,810.5963807666426,2,0,11.493965042617353,0
54,40,6,4391.922614180163,1,3,29.532860456151955,0
55,68,6,4080.246377537771,2,1,12.87897229577892,0
45,17,9,4571.057100153594,0,1,0.0,0
19,71,9,5088.298257670456,2,0,10.786963949384642,0
19,32,8,3803.184020255214,1,1,16.861328801663987,0
33,34,8,1796.3504796204072,4,2,4.797714331101039,0
23,4,12,2303.762311765913,1,2,20.98212449886252,0
23,13,8,3704.460829763091,0,0,1.5794216812475792,0
27,14,7,2797.2433808276783,0,0,4.1160823851122395,0
28,35,8,300.0,0,2,13.547871129959638,0
65,14,5,2219.9782993700287,1,2,12.270073602113916,0
54,8,7,6029.301168598198,1,0,28.228698126787567,0
19,43,14,3898.3912568977967,0,0,23.46695423786673,0
53,62,10,3699.918575212422,0,1,3.133389217185666,0
25,5,7,2044.7269187074444,1,1,11.173035607438386,0
42,40,13,910.5396944298091,2,1,6.510498721978966,0
20,69,7,3615.6574093362697,3,0,25.89324732043201,0
23,29,8,4164.499400963463,0,0,30.582830947937722,0
25,13,11,909.2720606977869,2,1,14.637516766720022,0
42,6,12,5033.18582971646,1,0,18.806544891072637,0
44,67,9,2623.5767344014107,2,1,26.421915787684775,0
38,29,11,4126.199291755487,1,1,33.47292426437865,0
53,8,6,3577.3097146978207,0,1,16.012195459467716,0
59,62,5,3337.5172584160387,1,2,21.369385782136398,0
59,57,6,8275.474053329304,2,0,19.608493360793737,0
51,50,15,4505.582391606885,2,2,27.448310809419134,0
49,6,5,3554.9740310569223,0,0,9.031873704273593,0
46,6,7,4639.538831063972,0,0,23.644280755589,0
31,16,12,2780.4427038180647,1,0,17.39626391631627,0
45,12,6,4959.231659639085,1,0,8.615385161271789,0
18,38,7,3991.7221901323696,2,3,23.59216409594925,0
73,28,9,3237.013727105551,2,1,16.246728997575918,0
39,55,9,2989.531834997442,4,1,27.29821344206959,0
61,8,11,3216.6813522579673,4,0,11.550021186675492,0
72,52,10,3519.180984097014,3,0,19.59724581021878,0
46,67,8,5669.214565080041,0,0,2.103987376526474,0
67,10,14,4271.475596619389,1,1,18.946664283029858,0
45,47,4,300.0,0,0,9.999110172980824,0
25,37,11,6477.850394376429,2,0,14.878527894919696,0
19,7,11,4490.574674764669,2,1,22.985416517345808,0
25,21,10,8015.1796711242205,1,1,12.809416280119205,0
71,56,6,3397.7556514933794,3,1,0.9520178419662084,0
45,62,7,5581.426241917874,0,0,14.215900868056133,0
36,27,10,4869.455394405721,1,0,10.948205097529778,0
43,8,5,3844.768540079425,1,1,15.816433959469594,0
32,18,12,5908.490337650714,3,1,23.16962573412558,0
67,60,8,3177.423055366875,0,0,17.510013045043966,0
74,41,7,3744.3072060255386,2,2,9.432059954346741,1
22,31,7,1550.5432728709563,0,1,12.979892973769088,0
58,1,6,3110.5220726992584,1,1,1.7480850090546625,0
37,56,6,1897.0309846596376,1,1,11.36146729688223,0
20,34,3,3587.940612219068,4,1,34.38869543653155,0
70,39,8,4619.9715409328965,0,1,23.69177305828107,0
21,60,9,4220.263358406991,2,2,10.844689265061096,0
29,40,2,3903.245998096654,0,0,19.245395108003734,1
19,66,6,4819.531598336609,4,3,21.453904992611097,0
44,40,6,7915.514261424905,1,0,4.914522246353572,0
52,25,6,2708.4687898068105,1,0,7.834782421951896,0
36,66,7,7888.0147188998935,1,2,6.253374233610012,0
22,46,13,995.2490253890533,1,1,14.21840289249457,0
24,54,8,300.0,0,0,16.645642441551644,0
71,17,6,5699.683854009762,1,3,15.41021904481031,0
63,48,6,3654.441106698761,0,1,10.199630372378667,0
71,40,8,722.3563122515529,1,0,4.049558054766562,0
48,8,7,3591.716782424101,3,2,15.721695246794885,0
49,19,8,2764.550398451515,2,1,3.63873594630747,0
62,65,7,4228.750896630378,5,1,4.7599244560325005,0
53,41,6,3054.8275828039496,2,1,4.909794998991657,0
42,55,11,5845.582355856696,1,1,6.940726979323838,0
34,13,10,3811.617614325689,0,0,5.158029482934859,0
45,16,4,4011.601528148739,0,1,17.7336306199845,0
21,67,7,3167.717791009932,2,1,11.668741405771007,0
28,30,9,4755.291610666034,1,1,19.892964790436825,0
60,63,6,3300.5784850960204,1,0,14.6067718710757,0
67,58,11,5319.6607117402245,3,0,11.963964503407455,0
23,24,7,1002.8871585530605,0,0,25.56523399507985,0
23,68,8,3723.813879029058,1,0,5.60297190063844,0
22,56,5,2455.7174656448924,1,1,12.53452742103181,0
63,10,11,1730.6534470018867,4,0,6.071787811901798,0
35,7,10,1121.186273360208,2,2,17.29029423742372,0
36,9,8,1952.9337297361951,1,0,9.095739630782868,0
18,53,7,4153.866922928409,2,2,25.683531496988458,0
73,11,12,4318.809301061935,1,0,5.981205374397458,0
42,21,12,4949.962008704152,1,1,14.979101034405314,0
63,31,5,2698.9937929772254,4,2,9.847793833038116,0
58,10,7,5349.220317558001,3,0,17.34306369054287,0
26,24,7,3391.497618103965,1,1,23.024596917006164,0
63,49,4,4706.898609513895,0,0,20.241127250496955,0
49,70,6,3703.2441597849615,5,1,19.277050447165788,0
52,34,9,2181.946579984401,2,0,4.367599505397482,0
29,54,6,967.1454472102037,0,0,0.0,0
66,38,11,1351.5659842202194,2,2,7.923751737487452,0
71,34,8,1768.2127993827241,1,1,19.140415949719753,0
41,37,5,2615.5964089811005,1,0,10.821813526473697,0
23,69,9,4663.04879911589,2,0,12.048259986267473,0
66,5,6,5289.814725544258,3,0,26.26010484331257,0
68,37,6,5419.128023415946,1,0,17.539529894752253,0
46,4,5,300.0,2,2,7.484642758550648,0
51,63,5,2664.807256099189,1,0,14.740223083375751,0
30,43,10,3024.078574128226,3,0,13.49263161244885,0
21,4,10,2750.1888451723617,3,2,27.326795030863742,0
71,45,8,410.744785317258,0,4,4.396656583712632,0
45,31,4,5346.937132507897,0,0,26.464307978288115,0
33,4,5,6776.290469655447,5,0,20.37489884956292,0
57,70,9,2884.2227452457746,3,0,7.336835659727857,0
19,27,20,7483.374576460657,2,0,13.668963215073193,0
22,2,16,300.0,1,0,22.97174587843298,0
31,44,7,1512.832784337139,0,0,8.230071504991209,0
43,27,5,3021.382112481981,2,2,7.339645615479509,0
38,47,12,4666.284999324602,1,0,20.343769532816193,0
28,12,14,3647.36652284282,3,0,2.6392284772894,0
38,59,13,1531.5827440878702,2,0,19.92444566737241,0
37,30,5,4828.7288316139075,1,2,17.60395076100829,0
47,30,7,4548.242696555808,1,0,6.504432658515265,0
50,58,10,2527.0531391790355,1,1,24.60104165340411,0
68,39,12,2823.112942257383,1,0,18.62861034688001,0
63,1,10,1470.8267635745035,3,0,30.457638279532233,0
34,42,9,4462.020750890683,0,1,9.151544689179643,0
69,46,10,1361.1253409465758,1,1,3.4277120022856185,0
47,23,3,1154.0719067843902,1,0,7.246228939396985,0
28,13,5,6424.155342458621,2,1,18.593084078172627,0
37,4,13,3667.050149866722,2,0,21.433562579998302,0
60,61,7,2203.176428148756,5,0,23.858035493023046,0
64,1,7,300.0,3,2,24.57993975840453,1
39,42,6,3705.191482123646,2,0,23.401650533966848,0
26,60,8,3527.5333292082823,2,0,9.594208125261686,0
28,26,8,5499.688933077213,2,0,37.687220777348514,0
23,15,15,300.0,1,0,17.232336981163257,0
57,51,7,2145.3901422450404,2,0,13.446513803933623,0
46,45,7,4488.937190369448,0,1,26.924467467744,0
43,2,11,3203.4293275169557,2,1,1.602828033147869,0
56,41,9,4784.921619317004,2,1,35.30536064353289,0
65,1,5,3982.23238559819,1,2,10.785268981684643,0
63,29,6,3888.23191061892,3,1,20.947701904927325,0
25,22,7,4601.097884060296,2,0,17.174565534073693,0
51,60,12,1295.2016132428798,2,1,23.943407440107308,0
68,70,11,4111.287713782984,0,0,13.12567092190988,0
62,50,9,4199.323067653616,0,0,16.800070499555403,0
36,53,4,7288.735409019568,1,1,13.32058985097017,0
40,2,9,300.0,1,3,14.888923254881913,0
68,5,6,2788.7878249659375,0,1,26.107302183208127,0
19,56,5,4476.762626435244,2,0,20.610296355264687,0
47,31,8,5092.202550556015,1,0,24.326092376862547,0
24,36,6,3118.0814183738466,1,0,18.196966711029365,0
68,50,17,2892.884375826201,3,1,18.836957115820677,1
20,25,4,3091.4583445878593,0,0,8.880046200628117,0
19,49,6,6048.40314548769,5,0,33.08167788699606,0
36,52,6,3417.6975838643593,0,1,9.440869961406161,0
29,18,4,2216.3255247951274,0,0,5.181380367448677,0
46,49,6,2401.2643451018857,0,0,16.984331691135026,0
35,13,9,2159.64637725959,1,0,14.23011869709744,0
38,23,13,5004.777869543908,1,2,23.44120275382481,0
50,56,5,5465.198421494702,2,1,18.37295262576565,0
49,70,7,443.47692058988787,2,0,24.378341294779677,0
71,5,7,2585.0774639930464,4,2,19.13846728934833,0
45,47,5,4516.802815415779,1,0,13.47320452583709,0
50,41,6,3961.7272983775874,0,1,5.474563879149395,0
56,44,8,2964.656416856565,0,2,7.860797067980413,0
27,56,9,5014.275832754385,1,0,6.569012726088477,0
56,5,12,6021.146251120569,0,0,10.401568585946052,0
67,53,8,2217.2014318368065,2,2,18.167352790589188,0
36,20,12,639.3515500142071,3,1,0.0,0
28,11,5,3333.260595345404,1,0,12.184645820540295,0
37,32,10,1546.4894991389704,1,0,25.502058323732513,0
33,2,8,4788.870845341096,1,0,12.616004357868249,0
51,45,7,1643.0525491597882,2,0,40.59265396666402,0
67,41,7,7043.190772363984,1,1,14.506338833400946,0
51,37,10,1426.279377843343,2,0,13.459548036375951,0
25,3,2,3286.749200151367,2,2,14.221219728824616,0
35,55,8,3863.877085455835,1,0,7.068517662439594,0
57,3,7,2330.1922286262343,1,1,3.1936776362814054,0
36,19,7,3179.6344631802394,2,0,23.061450478943748,0
51,29,6,3859.9550130292214,1,0,17.111450513851224,0
57,50,8,6980.872141436957,2,0,18.70464129315769,0
36,29,7,4134.7027049816,0,0,17.290608662713133,0
54,58,5,3626.902292105979,4,0,1.1161433504610425,0
40,67,12,5758.149329744352,1,0,15.432472885607547,1
25,55,9,4733.626505699258,2,0,32.352252251815926,0
39,3,9,5736.615166633823,1,0,9.702003669368136,0
43,55,9,1991.6758923243954,0,1,18.693625537314176,0
18,15,14,914.2235255401656,1,0,17.32455215450731,0
68,64,8,6602.844040158976,3,0,5.195832722213639,0
48,70,6,4411.447033548717,3,0,26.004228967769464,0
20,6,9,2526.2607150557797,3,1,7.462154698976612,1
67,8,7,1540.672226888702,1,0,11.6853624879605,0
66,50,7,2750.543593451705,4,2,20.12479581734422,0
18,11,11,6902.650811371801,2,0,16.37811751998381,0
27,69,5,1288.2036954643659,1,2,14.513076237681659,0
38,39,6,6840.8372503268865,2,0,28.628272018971856,0
46,41,10,2441.377832430325,3,0,29.70019604144458,0
59,62,9,3485.827916113384,1,0,8.823034029855343,0
42,16,6,3536.911161255319,1,0,11.871132740023503,0
52,40,10,3769.265732426219,3,1,20.031093129358798,0
18,71,1,781.7395961815077,2,0,16.929425585880242,0
55,2,12,7989.081322837886,1,2,8.412591263923048,0
70,13,5,4818.1920208115735,0,0,23.571021761441237,0
47,11,8,4998.27282208726,0,0,20.537824913931203,0
43,24,14,3696.0893911705202,3,0,9.525070439645479,0
34,10,7,3981.8968252416216,1,1,17.680307382063894,0
72,13,9,4350.695432032374,2,0,9.532462071590196,0
19,61,11,4145.67953042537,1,0,10.208606653541704,0
34,33,7,1919.24037794555,0,1,30.40112220375071,0
25,26,6,2335.7139244715004,1,0,3.0569234283699416,0
67,30,5,5277.388518516646,1,1,13.657674748047697,0
45,69,5,6052.757588728413,1,1,27.005988890674892,0
70,35,3,2081.5562116115007,1,0,21.49025992906472,0
55,34,12,3092.5977736404375,1,1,19.290730617451466,0
49,66,6,3032.745288050669,1,0,7.373432226748302,0
47,3,5,5108.853525363795,4,2,6.8507177614214605,0
29,34,9,3273.0837671604645,1,1,12.204240734493409,0
50,54,9,2923.8848946586186,1,0,24.376675958926917,0
57,37,4,2091.3475022390567,2,0,17.053103904615163,0
73,62,13,5215.08976396439,0,3,2.0772729411774016,0
49,63,9,3397.9172549779296,2,0,9.615063938527442,0
71,24,13,2941.8701335265296,1,0,10.168808882489788,0
71,59,10,3372.628067196311,1,2,12.46651888799945,0
47,18,9,6409.961353270117,3,0,0.0,0
43,18,15,4025.4646970302774,0,1,11.449483927952688,0
26,70,13,6239.436931477147,1,0,12.631826821000043,0
33,1,13,1816.7912436701286,0,0,17.306521816437428,0
68,26,13,3785.4979288624104,1,2,5.272561360148268,0
25,45,13,3334.498475873319,2,0,21.33112160459034,0
40,30,3,8332.302992452143,1,0,17.181187712378986,0
57,60,9,3553.978122704708,3,0,23.312738629949457,0
31,18,10,1981.7383401550865,2,1,17.7928752739208,0
73,40,6,4170.398547007226,2,1,15.030683569555103,0
55,9,6,4522.951804012552,0,0,5.650639427829219,0
19,15,3,6333.428964303092,0,0,3.6356062993015676,1
32,13,8,2840.3989572362775,2,0,12.346869957251693,0
60,53,6,5940.067871632966,2,0,24.018078015566665,0
67,15,11,3851.7055182607633,0,0,12.596579769692443,0
70,48,7,4478.696610000962,0,0,28.986134933546413,0
66,25,7,4782.728795376521,1,0,7.823080267821464,0
22,41,7,3437.3180131166528,2,0,8.065986298572751,0
59,63,12,976.1954105395685,0,1,17.983642427017337,0
24,62,6,3949.886135283441,3,1,13.76433510632212,0
22,1,5,2673.9555545557205,0,1,13.170768285656777,0
57,56,10,1500.0024677783888,2,1,10.227254343417728,0
45,68,6,3893.4617822405044,3,0,11.192162705494436,0
54,48,6,1863.6846359854862,1,0,12.0154071438943,0
66,14,7,3866.8611968759865,1,0,27.356901692681546,0
21,48,5,3658.4418388729123,4,0,26.24959681923358,0
48,46,6,3242.1352085207345,2,0,20.91943260498438,0
65,48,11,1847.7789529077038,5,1,26.781463291700838,0
43,31,7,1044.2218811305888,1,1,5.335267902167923,0
47,38,7,3901.2679375990624,4,2,30.592868612957616,0
46,47,8,5799.272518916288,5,0,24.728975207237927,0
69,33,9,4962.858685774189,0,1,5.095545554337592,0
20,55,14,1267.0618694405548,2,1,28.425281446394994,0
68,51,10,2837.9091945458927,0,0,24.112535868717835,0
64,22,7,3070.3864561705045,1,1,21.247106097047343,0
64,44,11,1287.9284379005921,4,1,1.461938596712642,0
41,54,5,2491.7169263463784,1,0,16.36870639197056,0
47,35,4,1810.6267875912752,2,1,17.153021566814722,0
39,51,9,6371.409497061675,1,1,15.467786219050065,0
32,9,12,3891.482248528001,1,2,23.978464073301875,0
67,28,7,6192.177626661968,2,1,15.263897218527042,0
46,50,7,4023.863413102881,1,0,9.189954663275351,0
59,64,6,6112.328035521822,1,0,17.92230425234091,0
23,46,8,1031.3589778582354,0,0,13.382425804504734,0
62,48,9,5832.80562546638,0,0,15.856589627056485,0
55,25,9,3352.8879405624557,0,0,4.897523820475774,0
74,50,14,3315.37385670695,0,1,7.216935663306371,0
25,26,11,5365.070255496735,1,1,3.4140245938165137,0
48,4,7,3415.240593456808,3,1,5.905697007301605,0
47,18,10,4421.660709708465,3,0,26.63305760292728,0
48,44,3,1899.9990536379582,2,0,17.681761513106327,0
21,69,6,6975.380484891085,1,1,6.2723577662146415,0
44,36,6,2086.4479846443423,3,0,20.600333018436167,0
35,62,8,1595.3572416802558,4,1,24.885832401372156,0
53,56,7,1934.1829880145035,0,0,10.179285577199082,0
31,40,6,1288.9397254053774,0,0,10.893424249938292,0
42,58,8,300.0,1,1,10.505616867812153,0
53,29,9,3673.690231249129,0,2,15.825505053504887,0
21,32,8,1328.4867276289697,2,1,6.53610487935307,0
62,53,8,2262.308345222282,0,0,20.12842980288065,0
58,46,13,300.0,0,0,14.557715135978285,0
21,38,9,6345.625626002353,1,0,18.59392530968721,0
21,31,7,4425.81743387027,5,1,19.38530034674486,0
66,70,12,300.0,0,0,16.58214633060647,0
34,5,10,3183.0925792973917,2,2,17.68061904462304,0
67,4,3,3158.4321766619305,1,1,8.046494677346084,0
46,35,9,3219.9244548123816,2,2,16.30174434228543,0
37,3,9,4152.900557971716,1,1,22.80638188457999,1
33,25,6,776.1010991057015,1,1,8.770595483693022,0
55,41,12,1735.6322459984303,0,0,2.9842094139384017,0
24,29,12,2573.099943240972,0,2,18.00741063879966,0
40,15,11,4438.603541856631,2,2,29.140396151003813,0
37,21,8,2855.0794145923783,1,2,14.808992951740343,0
26,43,4,3871.2511843288853,1,0,18.333994984789243,0
38,68,9,1245.0658709357886,0,0,27.897922877689155,0
48,56,13,2175.220325272536,2,0,13.728540652869842,0
56,39,9,4774.749792312947,1,1,0.5395611826455315,0
22,10,6,4468.939941026675,2,0,16.467685721881253,1
67,18,10,4035.616780561775,0,1,19.03781906227331,0
68,32,8,4908.8200275775425,1,0,15.676090040247324,0
57,18,8,4549.739837569896,1,0,7.270083438672336,0
70,49,7,2569.5711357863174,0,1,15.3451404510798,0
42,26,7,4504.625867137221,0,0,8.518230889940838,0
64,60,7,3725.7840295100505,2,0,14.135126493779524,0
59,20,9,3028.299556545179,1,0,15.352599319890608,0
50,36,8,2804.9522662780796,1,0,7.767939616129287,0
28,51,11,5404.508813689286,1,0,20.791276845481185,0
49,15,9,4840.465326498395,3,0,13.507552302756913,0
69,55,11,2659.369021077724,2,0,9.014492773006499,0
74,42,9,2283.8249044428576,3,1,18.011484423414096,0
43,46,6,2552.071569203942,3,1,8.928088557866202,0
32,33,1,4849.975590778704,2,2,22.933792875699655,0
60,67,9,1726.3099741222177,3,0,6.064974040801053,0
22,55,7,3309.0154687755708,1,0,22.42136674002605,0
26,14,14,4662.052689210656,4,0,8.620279878218348,0
50,40,8,4266.697266272076,1,0,2.5670260439808725,0
74,65,7,4340.228332786914,2,1,7.32750219347304,0
36,20,6,803.4615933787381,2,0,15.706488105764905,0
43,39,5,4212.308827726016,2,0,3.363837779744461,0
36,54,6,2150.677275717355,4,2,14.19682220590669,0
43,20,6,2690.1436766315182,3,0,14.048207921947103,0
18,37,7,677.6394692167119,0,0,6.951229352018821,0
51,40,12,5276.555634830337,2,0,15.810453017816014,0
51,13,4,4502.17282290729,1,1,16.546619802875515,0
35,13,14,2304.4211373929893,2,1,18.039199501688618,0
33,40,9,4220.712006760216,0,2,8.572927628090618,0
61,13,10,4924.383416995586,1,0,30.549226753655457,0
28,68,12,5766.979911438892,3,0,13.447812289829237,0
20,38,14,4495.507956915588,0,0,2.7940428924038425,0
20,51,7,2662.276725010183,1,1,22.729121295525438,0
68,29,10,1578.1832089040706,3,1,18.605598825887903,0
38,22,7,7393.150155358939,1,0,8.448878927484412,0
23,35,6,2893.1579874946674,2,1,11.110553352632829,0
68,51,10,3471.7534373375915,1,0,13.676447879948398,1
26,29,12,4264.050786645748,3,1,6.888276867463132,0
37,21,15,5113.516924931389,0,0,17.63208876417569,0
19,11,8,3214.0904695542254,1,1,18.720202085361958,0
56,39,1,5272.531877971515,1,3,22.30316088686718,0
57,49,8,8156.0020779218385,1,0,1.8894130186286446,0
61,38,6,3064.9648593539473,0,2,14.015670529680433,0
32,19,5,4596.231738303532,3,1,11.702476092529139,0
36,18,9,1924.9444938894226,2,1,9.510845147770643,0
71,27,4,2896.8817390656477,2,2,21.75552480158247,0
64,25,9,2178.301913147377,3,0,19.762258382084546,0
20,15,6,1711.2509914106793,0,1,15.216997722386223,0
57,67,9,1732.1257296747488,2,0,14.60655270901613,0
64,24,8,6049.219263894092,1,1,7.691495324856846,0
49,18,4,6664.907524041055,2,0,10.004224269850221,0
54,44,7,5902.441339046796,1,0,29.483430067125227,0
18,57,10,3375.292873674582,1,2,19.71067627671645,0
19,33,9,5093.877606219356,0,0,16.591347763509493,0
20,48,6,1115.237619648517,4,1,19.47892082189607,0
27,7,3,300.0,4,1,12.922643303660148,0
74,38,6,2980.203632373483,5,0,14.431014164535927,0
54,5,12,3927.312258053249,0,1,14.854450582360583,0
62,10,10,3081.432052400635,1,0,15.958855721134674,0
34,43,11,3950.9758292148354,3,0,31.193446861691548,0
71,15,8,3693.9866998726566,3,0,0.0,0
29,3,8,2732.014596171378,2,0,18.446168745633663,0
69,13,11,2776.8232140875607,1,0,8.859846367827311,0
19,55,14,4238.107338714095,0,0,15.674530641195766,0
19,42,9,6787.914557610624,3,0,15.96303525294329,0
22,28,7,2867.5326284281437,1,0,5.017741718870667,0
63,70,10,5917.608869199241,4,0,8.845464241327752,0
32,28,12,2367.0319740420914,1,1,17.860433389002104,0
43,63,7,2273.9611912329997,2,0,16.73283582939538,0
44,25,12,5149.5853727493195,0,1,9.190508244423233,0
63,2,9,6434.187042442771,1,1,16.129588906581137,0
37,8,7,1781.7081601547054,1,1,16.805067511827406,0
18,20,5,300.0,2,2,21.381794902850515,0
40,14,15,2871.8068866330586,2,3,16.2082891742593,0
34,12,16,5862.840543582822,0,1,10.59632157625994,0
59,28,11,4237.313867613236,0,0,21.657472857704214,0
60,70,6,520.6206248488402,0,1,0.0,0
23,15,8,2455.178732814452,1,1,19.36486044389926,1
63,17,5,4015.5027749462174,0,0,13.107152362369327,0
22,71,10,5572.874694244216,2,1,1.4034955247588776,0
53,15,8,3030.0298580569906,0,1,6.091632960218838,0
40,59,8,4727.23929083771,0,0,7.7392504516569485,0
35,45,8,4882.248446824982,3,0,17.22829316700686,0
45,66,5,3763.1466534935007,1,1,15.674487157711587,0
35,40,9,3141.3283737194038,3,0,12.262667771742507,0
63,43,10,4796.690719740705,0,1,16.606149925451938,0
73,17,8,2795.1330819773957,0,0,22.249018755159007,0
64,41,1,2476.4941995622394,4,0,22.778300278101955,0
43,48,4,897.5211161875995,2,1,16.45998659671908,0
46,71,13,300.0,1,2,20.56651197471627,0
43,7,5,1071.791130137252,0,1,25.073335876032868,0
63,12,14,3444.186322961652,0,0,2.9917607432348365,0
49,2,8,5825.877863717291,0,0,14.25535301091369,0
44,57,7,4250.505941548102,4,1,22.730402067634,0
41,6,7,5820.46500545554,2,3,28.179797570248418,0
39,65,5,3149.579106717038,2,0,10.901856188012452,0
49,26,10,4093.3160181557414,2,0,0.4600689903821831,0
57,21,10,2609.2823773215714,3,0,13.616049147861975,0
42,70,10,300.0,1,0,8.999501091922795,0
63,52,5,1281.1133026803918,2,0,7.705109638348227,0
65,39,11,2423.7383610845145,3,0,11.519814549769517,0
42,64,8,3997.736868733502,4,0,5.4190886641886316,0
69,54,9,867.2654563258093,1,0,9.108836047368094,0
27,46,8,4144.10421774876,2,1,19.261376276770157,0
71,23,10,4222.288674231106,4,0,0.489081072252862,0
34,71,5,826.1595403312913,0,3,8.269968174496507,0
50,52,9,4722.674301139396,2,3,21.281336411690177,0
34,68,14,3146.9875482832745,0,0,11.928478575537888,0
43,69,11,922.520648165083,0,0,19.451641671002193,0
37,39,4,3455.6222012988287,1,1,5.891765461715764,0
58,26,5,1363.0663114953768,1,0,13.297560876524624,0
22,68,5,5549.552972958141,1,0,8.845647821910806,0
65,71,5,300.0,2,1,16.83266222389075,0
69,9,9,5200.83260839257,0,0,11.546256802971513,0
50,46,6,6419.209833016857,1,0,7.633210389798514,0
49,43,7,6028.108321024214,3,0,13.886023620099976,0
57,54,7,5671.967251986307,2,0,17.943229521195377,0
29,70,6,2684.939562746733,1,1,22.90953114895996,0
60,18,6,3421.6803035166135,0,1,23.237101198320083,0
30,70,11,3773.886478220986,1,1,27.27915414940687,0
56,46,8,1225.9766002680835,3,1,0.09995286059254482,0
35,6,16,4879.310475276782,2,1,23.467213919837256,0
60,37,5,4652.456495274733,0,0,15.901887108494694,0
63,10,5,4108.514685170938,1,1,16.99496598215401,0
29,68,7,624.5338223144495,1,0,15.151500962082682,0
53,55,6,4864.4152647592055,1,1,13.48197261829555,1
46,65,10,4230.159467426399,4,1,26.07212062829357,0
34,43,7,1995.6742582017077,3,0,23.72996551589853,0
51,29,6,3565.1961039977728,0,0,30.790824744846503,0
74,31,6,6310.726341197823,3,0,20.856873485123508,0
18,68,8,4636.126523973759,1,1,8.935275892949038,0
72,11,5,5845.053758036445,0,0,21.528336928882798,0
66,63,9,6576.704929859736,1,0,13.268791867091139,0
48,30,2,2943.1172195634845,1,1,19.573156741599423,0
52,42,10,2907.325858412466,4,0,22.785517827761613,0
39,48,5,3548.8943619191705,1,1,15.296263867282274,1
25,6,11,300.0,1,1,6.732839064915918,0
50,11,10,5215.645617468651,0,0,22.358464803457423,0
64,12,6,4211.904420379554,3,0,16.693623471088703,0
31,56,4,2112.518496908974,1,0,4.935581559450386,1
58,6,9,3051.0314472703053,0,0,31.7530572243707,0
60,44,6,1027.9989976465304,0,0,18.895679878935344,0
61,8,8,5438.895653167988,5,0,16.535524932824213,0
37,55,8,3513.815917510939,3,0,9.241483588238033,0
40,70,11,4506.818314991385,2,2,15.421097107625059,0
41,30,8,3583.0995675182585,2,1,18.941692894651283,0
66,16,11,6534.1160857856785,1,3,17.909767619426237,0
69,32,9,1611.7740404867106,1,0,22.05042309702572,0
41,50,10,1757.787436988035,1,0,16.040947733395555,0
73,52,4,1176.5502839125465,0,2,0.0,0
50,46,11,5017.439272716256,0,0,12.50135068945708,0
39,42,6,300.0,1,0,12.349316829986197,0
18,45,8,300.0,1,0,4.580718996574069,0
52,16,7,2326.0485001244897,2,3,9.071488024622653,0
54,15,7,5206.712797551148,2,0,6.983407836086952,0
73,67,6,4930.1502865886505,2,1,7.699113287206523,0
58,42,3,1479.9180486924463,2,0,16.262274263701027,0
19,62,8,300.0,2,0,8.113931920795531,0
50,45,11,6582.780125822799,3,0,25.81609760565605,0
60,33,8,2542.2159619589784,3,1,14.583591501882985,0
46,41,11,5031.726948129425,1,0,8.459326632084865,0
42,50,7,5046.511001741933,2,0,27.644870342608854,0
64,14,7,1582.8318399635973,5,0,12.148836034235476,0
52,33,9,2711.934312848036,1,0,20.011126141732767,0
56,52,5,4985.613551614668,1,0,14.282947270703193,0
44,7,8,3136.8353683456185,2,0,19.640625954351968,0
33,6,11,888.765952487176,3,0,11.472612795869246,0
47,12,7,3318.7097304942886,4,0,22.135870295353026,0
72,42,9,2652.003272387757,1,3,13.149631397159,0
52,17,6,5234.676744913693,1,2,22.570711148086634,0
58,31,2,4826.67201265477,4,1,18.623767846628528,0
25,10,5,1653.9938640149383,2,0,11.210421326487218,0
74,18,5,3746.921668788155,0,0,0.46658682681811925,0
31,2,7,300.0,0,0,2.554984129982813,0
73,58,14,1782.9954608314267,1,0,19.055837869171263,0
43,34,8,6401.324223604091,2,0,15.840186317363356,0
70,13,4,3658.004615551452,1,0,25.10537574458695,0
68,38,5,6008.861632139602,1,1,10.584311821190186,0
61,67,9,4077.0230853661806,1,0,25.624774141800245,0
70,59,10,4639.990584909012,2,1,13.67273125767795,0
52,63,3,3656.222374134221,0,0,21.12241596866446,0
66,29,6,300.0,1,0,7.182576914949842,0
27,26,9,4271.4479291510615,2,0,29.22977780337684,0
22,23,6,5784.649307888806,0,0,13.066773156083494,0
48,22,6,4961.536391931056,1,0,21.75031459429435,0
64,66,11,300.0,1,0,23.369274119246512,0
61,10,7,5041.180003379933,1,1,15.922125225487124,0
48,61,14,3256.2115581896387,1,1,26.078859902005007,0
47,66,10,2723.1013811481785,2,1,14.062763424949269,0
52,60,7,2883.453962521026,1,1,17.758287205340096,0
67,45,14,3572.0891514379423,1,2,21.99375034920378,0
65,61,4,2044.9817472637837,2,0,6.920570140670977,0
24,3,5,3498.4514961311957,4,0,18.450432946169702,0
51,59,10,4664.831523891915,3,1,7.96379241034376,0
39,37,6,4177.829654784294,3,1,12.556434455408699,0
63,69,12,4504.735447012907,2,1,0.0,0
46,7,7,6160.399585327267,1,1,0.0,0
74,67,4,3536.509216748526,1,0,18.687964026235377,0
42,41,11,4564.77171587391,1,0,0.0,0
56,8,8,2635.886664266085,2,0,20.838569236760982,0
24,37,7,4171.583048468901,3,0,23.255629767526685,0
71,3,8,4164.184213780889,0,1,4.041480467261101,0
26,6,7,1832.5394058524357,3,0,17.83577949478639,0
39,38,6,2618.434798797112,3,1,17.283469206484757,0
65,58,8,1663.8267149702215,1,0,22.10106588272471,0
73,8,10,3773.3925291225755,2,0,27.636974291821943,0
45,19,6,3389.4116449555863,5,0,24.32969011482946,0
45,28,12,5427.822032347255,1,0,19.992042956936118,0
20,39,6,4817.165165780758,4,0,16.696455422646594,0
73,1,6,3970.3521174346347,2,1,17.59813368628828,0
18,46,7,4860.5727675142825,2,0,15.206909231761486,0
19,36,10,4494.136543193985,0,0,23.152728597577973,0
44,69,14,5255.413591749875,2,0,5.153795977799323,0
18,22,5,5368.1928196539175,1,1,33.39822032917171,0
27,36,8,7073.161572843135,3,0,7.795394777927003,0
53,6,7,5116.773101971323,0,0,17.60504335896573,0
58,66,8,1604.3736256371958,1,2,17.526430907146803,0
34,60,6,5999.384799768126,3,0,27.05727289996194,0
63,26,4,2501.323307339788,4,1,6.367788224560277,0
52,33,7,6976.744231103528,1,0,15.153590600082401,0
31,61,6,3037.7916050717076,4,1,23.05816298553152,0
58,21,10,6535.702982898836,1,1,21.09294549697828,0
51,17,12,1732.1973364621858,3,0,14.901733892142005,0
64,18,7,6395.64173626934,1,0,15.12079547018459,0
26,51,11,6824.029236721031,1,0,2.7024607321283476,0
31,15,16,7174.148211249545,2,0,23.457323063616236,0
35,7,7,6306.196579921514,1,0,17.808896636967056,0
37,12,6,4265.303749347877,1,0,7.179083616288231,0
68,71,8,3855.8915315928366,2,1,4.020557202801198,0
59,62,12,4207.137947793016,0,1,18.09290099822986,0
49,68,4,1852.6187368069907,3,0,20.941293946206738,0
48,20,9,3426.3365555784258,1,0,7.199555258315423,0
68,32,8,5543.960131929121,3,0,9.2464984227545,0
43,35,8,6882.768478413494,2,1,8.779458923902396,0
30,38,7,3176.813294195912,1,1,10.592105429550585,0
25,2,3,3217.976313037851,2,0,20.79020454335096,0
36,43,11,6676.903609881566,0,1,21.124915711805553,0
55,3,9,3465.3918117963644,2,2,12.003909619261165,0
44,20,1,2294.1564259542038,2,0,14.585000557470382,0
42,21,12,5884.785061757129,1,0,7.102308835047958,0
45,48,15,3784.723708591026,4,2,17.866773212943343,0
73,64,8,4448.405289108393,0,1,15.69469549362697,0
74,50,13,3361.600620332397,0,1,9.023549624155983,0
27,31,9,4655.332413699608,2,1,26.784940338558044,0
24,38,8,1639.0972320864996,0,0,23.33767232159753,0
31,37,9,3177.188768804399,3,0,10.092028936819688,0
66,11,10,3784.5085434940875,0,0,19.08836957529525,0
44,68,4,2700.3178315171535,0,1,29.07249580997785,0
67,66,7,4977.66968113833,2,1,22.798074379374466,0
54,18,2,6805.130222947051,1,2,16.609980613525806,0
49,9,7,4868.046963416897,1,3,18.075187181872238,0
34,12,10,3423.273186902156,1,0,17.381112989147063,0
37,45,12,2801.569759260258,1,1,20.869503704840028,0
26,3,5,300.0,3,1,19.910559608190187,0
47,8,6,2089.301498335847,0,0,3.3961050844905376,0
33,47,15,2926.0022780423888,0,0,27.73208752715811,0
34,11,7,4937.992710326949,3,0,9.065139686827635,0
20,5,3,2277.347959964294,2,0,6.338214843910935,0
63,2,10,4611.443246221625,4,0,19.249039451937275,0
71,51,7,5831.467561401462,4,0,8.322790998656126,0
46,26,7,2501.6738092376872,4,1,14.992444787049179,0
48,21,12,4100.697098163112,3,1,11.018694240306115,0
70,46,9,5813.35338281548,0,0,25.633955684844793,0
47,13,5,3602.7403653731717,0,0,6.460872463209663,0
53,38,9,3538.51107440748,0,1,18.3305102931974,0
42,35,6,2808.5536496004192,0,1,13.088852166341532,0
47,48,7,2461.6569532290364,1,1,9.677480428808707,0
47,45,9,1312.9038595250427,0,0,31.383662776489935,0
58,48,9,2423.605749817316,2,2,9.793233030614608,1
52,16,10,3262.448950626488,3,0,2.1157004989711066,0
46,10,11,4168.787357131057,0,0,16.704742778839307,1
22,38,11,5652.781211582213,2,0,9.03514186311303,0
69,5,11,1232.1792886194717,1,1,19.92028567642768,0
68,33,5,1436.141302094593,2,0,12.364201874181033,0
28,45,7,5967.282368383336,3,0,16.18514364625396,0
34,59,11,2868.4164716206456,1,1,6.212571540554945,0
73,47,4,4634.870151896264,1,0,9.577338798090025,0
36,71,6,5339.288678471245,4,0,14.288939568162176,0
64,40,7,4448.3906225530745,3,1,14.712832324432531,0
62,32,7,3544.466213283247,3,1,13.299799136834672,0
67,18,7,4902.707069043911,3,0,0.0,0
18,48,6,3823.9604804538676,2,2,15.954911327660007,0
45,58,4,2754.534382730404,2,0,15.13176258525321,0
50,23,11,3540.386796708233,3,1,15.160926024673708,0
65,6,10,3082.994547680209,3,2,20.135828914216916,0
30,1,3,3948.6361819754993,0,3,17.222053800592633,0
35,45,14,1836.4550374679511,3,1,13.570825434645172,0
28,48,14,5486.625095570253,5,0,24.575850331333577,0
61,9,7,3430.1661929066786,1,0,11.281477021862667,0
74,2,12,1819.5237902718156,1,2,7.72945813632466,0
26,47,7,2382.2913515713813,2,0,14.893639000600796,0
31,29,7,2023.7447736336117,1,1,21.53130178380808,0
35,30,4,1698.6381342943787,1,1,24.923369820938433,0
68,19,7,6384.657343496156,0,1,10.243172314794284,0
43,51,6,5753.468514264479,2,0,14.850642477772174,0
34,53,8,1612.345349283685,1,1,19.51820461762415,0
36,4,6,1862.9449509218869,1,1,16.936017926879792,0
52,7,8,1847.6162707641083,2,0,10.98582219564448,0
40,40,15,4391.921057557995,0,0,13.300473866808442,0
26,43,8,3864.1911191082554,2,1,8.515107582882786,0
64,11,7,4210.599444255209,2,2,8.232261936747822,0
42,12,9,1797.528458163185,1,1,13.169322808689865,0
32,49,6,1420.476876889904,2,0,18.679536963037542,0
59,33,9,2540.513618490596,2,0,17.974916288441023,0
60,9,10,4872.594019779731,1,0,8.65718984760721,0
26,44,9,7663.938398689095,2,0,7.293241768416545,0
22,6,8,1287.656020112811,2,0,9.519397127690933,0
20,17,9,5742.645115877303,2,0,0.0,0
61,51,9,4660.723040583018,0,2,22.13387661729182,0
53,16,11,1906.4782250563342,4,1,9.481898993824338,0
63,5,9,4363.137268638648,3,1,26.124211083388936,0
53,69,9,3844.153675053657,1,1,20.041362119481395,0
40,16,5,3940.1522037043605,1,0,24.37586730152008,0
51,37,7,4844.872929987754,2,1,27.156852811850925,0
59,59,11,6762.034598904293,1,2,4.904505704560787,0
40,71,7,4773.319194921289,1,1,0.0,0
70,58,6,3762.872830438101,0,1,17.226556389269955,0
69,25,1,2503.4112044493877,1,1,12.040418973097108,0
63,61,9,3373.903204544927,2,1,12.730621935336625,0
74,1,15,4022.0444013575625,2,1,15.658891923725053,0
40,24,14,2996.585446345805,4,0,6.4743150457441825,0
24,15,7,4965.315768631983,1,1,6.2359062986992235,0
45,38,13,6684.1030983098035,1,1,7.119677141352282,0
60,64,8,833.0731305233294,0,0,17.14407722270461,0
62,55,4,2487.5016744800587,0,2,19.039480759502744,0
40,71,8,6623.27719489472,2,0,6.795131085482792,0
34,10,8,3716.8604146650578,0,2,15.384703335803165,0
43,54,11,5649.507797531211,0,1,14.797206453937292,0
63,52,6,1708.262194046453,3,1,11.522588505049296,0
21,33,11,4315.802586217553,1,0,17.133491990459294,0
36,7,8,3042.2495066472616,1,2,9.32094774621557,0
31,8,12,3450.1773498009306,0,0,23.23904881267797,0
63,65,2,2934.384040878377,2,0,13.955209422207922,0
44,21,10,6445.988129401972,1,0,28.995140589142597,0
22,46,5,2636.5398874320467,1,0,14.311174612704963,0
32,68,5,5555.627133195021,2,0,12.662020826367494,0
20,36,6,3625.555098328414,1,3,14.013974217604186,0
45,15,5,6721.173427053858,0,1,11.125575390896719,0
74,35,6,4649.571597445184,2,0,7.053852246400744,0
50,17,5,1148.9799971977186,3,0,0.0,0
67,13,8,3749.2470958264757,0,0,4.77374060382788,0
60,58,8,3211.707557618617,0,0,20.56858401211975,0
68,25,5,4644.410021094878,1,1,27.50534033527073,0
35,49,4,3833.7469543968205,1,1,21.024100741158136,0
72,52,13,791.0196254747939,0,3,14.551726259912694,0
31,40,10,2909.429533818328,3,0,6.429802044346616,0
42,39,10,2698.7339162847147,1,1,12.283311877533784,0
56,13,10,3505.1363873573687,0,1,25.495987751524936,0
34,38,8,4088.0271289754883,2,0,9.103555035528055,0
33,54,11,4820.332919107346,4,0,9.653386440736707,0
25,14,7,4533.857840923928,1,1,28.36545403689893,0
18,17,10,300.0,5,0,2.8765445467668727,0
46,50,10,4474.427629436994,0,1,15.435703470176021,0
74,70,12,5970.384532956841,0,1,27.875159604751374,0
30,28,9,3810.8055670357244,2,0,6.300192742238394,0
43,59,5,2419.1957612993674,0,3,11.765327964395352,0
71,13,5,1952.0156154213003,0,1,14.148989960690173,0
62,41,10,5114.557332361574,4,0,18.148589101689687,0
18,68,8,4125.191027907907,0,1,16.561909957254823,0
46,32,6,2495.5257995634265,2,1,16.660286248752428,0
26,36,7,3812.788486260305,2,0,12.93834439904934,0
32,12,12,2790.1061743799164,2,1,21.88886643040233,0
32,38,6,2726.9598060725784,2,1,29.487103099648387,0
52,42,10,3573.050992932754,0,1,21.448880090056242,0
29,70,12,3848.33739625966,0,0,5.414246070531798,0
32,15,9,2165.621215372128,1,0,17.336135445336318,0
30,27,8,2871.359494689583,0,1,28.367459303837208,0
38,46,9,6594.48000856898,3,1,8.412305737863381,0
55,67,5,1850.50325401766,1,2,14.683050280236133,0
40,17,7,3892.0363218567327,1,0,0.0,0
36,50,6,4573.7137582104915,4,0,15.150743923614268,0
47,63,6,2447.7370604045245,2,2,15.474839312700011,0
53,45,8,2546.4897523047557,0,0,10.573947185241032,0
18,31,11,2225.0500651751818,0,0,11.200002341289647,0
68,17,8,1707.72889771905,2,1,13.622021531570573,0
70,21,8,6091.625234681863,0,1,19.30547459674316,0
52,4,7,2713.571102784207,4,0,5.960552833230908,0
50,11,8,3485.4763352285454,0,0,15.638495895616169,0
57,32,10,1880.6622325325332,2,0,24.252084193354882,0
43,10,7,4183.176970857396,3,1,7.861578831308727,0
38,1,8,2462.921749179213,0,0,18.872929445859306,0
38,50,13,4834.394210556696,1,1,13.947182151953648,0
27,6,7,1864.2413180406215,2,0,19.254902571649204,0
65,11,5,6403.501356545244,0,1,4.842505370786677,0
36,43,6,2448.788902788028,2,0,11.699545184600316,0
34,66,4,4075.0424811865814,0,0,17.32157649058089,0
72,52,6,4122.423144699175,2,0,1.0264175068686558,0
46,3,5,5075.377331359061,1,0,13.076238682077076,0
53,12,5,890.5109747046608,0,0,30.036258214359233,0
31,53,8,1833.57654228171,0,0,0.0,0
33,53,8,2833.779841047416,1,0,5.522611805155872,0
59,28,9,5518.201844127153,1,0,13.918912299926015,0
43,68,10,3147.9703527602305,2,1,10.544890066621317,0
26,64,11,6541.531860405766,2,1,36.780459130281734,0
65,53,10,7173.285568749619,0,0,24.463378269446896,0
40,54,7,3437.979364736286,1,1,3.649967367940935,0
56,56,12,7337.119069635837,1,2,2.506019146812319,0
37,11,10,2868.5206337059685,1,0,13.500125537642223,0
49,50,5,3936.13561565199,2,1,15.399209364327486,0
62,67,10,4145.719297384731,0,0,26.15240539863754,0
68,16,6,6003.020348789498,2,0,4.40548286164964,0
29,2,11,5459.4024297848355,0,0,20.866084734569732,0
56,26,10,3417.4936768569414,0,3,18.070342882588076,0
70,20,7,2454.889055608759,1,1,18.8301389124255,0
54,68,8,4206.412130169613,2,0,4.110295831815815,0
26,32,10,4650.29983183667,2,0,16.119290357241702,0
28,47,4,5757.855627115216,2,1,6.562110724874627,0
29,70,4,6454.14805915398,1,0,38.187622301625815,0
24,57,7,3033.1073250276595,1,1,14.286858235980151,0
60,54,7,2536.2727715717083,1,2,17.23364702353532,0
73,69,3,4369.5718504630995,3,0,10.67035101760486,0
47,49,7,1188.9628286481789,1,2,12.162057381794352,0
52,17,6,6317.839840893719,1,0,13.953186746273559,0
62,52,10,2039.4791244791722,2,0,17.76565653229399,0
41,23,4,3711.4267628606963,0,0,21.707949360155723,0
44,24,13,1083.1499788208725,2,0,24.86026943123119,0
51,46,5,2229.986291760053,3,1,14.667165719697891,0
35,23,12,4653.465756427496,4,0,11.684328456165616,0
21,2,10,1775.9644445436031,3,3,15.93031281692419,0
50,71,7,2802.327908341357,2,2,19.552681549469554,0
64,41,7,6547.791832763107,3,2,10.241814722264682,0
22,48,11,4361.661857943001,4,1,2.739105903965582,0
30,58,8,2837.9845565630044,3,1,10.04905098175066,0
32,46,12,1025.5231251738373,0,0,25.91116606448653,0
63,44,4,5738.126651336812,3,1,14.334308687455179,0
46,57,9,6561.076874862731,3,0,14.131759685427761,0
48,21,9,300.0,0,1,9.559187431487839,0
54,59,7,987.1692068458583,2,0,18.38423204301256,0
33,52,6,5038.685156228821,2,0,5.790340820128545,0
58,13,7,2285.279391583629,0,2,6.201457164561148,0
19,11,16,5225.163629154966,1,0,12.93491859957441,0
24,63,10,2506.289927826615,1,1,13.670651448900717,0
64,64,9,5941.479875301937,1,0,13.484346588383488,0
55,71,6,1035.2747786078985,2,1,24.423027620753185,0
28,8,5,3016.1037443287933,2,0,13.291062261892664,0
43,64,8,3007.2688552512723,2,1,9.53324665535098,0
20,62,7,4745.271003974774,3,1,10.95510818630064,0
56,55,10,3517.5825134860393,1,1,30.11910675152579,0
61,36,14,3021.9918501760862,3,0,18.591362940102872,0
33,37,3,2837.8066349516535,0,2,8.889781775373223,0
37,31,9,300.0,2,0,22.71364317139966,0
31,3,12,2701.6883587497423,2,0,15.880270624258818,0
40,36,5,2054.38717895721,3,0,21.798745694670426,0
33,17,6,4376.80811415653,2,1,24.46243692587661,0
32,15,4,2340.901836596441,3,1,9.176823463041341,0
42,4,12,4773.060748956656,0,1,0.0,0
66,33,11,2624.86715790551,4,0,0.0,0
61,4,4,3185.315245569953,3,0,13.109673165087667,0
34,61,8,3479.837555318887,0,0,14.209009560236112,0
71,64,10,2325.29367261464,1,0,16.200760021270572,0
29,57,10,3684.783540202441,3,0,22.010207057931595,0
69,22,7,759.6855539242156,0,0,31.54052091667071,0
35,12,6,4326.800447351272,0,1,19.44011089712871,0
48,36,3,3776.072878635742,1,2,2.756770398580503,0
29,48,11,4387.1686479964765,0,2,21.427177812648495,0
61,2,8,5598.463886571483,0,1,15.733784761836771,0
36,61,9,7005.65268242656,1,0,23.113461240802586,0
67,32,4,2974.243702111717,1,1,25.763386273180366,0
22,59,9,2141.708486160386,3,0,10.40168145435349,0
46,6,11,2737.9195394180015,2,1,9.13488128067074,0
27,31,7,6181.830482641817,1,1,22.49436687012225,0
68,33,7,1722.7457209199767,3,1,19.164511056298505,0
41,4,8,8101.638289014275,1,0,9.850466670244028,0
56,51,6,3733.645290099393,3,0,12.655052879034296,0
68,67,6,4138.318285520994,0,1,8.180284760650409,0
48,39,10,6302.323329833217,1,2,21.921109948021268,0
21,29,9,2866.9319365308247,4,1,12.960756639583835,0
30,46,8,4218.871261400131,0,0,26.9608566856961,0
30,26,8,5725.475189880555,3,0,23.2106856911009,0
70,26,5,1765.9042684758992,2,1,19.866641060419155,0
69,54,9,569.9981730606328,2,2,0.0,0
45,42,2,3890.0634884112164,1,0,14.728938377050234,0
68,19,13,1390.4517283509708,1,0,4.285566011186372,0
32,29,12,4264.518736308171,3,0,22.848496134663648,0
56,60,10,3183.4355715695074,0,0,20.156678191682474,0
40,38,6,5324.610611443293,3,0,2.0871905395721075,0
31,6,10,5152.923857789247,1,0,18.053266363204518,0
32,61,9,646.9193325218962,0,1,14.612374223276749,0
41,53,5,2782.942250563624,3,1,15.843538844742838,0
37,19,11,1379.4844386901264,1,1,24.621077023708096,1
30,69,5,4225.200441923441,1,0,9.367926112434523,0
37,68,8,1376.2272383395916,0,1,19.22933354309338,0
25,71,8,5398.504189927212,0,0,14.490852858996535,0
73,27,8,593.8577064031319,2,1,11.880412585148058,0
39,66,9,3313.72409679341,2,0,5.499540382545634,0
24,58,7,2102.6013111637403,2,0,10.834357572722825,0
50,62,12,2702.4145001116112,1,0,19.102314736040725,0
68,39,13,2576.7111898616126,2,1,20.118675691873097,0
38,20,7,3524.808932950266,5,2,10.636089831847315,0
66,17,11,1518.4423230201267,0,0,36.348980424097746,0
52,69,13,2645.9323950462913,1,1,25.649493881071056,0
60,36,4,6613.6746373193455,0,0,4.983792081947026,0
34,66,12,3608.366277881,2,1,17.220032576472537,0
20,40,8,6385.169331867446,0,0,1.883967321688516,0
37,38,7,3349.7009340403497,3,0,18.527647424819214,0
70,6,4,2554.7773128702593,2,1,23.663473001117058,0
63,29,10,1402.6575781964439,3,2,10.308955436957907,0
62,40,7,4397.875490530854,4,0,15.779716545663685,0
68,8,5,6279.142371006882,1,0,13.855694301911441,0
39,12,16,5459.398645315937,1,2,13.042298522704462,0
36,42,11,4687.168067243366,2,0,7.538973192312983,0
70,18,4,5889.3098415841105,4,0,13.986247126934,0
50,50,11,4859.367734202942,3,0,24.21093767680638,0
34,33,6,5228.28675623947,4,1,18.496132506518187,0
33,29,8,5008.809361353498,3,0,19.187019815821163,0
68,9,6,5129.468085269511,1,0,10.571580035331632,0
21,29,8,1627.604440140682,2,0,24.517799094037535,0
21,39,12,2505.0806807920876,3,0,18.95412806681551,0
60,41,8,6802.042584368771,0,0,14.798828609096583,0
18,20,10,2427.555349991291,2,0,22.68784502707149,0
27,2,7,1600.923658068045,2,1,9.778451059398117,1
74,67,10,4492.441894931417,0,0,21.30081130964637,0
42,69,8,3198.789399117749,2,0,11.98170558080874,0
59,65,8,6285.77504048281,0,0,8.142473197957798,0
45,21,8,1009.7624026745916,0,0,17.57865371736527,0
23,43,9,1381.6472924813943,0,2,35.043790441853055,0
28,11,8,7032.485798652273,4,0,5.772487501540585,0
61,65,11,1887.9116456301224,1,0,16.88888449263498,0
23,1,7,2445.038855949173,2,0,21.384105895350874,0
51,34,11,2967.4940193916045,2,1,6.360135280284451,0
37,61,9,300.0,2,1,12.543340834164114,0
39,52,4,4425.075292206445,2,0,15.818615361113345,0
72,62,8,1075.3776959222841,1,0,13.511201487545819,0
52,36,7,4581.799369532683,2,1,16.085346787125538,0
53,7,5,745.7456042375316,2,0,30.478776362947617,0
37,1,9,4792.320919988899,1,1,16.966907927351137,0
39,11,9,3123.5144108892882,2,0,23.02060375844644,0
57,5,8,3200.4845328411693,4,0,2.318875193459112,0
20,32,8,4610.625245394849,3,1,13.881065123943259,0
31,4,9,5105.053865370388,1,1,16.850990807825436,0
52,14,11,3662.216974460468,0,1,20.93544909061516,0
53,30,5,3477.1147714116696,1,0,1.3235320930339576,0
23,53,10,2591.2018331725803,3,0,14.479827927563427,0
62,48,8,4215.921336881991,2,1,0.49159301182834625,0
48,5,6,6024.050030048562,0,0,7.737036599959504,0
31,65,7,4448.540989701482,1,2,21.03093426105186,0
60,40,10,1462.4339672708938,4,1,17.56625499091847,0
74,25,7,3529.777527754707,0,1,27.27384889394554,0
42,28,10,2329.739225546856,3,1,19.690614469341014,0
34,61,9,1515.22902771611,3,0,4.165056158171462,0
35,34,5,3002.9415170916523,0,1,8.527245507816769,0
51,18,9,4224.552537259772,2,1,17.06795576087773,0
20,31,5,4685.677022982387,1,3,10.458309634373716,0
45,5,10,4376.781714086235,2,1,20.74905740432667,0
19,11,6,2248.404715181129,1,1,14.542761561313355,0
20,23,12,1855.1647389944874,2,1,30.1668497231257,0
42,16,8,1184.7232892360207,1,1,0.0,0
60,25,5,3273.0308524515067,1,0,27.736518853910965,0
68,5,11,4511.054084429532,0,0,3.1121759909824185,0
22,44,7,4337.321746808796,2,0,10.115253001015386,1
31,9,6,1817.209924914507,2,0,12.473464252837479,0
42,16,3,6440.040741536895,2,1,0.0,0
50,70,7,3909.9758330134255,1,0,20.97509175446549,0
74,1,10,4847.854065376785,1,1,16.69463253828151,0
57,20,9,4467.155018342235,2,0,11.481879932635906,0
48,36,5,959.4865312314396,2,1,26.249042833191417,0
21,22,8,4819.483807189616,1,0,3.4771647228072826,0
22,23,9,6156.661593925178,0,0,12.758899661502346,0
26,10,8,1754.7592381502516,2,0,25.314530578367012,0
55,31,5,1802.7050610881831,2,1,13.584110965066264,0
36,54,5,4261.747840777673,0,1,11.99389425365499,0
31,42,7,3644.7200080501434,1,1,18.889456848547646,0
56,66,9,4428.905760355097,1,1,10.995490160460719,0
64,50,6,1647.6163153503924,1,0,33.263477404000994,0
43,57,7,4753.754658039017,0,0,12.947976215339686,0
68,31,6,686.2196050617254,0,1,7.392019431619561,0
59,44,8,2910.3053122391675,3,0,18.60654626296727,0
58,42,10,4064.615558107481,1,0,20.72250963340824,0
67,58,12,2209.7558046015392,0,1,12.747150474573239,0
28,36,6,3628.178757381731,1,0,20.600643506040466,0
61,29,5,5418.744544102946,0,0,12.393570313592251,0
72,5,6,2061.1832189580546,1,0,11.836851515908439,0
74,62,8,2823.840416482334,2,0,30.63239244925783,0
50,31,5,300.0,1,1,11.910243475357259,0
60,57,4,3798.0334432343006,0,0,11.231890520104647,0
68,49,7,5840.023846734687,1,2,29.877330765302432,0
66,1,9,1657.0060046461856,3,0,24.720917660416717,0
69,47,13,2631.3545237395024,1,1,12.12811759939364,0
65,35,7,5341.924900530171,2,1,24.831524441695247,0
39,18,8,6102.811896311614,1,1,17.675353722179498,0
59,19,9,3390.975357988247,0,0,14.256251719967084,0
41,46,9,1848.5732312511593,3,1,13.86097249153793,0
63,7,4,2712.361276216701,0,2,14.160762040339288,0
64,44,11,4469.334156866543,0,0,27.677002101738665,0
71,61,12,2297.37546930987,2,3,17.52460424018119,0
51,7,9,2631.1626635634543,0,0,4.800532242197265,0
45,1,9,2190.6539070495137,1,1,4.299957508187024,0
27,5,14,5183.110074318782,3,0,4.47124160219836,0
54,52,11,3773.648344436058,2,0,20.699498326940827,0
50,61,10,2505.4929395766376,1,0,18.211615402286935,0
47,71,6,3670.6531904706108,1,1,19.61021107447196,0
56,3,11,4329.682151345983,0,1,7.80325909306647,0
66,35,14,583.6084340408029,5,0,8.966229362131465,0
26,4,12,4277.040422830636,3,2,17.449810544869287,0
42,27,7,5802.608908362961,3,0,31.896679075751823,0
59,22,8,2165.9996267512183,0,0,5.819997491210129,0
64,44,9,2173.9375057448365,2,0,18.123240792115304,0
62,65,2,5481.671799179295,4,1,5.179779005538894,0
63,58,11,300.0,1,0,2.0764247141345216,0
66,5,8,7568.6149967862,3,0,21.253648758280896,0
72,18,8,1597.6235240096723,1,0,20.84109605406593,0
52,20,12,2642.869925123633,7,1,0.47950578896125684,0
32,18,10,1793.421017327409,1,2,20.03599969749742,0
50,26,11,1360.599773118989,3,0,14.098104423439628,0
58,44,9,4140.72775307088,1,1,17.45057028164381,0
23,53,9,4391.605198630721,2,0,23.161803873446267,0
61,67,9,2257.690527866228,2,2,13.52138699823042,0
49,50,11,917.8584091777566,1,0,15.531947607641312,0
71,22,7,2645.8507801646288,0,0,25.130318960143086,0
30,14,7,4342.54818032422,1,0,0.0,0
69,27,10,3465.739385472369,0,0,1.0745245757507327,0
43,57,11,3957.903944740586,2,3,8.800414155135776,0
50,71,4,2897.4189349281096,0,1,11.741249846260597,0
55,28,12,300.0,4,0,24.310544988367447,0
51,13,4,596.0062829492031,0,0,3.6059672895580057,0
69,1,7,5416.623715257434,2,0,7.921096442210449,0
27,6,12,3922.3972851342082,1,0,12.369124471572006,0
59,46,7,1573.6756183839834,2,0,6.679838636646883,0
73,42,7,3321.4209246517607,5,0,22.928739549250082,0
30,46,5,6715.3897374894495,2,0,0.7437173023677399,0
32,2,6,2428.9506344831225,2,1,3.6886017061466596,0
45,32,5,3512.4978726408913,0,1,11.054632653979553,0
59,13,16,4628.850224407327,3,2,9.19647594082829,0
72,24,8,2352.5440709993272,2,0,11.252802690164641,0
63,45,8,8120.248212778934,1,1,16.472573975126217,0
63,20,11,3233.12647067116,1,1,18.13374254424793,0
43,47,13,5607.99805292207,2,0,18.412637811744574,0
54,21,9,4895.9169906509105,1,0,8.903204464197286,0
30,37,7,4940.494881285064,2,0,19.767297732193747,0
44,33,11,4722.015086206096,0,0,13.206406676675282,0
28,28,6,665.8359615545942,1,1,27.370631168119807,0
19,9,6,1033.3680542903594,2,0,20.61292559084623,0
66,41,9,6321.172213011846,2,0,20.371266993795892,0
63,71,8,1777.6826548584527,1,0,21.31796611399555,0
47,46,12,6838.230121870272,0,0,9.849898648655689,0
18,53,3,1008.587257025802,0,2,8.317183211490224,0
23,58,5,2815.1436437843063,3,0,13.489508988765136,0
24,3,6,3826.0343952607354,2,0,25.684315624620467,0
58,57,3,2849.8796301578345,3,1,6.607102456939051,0
29,18,14,4904.681372875057,0,0,22.618014408297714,0
32,48,8,7050.339396073874,1,0,11.23782672980611,0
67,70,8,2180.3600968923674,4,1,14.26454504731953,0
67,64,12,1753.4447760257049,1,1,15.136030042839357,0
61,30,6,4252.289843853954,1,0,2.9205319352761503,0
35,60,16,4366.413718020727,2,0,6.387383883878181,0
51,44,3,1725.248162490556,4,0,21.06504565506694,0
29,10,10,6584.275963175956,0,1,18.448733086648048,0
66,18,11,2057.4388407701035,0,0,11.281229361927199,0
22,68,12,4812.308435777199,2,0,13.143074477655215,0
60,65,9,3574.6406968889105,1,1,21.136755169991257,0
47,64,10,5391.8617439052,4,1,28.37699717131865,0
61,28,9,1714.3458368998906,0,1,22.500485269028296,0
43,23,9,4615.062416857115,0,4,14.716025403237598,0
27,58,8,300.0,2,1,26.279149031085275,0
60,2,16,3281.655371538078,2,2,21.2552738073635,0
53,64,4,2360.0055971237625,1,0,12.146247878328746,0
44,43,11,4279.218067142697,0,0,6.0759281686357465,0
39,45,10,6857.119174165315,1,1,0.0,0
37,32,9,2054.2731157747285,0,0,15.669016538597754,0
45,70,8,3996.3386633931113,3,1,6.884211755639672,0
32,54,10,2625.169122824042,2,0,11.337692645710511,0
34,4,3,6038.745734269351,2,2,5.274497926591996,0
33,38,6,4210.707242018714,0,0,8.820893170117653,0
18,62,10,2806.800541238488,1,0,23.83279327925718,0
70,6,8,4938.051466988146,3,1,20.179503200236926,0
31,53,8,1588.49340897496,2,1,33.80104635979778,0
27,18,5,3979.4401937239854,3,0,0.0,0
26,36,8,3139.0401321658555,1,1,14.538402787057262,0
74,63,9,4760.207668068112,3,1,18.658091509324983,0
45,35,12,300.0,1,0,23.59572481031038,0
36,3,10,2115.82975477901,3,0,13.709934126238265,0
41,2,9,2994.593786929604,3,0,14.019547691173205,0
23,53,1,706.3845106926992,2,0,19.857329940126995,0
35,67,12,300.0,3,1,10.775569106207179,0
32,21,10,5560.99489906249,0,2,9.850856504732093,0
63,67,7,3199.716674357571,1,0,18.543690804327696,0
21,33,4,5971.414283509592,4,2,8.717959955870928,0
42,5,6,3464.5192997300014,2,1,20.614630486756575,0
63,38,10,5631.590890229878,2,0,4.145921361044826,0
65,70,7,1485.5878236784713,1,0,11.15313370563094,0
47,18,7,4720.2821175823265,1,0,12.177753091260918,0
30,69,6,920.5921288498866,1,2,22.04033879907707,0
37,47,10,4260.9347258966,0,0,18.229802250956624,0
30,29,11,7589.209548928866,1,0,26.786939338836554,0
55,50,5,2888.691395589281,4,0,27.37948742335813,0
34,29,10,4073.527750689689,2,0,27.91983596690935,0
53,7,5,3022.865314669873,2,1,14.555908432182848,1
55,62,3,4183.252210626903,1,0,14.126632179474035,0
71,27,14,3389.4837314019387,2,1,5.204140371863465,0
39,41,8,7800.840760448034,1,1,10.069865039698225,0
72,53,13,4170.282318277941,1,0,7.6926177982423996,0
40,6,5,1922.4410489450177,0,1,3.3784605973272708,0
56,52,7,2384.7187030223613,3,0,16.545639908961167,0
55,26,6,5991.912996952512,1,3,31.04373978612375,0
64,39,10,2970.1082668721237,0,0,24.389692285484166,0
44,33,7,5770.79715904504,1,0,23.234697460398507,0
63,56,5,5252.548455797344,0,0,4.48755021846438,0
38,14,4,2871.237947670683,0,0,29.20585305940441,0
46,8,9,2420.547985770936,2,2,1.4875967700376656,0
46,30,10,4456.856050109587,3,0,7.909002765447721,0
58,9,16,1587.0559802299358,1,0,4.084441259975561,0
53,18,11,5637.407622050731,2,0,26.949526980828125,0
22,47,4,2403.3711533364085,1,0,22.506027162402518,0
64,59,14,3244.7035594365643,1,0,9.712145931533607,0
61,50,3,4150.336529629518,1,1,24.121820829562196,0
23,23,13,4239.9523005829105,0,1,12.044726264491546,0
72,58,7,1743.1887501078631,2,0,9.884838473491328,0
55,29,14,300.0,1,2,19.46547271019531,0
22,13,7,2402.841794783296,0,1,0.0,0
46,54,10,4056.7425287716896,3,0,18.086389905983108,0
65,37,6,5244.598606858528,2,0,11.0642409183514,0
33,27,13,928.8886487622276,2,1,14.182004478247364,0
71,47,10,3377.1500579066333,0,1,20.163683808649715,0
41,52,12,499.2861721521749,1,0,16.81977063177774,0
30,16,6,300.0,3,1,10.208056152205065,0
38,9,7,7454.299936273549,3,0,14.114811215961668,0
47,37,7,2597.874280324557,0,0,12.825748934492886,0
57,4,3,3796.3928144211013,0,1,10.388538696069666,0
70,46,5,4893.954704405528,0,1,2.568965647184024,0
29,32,5,6716.317718472967,2,0,17.611601537475238,0
72,16,6,3107.05032875225,1,1,26.129966851167914,0
48,43,7,2192.7281703283206,2,1,27.257075617396893,0
25,27,13,2413.247196802364,0,0,15.886684086415594,0
70,28,8,3036.9001388813076,0,2,11.501268444098239,0
37,16,10,3478.574081677126,2,1,0.14917227394833432,0
53,49,7,3501.69083460889,0,0,0.0,0
57,65,6,2391.0589343523848,2,0,25.938734000509264,0
18,44,2,1513.5193912194713,0,1,21.745080476973282,1
30,17,5,6473.529413600403,0,1,0.0,0
57,60,13,3429.6471203472347,2,1,10.233140409126129,0
36,9,6,1898.6472246217122,2,2,0.05177330027483329,0
18,21,5,300.0,0,0,19.0676852420237,0
19,3,8,3867.062427482991,1,1,18.319002771895253,0
65,61,9,3028.4992412304805,1,0,20.987055837399275,0
26,4,9,1891.2247536762407,2,0,19.59799639756796,0
23,39,9,4887.0229211444685,0,0,0.10231007580810747,0
50,14,15,1289.9113917972682,1,1,10.480584936177014,0
24,16,6,3667.1381008001003,1,1,20.25597773273718,0
55,44,11,4379.047076748655,4,0,11.859814048343992,0
49,58,7,1539.44978917218,4,0,11.371236849798146,0
54,2,7,3695.947094200404,0,0,17.313218105817686,0
46,12,7,3003.7803711867728,2,2,18.69360747598821,1
62,21,7,4539.743463586577,2,0,11.465424595154524,0
54,67,8,4816.336837938341,0,0,22.591949146560445,0
41,5,5,300.0,0,0,18.868096774487494,0
18,13,9,4285.979305562293,0,1,17.06286105344199,0
33,29,4,4289.838806491696,2,1,19.934556003393695,0
25,24,9,6688.509622640742,1,0,11.216875551833596,0
18,4,7,4761.07664964182,2,0,12.197967021638224,0
33,39,8,3838.974915268279,1,0,8.299152538015438,0
29,44,12,2777.904539660901,1,1,15.330949997982307,0
22,13,9,1411.6716105542819,2,0,3.5494896766172666,0
35,49,7,4203.619351765018,3,0,17.25115672081564,0
46,5,6,2395.7418173843107,0,0,13.332825355581464,0
28,52,5,2209.431360420839,0,1,16.887673649513733,0
33,19,9,3192.715297202776,1,1,8.246847527231473,0
19,16,10,4150.678574115445,1,1,19.66277590650712,0
20,14,10,5352.173741409742,1,1,12.964927452975694,0
26,62,6,3884.3103040344417,0,0,17.301960208124676,0
43,36,13,3984.992583088342,2,0,26.47800732970008,0
55,50,7,2822.422420631195,1,2,29.040467646814925,0
62,15,6,2667.613164636272,3,0,7.1234396918254355,0
53,5,4,3018.5810927938896,3,0,14.451902936075209,0
53,3,7,3853.636355917744,1,1,16.12188340319161,0
71,32,11,1328.9173291786346,1,0,17.154373481424503,0
32,24,10,1740.2630668824274,3,1,5.291501038748374,1
63,55,6,5242.1959177857825,2,0,18.03351642167698,0
71,56,7,3618.5267635095843,2,1,11.891351286509643,0
50,23,5,300.0,2,0,18.568283272482905,0
65,31,9,4379.644793535556,2,0,5.582670343938862,0
25,28,7,3594.553247964073,4,1,27.0611958262512,0
68,48,5,3842.1432181964456,1,1,21.027466249036536,0
50,45,9,3458.0924051574225,0,1,14.053298285341336,0
30,47,9,6534.165767507266,0,1,20.645717028517236,0
21,4,6,3451.7212959576477,2,0,17.522455476748277,0
59,24,11,300.0,1,1,13.28947663786569,0
42,69,11,6038.270569926991,1,0,11.608091865568237,0
35,25,6,5355.278712444533,1,1,12.698986952181913,0
40,13,6,2288.8090274090355,2,0,21.856991342631726,1
74,15,6,2549.746826678968,0,2,26.495161504380935,0
42,2,9,5212.042372041748,1,1,7.305878941842156,0
22,56,6,8350.643015666275,1,0,1.2080585720852195,0
33,1,9,4475.328138386191,2,0,24.90676005090023,0
26,43,4,2205.2266369611552,0,0,12.667355138514619,0
57,29,6,4670.081371575495,0,1,13.609450790984265,0
63,7,13,2226.0023123468773,0,0,2.1867067343051243,0
65,63,9,2096.4746968783893,2,0,17.247628743685198,0
54,53,7,3174.403930028682,3,0,0.05107795706302731,0
61,59,11,4932.60298184109,0,0,27.41389713848874,0
41,67,9,5333.242751951718,4,0,8.423260282609824,0
53,65,11,1055.1545049119186,1,1,19.471326584700847,0
24,50,7,2330.9221511600563,3,2,15.682859576924638,0
48,38,6,481.0296274164025,2,0,22.842222087110432,0
49,50,9,5418.046702335427,2,2,10.294259213628685,0
19,32,6,4170.7562810974305,2,1,7.543599436060803,0
49,13,6,4185.476893111412,1,3,31.37648677829255,0
59,28,10,3511.119269544101,0,1,3.8441107764996403,0
38,34,10,3967.491520115635,3,0,19.6107880551127,0
49,4,5,4012.125078252161,2,0,8.413431153836813,0
34,61,8,4115.268116050161,1,0,3.4677522784285166,0
33,65,9,1990.1898434782493,2,1,14.67351713330805,0
25,30,6,5096.508037017444,1,0,19.028116481339683,0
36,36,2,5701.207046806037,1,2,5.815588847536121,0
63,60,13,3946.181494040895,1,1,15.978076787448204,0
71,33,6,3091.8240285422644,0,0,9.355593439027563,0
54,49,5,6925.1651471169625,2,1,15.565374533327851,0
53,37,8,4827.535702554866,2,0,28.98151776055783,0
52,20,9,586.4569744352757,2,1,14.37530130721385,0
45,57,6,4683.94970607887,3,3,26.34314618138547,0
42,14,9,5557.287405463194,1,1,5.138525425662175,0
53,16,5,3200.020978019358,3,0,14.342280375890487,0
62,50,9,1177.9329974308444,2,3,14.441499258159672,0
41,51,8,5735.422528746196,2,0,26.200320180022743,0
50,68,5,4051.694893133733,3,1,22.750028122338158,0
44,51,7,5725.719077827405,1,0,12.865784092770692,0
34,2,8,3909.57412647576,0,0,21.682713521330562,0
34,61,8,455.11388292010497,0,1,19.24052971976084,0
22,30,10,4832.862609214953,3,1,9.80423027429988,0
43,1,12,4752.102452259645,1,0,10.321268524172202,1
58,42,11,1776.1585111920974,1,0,10.929756517966823,0
57,13,4,8064.966141578505,1,0,23.635319633502167,0
74,30,3,1853.8310122642845,1,0,19.62476728779892,0
20,34,9,2199.517306174018,2,1,18.66670126788614,0
61,6,9,6333.306729044694,2,1,27.87382835886683,0
63,61,6,1099.8267311629634,0,1,12.618075345748128,0
42,37,4,3334.8082645832865,2,0,4.928697821508578,0
34,69,10,2271.0391527934926,2,2,25.644264566972687,0
38,34,9,3474.927977795496,1,1,20.930794612975646,0
56,43,9,1707.5347994337103,4,1,1.2431177118273276,0
67,58,11,7115.316491801463,0,1,20.814602490384722,0
54,16,10,1890.5502819274695,1,1,2.936185277855815,0
47,65,11,4840.427043142351,1,0,5.26243800120324,0
55,14,5,907.5588581681304,1,2,20.120659006777778,0
22,71,12,3186.0772247754767,0,0,28.03652149800466,0
52,46,6,5904.800610278522,1,0,29.26297722172639,0
20,37,5,3777.2730905079898,1,2,9.955365036286414,0
72,15,5,5898.148193359858,2,2,16.681153815948193,0
68,41,6,3162.775579949452,1,2,20.09491808726912,0
46,40,12,4692.64095893645,1,2,14.634184442659647,0
39,70,6,3868.6198936326937,1,0,7.01158549745283,0
59,60,10,1768.4905570334413,2,1,1.5604268779315849,0
54,35,10,5606.60439258916,0,1,10.651030753800136,0
58,28,14,2033.3215102765353,4,0,17.218909076055212,0
47,28,9,4352.789461343484,2,2,11.107210803874828,0
31,27,7,3199.5224864696743,2,0,30.93474580858709,0
22,1,5,4079.1801733509606,3,1,18.736611207168806,0
34,3,8,3580.2481034361945,1,0,21.232151232499444,0
48,54,10,7234.0757143399305,6,1,13.066394362481947,0
42,19,6,4799.40778515471,3,2,22.84181620440419,0
46,30,6,2850.9756366513193,0,0,20.6185080252094,0
33,50,8,3145.47551111654,1,1,13.572667910693427,0
71,44,4,3511.697154506405,0,1,2.101137570303978,0
38,26,12,2775.5145201932605,1,0,20.059540942913607,0
66,54,3,1214.8033758815136,2,0,21.134736220874238,0
40,12,13,7219.990606232634,2,0,0.0,0
43,34,11,5184.849497871762,1,0,24.116918795892914,0
52,8,6,2323.0052993226736,2,1,5.996815294928398,0
32,38,9,3888.5287847355803,1,0,14.650371173687024,0
30,7,11,5780.815705960169,1,1,29.27389093590784,0
39,67,6,2718.194996319661,1,1,22.443315860198187,0
63,47,6,300.0,2,1,23.497971518157335,0
26,18,7,2012.392866883802,3,0,13.789472062857897,0
42,44,5,1380.8195902211355,1,1,24.986606730876385,0
56,25,10,3408.344138221086,3,1,8.359043398471794,0
58,37,7,1159.0601847950493,1,0,11.208628928578998,0
42,12,8,5033.012647907451,0,1,7.027892414949765,0
22,36,4,3852.442803281037,2,1,6.944466319348519,0
18,8,9,4728.554367139155,3,1,27.35623090118552,0
44,11,8,4579.147027977275,1,0,18.26786180699683,1
64,42,2,1535.1601099929908,2,1,19.97422939194502,0
19,36,6,300.0,2,0,25.047854028129805,0
68,21,7,5016.904122881368,2,1,35.66486880347405,0
56,5,9,2227.0377065710904,4,2,3.8975762625815626,0
18,31,8,4756.46402312494,1,0,4.1063611336857715,0
37,66,12,3267.3154369018407,3,0,10.996098652405141,0
30,51,4,3860.807380346251,1,0,21.202871861603562,0
72,5,9,5197.181900845169,1,0,9.62744429998395,0
49,67,14,2092.9940608725883,0,1,39.990681707880796,0
36,31,9,2188.0044126986045,2,0,18.725509622044257,0
33,41,8,5922.653247108128,3,0,15.441664155331022,0
50,1,8,5171.295067455083,1,1,12.006242384514021,0
18,23,12,4248.003015773375,0,0,16.16786244571716,0
32,56,7,1070.5720453909921,0,0,17.534963710467775,0
27,24,8,3118.7372324153494,2,0,13.948252550936996,0
53,12,7,1628.832208330182,1,0,16.76659942817435,0
56,7,9,2357.8162903376833,1,1,29.35851261425377,1
44,66,10,2031.7477078355591,0,1,10.589394709751375,1
25,58,6,1603.9441276329628,2,0,21.750945661276685,0
39,4,10,3468.277408727629,1,1,16.60119437221192,0
66,66,11,1899.9820393460514,4,3,3.651526148062212,0
29,59,7,2651.03038337628,1,1,12.244594752058529,0
27,26,5,1974.0859683198473,1,2,8.041518399888947,0
24,47,7,5855.167815431992,3,0,18.328383496109556,1
64,19,8,3922.1768149368304,1,0,19.071142150231168,0
24,18,6,4401.707175681315,3,0,19.16040269335456,0
51,51,12,3258.173524006398,1,0,16.5038499546152,0
74,15,7,3439.6555813905825,1,0,13.770243633071003,0
54,26,4,3922.1073021923594,4,0,11.532043588500725,0
41,26,7,6227.950855717808,1,1,19.62826969064931,0
29,11,7,5486.855380848936,2,0,27.252860381418166,0
18,59,11,3686.049198767211,1,2,20.541221235270744,0
26,48,9,1809.5004973191005,1,1,17.162798098969134,0
72,62,11,4721.0013080289455,1,2,21.548106467672586,0
26,38,6,2645.420752905403,1,0,8.99577145488642,0
19,13,5,2705.5500948744757,3,1,20.62974127428162,0
64,20,9,3163.1074200255807,1,2,12.738531663995573,0
41,26,8,3763.512274577874,3,1,10.405413896858146,0
38,67,7,5250.031002177948,2,3,3.9359021839055046,0
58,17,6,1719.408018927449,0,1,24.096991267865533,0
47,50,10,4480.278262889928,3,1,14.191218648149578,0
70,9,9,2955.1792256532713,2,0,17.966748392089293,0
44,68,8,8996.78248549076,0,0,20.499820325683515,0
58,46,12,3257.4146841130646,0,2,13.777019386601523,0
68,31,14,5433.257843632749,2,0,13.063094650334236,0
44,25,3,6634.803839165902,3,0,16.8824470598614,0
34,26,10,1690.6835209592255,2,0,11.646521755903136,0
73,17,6,3470.0591522678515,3,0,9.56389272044294,0
30,43,7,4404.778666415118,1,1,24.999845491904402,0
20,62,5,1902.4106391021605,0,1,11.840540681528367,0
50,18,3,2774.7358942775227,2,0,7.800092101019061,0
74,54,6,2986.9311293231935,0,1,24.956723120988883,0
22,41,11,4935.398691576105,1,1,13.443156691714425,0
66,55,8,6429.519976771748,0,0,0.6345659479289463,0
65,55,11,3163.4594480865435,1,1,11.096863840370037,0
70,3,5,1780.6862553545232,1,0,15.713346764938283,0
42,2,10,7410.842757361438,1,1,24.266673189040894,0
32,65,11,4525.54967496221,1,0,10.861676143496418,0
47,12,6,4926.7658313702295,3,1,10.244893167902166,0
26,41,7,483.9405621293645,2,0,23.49985049545848,0
66,54,7,598.3481932899049,1,3,11.028847355963961,0
55,36,6,2846.8881101476463,0,0,9.311886895467488,0
45,1,10,4552.1404320389065,1,0,4.219464254500847,0
47,1,6,3551.442719729107,1,1,8.060180324306046,0
58,48,5,2390.755459180492,1,0,23.23539358438461,0
47,64,7,1496.7431731169897,1,0,13.082797822905363,0
65,25,6,5029.723007395711,1,1,14.96458891309664,0
70,39,11,4431.864148142926,0,1,24.476982402119205,0
72,67,8,2345.9618010919257,2,2,12.4610553052717,0
53,59,10,3356.535263843011,0,1,6.768192167712295,0
60,39,15,2011.492653015549,2,1,26.2770628941199,0
35,47,8,1966.6672848802955,2,2,7.877123939221673,0
20,69,5,3865.6737061130916,2,1,25.09513605168985,0
40,57,10,7154.124815848127,5,1,9.374035098517597,0
67,30,9,4043.863340751167,3,1,14.294820272676453,0
25,50,7,4551.182778834264,4,0,16.202300672090818,0
49,24,6,3021.6314651541334,2,1,3.870302145045102,0
28,66,9,3084.6005152183584,2,1,11.782974007903595,0
42,7,5,4585.277272322868,1,0,15.52761166052301,0
26,17,11,3927.346057419634,1,0,8.331255075359728,0
59,25,10,4471.169942510915,0,1,15.84629408946937,0
64,15,3,1381.3118115436814,1,1,13.694504902438656,0
61,43,2,3286.327549900511,2,0,9.173272706631241,0
58,51,16,3482.939554065549,1,0,12.474725032262906,0
31,64,13,4571.092561882526,0,0,23.454438302512536,0
48,36,6,4158.354220523487,2,0,12.102708134580336,0
23,45,11,2230.8906694951197,1,1,9.257638366153108,0
39,43,9,5540.858374651408,3,0,22.294856454444734,0
46,1,11,5946.116757596295,3,2,19.961542372093938,0
56,51,3,2466.9946080944583,3,1,18.155943302372314,0
23,2,10,1737.4895184590862,3,1,7.523900452687726,0
64,39,12,2257.9032080307434,1,0,12.143951136868074,0
44,71,5,2300.8334454368855,1,0,10.805674273807401,0
68,56,7,3482.1402946234934,1,1,8.35793448370351,0
48,36,9,5393.565381545736,2,0,6.244209324147429,0
49,23,5,3331.5376137585977,2,0,4.821491749393793,0
57,60,10,5660.570213170399,2,2,25.308642351145497,0
64,61,10,6490.336229011793,2,0,25.519927483428397,0
26,27,9,5344.4727554766,0,1,20.02878992375585,0
47,8,7,5266.459178278962,3,1,8.582396222770619,0
19,42,6,5114.662139119532,1,1,0.0,0
45,46,13,3621.421975092647,2,0,17.004637535069236,0
64,67,9,1534.841873453964,1,0,8.763821545464204,0
67,64,9,5568.662920859544,1,0,12.68576754054683,0
34,17,5,5046.461195484393,2,1,31.143454846319806,0
40,18,4,969.760897640962,1,1,0.5216507073337233,0
49,71,13,3150.8216542421696,3,0,10.697313595612854,0
40,24,10,3488.7065065076104,2,0,6.038049960292156,0
28,33,11,2786.4805631818404,2,0,14.781379974031085,0
35,22,9,5227.627725663397,4,0,22.314676230229924,0
41,28,7,4964.859716802456,1,1,11.66068866020996,0
47,41,3,4787.462095081806,0,0,8.680258847808844,1
70,21,7,3149.562044022492,1,1,10.273817454655948,0
49,30,13,2159.552958050598,4,1,13.624874262087756,0
40,26,5,5766.854335685361,2,1,19.66661198348256,0
55,8,12,1883.3530619451471,0,1,10.819053771622297,0
62,56,7,920.6828849263061,3,0,17.600851965854265,0
42,64,4,3173.9282574271665,2,0,24.505647737378766,0
45,35,9,3217.274524460521,3,1,14.506730551539771,0
30,15,9,3919.030967522106,1,0,9.380555423338633,0
67,46,7,4990.636631394912,1,1,14.445735211496878,0
67,38,3,5194.0779570353825,1,1,6.33203563666347,0
27,40,6,4724.857285859953,0,0,25.459372806485867,0
37,43,11,2554.476664615739,1,0,14.151376305335202,0
33,51,7,3654.2755209510096,2,0,10.595908077395155,1
70,3,6,3454.194389612332,2,1,5.718980398737093,0
21,8,5,6301.305428285059,0,1,34.9137842842564,0
29,7,13,1754.7942383203606,1,0,16.828969815412652,0
35,11,10,2577.8483825693447,1,0,7.983309445666253,0
49,69,4,6907.279535446349,0,1,7.2976508663269914,0
32,52,6,5974.766713274897,2,0,25.014416372627856,0
48,48,11,3577.0351001490085,3,0,18.538623307799206,0
60,50,7,3177.0073367055293,3,0,16.913552239162758,0
65,3,9,5171.758780601986,0,2,19.703780598399682,0
23,16,2,5437.7251691296715,1,0,12.740181884294758,0
25,57,9,3497.2510232751292,2,0,15.395785193138472,0
23,33,7,7013.910332345508,1,0,21.162839178673813,0
69,37,7,3252.674296209138,2,1,23.40752079747252,0
55,54,10,3845.393815735914,0,0,13.11460119240593,0
48,6,4,6219.250927822175,0,0,14.14357869971486,0
63,57,3,3259.643406768095,1,0,18.98346452345216,0
51,49,5,6769.779949274018,0,0,22.215171535232397,0
31,29,11,4915.646133425844,0,0,11.393120672075755,0
47,36,6,2416.53805867612,1,0,12.503045482349798,0
58,6,12,6178.144714041864,1,1,18.557755834583073,0
20,15,3,2624.1454175317403,2,3,10.86457158775303,0
52,18,8,1447.594934934596,3,0,23.612542881990898,0
46,63,5,3550.462100868013,0,1,14.453097734405626,0
21,9,17,2419.667099503039,3,0,14.312815447475092,1
33,21,7,3047.7674075756045,3,0,15.815760828323272,0
43,10,3,2694.2617591406515,0,1,22.98744565629198,0
37,21,9,1965.3520636948374,0,1,5.493913008772537,0
34,1,8,559.6460704644555,0,1,12.665106517082869,0
54,20,3,4964.743075237391,4,0,19.198723709717328,0
41,52,6,4619.079668940974,0,0,10.502738952756655,0
46,55,13,4602.233592429203,3,0,15.977892570771576,0
63,27,7,3997.8050736112905,3,2,13.381581726310557,0
23,51,11,1940.588289655091,2,1,26.74939408805558,0
38,44,12,4248.690247831984,1,1,18.424900939082413,0
22,65,7,2424.1298901909013,3,0,9.8324585684162,0
70,58,4,2190.854411682485,1,0,28.448042309364364,0
28,17,8,300.0,2,0,5.61623655960666,0
64,42,12,5287.51782742112,0,0,9.388609696138335,0
28,56,15,2127.9138658043375,2,0,11.097630227838074,0
36,22,15,4604.3702880810115,2,1,0.0,0
52,41,8,1097.3129418177632,1,0,1.759633881843401,0
65,29,13,2183.6958107783025,3,0,14.616368615535958,0
28,22,6,5579.688559526883,1,0,19.423985551687565,0
30,15,8,5077.676564110525,6,0,15.342715024098482,0
68,3,5,5768.5706521711245,1,0,21.641597944945463,0
36,54,8,2678.763358011769,2,4,17.070539446852187,0
29,59,9,1612.4478285142093,1,0,12.367852592626921,0
60,47,8,4305.806160030722,4,1,15.804926377534338,0
23,18,6,677.5399317999972,1,1,20.140480518958242,0
67,2,7,2410.454885697467,1,0,16.24426705160609,0
67,45,10,2145.273170765548,0,1,17.392397543403973,0
66,15,9,6231.145491048959,0,0,24.306238266856884,0
34,39,3,2329.1320428529207,0,2,24.008576898276683,0
24,69,6,3803.846972630974,0,1,6.021894647746581,0
42,1,11,1153.6442502527466,1,0,0.0,0
37,41,5,5408.941129423955,2,0,6.098478796665098,0
72,71,6,4798.436286144934,1,0,11.492101588091803,0
54,24,8,2752.939133034366,3,1,18.883494643474283,0
71,58,7,5314.77258113315,2,1,10.773058371248345,0
60,59,6,6050.7318107982155,0,0,0.9372130422095424,0
58,35,5,2703.6118093698356,1,1,16.68457989523536,0
24,22,7,5522.810148077431,1,0,16.88262884870553,0
21,49,11,3484.6303990110728,0,0,11.118648252041936,0
20,44,7,1070.769005596279,0,0,30.33675026879939,0
51,34,8,4177.398817835467,0,2,14.55053671824912,0
29,14,6,2567.6598368154882,1,1,7.4893611473613655,0
74,53,9,1183.0006006932563,2,0,20.532902469743018,0
25,16,9,3902.6769372758563,0,0,18.298291775714837,0
71,10,15,4206.897900964501,2,1,16.41928138309389,0
56,5,9,7077.229360404923,0,1,21.806379480544084,0
24,32,9,3255.3761072211882,1,0,12.693832524688208,0
21,9,8,1274.6461230648756,0,2,16.453152571924885,0
40,24,7,2692.484226344329,4,0,17.22796632176282,0
37,18,9,5397.208127047763,1,0,18.382069371983736,0
35,33,6,6927.062244931538,2,0,27.616795134794312,0
48,56,9,5097.340888074036,1,0,26.810851353108987,0
25,32,14,4279.389925460913,1,0,4.427450359067377,0
25,40,14,2731.8366027990096,3,1,19.212145867620436,0
57,11,4,2593.8910920476906,0,0,8.252125180918926,0
74,9,9,4417.733717844541,0,1,12.950844561827857,0
33,70,7,3894.2491063825673,0,0,11.140632020436314,0
71,45,8,700.5585367002441,3,0,24.85469942250654,0
37,2,9,1261.0604760265783,1,2,23.58828569175591,0
37,41,7,3070.6859470122813,2,1,11.596713182684413,0
23,1,5,3604.681453538254,3,0,7.996035256491017,0
42,6,4,2386.7867585371255,2,1,14.92525537719152,0
46,27,8,4131.5978545938,0,1,6.3096901656715865,0
55,47,7,3978.3488460890585,0,1,16.45542061250813,0
27,45,8,4211.6990369528885,1,0,7.1913155277416,0
28,57,7,5085.023072551729,2,0,15.294107010721122,0
42,13,12,1529.1587829186353,3,1,12.525442718809026,0
21,14,8,3724.3619652040297,0,0,10.404465458059278,0
26,38,6,3875.641611532663,3,1,16.62182445965544,0
53,62,13,4759.217990849979,2,0,11.209679238954502,0
72,52,8,3485.087847565211,0,1,3.1334891702195637,0
50,48,10,1975.4852400969671,1,0,14.77291776555663,0
26,7,4,3388.654725660163,2,1,18.23160962674218,0
74,63,14,3451.439279834673,3,0,9.903946903025448,0
47,70,4,3625.993922197893,3,1,17.099722875816486,0
58,42,7,6097.526501420411,1,0,25.32097116749358,0
29,24,8,2463.9840201291236,1,1,11.542206422092615,0
50,48,6,3966.7289279781517,1,2,25.293208336832183,0
22,46,7,300.0,2,1,16.04320243321333,0
53,66,9,1998.866049155017,0,0,21.79193366998392,0
29,8,3,2575.945020152416,1,1,3.246278572590356,0
69,37,11,2860.5595810666146,3,0,13.863773889715373,0
21,51,9,5349.596128557633,0,1,4.7708659401288145,0
55,25,8,5327.934904382607,1,0,22.518434258351952,0
25,60,6,300.0,0,1,4.107597463782085,0
57,5,5,3103.173225288815,0,0,12.715794891335454,0
46,8,7,5301.494355559216,1,0,11.76350955834121,0
73,57,11,3946.7924830042234,2,1,19.620428834271426,0
55,9,9,3256.2887153489532,0,1,17.500363742377683,0
39,30,9,2666.0678066854643,0,0,12.807523321350569,0
22,20,5,300.0,0,0,23.149976823162945,0
51,49,11,3528.488801195818,5,0,17.994052167147316,0
43,1,6,413.91347048333546,1,0,13.01420817673466,0
20,26,8,3100.2736224591577,2,1,16.247816489811726,1
51,71,10,5796.287288635239,1,2,18.1719431038516,0
29,27,9,4596.941867150503,3,1,14.762866263631544,0
31,43,9,1863.2733301056371,2,0,21.019409040451396,0
18,71,8,3706.2687202992424,1,0,6.206063457836477,0
39,44,7,5842.94087108147,1,0,11.64748134673575,0
30,54,9,3010.1981013108957,0,2,6.694189308506701,0
22,69,13,4281.959147545919,0,0,29.620798185245945,0
42,44,10,4246.558233720141,1,0,13.932878470381832,0
30,60,14,3749.028031976337,2,1,17.384161333180455,0
25,37,14,2876.6892655122597,0,0,18.173121827377866,0
44,58,7,7558.54687738115,0,0,8.123867354365638,0
21,46,9,6278.097870994685,1,0,12.130164773634164,0
74,25,9,3715.5424933784957,0,2,15.076137112225897,0
44,40,8,2931.6161911608096,0,0,7.693159191072833,0
74,24,8,4358.838794715684,1,0,16.086924416172508,0
68,29,7,7078.390761554241,0,0,19.550546515827474,0
73,21,6,4119.324717112053,2,0,28.3090539271711,0
48,35,7,5440.2973735922815,0,1,16.24456967471727,0
42,25,7,2037.4529170722494,2,0,19.391575343533834,0
59,45,7,4420.557576704284,0,0,11.331010975917842,0
22,27,3,6357.957471020901,1,0,7.259610594790776,0
65,35,7,5381.556428448472,2,1,18.507849412937816,0
36,10,7,5892.594337775536,3,1,17.988199164742902,1
18,28,6,3186.016615541536,1,1,12.505379352961322,0
31,26,7,2631.732563873662,2,0,4.66091685717455,0
31,69,8,5394.022562810638,2,0,15.312285656218153,0
18,32,6,2275.541790226484,2,0,18.708706216713463,0
56,2,8,6237.79402842269,1,0,14.103350890929967,0
23,22,4,5359.481747756191,1,0,25.802068396933485,0
66,52,13,7021.750297911583,3,0,6.329509585367871,0
43,12,8,2679.0574652793634,1,1,4.706016834199666,0
58,12,9,1813.7322993077175,2,0,17.243691092102893,0
37,27,8,4774.811947571654,4,0,12.098784256658577,0
25,26,4,4016.357049207541,0,2,11.425985269705977,0
28,35,5,1827.2835117709155,1,0,8.423933287396999,0
54,3,12,4979.948786252767,0,0,14.450879943834227,0
58,52,7,6693.836174956728,1,0,28.81838177754237,0
33,16,9,6745.83381722107,3,0,13.084524650760404,0
38,51,9,3381.638909227634,0,1,13.228181025373276,0
71,41,4,1265.1173939985842,2,2,18.65453229996375,0
66,15,8,2388.003835687764,4,0,8.371220459083407,0
41,34,9,1847.9945137720715,2,0,8.804886516852324,0
31,3,9,2131.4512858724765,4,1,19.95046060332278,0
35,50,5,3939.2894666946167,1,1,18.741224229228127,0
48,22,5,2035.6489566528985,3,0,15.515750237021564,0
50,28,6,499.2627845493744,1,0,11.28029950470392,0
28,12,9,1798.097497372754,1,0,10.39058266058645,0
21,26,4,6173.360231192928,2,0,6.552103527201114,0
46,29,11,4842.190701141928,0,0,10.947799477915265,0
63,16,3,1624.891822799436,2,0,11.329837484074552,0
26,70,5,4468.763135492331,1,0,21.708781655794386,0
41,20,3,3530.82163887365,2,1,0.0,0
27,13,7,3018.97773675117,1,0,5.227289747629532,0
31,39,10,2965.277738624118,2,0,22.643352138883508,0
52,23,7,5950.130515449132,1,0,20.115222508570362,0
34,33,7,1905.058133794534,2,1,4.085531631246466,0
33,52,13,3861.8071752903525,2,0,9.959184732761734,0
74,6,11,2675.6479660208006,2,1,4.181764536866432,0
27,37,13,1245.6485210909564,1,1,6.698813437862658,0
28,2,8,5366.297747514586,1,0,3.9864481951748676,0
70,4,7,5808.297297500509,1,0,15.86829113299853,0
49,7,6,3669.013113243723,3,0,19.46764824322652,0
20,12,9,5133.46222867227,0,0,13.093703230288016,0
42,25,12,2617.928644689625,4,1,23.010357459999927,0
50,67,16,4859.704860830561,2,0,21.678528808256882,0
32,65,3,3454.2641203682006,0,0,6.2650311579330875,0
49,8,3,2190.830149499833,1,2,2.953122956724801,0
54,71,7,3281.174036843857,2,0,15.943614915567064,0
32,46,7,3502.448779586271,1,0,25.37868932246738,0
64,40,12,4370.957656173465,2,0,18.366220446046487,0
43,57,2,300.0,0,2,20.739255476258904,0
72,35,13,2757.8616254570243,1,1,11.677884229161542,0
23,19,10,5694.126945933451,1,1,24.669027663087228,0
36,38,12,3315.4182249159035,1,2,0.0,0
59,52,7,1209.3554859273877,0,2,7.410556847896397,0
69,49,6,5327.689824613793,0,1,19.347202895580637,0
30,13,5,4559.029500777787,3,1,16.976036502166785,0
73,67,7,2092.6176071864274,0,0,19.569152741284,0
29,21,8,1087.8442123113255,0,0,13.754953020556618,0
41,59,11,4783.226966534754,0,1,12.78545103873751,0
35,23,9,2839.654577736367,3,2,8.02021024058278,0
42,5,9,300.0,0,1,3.0235984783444305,0
69,71,13,1320.6969163788485,2,0,3.9359044196028314,0
59,42,8,2827.6063725967388,6,1,16.819330114055262,0
63,16,1,6737.2930901759155,2,0,19.902200323007175,0
32,1,10,4794.925393974538,2,1,11.232553568547115,0
71,10,9,688.0528512422097,0,1,10.259220071044302,0
42,13,6,2204.6368831241734,1,0,7.702456470621714,0
55,66,6,6088.127255243492,2,1,20.443876731254562,0
57,13,17,1422.4343429002051,0,0,19.604867663574318,0
55,12,12,4794.390168186581,0,0,0.34703167703029614,0
52,60,8,1948.0796708403896,0,0,23.355767816849703,0
45,63,5,2803.9555578563504,2,0,4.332082479543038,0
54,15,10,300.0,3,0,19.896400602306738,0
69,47,6,2985.6028992596694,2,1,3.669300384509196,0
40,38,5,2955.7368680371983,1,0,0.0,0
47,41,4,2807.3885707648587,1,1,23.596873470928795,0
28,23,6,7077.473560335298,1,0,35.98877614275779,0
38,54,11,5005.788170531827,1,0,20.779070241939195,0
62,63,4,1955.8780614190075,2,0,14.266025632118815,0
54,52,0,1749.2894539429153,1,0,15.231264537206192,0
30,65,6,4982.073743681111,3,0,19.81964533669133,0
49,8,9,1509.6816892306424,0,3,14.821185765026136,0
64,47,7,2679.280022093732,3,1,18.762853520683798,0
25,71,6,5349.691427770719,1,2,11.05258798187704,0
21,39,4,2727.7020846561513,4,0,13.21685311178233,0
40,67,5,2250.7753544515963,2,1,1.79692168600282,0
55,25,11,2239.921186456603,3,1,14.877271930830322,0
35,64,4,1914.651569476562,2,0,15.141231701102631,0
64,67,4,5403.005545541342,2,1,28.59682066861427,0
66,45,10,3824.892498596399,1,1,28.50498640446967,0
48,51,13,2985.409114681165,0,0,17.501267482204998,0
39,38,12,3192.058763227407,1,0,10.271935106937285,0
20,23,7,4768.126569252447,1,0,20.3609853180126,0
64,39,5,2581.9965585252794,2,0,17.55485578506086,0
69,69,7,3482.520589922256,1,1,16.72724332219559,0
43,2,8,1807.6640761692809,5,0,4.187868476411035,0
47,15,11,6312.041123087905,2,1,20.30701621815899,0
60,36,4,4249.816492689323,1,1,27.217335198777967,0
57,25,8,1163.0296787914713,1,0,14.155046071652993,0
25,45,17,2448.363338283739,2,3,16.177183163893837,0
56,26,17,2326.1215079618073,2,0,15.576527893549963,1
70,47,13,3132.0960873965014,1,2,8.072194539848185,0
60,8,7,6790.430083611219,3,1,17.494895466475374,0
45,24,4,2654.143356321156,1,0,22.57710693556043,0
47,50,10,3144.469143763781,2,0,22.169664191492707,0
32,34,7,2155.6253004036075,3,0,15.823100159971364,0
55,51,13,3727.230009451096,1,0,8.432774242164744,1
31,46,4,2230.67327965977,1,1,6.550175364386503,0
37,24,6,2111.831896432607,2,0,17.535575680149435,0
33,31,10,2579.936255128232,2,1,12.706206794242572,0
37,69,8,3617.892177510359,0,1,5.971799920970504,0
38,69,6,3137.93805624459,2,0,15.392951288562365,0
22,3,4,3362.730424460247,2,1,29.559766046103434,0
58,51,12,4979.637128165237,0,1,6.9852819653357034,0
43,35,7,1206.326257561569,1,1,8.313522245070766,0
72,1,8,3751.860029620229,1,0,18.237187778970167,0
28,46,5,5559.809822546858,3,0,5.1516885147616645,0
56,2,8,5453.670203656893,1,2,14.387492043933634,0
28,23,9,3755.6530950413526,1,2,11.985047835295486,0
49,50,7,4626.725899354898,1,0,23.74899672036282,0
45,58,8,5682.415274084769,0,0,19.807113821749603,0
43,30,9,2077.3925730866463,1,0,10.406535290271687,0
55,58,11,2790.372265047542,5,0,17.511211292166394,0
65,60,6,2410.8640522991996,3,0,17.771510534371032,1
36,32,8,3061.357286157606,0,0,13.858679001415835,0
66,13,12,1953.6308269723047,3,1,33.03753085798242,0
28,47,6,2674.347199302075,4,0,16.35998910245767,0
34,1,8,4420.526057373705,1,1,33.31141317423625,0
35,64,12,2766.2792918543073,1,0,19.116139734168947,0
72,28,10,3730.606391763924,0,1,19.79948696956774,0
24,54,6,2100.745237214214,3,0,36.756931460299995,0
40,53,4,4902.413487094356,1,1,28.01158857761477,0
42,34,8,703.0256945358788,0,2,9.150221832644192,0
63,69,5,3059.425302744942,1,1,16.869910425350042,0
45,57,6,5194.216356704572,2,0,9.779564587999705,0
73,63,7,2889.6632625590555,1,0,10.325845710454695,0
60,7,10,1948.7304717619552,1,0,20.138447501964507,0
58,35,12,5489.811943724896,2,2,9.826426704806412,0
60,68,10,2155.569170104755,0,0,6.997781280754394,0
27,58,6,2958.4927213233113,3,1,13.064399388243379,0
43,33,7,2872.0252036331276,0,0,18.286089628704065,0
51,5,7,2619.3936455424164,1,0,37.451663582865876,0
29,21,10,5508.697721595625,2,2,23.37580363306425,0
24,41,4,777.6735961598501,1,0,3.4789436301936227,0
25,46,8,2264.52945408649,3,3,9.106341507240046,0
62,66,9,3278.8167215432354,4,3,13.801401225568219,1
55,7,3,4414.718135779611,1,2,22.52422655820656,0
34,29,9,1434.328183751797,0,1,19.830980261769934,0
60,20,11,4614.2317451026165,2,0,9.261602655122871,0
57,69,9,4236.80787287764,0,1,23.003762394030836,0
64,12,8,1071.4313519276384,0,2,17.50036999973178,0
69,16,4,2421.329466821652,2,1,0.19923411181690476,0
68,22,5,3029.7475624454446,1,1,7.145108599701921,0
28,8,8,5516.595801895605,0,0,30.929836065087628,0
61,46,4,5784.629389878426,1,1,17.537437312217648,0
40,38,11,4878.259064880681,2,0,19.849128864977637,0
40,40,6,2507.2399260444695,1,0,23.427901736912155,0
54,65,7,3939.254300431073,3,0,14.032518627382013,0
52,31,6,4005.2936092127406,1,1,14.283962598102718,0
41,23,12,1382.7840243482615,1,1,21.620791415528068,0
74,27,5,3180.4081051642893,3,0,8.911741569054502,0
27,57,8,6221.531479763122,0,0,5.717063991281776,0
23,38,12,1483.6932704127157,3,0,8.242408257192363,0
19,13,6,4075.0275027589646,1,1,14.990935251080142,0
64,49,8,3544.705821775775,2,1,5.202861756470824,0
41,53,7,1876.7356482434288,2,2,15.018815533238238,0
42,18,3,4799.424927254709,0,0,18.440122772522354,0
55,40,11,2516.9500959813927,1,0,22.14480202261798,0
42,41,10,5675.1871855262525,0,0,21.05470454058368,0
50,13,3,7653.124042559049,1,1,34.28983179369319,0
21,1,3,3605.9093684405498,2,1,7.593440130456778,0
26,51,9,6772.153988140233,2,0,12.92243056424388,0
71,44,7,3722.417109668712,2,0,21.652388245671773,0
43,51,4,300.0,0,1,20.530049941063886,0
27,27,8,2960.8681693849617,0,0,6.409228594502947,0
39,37,9,3395.2860778750987,2,0,17.486630117463037,0
37,70,9,6666.7767827023035,2,2,22.32424893142703,0
33,17,13,3699.4991612492086,0,1,29.158145002937907,0
34,47,3,300.0,2,1,26.788235047289497,0
59,10,8,4278.414478847678,2,0,21.50658263047641,0
24,5,7,3683.996994644032,2,0,23.770336962649935,0
35,68,10,3173.9654657854658,2,0,10.74689025724124,0
44,10,6,3490.7400379736446,1,0,24.37191083944922,0
48,47,14,5574.002591517266,1,0,29.807488365972276,0
68,37,6,3786.9544506815305,2,2,14.223851648543743,0
70,58,10,3846.6357353150784,1,0,11.920579438456413,0
34,39,1,2598.4056933856737,2,1,12.431531813576223,0
48,50,7,1225.1193878237468,2,2,13.851539741663437,0
19,64,11,3840.7035994104904,0,0,4.214193949054385,0
53,59,8,2489.993907907505,1,0,5.628376801082608,0
26,52,9,3768.4688131766347,1,0,3.6413502146675274,0
22,12,9,300.0,0,0,24.839402844221485,1
56,13,8,3692.39238394906,3,0,19.676552322384243,0
28,36,6,3397.952075771368,0,0,6.046365910849776,0
45,47,14,3613.2812690732267,1,0,20.85146239023574,0
23,48,10,3920.081448898728,2,0,16.306415700067106,0
60,56,9,4363.83314192672,1,0,20.59663388998642,0
61,8,8,4505.896518475531,2,0,24.95228007043619,0
50,13,11,3160.5236868410593,2,0,9.312844231377175,0
65,11,15,5192.31624107709,1,0,20.349389266693585,0
42,39,8,3356.29850474685,2,2,14.077073697789029,0
28,46,10,1067.6185664460586,3,0,5.434360125715713,0
26,9,9,4766.237350923303,1,0,18.74973485213679,0
30,62,6,3145.9080298651215,2,0,11.117472680686708,0
29,22,6,2833.047056411713,1,0,9.184299437826896,0
36,47,8,6158.068976152078,0,0,21.513157125138704,0
30,54,8,3104.8482423377677,0,1,21.195673749249462,0
51,3,9,4024.33135375297,0,0,6.429315685692147,0
26,62,9,5376.9355539563985,2,0,3.776906814373943,0
53,69,4,2551.0709848486317,3,0,9.935504471369647,0
37,69,12,4831.340705559528,2,1,8.212041858068975,0
57,10,9,3810.138011013425,1,0,25.873738816202888,0
47,28,5,5853.506206748641,1,0,10.10890830519579,0
69,17,12,2487.5372066444274,3,0,14.735297099627436,0
43,33,7,2353.8476015044434,0,0,16.829449715105223,0
34,70,7,4020.9539903037276,3,0,20.76869649417465,0
51,55,14,1749.3284455329317,2,2,5.595946884214646,0
55,55,8,5751.480444584682,0,0,30.983558788262094,0
43,30,3,2992.7599456425655,0,0,25.09953520202119,0
49,67,7,6604.530922893496,0,0,19.088272612020578,0
44,66,8,1708.5972152807683,1,0,19.43695206393601,0
35,58,7,5380.461199191655,1,3,2.338428456935411,0
35,58,9,3052.4050340054428,3,0,16.28590544963841,0
69,47,12,2419.5335622945818,3,0,15.484082939426207,0
56,7,10,4299.93688081742,0,2,26.887617443044412,0
23,21,10,3752.859510775784,0,0,3.8617264659968544,0
72,55,6,4510.810974417827,1,1,5.548695566441014,0
58,24,8,2234.6779005580634,2,0,17.15848688234232,0
20,13,7,711.526296139767,0,0,10.859959243414865,0
59,68,7,4670.101208327836,1,1,34.78276432154608,0
51,35,8,2293.474001624581,1,1,8.58576758829652,0
70,62,8,3593.4358391804553,1,0,27.332682018309264,0
45,21,5,4606.751512184527,2,1,0.0,0
47,26,11,3781.45406565514,0,1,20.467099759270702,0
35,25,7,3142.120531366271,1,2,25.150688015170484,0
36,27,11,2497.9196198767786,4,0,2.3597807513762223,0
53,32,5,5468.346952262081,4,0,0.0,0
65,22,7,4883.0537855434295,3,0,0.0,0
68,58,16,5573.723877544725,4,1,16.244157957199658,0
61,24,8,1499.1339913564368,2,0,12.207377793869407,0
52,32,6,2330.7648515597602,2,0,15.247413145441719,0
46,62,6,2806.471968785852,2,0,26.59780411414532,0
37,32,10,4119.231265047168,1,1,14.969985018390634,0
61,1,9,6522.4124154844885,1,0,13.197474689085995,0
36,1,16,3602.4902484721115,2,0,8.470987319079885,0
33,31,5,2727.134932992749,3,0,24.08783173086386,0
67,47,5,3948.90651561517,1,0,17.295978057701557,0
51,67,8,1044.198253107067,1,0,11.291161751617448,0
38,10,10,300.0,1,0,20.94775926872675,0
67,39,9,1366.729635160429,5,2,9.12699661555655,0
72,21,12,2750.1700448457477,0,1,9.939371177098348,0
36,32,2,4271.020647284716,1,0,17.406269194938016,0
47,32,6,5508.706677088381,0,1,5.02463369719406,0
45,23,8,5886.376643326338,0,2,4.781369765308389,0
57,2,16,5121.89825438997,4,1,13.796336511755145,0
72,6,14,1145.9345138991675,1,1,16.27036084905602,0
49,38,8,3108.811060395185,0,2,11.643117433490936,0
63,16,7,6050.433036060373,0,0,13.139436726506728,0
51,24,9,973.7692709788003,3,0,19.498620912854793,0
68,7,11,3516.1286632900824,3,0,8.339147658869887,0
41,4,9,3541.444258412411,3,0,0.0,0
39,9,6,4934.903444978483,2,2,22.575641083481273,1
42,27,4,300.0,1,1,3.2608800631026487,1
74,12,6,4588.9624450925985,3,0,7.591845308790808,0
52,17,3,1308.8427173193704,1,1,1.6752511947304143,0
26,22,14,5061.79076236399,6,0,17.014077200445104,0
20,21,9,1231.5400974875756,0,1,19.462400119062757,0
47,1,8,3698.755271135366,3,2,26.87089923884507,0
63,9,11,300.0,2,0,27.35012213654297,0
45,68,13,1638.8742181483226,1,0,24.673510749834467,0
49,48,7,4352.966497419259,1,1,15.621948000774058,0
63,9,1,2276.3264079113596,2,1,17.44034753730785,0
47,21,7,4575.197116728591,3,0,16.598683201716653,0
69,28,13,4043.6790380614843,3,1,12.476660078253826,0
54,65,9,3210.606767662815,3,0,20.462362829498016,0
59,63,8,300.0,1,2,16.82008979239372,0
62,55,2,3780.8553174393796,4,2,11.50553067015954,0
53,8,12,4759.150184652351,4,0,21.24055679572873,0
20,35,7,4404.951456585226,0,1,15.65668615435937,0
42,35,5,1960.9999662656876,0,0,18.26800073239069,0
26,46,7,3908.155978595726,3,0,9.119876456957869,0
47,60,7,3130.3510181090905,1,1,0.0,0
26,23,10,3740.675330363277,2,0,16.44305476901428,0
47,40,6,5667.381274680098,0,0,3.1610503947492106,0
37,19,8,3985.250417556784,1,3,24.06276209705304,0
19,15,3,2540.046343667299,3,0,11.725395813614032,0
25,23,7,4440.390783075303,2,0,4.586786005351293,0
46,53,7,3650.44456762808,0,2,9.818142716354105,0
22,32,5,5277.647098010149,1,0,14.023940856465902,0
66,49,10,1483.8365820228742,3,0,23.574599750196615,0
61,50,6,1368.98135956419,2,1,24.9368356880191,0
58,26,10,3046.7876046201604,0,0,15.312165337931452,0
27,68,3,361.2015371101006,0,1,9.894192284129307,0
63,4,10,2719.9053064993086,0,1,18.686157566675945,0
54,64,8,3823.40846709053,2,1,11.246977727299956,0
40,1,5,5451.198872448325,1,1,24.699918837864217,0
18,28,7,2814.3009867018745,2,1,7.440219697676061,0
48,59,6,5032.555186984346,2,0,30.718585469957265,0
63,49,11,3865.0282097773456,0,0,17.649449853266464,0
19,23,7,3234.201632254625,3,0,11.943989547227277,0
20,63,15,1706.7060803220618,1,0,22.538894522689095,0
39,10,10,2417.527617445402,3,0,19.481945918966325,0
47,48,7,2497.7716684568204,2,0,20.518041339470706,0
45,37,10,2907.4952148842412,2,0,18.327837932405142,0
42,15,10,2508.567377738492,1,1,17.614274765347254,0
32,66,6,4994.813201541898,1,0,24.270410138620583,0
21,55,5,3215.0224126170833,4,0,10.343569464120575,0
19,1,8,6408.5627187752325,3,0,23.53343392644645,0
23,7,8,1842.1637788002292,1,2,11.55165351786509,0
57,4,7,4903.208096525923,2,0,20.26812640578998,0
62,30,7,1418.4696511266852,4,2,27.24250995723025,0
42,30,9,3016.770122220951,0,1,24.613236556918405,0
22,52,9,3033.200228746119,2,0,13.969384431827,0
41,48,18,3085.951521135413,1,4,1.797123969031933,0
74,2,8,5391.957841167074,3,0,22.040267315502167,0
32,34,6,3637.483322321099,2,0,6.805329036605427,0
45,56,12,6470.646384061161,2,1,16.8358944273359,0
48,64,10,5723.017157598217,1,0,11.865237752307847,0
36,21,3,3317.761985213704,2,0,21.608581011388495,0
42,4,5,5239.2398412043185,4,0,8.955106550943244,0
44,11,4,1309.751950943129,2,1,5.535845685081155,0
45,25,5,3328.977623041279,0,1,0.0,0
58,32,13,3170.0106704723567,2,1,16.97749380074202,0
51,25,9,4225.083429768453,1,0,12.031287107960091,0
21,7,12,4536.925371512828,3,2,9.234080601886195,0
18,25,12,1945.539937775077,0,0,14.03727996335152,0
41,21,6,4165.3324193957715,1,0,17.48838448900878,0
69,35,15,5680.55153097605,2,2,19.14488285708161,0
20,6,9,4699.482888201069,1,0,3.945963581936631,0
22,57,8,4124.823679257418,0,0,20.609520256631267,0
56,30,8,4993.608243672666,2,1,21.34942191913583,0
43,23,6,300.0,2,2,0.0,0
31,65,11,300.0,2,0,19.249667870741032,0
29,53,3,6288.042224054317,0,0,20.770706498051766,0
55,10,6,4524.542522684055,3,1,10.822272301171584,0
47,11,6,3958.3849736371812,1,0,5.555083494912369,0
54,1,7,3675.384652040863,1,0,16.24186238608105,0
33,40,5,3390.039898630379,1,2,4.617022191387914,0
48,26,8,4192.161845054357,1,2,23.207931641741954,0
67,27,7,3938.1057874013763,3,1,15.276654050620946,0
36,37,5,2784.4645690347124,4,2,27.3892728094188,0
40,39,13,3865.7959834733733,1,0,10.119606331422677,0
27,1,7,3830.365060453774,1,1,20.599220194432466,0
54,8,7,2435.4773730772613,0,0,16.188044116388937,0
19,57,12,5344.844552128947,2,0,9.329980110849434,0
32,68,8,2428.5544960467723,1,0,8.177230027576705,0
58,60,6,2232.5236500695833,1,0,20.570356256578297,0
19,65,4,2705.5797718218228,0,0,22.144372523831198,0
74,33,8,1018.2076908910744,5,0,21.582165825184603,0
41,59,4,3238.721444728755,2,1,11.006173674463836,0
40,63,8,2760.9461487953304,1,0,10.910126497374137,0
48,64,8,4513.650452331558,0,1,37.22368919520463,0
54,11,1,3299.9857799765455,0,0,19.056051649188415,0
44,11,7,682.2363929069752,0,0,20.12253806363448,0
68,29,3,2713.754772037998,1,3,18.11457497876961,0
72,36,10,1082.583142047074,2,0,22.154998878414453,0
29,69,5,5168.646193356587,1,3,16.24776897240154,0
58,23,10,5254.854607799384,2,1,12.22393368507917,0
35,60,10,4124.940391833317,1,0,3.7348333574203068,0
74,64,9,4679.739568103894,0,0,0.0,0
32,69,9,3638.8710039980087,3,1,8.350887814722277,0
34,14,11,3943.852303012139,0,0,0.0,0
58,18,8,2429.132799050981,2,2,6.768555519477072,0
62,16,2,2871.5951068341064,1,0,15.432293894007557,0
25,53,12,4751.360125096725,2,1,9.831677891742498,0
49,49,6,1961.2003805521767,2,0,19.29835865129617,0
37,29,4,3731.7828608561463,1,0,9.148918777275485,0
52,7,15,2443.320403014475,2,1,18.189563203542107,0
49,37,9,2370.0747043315446,2,0,11.230847859219846,0
74,52,5,5338.66279428416,0,1,0.0,0
71,34,9,4371.916756747043,2,0,29.689817531410597,0
55,20,9,3938.8595890939496,1,0,12.01537506181415,0
56,43,9,1839.5059857274264,3,1,9.923958273159258,0
69,47,9,3502.62540688633,1,1,2.526038222260782,0
28,42,6,2970.619289481709,2,0,19.17945474127069,0
59,62,2,1438.0366124345046,2,0,22.908240647260847,0
62,23,9,4390.349587749826,7,0,10.186115555967952,0
25,44,4,4264.05475913534,3,0,11.514260461332064,0
68,61,10,300.0,0,1,20.772168863584504,0
57,16,11,3172.8724715322405,2,1,8.944614670065231,0
37,20,2,6297.134343235662,1,0,26.37578428906889,0
45,4,10,3878.4130028037875,0,0,21.410502305550885,1
45,27,4,6290.25287509008,1,1,16.919685816119305,0
70,4,12,4082.2265621759834,0,2,6.290782191683142,0
73,53,4,4405.620988514414,1,0,19.3379441117375,0
63,7,10,3158.5973762975323,2,2,4.154764072326108,0
55,50,6,2051.635180366954,1,0,17.231849406157764,0
23,42,12,1943.3724725199404,2,0,0.09231071900775234,0
70,71,8,5289.12000791537,2,0,23.098445106093635,0
25,25,4,3117.553246841486,1,1,26.43091976468468,0
27,25,10,2652.464072884896,0,0,9.111835763141128,0
21,18,10,6540.664891204067,0,0,24.067566168370977,0
72,39,8,6958.456039038863,6,1,4.117829848301492,0
46,16,8,3838.228021703717,1,0,12.855679892210189,0
31,9,7,710.8042937752052,1,0,18.222386682420858,0
22,68,7,3321.9318379154392,1,1,16.267622935210905,0
41,49,7,1820.9431723234409,1,0,13.310746792177671,0
59,9,8,1517.7756637557884,3,0,19.632472719023383,0
74,44,10,5748.95393159255,2,0,21.28333122255789,0
49,22,6,1453.464427112373,0,0,14.988272092785383,0
52,13,8,2367.5888905918473,1,0,12.9467805470923,0
65,34,6,3178.0459007659415,1,1,6.95463127944153,0
69,56,5,1606.9635557982822,2,0,12.926404247084976,0
33,1,9,2520.9694892585285,0,0,10.685150704762535,0
74,26,5,1673.4238436774197,1,0,21.882953543868076,0
47,66,7,1399.5132895288825,2,0,15.202958424725317,0
71,28,8,3290.6364856203354,4,1,24.09508722130647,0
24,8,9,3423.1924480213793,0,0,1.0325968363335125,0
23,31,4,1211.6106962357471,1,1,26.164186707747174,0
68,49,5,1321.16458668226,0,1,10.447368581802312,0
56,71,3,1347.6039833457921,0,0,22.13882169974252,0
27,45,3,1326.1393909916096,3,1,12.011955903141494,1
69,4,8,3260.892892497247,2,0,19.199990867901498,1
23,58,13,3931.247632514183,1,1,14.185834007766035,0
56,56,10,2686.299011746707,2,1,18.148386147890875,0
29,47,11,5619.196357037785,0,0,15.702315646327385,0
22,64,10,5753.18822454504,2,0,27.955265426428724,0
63,55,11,426.8715303094332,0,0,13.40112576897704,0
66,17,3,3657.8770456288544,1,0,21.72153992922228,0
24,30,9,448.5898364530435,1,0,17.461501215395792,0
23,37,9,3658.03847129102,1,0,4.721963223121277,0
53,35,9,5198.939286316737,2,1,20.183932165241828,0
19,46,5,4071.132746863344,1,0,18.779707857566194,0
60,50,9,2039.7443028564546,0,1,6.632572970593328,0
70,8,6,5423.685162537658,0,0,0.5900017143627068,0
60,41,8,2153.481010132934,2,0,20.043859488762546,1
31,3,7,3851.9727163307343,3,1,15.854227806716818,0
28,37,8,1859.4726870388545,1,2,11.487688954187101,0
56,30,8,4011.021362116092,1,1,13.854671683657875,0
21,15,6,2976.111680018656,2,0,21.596121876775392,0
48,71,5,423.5703915750719,3,1,8.032432318901034,0
43,19,10,2788.4829742266174,1,1,10.885649263779698,0
60,4,8,4696.260472031014,0,0,16.640577707549674,0
29,26,6,5607.429779977219,2,2,19.113454736205554,0
61,54,4,2798.970033806704,2,0,18.031638197851535,0
57,1,10,5335.344447447891,1,1,33.51565260527384,0
31,35,3,2547.167941363231,1,0,18.663179331087363,0
38,30,9,7197.777781508189,3,1,23.046056181517017,0
21,62,2,2221.73746531206,3,1,0.0,0
43,1,5,3601.7954294810806,0,0,30.50452933201263,0
32,2,7,1331.387494806359,0,0,24.657272687642543,0
24,41,4,3108.8218093123614,0,1,1.5921228326425165,0
49,13,14,4568.376789942158,2,0,4.39689963038548,0
50,50,7,8564.937150535301,2,1,13.702822719970753,0
22,20,5,2288.0416799316863,4,0,17.34753123198291,0
28,40,8,300.0,2,0,21.104776675657142,0
22,3,10,5596.18781873547,1,0,19.51602603630507,0
56,50,7,3587.3452134276445,1,0,5.278223977098216,0
37,37,9,5908.287471805183,1,1,16.694516970471298,0
22,1,7,1476.499627151794,1,0,21.439485372903388,0
28,19,5,7118.479678356162,3,0,13.21861613646321,0
73,5,7,2428.29250695884,0,1,13.320038009102253,0
32,4,5,3148.0472900077802,0,0,22.89224577312381,0
57,50,10,3686.4357266237025,2,0,9.544976820059144,0
44,31,11,1464.9561049516594,6,0,9.390002150532787,1
28,58,8,2872.2902096519056,2,0,20.798110249448076,0
35,19,12,430.31953564726655,2,0,12.274832557654687,0
18,51,7,4616.611266791672,1,0,22.18476355569833,0
60,44,6,2681.637086582151,1,0,6.562435588931651,0
37,48,8,300.0,1,0,12.695233490223833,0
46,59,9,2811.407481077978,1,1,11.874866348951722,0
26,51,4,4017.7667786335533,2,1,26.678791051348362,0
64,53,5,4067.895079638106,2,0,9.65470857453785,0
30,53,5,6586.656469097673,0,0,18.37094124884548,0
50,32,12,3828.866645747877,4,0,14.863880328257974,0
67,52,4,3051.1036003115064,0,0,12.060671201707422,0
58,60,7,3255.9953459029903,0,0,24.217190751528477,0
52,53,6,6439.769376867229,3,0,20.602412415584716,0
68,44,10,1818.300626134406,2,1,20.59825524501786,0
28,6,7,2719.0246539969276,1,1,14.088403119054442,0
72,31,10,4820.863079768246,2,0,14.275130392966588,0
49,5,8,3869.9224340023197,1,1,23.4570406147452,0
41,8,9,1536.703318953843,2,0,26.177946938027233,0
32,26,3,3935.6283630553285,1,0,12.856370311108693,0
60,33,5,6694.828757977946,1,0,11.735856744504398,0
73,38,7,3346.7691539426687,1,0,4.6085268554656125,1
57,64,5,2724.119389643937,4,1,6.746594775931435,0
19,55,8,3491.445819248016,1,0,20.01809756159512,0
44,31,9,3146.9793552081833,1,1,1.2595306687170424,0
59,24,7,7450.929158873285,0,1,19.9178024420284,0
40,51,6,5080.37573966069,1,0,12.67215349432425,0
62,20,9,300.0,2,0,7.744777771525086,0
58,63,15,5881.3757686900835,5,0,14.012291871097677,0
21,56,8,2649.3067862685,2,2,7.947367292574891,0
49,49,5,3929.5859504255745,1,1,3.887048812487228,0
27,18,8,5234.807354865465,2,1,13.340452354290107,0
45,45,9,6135.4456258188275,3,1,21.357627611186516,1
39,59,11,4247.333919615827,3,0,12.487334003176061,0
63,6,7,3572.7999595227684,2,1,3.798928169130873,0
67,13,9,2824.9444353184854,1,0,23.853487748154144,0
44,37,4,3521.9846609426468,0,0,6.777341919951686,0
48,26,4,6817.731510554322,0,1,18.52371713528038,0
53,51,10,881.9819490003647,3,0,28.57477249518741,0
55,29,4,3190.0329051107756,3,2,0.0,0
54,71,9,4839.010950618648,2,2,0.0,0
62,22,9,7401.402860152924,1,0,22.583566261962908,0
73,26,9,6939.39766284183,2,0,27.8956966974875,0
65,1,6,4116.582969639751,3,0,21.769897962149315,0
25,18,8,4947.20269763833,2,0,17.41257885353287,0
45,17,6,5318.765309908496,1,1,29.733440759070557,0
44,55,10,3027.9940991551875,1,0,20.187202463841807,0
47,24,7,5111.627859425489,2,1,9.225877897692474,0
48,15,9,2684.345052663286,2,1,32.04745510900754,0
58,23,13,1254.412580771847,0,0,18.314592012621823,0
41,40,9,4787.746868919325,3,1,16.048692062973654,0
33,56,4,3577.916208266304,0,0,2.4516733321758704,0
44,70,15,5267.801973280846,3,0,24.761996814910674,0
66,4,4,4208.861726937329,0,0,8.717954933819668,0
35,60,6,2194.298777962872,1,2,7.3894850236125755,0
19,28,6,6038.786505444403,1,0,3.5073547114432984,0
73,58,12,4874.765782219246,2,1,15.546915419952379,0
29,3,12,5040.888332583926,0,1,8.999025647987942,0
52,45,11,1633.6935820995166,1,2,8.261189528112538,0
63,67,6,2413.142124556521,0,1,7.530996677944617,0
33,3,9,2729.3257281051983,2,0,12.176966302765189,0
37,57,4,3608.6706388458524,4,2,4.414029956511145,0
33,9,4,7398.938208128322,0,0,18.548352893756153,0
26,70,13,1207.8800865057015,1,1,8.552359311470806,0
26,53,9,3745.563035689835,2,1,7.675290079836157,0
28,65,4,1866.8774295134444,0,0,2.482660771463344,0
44,64,9,2012.195249117401,1,2,29.480846199414916,0
48,23,7,3013.911732371195,0,1,13.16796069380556,0
18,30,12,4442.395887893758,4,1,11.262001358119125,0
66,50,7,300.0,1,1,7.524796837851789,0
56,13,9,902.1866314668691,1,0,25.8476891742231,0
22,22,3,2604.1117627144413,0,0,17.5995805568627,0
66,8,9,3140.3825233702755,6,0,21.833261459916596,0
19,64,7,1860.519653887248,1,1,19.494527486927645,0
49,18,7,2887.9605660291627,3,2,20.54155655768342,0
44,30,11,2825.349099293985,0,4,11.872646952364798,1
46,33,8,4545.099454123145,3,0,20.269300809490282,0
72,27,6,4031.4429136295485,0,0,22.548827516712443,0
70,56,4,3403.0198904966505,2,0,21.250586531317822,0
33,65,9,5674.123327895477,1,1,20.884630834627195,0
51,41,7,5070.803505670222,4,0,14.927656829895897,0
72,60,3,3053.6071801284506,1,1,13.412184189313326,0
59,8,12,1158.0832464774712,2,0,19.5749288532938,0
68,69,8,3166.124372966096,3,0,18.63170368314408,0
42,9,9,919.5829229978135,3,0,15.82674048821508,0
34,5,5,4572.292087423828,3,0,22.47799897923792,0
47,2,9,7006.77790379199,2,0,17.11805010236245,0
64,18,13,4240.389014366975,1,1,7.617710456313846,0
70,60,5,5159.284908031834,1,2,7.063605019950838,0
57,22,10,1814.434857064369,1,0,18.862372579852753,0
58,57,5,3844.212790594702,0,1,10.64291875127493,0
47,31,3,3211.1591542829306,1,0,28.750148960653775,0
36,8,12,1949.033498204916,3,1,16.285307816353,0
42,34,8,3233.2239827839076,1,3,9.160028525302117,0
46,17,7,1459.0130075573616,1,0,5.350688899397898,0
64,21,7,5081.473602650313,1,0,25.65100173346805,0
49,37,11,2658.85196610701,1,1,2.2901884139015287,0
63,57,7,1970.3332543361819,1,0,15.591104821812406,0
19,42,13,3860.931206253538,1,1,19.07916213693931,0
61,16,8,4789.726715725292,1,1,1.3014034569035875,0
46,51,6,5330.88089751848,2,1,5.691222428233278,0
74,50,5,2252.763613278067,0,2,8.252998310726275,0
44,17,8,3517.860202524659,0,2,31.770992414889214,0
45,61,11,5417.999992294497,1,0,14.730423787325426,0
25,60,9,1637.217357152655,2,0,17.842960570472638,0
63,43,7,3649.265761163171,1,1,28.442556622489427,0
57,22,4,3641.3877798178432,2,0,12.413322633679742,0
67,26,6,1731.4856141194473,1,0,0.0,0
23,32,7,5533.801709437058,1,0,0.0,0
30,14,13,2968.583182470732,0,0,6.814117798878518,0
67,22,7,5850.234916773774,1,1,20.166740887932264,0
20,10,5,1604.5868524384234,3,2,27.98846230087021,0
46,11,5,300.0,4,2,19.594912138832253,0
41,53,3,2504.697542400493,1,0,9.864449457158257,0
71,10,5,4262.7060530840245,2,1,7.7297413938839,0
66,34,6,2603.102292295923,2,0,30.375257412647493,0
69,31,11,3685.4687623558534,3,1,36.60371486778899,0
34,4,3,3453.1955888631733,1,1,15.73677108529503,0
51,60,9,1893.3604457453464,3,0,20.286026120104367,0
57,70,12,8541.178901935622,0,0,16.35133450951275,0
73,46,9,3308.467422022897,2,0,12.852322888378803,0
18,48,9,2341.7144070086115,1,0,15.050146498077115,0
73,17,11,8299.564661936696,0,2,3.3540605262666094,0
38,60,11,1853.821537480496,1,2,8.296533597834284,0
25,56,7,3737.3446303707015,1,0,17.581264708645108,0
53,32,5,2498.812571967036,2,0,25.590878224260635,0
62,51,8,1346.1868601566957,1,0,15.376260900406498,0
25,68,9,5230.178945090882,2,0,36.99982859962972,0
20,43,11,3594.2253109075887,1,1,8.085768847041454,0
69,15,6,1284.3744875099592,3,0,17.03826302920017,0
71,24,10,7151.981599387655,3,1,22.513297268080404,0
26,14,10,3617.1013175617068,1,3,11.215600438429098,0
69,24,4,5934.706449943589,2,0,24.519755163720042,0
69,64,5,6074.09188489993,4,2,32.67262783759866,0
74,14,8,788.0532666688887,0,0,5.300333435097823,0
30,64,12,4929.872796543013,1,3,12.503415757394311,0
50,21,11,5503.9372883121705,2,0,3.808876316786142,0
74,36,3,3858.7202273416233,1,0,3.57471407630592,0
69,38,6,5492.899162424199,5,0,25.22464860451618,0
52,9,13,2757.7404082565213,1,0,21.38571392717752,0
29,14,8,6496.126628493539,7,2,8.69332090161744,0
22,22,13,2707.6941673299707,3,0,21.322544262402825,0
32,5,10,6472.660522742132,0,0,1.7420773199754613,0
21,54,6,4465.824119430107,1,0,15.886018930585381,0
29,39,9,4355.131295360789,1,0,12.278767492644668,0
22,61,5,1286.118269210444,2,0,16.06093877817539,0
61,62,8,6330.443977864334,2,1,11.812422235763552,0
51,25,16,1982.7079620166517,0,0,10.143411303026394,0
47,59,8,6753.459546691084,1,0,22.792916662628503,0
64,5,7,4293.318274737499,1,1,14.30024957488547,0
41,31,10,4427.97364817416,3,1,18.480114045087333,0
40,48,8,2709.0540964026072,0,1,8.695337122543659,0
29,34,7,2921.56365136376,5,0,0.5514446623496365,0
43,53,7,598.3656518883017,1,0,12.232016460392034,0
27,61,10,5132.035440777019,2,0,4.3655427452033795,0
51,31,13,4325.246893003674,3,1,12.972045614328,0
74,20,11,6556.4639535929155,0,1,22.549816251555875,0
48,42,8,3144.7247896408217,1,1,9.050396803170695,0
35,62,7,7359.080107752783,3,3,26.395141575902436,0
57,71,9,1795.6860107168632,0,1,16.752333107108846,0
64,58,9,4182.889752856651,3,0,33.1571456736406,0
44,18,11,4911.385585914233,2,1,15.523480545756824,0
32,15,7,4581.698580719056,1,1,18.86356860434258,0
58,41,7,2962.2010288886977,1,1,0.0,0
28,29,3,1195.1304927634646,2,1,9.380007389683524,0
74,44,10,3707.97193889374,3,0,11.267471354302538,0
36,66,8,2680.706988864509,1,1,28.540925993464697,0
37,39,6,7080.308625507861,2,0,8.747792544466341,0
59,26,7,4637.760788944477,0,1,24.532992056366908,0
18,62,5,3891.9057955076596,2,0,25.994492918787405,0
29,32,5,6279.191072057236,0,1,6.709063057106524,0
25,43,9,5044.059652233785,1,0,19.958823944918205,0
40,10,3,300.0,2,0,15.276981544126786,0
49,37,13,5465.78386051915,2,0,19.938073628208816,0
28,31,6,4489.82080133845,2,0,15.888589804433039,0
37,9,7,4401.341501429364,2,0,12.115466550095665,0
62,16,6,3629.9300784728525,1,2,5.773170448522572,0
71,50,6,2727.0632387999217,0,0,22.769554154822274,0
18,13,13,1753.5070181644558,2,1,4.469651689411519,0
53,10,8,5123.974837734582,2,0,22.45592983187255,0
19,5,12,2771.3311910727207,2,0,10.655196300906708,0
47,2,5,2407.169131479627,2,0,27.229882074915643,0
68,31,9,9164.79498569302,1,1,23.15058895300833,0
63,35,6,2780.317016726656,0,1,22.359352812072565,0
31,45,7,2468.3245226534004,2,1,15.69390698303818,0
32,41,5,4736.575604383636,3,2,19.84710031910771,0
62,39,7,3042.6060794398136,1,0,15.710590472275474,0
64,71,7,6266.41486213485,1,1,15.02886502080903,0
34,18,13,4554.3294421701,2,0,23.725552589909107,0
18,51,3,3871.4311068998636,2,1,15.655899847377432,0
43,6,8,5001.261307794227,0,0,16.74212947786053,0
53,61,11,4330.966125771527,1,1,28.08088262980955,0
43,26,6,2202.9288725363467,1,0,28.143702790675214,0
71,25,10,4232.601498986529,2,0,0.6916785458100669,0
64,10,12,1442.006203284196,4,2,0.0,0
62,37,7,1332.3293375524308,0,1,23.589252982795927,0
19,29,2,2463.696128173404,2,0,25.136241071961145,0
66,70,6,3126.9115952459865,0,0,10.915698751043214,0
61,13,8,3738.701232402262,1,1,26.279802159864055,0
40,30,8,300.0,1,0,9.600407051883089,0
51,64,5,2762.739002487131,1,0,11.459658420082675,0
64,58,10,765.6554804307466,1,1,27.12181592752995,0
69,55,7,4598.681149868282,0,1,8.376155642786454,0
49,38,8,2702.0395644168066,2,0,13.229454564950865,0
20,62,5,3112.708434670983,2,0,14.83123425347773,0
53,16,8,1605.063392885762,1,1,22.870145597446673,0
56,58,3,4578.158752095276,0,1,7.522855048280451,0
21,42,7,912.0374811062788,1,2,6.838191295769004,0
64,25,6,2944.340463870235,3,0,11.747232865097402,0
29,16,7,2545.938486555912,3,0,12.041599840328292,0
68,38,12,6597.590385462424,1,0,17.795802088634044,0
49,1,11,300.0,1,0,7.437864493472714,0
36,51,5,6323.60691732843,4,1,15.250305364976137,0
21,17,10,2923.389403202942,1,1,11.175627448432635,0
19,28,10,3093.6587547304084,1,0,14.42709559314581,0
60,14,8,5725.200180753773,2,0,22.184422536566466,0
39,34,6,5146.255580747169,3,0,25.77803745424124,0
65,27,6,3876.2235118040653,1,2,16.029785289921247,0
31,14,10,4541.342909178236,1,1,26.315047023650607,0
70,64,6,338.86405606642666,2,2,3.3957415994344267,0
71,54,8,1509.8278466743561,2,0,18.185589950398327,0
23,28,14,4480.445892004891,1,1,27.410179399167195,0
54,5,6,1644.1587477166404,2,2,13.72857800724253,0
71,61,5,3597.841177513678,1,1,24.248727804244695,0
36,50,5,2830.8896216711187,1,1,14.420487690326855,0
21,40,5,1143.1116866340858,3,0,17.84680060479188,0
67,43,8,5437.81735915026,1,0,13.743258890649651,0
45,1,7,4844.982731510767,1,2,3.19688391309227,0
19,34,7,3265.2913123958065,1,0,16.26614149727944,0
65,14,12,6502.315705631827,2,0,19.439256461269004,0
56,47,5,827.9123899949209,2,0,9.072199087389823,0
22,67,8,1945.045693473376,0,0,13.497208808205235,0
32,38,7,2191.2990073505325,2,2,11.534814742652115,0
19,43,5,3002.5805999122804,1,0,20.738238763406194,0
72,48,9,3206.823064208151,1,2,21.7244770435245,0
19,66,12,5104.385836618863,1,1,12.643079898933944,0
63,3,3,7598.14999960071,1,1,9.139984872836019,0
47,23,8,4652.812962924434,2,0,23.785394762968643,1
51,20,1,3615.4957853074065,2,2,14.104353890137038,1
64,51,4,6212.676121247163,1,0,25.896094434484166,0
69,32,2,3873.6105328856656,0,1,7.5642597215186616,0
25,55,9,3657.7941135202996,0,2,17.990358806961883,0
19,34,10,4127.951714790142,3,0,8.069360176143238,0
25,70,8,4154.34087066191,1,1,9.3709064144583,0
56,55,15,5226.226826127129,1,1,22.10245350689189,0
50,2,8,300.0,2,0,5.101928034210827,0
22,71,7,4510.6073605189895,1,1,18.580305130415134,0
31,68,5,3921.9075142106863,1,0,22.213200496301347,1
48,4,11,3164.642092923102,0,1,15.856443820654052,0
59,28,7,5261.353130523193,0,1,14.448775696975249,0
37,69,13,4985.908311645194,1,1,21.00479006196624,0
72,60,14,2525.784887048738,1,0,0.0,0
74,34,6,3655.798661912332,0,0,26.78341098456905,0
61,39,10,4618.8471338531,0,0,18.653520217423885,0
43,3,11,3264.1685106695554,0,1,16.625808839614727,0
67,41,11,1960.8596861870985,2,1,12.35569964430114,0
59,48,10,3771.212028973569,2,2,17.257150543851974,0
47,26,7,6146.110504387697,0,0,28.541131210323194,0
43,22,8,3146.31722816276,3,0,22.6824209787922,0
65,59,14,4495.094297678172,3,1,5.5250671492827745,1
49,32,9,7848.875156655094,3,0,7.287462456906678,0
28,19,7,300.0,4,1,16.47110255857048,0
74,27,8,5068.301102120738,2,0,6.685560540745509,0
21,35,9,2079.7311395581028,2,1,7.263346366350115,0
57,19,8,2361.6555789027943,0,1,16.552748284015674,0
55,40,10,3002.0292841145633,0,0,16.067224383085662,0
51,62,14,2172.8939828496514,2,0,16.527497866877468,0
20,53,11,4616.071803285569,1,2,18.354838075660904,0
46,17,10,1280.857752692465,1,0,9.274958739283331,0
68,34,5,4968.110335466261,1,1,9.341872564636528,0
31,39,5,5447.323632728515,0,1,9.991996841378,0
57,49,7,623.9289570670999,1,1,29.820194614721743,0
66,54,8,812.6609747050775,2,1,8.480203155996445,1
72,35,9,2528.9615247952424,4,2,8.392091518058518,0
47,23,11,5440.896484775874,1,0,0.0,0
35,47,6,2190.512542405901,1,1,14.817257967246372,0
57,9,8,3847.5337865582096,2,0,9.99237333995439,0
45,48,4,844.7970526762956,2,1,22.350672309370033,0
53,64,5,2032.9736525673002,2,2,13.498473158956095,0
60,51,9,1605.833794157984,1,1,12.307608956946506,0
58,31,3,2069.2540035392685,2,0,15.038675837557971,0
31,59,5,3312.9543378174853,1,0,6.453548871946504,0
61,38,8,3808.9584858809067,1,1,7.180021588316083,0
48,39,5,4066.189867693348,2,1,20.464981886845386,0
71,61,8,1293.8406173749436,2,1,9.227257641027439,0
55,14,6,6023.573731176659,2,0,9.288366993306287,0
68,56,7,2994.812462165026,1,0,19.199428862961504,0
73,49,5,5636.505474775786,3,1,25.665043810869783,0
74,38,10,4914.45422732921,4,0,13.747030535880226,0
60,6,4,4630.80449471031,1,0,22.28841384494923,0
52,55,6,6003.663947036898,4,1,2.38357529144713,0
24,16,5,2165.593399128245,2,0,16.720594743148766,0
40,64,6,4503.286346824702,0,1,32.554587194713676,0
45,57,4,300.0,0,2,15.32244135270816,0
62,26,9,4025.805252921853,0,0,17.15505399367754,0
51,31,12,4401.308123069129,3,0,3.820653152370472,0
43,2,7,2078.3403044549395,2,0,7.879446854942704,0
26,36,13,3734.9949936220673,0,3,15.33119477244251,0
58,5,10,347.6718667168516,3,0,3.561044432298724,0
42,71,6,1522.4947464215077,2,0,15.97713793273008,0
20,46,10,3472.4744631312396,3,1,20.89018910824101,0
34,17,15,1204.0998928835602,1,1,6.018002212392913,0
68,58,9,7057.584940851307,0,3,11.48918095878515,0
24,2,6,4500.5741687520285,2,1,10.657852260157345,0
41,40,7,3346.5302470768493,2,1,6.597471638251225,0
47,8,11,3923.419777063961,0,1,13.520897103435566,0
22,4,8,4241.609194769495,2,2,12.955884404950545,0
27,18,7,1421.3147465547718,0,0,37.49955341765549,0
71,21,4,4423.62777244194,0,1,2.1835244472418474,0
51,52,5,4226.609991015176,0,1,7.394358756460406,0
29,64,8,2430.4441232745994,2,1,1.3566406481387077,0
27,56,2,4380.761817640062,2,2,14.9288888851215,0
42,53,8,3058.7410263908355,4,2,14.093300500940975,0
59,41,16,4441.723133343423,4,1,17.032640076965595,0
59,27,7,5685.115231613589,2,1,12.54320605799127,0
29,19,5,3466.231591333697,5,1,25.353025753016027,0
59,68,8,6878.1589302072525,2,1,17.365791911641843,0
69,38,9,2747.5154961981243,2,1,26.61837344745404,0
30,41,11,1620.9607014717385,2,0,24.697958655285476,0
19,2,11,3911.6260969987675,2,1,10.38691924542606,0
72,33,9,1651.6515706543544,1,0,3.34779785855193,0
47,49,8,4278.212992134579,1,1,20.69040275356805,0
62,36,9,1430.8805923433097,2,2,12.91941972187705,0
36,44,6,4800.083055184672,1,1,18.406703270685348,0
35,58,8,3095.730298655076,2,0,13.12164764712845,0
30,2,11,6706.405584658706,3,1,20.15406402436586,0
30,65,6,6352.6639638604165,4,0,3.327347710997886,0
44,59,7,5459.780814761125,0,1,23.11669155660345,0
24,30,11,1711.7291332670488,1,0,15.906358485124787,0
65,55,14,2013.5175342108066,0,1,13.640862467856586,0
47,5,9,3730.249540778732,2,0,24.730968320771723,0
70,22,14,4566.261491002878,2,0,5.191860578738911,0
46,8,7,3497.802431171893,1,0,0.0,0
35,46,8,3153.73191690906,2,0,9.657212167189313,0
47,61,7,4521.478019039503,2,0,16.236235669348,0
26,43,9,6109.54455527347,1,1,19.376515813134276,0
64,51,5,6840.3566064559345,5,0,24.577416632187088,0
59,11,5,6662.210339521611,0,1,25.46059693242328,0
26,67,9,326.9136196842501,0,0,17.901514159308764,0
51,14,6,300.0,4,1,20.074134153457898,0
48,38,13,4674.090837797163,3,1,4.809434803494701,0
29,49,8,5413.115205542867,5,1,19.729608857322948,0
24,61,9,5304.796903448266,0,2,19.942741679657676,0
61,67,6,5256.806246384305,0,1,20.48480999142988,0
33,43,11,5423.092987315242,0,1,1.7494423117820244,0
47,41,5,3538.850760913527,0,0,13.986208512786586,0
32,30,11,4223.87652318879,2,0,20.744934754042852,0
55,41,7,4763.949590853381,1,1,0.0,0
20,48,9,4855.291555427852,0,0,13.290561082071187,0
38,46,8,3021.6509680952713,1,0,10.375615418909796,0
49,43,7,1669.4908846393362,0,0,17.481579482949485,0
43,32,9,751.3297702589521,1,0,14.562497749168042,0
52,14,5,2805.381446185721,3,1,10.216590189433546,0
28,4,8,1294.861463106543,4,0,8.997018215450833,0
43,30,7,3463.8779996824314,0,0,16.839671633352708,0
61,29,10,5005.871155604285,0,1,6.113020607335308,0
37,44,12,4098.999224044572,2,0,13.43150289640069,0
26,64,12,3423.4532455300164,2,2,9.305883394776009,0
66,50,8,4517.216659394917,0,0,15.233630189592185,0
62,58,7,1789.1501587472656,2,1,5.385353579778462,0
56,42,9,4959.456404923491,0,0,12.842732065294427,1
63,66,6,3945.717384994443,2,0,13.37981707993061,0
62,67,9,2480.330755507387,2,0,23.134456633250657,0
60,11,14,5005.384742216574,2,0,19.782964942601442,0
47,46,6,300.0,2,0,30.075012509142585,0
19,36,6,3565.35708260965,0,0,15.583042004817841,0
52,70,9,2733.0056141073624,0,0,19.467702950982485,0
33,42,5,2191.741909650375,2,0,6.8551615560841945,0
62,2,8,2572.982932773434,1,0,27.549689457828883,0
44,15,5,4468.317570636002,2,0,27.58089693191588,0
69,10,8,2870.961429228414,3,0,15.250347217253625,0
51,15,5,5766.506312073108,0,2,21.965681789170734,0
49,7,9,1097.1268549458669,1,0,13.19436041188507,0
70,56,10,3765.161348450763,1,0,8.944985026672375,0
45,36,12,1659.1276684469653,2,0,14.80616756487011,0
39,48,13,6103.055603951051,1,0,21.89644856203206,0
39,71,9,4551.560813060404,2,1,18.230301032904915,0
67,46,5,1633.2631803001825,3,1,16.399202588797444,0
61,35,4,4695.479055005397,3,1,28.844197239804743,0
27,19,7,5719.34263810116,2,0,17.978158919872058,0
46,54,7,3185.4431868663078,5,0,30.822159265453543,0
39,36,5,3471.949877227019,0,1,21.542120690115944,0
54,54,10,4159.444128408244,1,1,19.943275686426276,0
20,2,5,3483.050834031654,5,0,21.241805367987755,0
58,12,4,5691.331459849547,1,1,10.631030653943366,0
60,10,8,3955.8236632339203,1,0,10.921060772989854,0
30,49,8,4334.216390086622,0,1,14.587051779675853,0
26,37,8,4623.339380032748,1,1,31.760185502515018,0
53,23,4,4091.3467477272134,6,0,16.97264115852266,0
32,22,9,3658.228075061414,3,2,11.387597936149323,0
71,44,6,2939.233309160303,1,1,22.36904268052001,0
62,69,12,4129.641019293657,3,2,17.066991218484645,0
72,71,5,4244.115372884582,1,0,14.73252519387852,0
48,34,10,4242.203517349042,2,0,9.268241162055055,0
71,48,5,389.976133269196,2,0,5.3191401821425774,0
18,6,8,4497.545016573959,2,0,21.133191766411404,0
34,68,4,4119.384584187785,2,2,10.595891683794706,0
18,2,10,4712.25478553936,2,0,2.951909056133312,0
56,25,4,1242.9362948326957,1,0,23.68324895895531,0
47,52,15,3378.218056596115,1,1,10.039793898729293,0
34,69,14,4199.605507546594,2,0,15.792908216067811,0
35,13,5,3812.1346556967187,0,0,11.20376188476405,0
54,47,9,4819.1003887709,0,0,28.6794404932939,0
28,14,6,3390.488930828247,1,0,11.63950684385599,0
47,4,7,899.4294492893068,4,0,25.20137052637619,0
52,31,7,300.0,0,0,27.453254815802254,1
31,41,6,1680.7063297106884,1,1,16.594467088257666,0
31,19,9,1841.1204709705517,2,2,8.696168670373345,0
38,70,3,5431.4592450254695,2,1,0.0,0
51,44,5,5561.150301821936,3,1,16.909910881392832,0
32,32,9,5198.616179375028,2,0,27.889635785617333,0
39,35,5,3389.4090321609897,1,4,9.25813091181281,0
48,33,6,609.0438336237885,2,0,24.364450853838562,0
28,8,5,2610.6800134201544,0,1,11.766830154298615,0
50,44,5,6589.894597748906,2,0,22.487151235396283,0
25,56,10,1713.420188879952,2,0,24.552367049590828,0
26,30,10,4503.712803091156,0,1,14.51864058567634,0
31,31,8,3474.4165102897323,2,1,21.18427088135454,0
34,65,8,2878.409899267283,0,1,15.388908294247942,0
19,44,8,3126.4138578522297,1,1,9.801500781886418,0
72,22,8,5168.316834632967,2,0,0.21676804711065678,0
35,1,2,584.3075049316276,3,0,2.0271922337216637,0
63,59,6,3860.8704914606196,3,0,6.25802430474957,0
69,45,5,300.0,1,0,29.088696947979408,0
63,45,10,2980.536844087623,3,0,16.9748401491424,0
65,21,7,4609.137855157738,1,0,16.368255100357356,0
23,14,9,4830.796712167734,1,0,14.615518139078219,0
39,36,7,4233.759488625388,2,1,7.25148698775017,0
60,54,9,3163.2100613834723,0,2,14.86536533229895,0
50,22,10,4501.726765627899,1,0,6.098927079970281,0
18,38,13,6715.542832214087,1,0,19.05128443638484,0
50,71,8,4448.472587344805,1,0,2.859538091551192,0
63,16,9,300.0,1,0,12.703273011188715,0
65,17,7,4128.907820116527,0,1,21.107195380018407,0
39,17,10,5478.996018609201,3,0,19.97058830776426,0
31,65,9,3818.23177845182,1,0,15.980500337320239,0
35,38,9,2220.864541336925,0,0,15.185628185162045,0
34,66,9,5747.395931725867,1,0,25.957851641383733,0
37,68,10,3296.699812258066,0,0,16.137908961241756,0
35,30,7,1246.2999667585268,0,0,9.342121967842893,0
44,4,6,3493.70755598653,1,2,18.18012914152226,0
20,22,7,5136.585309622102,0,0,14.149317718018821,0
33,39,11,3544.7409841104973,1,1,13.310427800290075,0
35,28,9,2374.073895909203,3,1,17.423480790031956,0
26,1,9,4592.427092588985,1,1,7.609254656924497,0
68,71,10,4690.477213373083,2,0,5.118383804909053,0
56,22,8,1806.0126572418667,1,0,9.853193428947694,0
69,44,11,2861.48996781636,1,0,0.0,0
50,68,7,2055.054843105184,0,2,27.47088753282943,0
24,39,11,3846.9227110786414,4,0,29.2518035726601,0
69,50,16,6524.667648301127,1,0,16.29125342244228,0
44,3,9,6106.129444579947,1,0,7.430255018796767,0
57,50,11,3598.6770119581224,1,0,20.84257321595789,0
39,61,9,679.5773344592653,0,0,18.58367108877521,0
46,66,3,3576.6905028115752,1,1,28.63950911645461,0
45,6,5,3089.15730020374,0,0,4.7952571345071675,0
34,17,6,1712.838557900625,1,1,5.54237234757759,0
49,4,6,5273.448845036288,2,1,4.231030221021099,0
59,66,8,5204.264047967243,2,2,12.325657763593465,0
19,20,11,3592.8563496056627,0,0,6.148920019279274,0
25,38,12,3161.612805599514,0,0,17.953548924474998,0
66,34,10,1802.6651030857922,2,0,31.739407007925166,0
50,49,5,4120.97893034399,0,0,26.14532896942881,0
73,64,4,4771.558128277049,5,0,2.871713571652391,0
52,23,6,4559.833913687194,1,1,18.58802648257116,0
55,57,7,3853.370725042295,1,0,17.03474042294945,0
69,21,7,6690.5644031354705,2,0,22.44167007281319,0
55,15,6,4244.936505014434,2,3,15.347519126920892,0
36,8,2,2995.1540468041417,1,1,11.85719102012554,0
48,27,5,2455.065985790347,0,0,12.214546981395278,0
31,40,11,1565.7323972268027,1,0,0.0,0
37,56,9,7371.1758701608815,0,1,12.11551818484528,0
56,61,11,4971.443391953082,3,1,13.658976212175837,0
26,38,5,5856.25733541119,2,1,21.33191134069955,0
56,30,6,3798.6958475122337,1,1,17.007882587597194,0
51,13,14,3997.0558516018846,2,1,11.201202004344001,0
35,65,8,1917.8143650022062,3,1,23.354149992913936,0
20,29,8,2987.980496068025,3,1,16.60909983073372,0
58,55,3,2944.9272490896788,1,0,4.661573788249894,0
64,45,10,1698.367598738622,3,0,9.539075930490167,0
59,67,6,4417.038503845241,1,0,9.358407931616206,0
41,70,6,10056.70215473992,2,2,15.862293680710996,0
55,51,3,1190.611108990257,3,0,7.361304366448399,0
41,47,7,4478.287571546598,1,1,22.207733886221362,0
38,10,5,2564.384183893975,2,0,17.60858599568237,0
36,2,7,4008.078253738925,1,0,12.171516921055298,0
30,39,5,6518.415706883079,1,0,14.556960946314799,0
73,51,9,419.2998877923742,1,2,11.24095373387786,0
55,53,7,1453.8354194785531,2,0,16.20881870630091,0
27,18,8,2941.9235847734326,0,0,13.117203119322415,0
67,36,11,3553.502396715942,1,1,24.170989295185343,0
26,62,10,2328.9054817722326,1,1,3.0498576640573845,0
51,7,9,3021.557044050748,0,0,10.949030881794858,0
27,28,11,5149.675802648932,3,0,16.586710248014715,0
38,68,10,1423.7221049476511,2,0,0.0,0
55,15,11,2395.610982755805,4,1,21.830345107853994,0
74,23,3,2200.116372904316,1,0,17.909345309047428,0
74,34,9,5620.860536175462,1,0,21.133441719250314,0
69,49,7,2849.34926646075,2,1,0.0,0
31,19,6,2487.2766939077715,3,0,23.26295923336189,1
23,57,10,3040.0775540910236,2,0,27.460781246214736,0
69,17,2,3562.8653955904383,1,2,19.949288932872115,0
70,27,7,5806.964796065682,2,1,24.246443651395403,0
33,41,8,4297.061718659753,0,0,16.348227279625014,0
19,1,12,6974.343233468719,2,4,17.992071918223754,0
54,55,8,2570.4973790768145,2,0,17.28649822162044,0
22,48,9,5092.877965580007,0,0,38.615182834914876,0
20,60,8,6060.450268763357,5,0,15.027653843008348,0
71,20,7,1248.1003246071318,1,0,11.916661074207987,0
46,29,9,978.5491342907812,2,0,10.981713420145535,0
24,64,10,2734.6217645140537,0,0,26.73584138833214,0
55,5,7,6768.2118146670055,1,0,11.705592249408653,0
39,35,4,3823.677792644603,1,0,20.968843601058097,0
48,35,9,4043.992641188711,2,0,11.4308353359247,0
69,32,6,3064.5091917537834,2,2,25.707352980523712,0
31,31,11,4367.109720544831,0,1,21.637354565788964,0
54,54,8,3758.9897179309705,1,1,19.855255385230095,0
65,14,11,1039.627921576332,1,0,29.527202693342446,0
42,64,12,300.0,0,0,4.908351263183437,0
73,64,7,5785.81998071747,1,1,31.44497677258464,0
43,13,5,300.0,3,0,27.229338666508717,0
44,70,8,2601.2787595353757,4,1,24.18316562290579,0
68,19,9,2449.4672761644842,1,0,16.443954530998393,0
54,4,5,3085.661369247057,3,1,24.529634841383633,0
67,29,5,3375.9361090387897,1,1,17.976925054886586,0
63,57,11,5961.6084337398,1,0,19.295936917869035,0
58,60,6,4104.423295880415,5,0,35.95785590227423,0
31,46,6,5864.599734962756,1,1,10.906168784224306,0
40,58,12,2727.249963908801,2,0,8.56299482483469,0
67,19,4,3185.941168288084,0,0,15.529559900173233,0
53,63,6,1369.2532557562263,2,0,7.238336903604319,0
33,46,12,2728.312643876036,3,2,9.111237481956405,0
36,10,5,4296.077743424076,1,1,16.18824718286483,0
62,10,8,300.0,3,1,17.4800461360213,0
28,19,20,4091.959733043719,0,1,29.53235982699718,0
24,5,8,1158.6299752584055,3,1,9.281853409822622,0
61,21,5,2186.8870809620744,1,1,18.636711685378998,0
34,71,13,5359.974527736324,0,2,2.1887663551477896,0
61,18,6,1685.1206263563301,0,1,21.401244486377557,0
48,46,5,2008.2503715263088,3,0,18.84463422267241,0
74,70,10,4868.217176230932,3,1,7.30197594649768,0
47,18,6,3703.9623392044864,1,0,17.97249397948957,0
67,50,14,540.6026304542738,0,0,10.214946404777127,0
66,32,7,2872.8297372242428,0,1,0.0,0
30,21,9,2769.252423603064,1,0,0.8466075107284148,0
74,68,8,3471.1928396473677,0,1,0.0,0
60,47,7,3716.6902093647923,2,0,17.93126818750266,0
24,32,9,2346.8090467911043,0,0,11.415772144443041,0
18,58,9,8969.795299287278,1,0,16.092378579529587,0
33,64,7,2845.323690633493,2,0,17.011814333677,0
18,56,12,4211.779054947839,1,0,14.157661656837561,0
38,62,10,300.0,4,1,13.476348378215881,0
74,23,8,2376.4991620546552,2,0,22.499567963706514,0
45,25,3,3547.201654813032,0,1,5.095103463472849,0
19,17,10,1206.5463454638975,0,0,16.03882223248183,0
46,50,5,2745.468090960927,2,0,19.00295288553192,0
30,58,5,3875.915673195162,3,0,18.966033601149263,0
66,47,6,995.3643134972745,4,2,6.275923803693681,0
23,43,7,2291.2472725510197,1,3,6.876350844367671,0
61,55,10,3531.389693146689,1,0,3.739959053286702,0
43,13,8,4666.881432823644,4,1,6.560131509587496,0
19,26,8,4649.172294931903,0,1,18.55253149339673,0
56,51,6,3496.0214577036736,0,1,19.169201887443226,0
43,4,9,3200.260822197859,1,0,11.927212832261683,0
61,65,15,6009.939766047957,0,1,12.362534497361512,0
53,13,4,6624.822108297321,2,3,5.200622048475886,0
62,56,5,6641.797817412545,1,0,24.242544037031244,1
44,44,6,3880.6058160731454,0,0,0.0,0
18,61,13,3062.0134137789223,3,0,25.074259285761077,0
25,56,8,3647.546673730568,2,0,26.01728343329814,0
44,37,7,1532.2274226123175,2,1,11.17252258657704,0
40,54,9,2369.8591774910665,0,1,18.95525596644857,0
63,25,13,2961.855113026817,2,0,21.324608766450023,0
41,42,10,4117.792705758533,2,0,14.573294859333421,0
67,65,8,4878.755173253286,1,0,13.68335549971994,0
28,7,5,6081.276849465051,1,1,20.524247753004246,0
39,26,11,6485.2875831803285,2,1,7.6650299495857945,0
61,2,8,2840.563021072719,1,1,12.644054152809831,0
25,38,12,3798.687468873561,2,0,22.419652486197258,0
36,56,9,5788.997747724083,2,0,18.991308658299925,0
60,3,11,3812.18791802358,3,0,14.771463469135131,0
51,40,2,1523.2529817275577,4,0,20.271673856182638,0
62,30,6,5311.3397053528015,0,0,10.05118673928096,0
47,56,8,2542.506715281539,1,0,14.737370968322319,0
66,16,13,994.9882854090542,0,1,27.67751353204045,0
68,12,8,2055.4856635674,2,1,34.94195481129316,0
73,7,8,4384.86160570603,5,0,12.919737185287765,0
24,29,11,3919.8843868179747,0,0,23.966270845538165,0
51,35,3,2624.352375478179,3,1,8.424746629745819,0
24,66,5,7926.237092524347,2,1,15.068058349223849,0
31,34,7,1405.4119199002503,3,0,12.657963707994003,0
35,13,8,2419.8448366581893,2,0,10.408871186437697,0
54,50,5,2990.8232303620853,1,0,23.301983307234494,0
42,5,6,1060.330302176968,2,0,14.246869959883394,0
67,25,11,2830.2570216716513,3,0,19.103205597297816,0
35,47,8,650.0102932917089,1,0,31.397041684450983,1
53,19,10,4637.280480783627,2,1,10.734988551157304,0
61,43,12,3894.5896914990612,5,1,21.271671667975955,0
73,33,11,3861.072112576853,1,1,10.458524328260284,0
31,68,5,5813.430068007701,2,3,14.122674186684264,0
59,21,7,3430.457575016839,1,0,25.225656723963546,0
22,65,4,552.4883912004534,3,2,13.735196646230866,0
48,45,12,2783.4034995337274,5,0,15.234540953169326,0
41,54,10,4896.156879255737,0,0,17.501806532903927,0
72,12,7,2041.922535393431,4,0,9.396041494624974,0
62,2,8,3748.296392200402,2,0,9.204431177564405,0
70,52,8,2101.7703561358735,1,0,24.418977634701214,0
66,35,4,1980.236634929123,2,0,24.346529147908914,0
41,22,7,3596.3600189286344,0,0,25.863984961277044,0
59,64,6,5381.344573220264,1,0,10.196296416457885,0
19,24,9,2474.417231153138,1,1,19.04681268382738,0
49,31,12,5820.7000548095875,0,4,28.926893145782266,0
20,52,10,3233.8355920198346,4,0,24.13769721396269,0
59,69,10,2651.9999100895643,4,0,8.72236735066943,0
73,64,12,1879.3074277292144,3,1,18.227004075705945,0
56,47,6,3636.082182087483,0,0,3.763503759512391,0
65,8,7,3572.053987752507,1,1,19.814704281553986,0
31,8,10,2778.677536448494,2,0,23.145448957517946,0
74,50,11,1679.1306623476207,2,1,18.982467060442215,0
49,37,11,300.0,2,2,11.63325249993653,0
56,10,10,2911.6632110329456,1,0,11.32669665759254,0
61,50,12,3448.2363755682045,1,0,24.89239648345699,0
54,67,5,6071.475336386891,2,0,9.630766556450997,0
36,5,11,3536.0241285736674,1,1,20.897066357064432,0
52,59,11,5429.441554854567,1,0,30.60886649654939,0
55,25,7,2364.0567689470104,2,1,19.188625610445527,0
66,29,7,1780.0634624129764,1,1,10.588957000136439,0
45,51,4,300.0,2,0,21.805958645247973,0
46,18,12,2912.332407981592,1,1,0.0,0
46,12,9,5357.977067125132,1,0,15.900122218364688,0
24,69,4,300.0,2,1,8.046723434618212,0
23,25,4,3316.906798705095,0,0,13.424516756752935,0
19,13,13,4725.609570748631,2,2,0.0,0
55,49,7,1333.6563731511055,7,0,23.855813959737983,0
41,16,9,4455.547085782859,0,0,4.357276061903169,0
67,56,6,2154.719282155953,2,2,15.734292012051927,0
58,6,6,6457.161283062906,2,0,18.44475465144445,1
26,37,8,1342.2318562990686,2,2,20.99509161482899,0
23,29,5,5166.995060825176,0,0,6.731980671761715,0
38,68,5,300.0,3,0,13.746401348658251,0
70,38,5,5087.885228037725,3,0,14.851331997476949,0
20,66,3,3098.970606226149,0,0,15.037323333190802,0
28,18,6,4235.62271356841,3,0,16.120700858317637,0
19,34,5,596.0619053074315,3,0,23.908556940097615,0
41,58,10,2664.513670064327,0,0,10.124392448935668,0
74,12,14,4835.831683695489,0,0,8.7385999045151,0
56,66,9,3320.1249245117324,1,0,25.427156196681388,0
46,55,4,2196.1377294197573,1,0,28.401549908726963,0
26,49,5,6057.952949753466,0,1,29.18483237589387,0
38,18,12,3563.2766579432155,1,1,14.34066380683362,0
47,59,9,4992.728115651939,2,0,14.341660329565755,0
33,60,8,749.0059112713334,0,0,9.468467656171883,1
58,21,8,3013.131792070734,0,0,10.558577543988415,0
73,42,6,1999.4012737601386,3,1,12.461810537135193,0
29,5,9,2518.609915517696,2,0,18.63439898481893,0
32,28,4,7645.474017510148,2,0,12.556917266001875,0
25,11,8,4880.368039629118,0,1,7.9505113474930775,0
59,40,6,3314.4307997470964,1,2,3.2735514264972885,0
44,39,5,2878.708605532346,2,1,27.75965894634921,0
34,38,5,943.6097482114824,0,0,14.835596297248273,0
30,49,8,1450.9479645629049,3,0,16.20931193042854,0
22,66,11,4672.3528605072515,2,0,0.0,0
45,14,7,3102.6436550798576,1,1,5.472970915381772,0
56,16,5,2641.7599991036495,1,2,19.52593605373343,0
31,16,6,300.0,1,0,3.0802787635235855,0
18,66,6,3100.362727432528,0,0,8.74187161627932,0
44,7,7,8226.650000293237,2,1,14.365962769215107,0
56,3,9,4623.2254438134005,4,0,2.5551193460225026,0
37,12,6,2643.7080404223807,2,0,21.249656459830888,0
32,55,8,3809.870251026602,0,0,14.498243254812971,0
26,42,11,2297.024271270685,1,1,11.321686613506303,0
60,66,9,6824.080377137214,3,1,15.046449730701596,0
67,15,9,5161.394766298148,2,0,11.90240176204112,0
61,28,10,3977.827016769501,2,1,25.785138781622358,0
47,40,11,2294.142195852084,1,0,21.905031386498255,0
59,6,5,4776.007480202665,2,2,35.54624935010597,0
40,66,4,4287.865009946276,5,0,14.958211608559438,0
19,58,9,4471.8213794987805,3,1,32.750083123773834,0
38,11,10,4507.606971043571,3,1,8.464406058109091,0
58,60,9,3334.7189192771375,1,0,24.878739769696686,0
54,32,5,554.0080234371744,1,0,15.565391019341044,0
74,24,10,3740.9772350217513,1,0,16.12878081525409,0
74,68,12,2570.5923095911726,2,0,16.256069667461258,0
31,37,4,1062.2774151660592,2,0,21.438578178044217,0
18,17,5,300.0,0,1,15.778706527329035,0
33,58,10,3091.694164065833,2,1,0.0,0
67,51,5,1220.1660657431075,3,1,13.138097138270922,0
64,14,11,377.9172904569773,3,2,14.445856733252276,0
23,49,15,5104.919751496609,2,0,16.235530945098986,0
27,45,10,5515.101783118169,3,0,22.330830404557595,0
50,20,9,4894.600971122176,0,1,14.133487080522347,0
55,31,7,5585.06501802154,2,0,10.277867383177625,0
73,60,10,1212.891493068043,2,1,23.813795581704525,0
61,13,4,3175.129277381201,4,1,18.513215315396156,0
30,52,9,3488.6029847118216,2,0,15.467137707669917,0
20,60,11,4126.337028694918,2,0,13.340286830099174,0
54,67,8,3610.9050725095303,2,1,12.131789418102326,0
49,24,10,523.3130774280417,1,1,9.517537683564258,0
70,19,8,2381.8891048348833,1,1,5.984083655871149,0
50,67,3,3647.6343347178836,4,1,20.294945119641966,0
46,33,11,2724.52941671738,1,0,19.68120569502664,0
35,41,4,4698.7760588351775,0,1,11.03106746978287,0
22,37,6,4296.627907502383,0,1,7.236137086909599,0
67,37,9,6628.592836419769,2,1,10.02699170251018,0
65,45,5,4477.578247816861,4,1,18.294379341706172,0
27,31,11,5629.201565850613,1,1,23.91135762856332,0
58,28,10,2097.2527311824547,1,0,5.024852277519216,0
38,29,3,6155.072850332609,0,0,20.500214309630802,0
42,47,5,5812.459171366932,0,0,26.824620868649397,0
66,59,10,3060.8937340888774,0,0,20.59691990684532,0
65,40,8,2751.4736727421564,1,0,8.93740939642335,0
28,49,8,2966.328827906241,2,1,5.849954260701711,0
35,30,13,688.7506493956853,0,0,13.510666582959145,0
64,55,10,1845.1892905439292,2,0,26.517760109510114,0
70,28,10,4382.792530578015,2,1,20.993486979160867,0
22,30,4,5692.77704437887,2,0,13.25373273033735,0
65,4,9,5021.060276759763,0,0,24.84112045437774,0
45,19,5,1718.1304557260914,0,0,11.556106905059846,0
51,53,11,5677.126470019994,2,0,11.465732502182334,0
22,7,5,5277.227068646441,0,1,13.11463501793198,0
56,16,8,3980.212493843092,4,0,5.598429321883756,0
56,56,6,5789.596450091304,3,1,9.145265057158232,0
55,62,9,7821.220233279185,1,0,2.7466439911137925,0
63,30,2,3133.6640983024135,1,1,8.021654245968282,0
71,29,4,2832.059264300236,2,0,40.33911092114211,0
66,37,6,2510.5994011518083,0,0,21.492002714011218,0
60,55,8,2815.857413489597,3,0,12.43330436754855,0
73,34,6,5031.32141552066,0,0,12.65286124308758,0
56,13,6,807.4458549761548,2,0,7.867440011074039,0
56,31,9,791.0093241248805,2,0,24.82129615905333,0
48,19,6,4246.493860878693,3,0,9.25840824331507,0
61,49,8,3196.130048991725,2,0,15.87777953678782,0
22,11,8,5453.516186001458,0,4,13.143650540190729,0
46,44,9,1021.166566899622,1,1,16.230154560070137,0
42,10,10,2697.094511135563,2,2,4.665344834390904,0
70,70,2,3107.3648064271847,1,1,17.691275772381086,0
22,46,11,4792.019858262161,5,0,5.662924337283936,0
54,10,12,3244.9210775360034,4,0,15.180024272394176,0
28,69,10,1967.447403787083,1,0,25.94597061377616,0
68,41,9,4231.51759091484,1,0,20.280344528577363,0
66,44,9,3511.018292356531,1,0,16.20251217776894,0
31,5,6,2570.017319255854,2,0,0.06877551440253171,0
67,14,9,1228.7403188613703,2,1,28.52696019102339,0
46,58,4,5186.766638184569,2,0,24.031043495186978,0
73,34,4,2924.286950268453,0,1,12.636405286110627,0
59,44,9,3486.5011833671265,1,0,20.042122363315524,0
19,71,12,4529.419015267493,3,0,26.92442746478114,0
29,31,9,1745.031340532891,1,0,18.53591379724166,0
41,28,3,4638.548247720049,1,3,19.28908879950337,0
30,57,6,4815.584663543171,3,0,17.158708043235922,0
25,5,7,2209.985398902144,1,0,13.161340184173937,0
73,33,10,2695.9957779678452,3,0,9.560018846201379,0
67,61,7,1994.7526469502268,2,1,16.14096065280848,0
42,17,11,2981.4589075320887,2,1,13.50265072886669,0
30,22,7,4504.265820088294,2,0,28.4412001542411,0
28,34,10,1142.8721738451213,4,1,13.618963942062452,0
70,6,6,3499.5310060374873,3,1,31.895117742405105,0
36,6,8,3916.9761871991755,1,1,6.6930969412335575,0
18,18,5,4362.585798067694,4,1,30.366600589980912,0
40,64,5,1272.9645382808917,0,0,23.260842922692753,0
43,16,7,2464.2652126958287,0,0,0.44248423223394084,0
53,52,7,3350.812317600885,4,2,10.113295325631043,0
37,31,2,2051.640307154973,2,2,9.87401808570203,0
70,54,5,628.4228831605487,2,1,7.116000966462762,0
54,24,9,5578.720543440135,2,0,21.75155745200336,0
74,63,3,2887.8734991203846,4,0,16.52823183410379,0
38,27,7,3007.159800501754,3,2,17.616356935824648,0
55,57,10,3550.4797841400123,0,2,0.0,0
38,60,8,5772.907350092696,0,1,7.799993285458024,0
57,31,6,5115.912063430462,0,0,13.549124185632628,0
60,48,7,4079.896171938563,0,1,36.657662864867376,0
36,9,10,300.0,0,1,14.058620638384655,0
71,36,14,6567.414269680887,1,1,14.094645359563229,0
66,27,8,3489.4448828766026,3,0,16.58052367885813,0
68,68,8,300.0,1,1,27.6644876625245,0
30,67,9,5103.965154908759,1,0,22.2471755434515,0
58,56,11,1701.247729579503,5,0,23.31661121362616,0
24,68,8,2171.9983012461753,3,1,19.473765523094563,0
24,70,8,2001.7166417347564,1,0,8.470140792432007,0
73,55,7,300.0,1,0,28.58209690399938,0
26,43,10,2814.4469520566454,0,0,0.0,0
67,15,5,5247.776204955506,2,0,21.23623398781224,0
42,58,6,3413.3338820804183,1,0,1.0059265175576506,0
35,14,12,2519.065191883231,1,2,29.225810719985674,0
22,14,8,2306.3367279896156,2,0,12.940195823685409,0
56,63,6,2769.9168622425677,2,0,7.814121692208787,0
59,9,13,1280.3819168933678,2,1,19.802253038206864,0
44,11,1,4263.302314700043,0,0,4.2994959274038855,0
64,37,6,4966.131681698603,1,2,15.986683221498863,0
36,42,6,5077.407216731976,1,0,17.98881331012239,0
49,4,8,4731.14439275095,0,1,14.26913953750894,0
34,27,7,4339.150631572237,0,0,19.183603874598965,0
51,16,8,2929.202246343992,1,1,19.300802457004888,0
25,22,2,4500.083277279771,2,2,16.761631167093903,0
45,13,6,4026.6849621423116,1,0,27.440958559930586,0
49,49,8,663.0247268335038,1,1,7.212061613161585,0
49,34,11,2505.2071204205495,0,1,13.009322359909337,0
43,69,4,4253.7567127211705,1,1,20.922243936491935,0
54,1,7,4020.9993845996664,0,1,6.634293905773742,0
47,56,11,2350.5543301258185,1,2,0.0,0
34,65,8,2981.046338493843,0,1,17.12723529984284,0
30,35,4,2868.2351923147467,2,1,24.839780794713263,0
54,50,4,3555.291112576856,2,0,18.49423224675529,0
71,32,12,5267.661820675354,1,0,13.851102660543699,0
60,43,4,6513.3199823917275,1,2,10.522769402013951,0
54,65,11,4237.1311276390325,0,1,10.223844670441435,0
70,38,3,300.0,1,0,24.98708476735162,0
69,42,13,1696.3997870392623,0,1,33.966069866667894,0
46,71,7,3364.154107588368,2,1,20.736931060796927,0
24,36,8,5804.1645926342335,0,0,11.44353900407722,0
54,13,8,6096.404311801803,1,1,19.17149449238438,0
53,49,6,5749.757791243823,2,2,15.45628963181205,0
33,50,5,2509.7432343154505,2,1,13.573385642726246,0
66,17,7,3054.2601173531384,3,1,10.459360506993786,0
67,52,12,5268.915536115703,0,0,7.266346101101366,0
36,5,12,300.0,1,1,11.7358320604936,0
45,23,9,2329.962535414811,0,0,4.340646907561638,0
29,61,9,6279.85963714418,2,1,21.353658848102512,0
28,44,6,4196.5431371609075,2,0,23.571673094888077,0
33,44,10,3327.0071097273635,1,1,12.033545811859568,0
38,45,11,3930.0759189080513,2,0,23.283849331674247,0
33,12,8,7194.845622021312,2,1,22.56947689469934,0
26,69,6,4214.2130495443225,1,1,26.111442794722848,0
43,22,12,5226.768936743913,3,1,16.446153446099103,0
53,56,9,5458.1623509899255,0,0,16.806924051499795,0
36,71,8,8415.167205718411,2,1,0.0,0
48,18,2,3480.412007492995,3,1,19.379289441718246,0
33,46,4,4321.399756318269,1,0,6.781626092792161,0
58,4,7,4816.473515670537,1,2,6.429668593259853,0
54,46,8,1785.7971995744151,3,0,24.14860657260595,0
72,32,4,6731.3555900524225,0,1,23.206195788673433,0
21,6,9,3014.8905735809994,3,0,24.010304074945335,0
66,48,9,1883.772381940002,0,1,25.075401078042127,0
37,69,7,3976.1854706048503,1,2,20.361785232953277,0
21,6,9,1144.2562185921715,1,0,0.3217175214046506,0
57,64,4,2862.756824978501,0,0,2.7748747420944344,0
27,60,5,4215.082582860659,0,0,21.37338508437153,0
28,39,3,474.41364064424215,0,1,11.840466422273504,0
73,64,4,3874.563401666218,1,1,19.21931193140695,0
30,22,5,1367.277212028263,1,0,16.278766533543536,0
49,52,7,3751.9666982701465,4,2,8.294450300375143,0
29,50,5,3849.053291242817,1,1,4.810718592447413,0
25,42,11,3440.444912743818,1,1,6.7954721201886645,0
18,60,6,3421.870908030174,1,0,20.520659309647254,0
18,63,13,5690.621156925612,1,0,5.828935175581451,0
45,56,9,300.0,3,0,0.0,0
42,42,5,3250.989887801071,0,2,20.340212220522375,0
20,70,13,4509.676390981519,1,1,20.218211862601517,0
37,40,9,6726.11040213086,2,2,17.2663279891693,0
33,46,9,2464.3146857566408,1,0,3.4159184060508583,0
50,14,7,3516.021099459285,0,0,30.722468541450844,0
74,23,11,6082.123373005192,3,2,9.73345149572009,0
57,65,5,3158.8823005167005,1,1,16.23605027201885,0
70,36,11,5442.222056302541,0,1,12.588853985088512,0
28,37,9,5049.5782148296075,3,0,13.660685363389355,0
30,58,10,5948.411364872545,0,3,20.447959891907068,0
60,24,0,2421.947414145444,0,0,19.498082055079358,0
35,19,3,2538.5950838018216,2,0,2.284376548291098,0
66,1,5,353.5104713106225,3,0,16.122744735542938,0
44,17,8,2488.63298007263,3,1,5.664070008323474,0
29,37,5,4023.158484317689,4,1,0.0,0
66,52,7,5641.588206062763,1,0,0.0,0
49,24,12,3964.070820828903,2,0,17.76193354926585,0
63,32,8,4409.94739177439,1,1,14.772541522207655,0
43,16,12,1703.7162872118051,0,1,19.90354571906422,0
25,58,13,300.0,1,0,18.473629698873836,0
56,38,6,5796.3875366730645,3,1,17.585422133838023,0
25,11,11,4721.896371255301,0,0,8.183944719900198,0
55,44,3,5106.315277217344,1,0,18.87548468192311,0
41,24,11,697.3631672905399,0,2,5.5741543090958405,0
63,62,1,2227.88914435273,1,0,10.899397733633304,0
67,20,12,1825.9146284656767,2,2,14.82886083443234,0
41,62,8,2831.091764482,1,1,24.58627080306143,0
68,50,5,4681.423191135545,2,0,21.39548733092631,0
24,10,10,5104.69814730361,3,0,18.911096158230862,0
24,54,10,4587.595606962737,2,0,29.39889285596913,0
74,52,7,2297.3501528290226,3,0,31.42048903530364,0
50,33,12,3371.124708826984,2,0,17.051888402367506,0
43,12,6,4284.140578014663,0,0,23.39542920390157,0
26,34,6,1204.5117612224822,2,0,15.925501182912102,0
34,44,4,2718.455918022775,0,2,15.850836680564507,0
57,10,14,3303.3558921916483,2,0,11.956889616209338,0
64,25,7,3968.451005319043,3,0,10.146071854147554,0
70,50,11,4190.730322537873,1,0,22.556146022527084,0
41,40,14,591.6225301669265,2,3,24.407141569438537,0
43,71,5,1173.1944847725554,1,1,15.62101401529178,0
27,16,7,1276.8208356970108,0,2,13.56199417612181,0
22,56,3,4803.534833033757,2,0,12.04831785727341,0
42,31,13,1823.6717762309802,5,0,14.160575874771025,0
51,16,11,2348.6943754480117,2,1,10.479845109287016,0
23,68,8,385.75296028225057,0,1,17.619192370170662,0
41,45,4,4739.887391330988,3,0,7.820337454608543,0
54,39,6,3381.408499303971,1,0,15.956424142650304,0
64,21,6,6879.621772639588,1,0,18.24066275422267,0
71,63,5,300.0,2,1,22.98339597449987,0
37,3,7,1067.578858533706,1,0,2.857758122062835,0
40,9,6,4190.140038904417,0,1,15.726379128608672,0
67,13,5,6702.830198488973,1,1,0.08808986421857945,0
57,47,15,1194.8693767970485,2,1,9.711257764670906,0
33,8,9,300.0,1,1,22.46353553058606,0
57,57,8,3313.0909244220597,1,0,16.31945288131498,0
26,14,5,2184.9272311554996,4,1,8.471441861870986,0
43,49,15,3953.558613283855,2,2,15.757716003892458,0
35,57,5,6566.279764648209,2,1,14.108981556437206,0
74,63,4,2525.997924214408,1,3,22.456065743172715,0
19,21,6,3024.2969871826,0,1,18.545487112657312,0
66,6,10,2928.128234280104,1,1,15.161888250785791,0
34,54,15,4484.6584286997595,2,1,23.315131338555073,0
20,32,12,3267.7131212999902,0,1,6.110903258761361,0
55,68,9,1779.205988917927,1,0,10.81227217137273,0
56,14,3,5404.083719810496,2,0,0.0,0
26,41,5,1053.0232813657494,0,0,35.55692439966265,0
20,9,12,2637.32160707277,0,0,6.449080950376844,0
24,35,5,2988.098233430132,1,1,12.335083900501589,0
41,1,9,953.2081785613182,2,0,0.0,0
25,54,7,5465.279499335769,1,1,21.092002882076923,0
58,43,6,2281.3104183316054,2,1,8.020082469617098,0
22,7,3,1654.8931262431306,0,0,16.929902178145916,0
62,36,7,6199.2043581983835,5,0,12.312442097469754,0
67,31,9,3892.12477968472,3,0,17.476883056212117,0
58,48,15,2209.5859794837775,3,0,10.298441152406742,0
71,36,6,3242.904643642468,3,0,30.65868105150416,0
71,33,6,3729.0781847892263,2,0,13.573000841931234,0
20,60,5,3652.265898774641,0,1,20.187699136529524,0
37,37,12,4143.293238725286,0,0,11.315407100838524,0
61,58,10,3652.8567347713956,3,0,12.152418477180756,0
37,63,8,6523.872911704655,1,0,11.446544603740193,0
60,61,8,4194.156831723225,1,0,23.48117304876868,0
62,68,5,4221.984444919978,2,0,10.84723798067036,0
74,50,5,1517.0556593666597,1,0,1.825041302639832,1
36,40,13,3465.451851995254,1,0,21.17416346203111,0
37,38,6,851.4798098275082,2,0,12.448608860173236,0
19,15,7,4776.305674209058,3,0,9.621833120152665,0
34,59,6,3886.7912698724917,0,0,0.0,0
33,50,6,3807.577036734343,2,1,21.29771268679231,0
43,63,9,5142.3083879794285,0,1,23.53387672896809,0
42,50,5,5700.5553310945415,3,0,0.0,0
66,35,10,471.5590570607965,2,0,11.814855078510075,0
62,21,6,2606.5004563853677,1,0,17.725305227752397,0
59,70,5,3665.2515227912922,1,5,15.070840994892691,0
18,53,9,1456.9434792920856,0,1,14.380724744445954,1
44,63,7,4349.556828151505,1,0,13.20026877847518,0
59,42,5,4620.989779762277,2,0,17.539606025065698,0
31,37,6,2811.167853232955,1,1,23.93435044427003,0
42,3,11,4700.837831594332,1,3,11.998375356917865,0
59,5,8,3465.2469204797417,2,0,5.619212704647003,0
63,51,8,1620.1761805005547,0,0,13.863493148085977,0
66,16,6,3212.427822694281,2,0,12.912387468705415,0
42,6,11,665.633359590569,1,0,21.26951696972001,0
40,56,10,3466.0312619621627,0,1,21.86011090788914,0
39,45,9,4664.256884991439,2,1,3.9169452157849634,0
56,8,11,4663.138483545257,1,0,3.40957630985174,0
41,36,7,3044.4711677735722,1,3,9.184281698558472,0
40,34,9,2996.410874875889,3,0,20.120353278627732,0
27,1,10,5065.391948682421,2,0,26.18280810106834,0
45,43,8,2305.390049368067,4,0,5.574278100944486,0
31,29,4,1780.9431955571442,5,1,11.454613804919324,0
47,63,6,6419.62097331804,1,0,3.337872473769025,0
68,9,13,2333.3059883967194,1,0,10.53237040109225,0
62,61,6,1384.613660989512,3,0,23.163645614813696,0
45,1,14,4243.47979932657,0,1,6.3528567441112465,0
73,55,7,1675.1000743771435,5,1,9.674820218942454,0
73,56,9,5415.560946752578,1,0,9.564921040665082,0
43,29,9,2646.148986424754,1,1,13.453841849664647,0
61,20,11,2764.1943580312764,1,0,5.076465664684795,0
37,11,12,4319.033493827521,1,0,16.031684800394572,0
68,25,6,6450.481215753669,2,0,16.065088567340386,0
39,48,9,4103.505201958488,1,0,8.51670442095914,0
32,52,12,4017.3668593742054,0,0,16.425476194362517,0
25,13,6,3456.7381140114494,2,0,3.375565809024266,0
66,1,11,6962.988328393853,0,3,1.858247702880405,0
34,40,10,4426.443919515419,2,0,23.513927862013055,1
64,42,7,1692.4244184925628,1,0,7.320418357594166,0
22,70,6,1352.261064631533,2,0,22.22660442837497,0
46,55,4,4465.916130786237,2,0,14.617945254692408,0
42,40,3,4153.973696989857,2,1,19.266064765556536,0
43,43,9,3027.3196633215343,1,0,27.357344882838362,0
27,46,10,885.3745598016599,1,0,3.907889906540822,0
22,33,4,4044.6565434923523,4,0,14.775076067068458,0
37,49,6,2394.4428815770925,2,1,11.270371498284888,0
44,14,8,1989.408886454185,3,1,11.718154150905944,0
63,59,5,5348.352113074352,0,1,15.419248569504337,0
44,62,9,2866.0478179238635,4,1,6.84286296137906,0
32,31,9,2217.4317543546963,1,0,7.829778549582393,0
32,33,6,3331.9642396653608,0,0,12.547743033526121,0
52,36,10,3053.4686560259606,2,3,5.9840412167821935,0
42,59,7,4638.2340594703655,1,0,13.598251343660056,0
69,13,11,3247.060156679681,0,0,21.45866115594001,0
43,25,12,2897.594192247381,0,0,8.472870998653423,0
50,44,5,5882.954077918824,4,1,16.607311498546824,0
21,50,16,4320.9425255555025,3,0,15.448654188441417,0
29,21,6,4987.403088984796,1,0,11.650078004932542,0
66,9,5,4977.80056982444,1,1,30.777214421290296,0
37,37,7,2862.6768547150155,2,1,18.058816063419442,0
41,46,12,3371.256364436072,1,0,8.989522583410972,0
51,55,12,3569.236968999717,0,0,17.07611903998995,0
21,1,11,6639.759026845476,3,1,17.864940502035434,0
46,2,7,356.9380214501298,2,0,16.98147653420157,0
37,28,10,3232.0403687735707,1,2,21.06916791426892,0
26,41,7,3786.0618350780064,2,0,17.37933823447091,0
41,1,8,1157.0212052473953,0,1,7.690084534398447,0
43,13,10,351.34009436041515,1,0,20.19708585963449,0
28,30,9,2417.442191992022,2,0,28.560401426894867,0
48,20,10,4070.4524075775453,2,0,25.83316230305279,0
60,51,7,4832.262176669396,2,0,0.0,0
33,3,8,5691.661150545413,1,1,9.943239137170433,0
73,64,9,4131.357485986484,0,1,16.405632626887037,0
52,13,9,2617.423418412447,1,0,7.144328966977087,0
62,32,10,3479.6704733832044,1,0,13.898623692832663,0
21,71,5,2580.107368641779,3,0,28.5653973844978,0
61,48,10,4136.559153458151,5,1,27.425923720299373,0
37,71,6,2834.292536595944,2,3,11.286727808081524,0
58,2,7,3241.4802691466266,1,1,2.6885831705328886,0
63,52,10,4569.227168131503,1,1,9.326226034269038,0
32,6,6,2051.012271147489,3,0,18.590532647168843,0
32,44,7,5382.210918952639,0,0,26.52797652222647,0
21,24,9,1264.6258620938652,0,1,26.491643774702567,0
52,56,7,3963.7573052728317,0,0,17.946810728818495,0
62,9,7,2047.7773850409715,1,0,13.40453271516542,0
41,64,10,5722.662963583686,2,0,13.9713057266767,0
27,35,10,3156.8426905577016,2,1,34.817367539746236,0
36,37,8,3577.779685064214,2,0,1.9210380533936977,0
40,41,9,3109.554041335558,3,2,20.71933633711858,0
70,3,10,4217.008758389119,1,1,9.964269236207857,0
25,23,11,3183.8304352945174,2,0,7.457052032515381,0
37,51,4,773.3581248739597,1,1,21.12937524843423,0
54,69,9,3056.467381337977,0,0,22.159873881772302,0
31,70,9,5152.691012176561,0,1,18.304061143695126,0
68,39,5,3637.4078168391884,4,0,14.118191826164187,0
69,19,8,300.0,4,1,19.505149020024405,0
39,34,9,3731.822490261673,3,1,8.38459713840168,0
60,33,5,3484.7920866820155,1,0,18.73110942006601,0
61,29,3,4631.336325928218,0,2,7.060653335736186,0
56,26,9,5018.509841157393,3,1,11.359081912737423,0
28,62,9,2111.2388014317867,2,0,10.633068000652923,0
20,28,10,3094.149685089906,5,1,10.45561516761984,0
37,3,2,1879.017203558432,1,1,15.92171700788763,0
25,52,7,3275.4119806675844,1,2,17.04989392660654,0
34,48,8,2630.3403366259386,0,0,10.050017014107102,0
54,27,12,3140.97730108097,0,0,3.004964675850667,0
51,45,9,2792.101540801822,5,1,9.980641470678087,0
29,67,5,4496.0922053358645,0,0,14.884805437463635,0
19,66,11,6716.776129176871,0,0,15.562803179219111,0
30,57,6,2919.332397164234,0,1,10.974698490063641,0
43,42,6,4624.940352370357,1,0,15.772426591301327,0
62,2,5,2491.782982735725,1,0,24.84128472686676,0
38,37,3,300.0,0,1,25.518277901936816,0
34,59,8,3803.950911843803,1,0,4.624678890817114,0
49,60,6,3821.907470111453,0,0,13.169995994052334,0
22,55,12,6747.799891567804,0,1,16.052426863457548,0
30,71,10,4517.1976120195,3,0,3.878520919276035,0
20,37,5,2854.1490771664576,2,2,28.627912564147568,0
47,8,11,366.40944347085997,3,1,16.83282725939116,0
43,36,13,3965.284973851961,1,0,11.611485183262626,0
51,23,9,5128.550302377162,1,0,25.705898674575906,0
53,60,6,8140.346443221231,2,1,20.672214754799676,0
40,56,6,3683.6595695305386,3,1,23.757353953557477,0
67,31,9,4873.503564417725,2,1,10.362834043300946,0
70,28,7,3593.08024580953,4,0,22.769224096481754,0
24,12,5,4684.693038172019,1,0,7.708080056028392,0
70,4,10,4058.720934346313,4,1,17.734697485784253,0
29,23,7,1133.4874626760434,1,1,21.878209425414862,0
32,18,7,3569.9561400234693,1,0,22.037585666058053,0
48,19,10,3031.490456276979,1,0,12.485737151709777,0
19,71,9,3812.5028207285595,1,1,2.048339853603263,0
38,49,8,5049.200641789885,1,2,11.244256101129062,0
29,40,7,4946.780620431661,2,0,26.31055434871263,0
45,13,10,2780.5691119526387,1,0,10.036632653643869,0
64,60,11,3821.0328253244184,4,0,17.63201728034156,0
70,46,8,2240.65281304764,1,3,11.35105170286932,0
30,37,6,1315.85921119847,1,1,19.00676383945538,0
49,34,11,2390.1306023114785,1,0,17.524716170642336,0
45,40,5,3090.296558002357,2,1,17.309667053845054,0
41,60,7,4232.159841629429,1,1,4.839259750631134,0
54,52,7,8633.422494545965,0,0,4.7682739665584855,0
74,35,11,4243.655476470712,0,1,8.157153005079053,0
41,48,7,1515.0073936572999,1,2,13.234735718489645,0
21,67,14,3841.088325870409,2,1,13.481838231334436,0
70,24,7,3154.987130839699,0,0,3.5527938695573766,0
71,64,6,5748.732533391173,0,0,32.92197442487611,0
36,44,7,2418.343186176263,1,0,2.5392165390265937,0
46,14,10,4141.89102904267,0,0,19.439403933691363,0
67,69,9,5472.549970033666,1,0,24.102373919760282,0
46,49,13,3384.7573916177557,3,0,11.240671520561028,0
45,28,7,2366.3883302359845,2,0,7.314266749544846,0
70,16,5,5117.965180437614,2,0,9.739936063138192,0
65,66,10,3080.7929181045147,0,2,29.57489671026503,0
46,59,11,6432.53666060849,0,0,14.803065216796943,0
27,4,9,3274.2137176761435,3,1,12.413911823749217,0
42,46,10,3284.223941337109,1,0,12.780510431619888,0
56,9,8,4584.88194170801,0,0,3.082195014803837,0
33,21,10,3906.167033398691,2,2,25.433075016817387,0
48,41,6,1431.8902791172877,6,0,11.374439722821826,0
55,18,9,2373.3294639416135,2,0,12.08988881896453,0
22,37,7,2428.5944143159672,2,2,13.04411011585876,0
50,31,4,1088.0436423177503,0,1,8.920640020839882,1
60,42,7,2098.2522265196194,1,0,6.653622967346838,0
30,57,7,3929.7742995907347,4,2,0.7824121854356392,1
49,12,7,4681.638129771904,0,1,17.106114056741127,0
58,57,10,3281.0209820510227,3,0,11.942931185071759,0
20,16,6,5062.289756517371,1,0,7.344098902110099,0
54,3,6,2008.2628217052918,1,1,23.026353416569513,0
32,32,9,6830.253755358432,0,0,23.188658744491867,0
40,22,11,5831.428970435247,0,1,0.0,0
54,14,14,4809.278237820372,1,2,11.756014440559996,0
18,31,7,4136.926643785851,2,0,7.999608265568006,0
18,62,3,443.6206131319336,2,0,18.478319569675705,0
43,42,14,6138.720311676694,1,0,12.815993383335753,0
72,52,6,2167.90891563603,1,0,25.456731798758277,0
18,11,4,3244.56821112172,1,0,1.4201666642744524,0
62,6,10,2619.259761219048,1,0,10.785039258843053,1
22,24,1,3173.0253029549226,2,0,0.23728641374298576,0
45,55,6,3478.2412903309696,1,1,10.27477658496629,0
42,63,4,7454.252441840441,0,1,5.783600176634968,0
44,8,7,3182.294078618158,3,1,19.770572805025157,0
22,34,5,3226.9941233362692,1,1,17.846443269985837,0
60,29,8,4548.896776810954,3,1,10.558484753440432,0
33,53,13,3977.500539073166,3,0,3.831844386988589,0
61,15,5,4749.265605991022,3,0,20.752368928970967,0
55,35,6,6220.180894722664,2,0,15.783196691888742,0
49,61,7,2838.6811316886624,0,0,11.8197556419811,0
35,34,10,5882.521553725484,2,1,30.757815676786667,0
55,56,8,3531.7477384119516,3,1,28.84634877700122,0
74,45,4,2430.6576907787658,1,2,16.93984936659209,0
70,43,4,2053.2430392354204,1,1,0.0,0
70,19,7,4546.941902308251,0,0,11.528492290634235,0
30,71,10,4260.893114113954,5,1,1.9819367512714425,0
51,18,16,3181.8797021047767,3,0,26.303861164985477,0
40,67,6,4335.548755249065,5,2,26.12319286726235,0
73,71,8,2582.0037201545965,2,0,14.186979508589868,0
72,37,8,6470.012481098167,3,0,21.051933385066604,0
67,62,7,2323.9492222724734,2,1,22.158272036057852,0
27,51,6,3570.649541878608,0,1,17.419866999095106,0
36,53,11,300.0,3,1,20.097098080002006,0
58,5,12,6026.904258607194,1,0,33.44016958463094,0
60,10,7,6092.217164595224,0,0,14.08259616690033,0
37,5,7,3165.46145610745,3,0,6.878880368935533,0
25,3,7,3448.5463456929147,0,0,13.706561231389847,0
25,60,11,1146.9540416118616,1,1,12.860190720704647,0
57,13,9,2667.8638186024377,4,0,19.687594714778424,0
43,1,10,3493.2562307689514,2,1,31.4365108488627,0
45,67,4,3231.4460412754383,0,0,16.990374944124884,0
64,20,7,300.0,2,2,26.91320994635369,0
18,58,8,3470.445721235213,3,0,0.0,0
61,69,6,2570.0146059559956,3,1,21.50283716321725,0
33,38,7,1212.9784824062444,2,1,12.584610782201398,0
71,66,12,1391.230289568779,1,2,18.14990968967424,0
72,69,4,1375.264956808569,4,0,25.270411011649323,0
46,11,8,4616.284306559654,2,0,25.138836513023755,0
36,11,10,6805.684924630019,1,0,11.152192143896382,0
31,27,8,9578.997445429628,0,0,23.429373864722386,0
28,40,6,2434.2850988727396,1,1,17.174047743980765,0
74,56,9,601.4990638323611,2,2,13.308107659814024,0
28,14,5,2347.263047677502,2,0,19.08983043967882,0
43,14,5,1433.5813440917086,0,0,4.99862610404163,0
45,22,8,300.0,0,0,0.0,0
56,20,7,4356.817755650821,1,2,21.24301397949153,0
66,67,12,2297.752861166611,4,1,10.204546672388975,0
49,29,5,3433.020778887015,3,0,28.908554765289974,0
61,62,7,3269.5764960168403,1,2,13.312603874945328,0
50,4,7,2395.313126545222,0,0,1.0116011565436764,0
42,8,4,300.0,0,0,12.871499885355023,0
26,58,6,1555.1713002693987,5,0,22.261455621589107,0
29,18,6,1010.9955576937696,3,0,8.67141339256401,0
42,6,5,1682.0535533805066,2,1,19.36721726487226,0
20,43,6,2285.762062634829,2,0,9.711346442327905,0
36,11,4,4010.5242863046487,0,0,21.148330205178635,0
44,5,9,2944.3564490566764,0,1,0.0,0
44,29,9,2143.8572035022216,1,0,29.12664220412173,0
64,40,4,3302.1622688284674,3,2,14.249411476099443,0
73,38,9,3279.317986277693,1,2,9.448688568712653,0
59,42,10,5543.495741262438,1,2,21.11041429798138,0
22,2,10,8459.194215471736,1,1,15.028325869630217,0
41,21,10,300.0,0,1,11.81536993634051,0
59,25,4,4485.163909291621,1,0,12.045705963371894,0
51,21,8,344.55897516025107,1,1,10.009890122318385,0
44,40,8,4392.57320442108,1,0,20.050345277556126,0
42,17,8,300.0,1,0,22.13061903050591,0
41,45,11,2675.693404535485,3,0,17.597066704210732,0
51,67,8,1554.0125973372474,1,1,13.120540830662769,0
28,47,8,3396.729105910164,1,0,31.978889700388567,0
47,28,7,1938.8747912085032,2,0,9.208874118695993,0
29,31,8,3195.0241499405356,0,0,17.143453895008463,0
56,42,9,2844.055491911482,1,0,5.105138137409117,0
67,52,8,4824.581238908624,2,2,10.468639752470356,0
46,22,4,2976.2298593929854,0,0,0.0,0
40,3,8,6760.727390539243,1,0,22.79320539485318,0
71,50,9,2562.6964220845184,2,0,0.051754111438459205,0
55,47,9,4143.046065044393,3,1,0.7875079223247194,0
42,8,6,982.0360211471348,2,0,17.436440202719087,0
19,45,10,3177.2524933334703,2,0,26.78694539677791,0
18,6,9,2227.420578579565,0,0,24.097047134410378,0
30,46,9,4815.58954503972,3,1,21.041510848792676,0
31,53,8,4112.900998017836,1,4,4.1417993089994685,0
59,2,7,3506.0764069786765,1,2,20.454067404903547,0
46,52,9,2062.1304557573276,0,0,11.201792178024299,0
74,9,9,4741.2349715129385,2,1,0.0,0
48,19,8,4141.107631493297,0,1,13.270115206610209,0
69,51,7,6008.741973315678,4,0,20.38801463371318,0
49,26,8,300.0,0,1,9.018471642563476,0
38,70,8,4577.33754430864,2,0,22.99312271349737,0
58,68,6,4244.925160481515,2,0,17.907195893287167,0
43,71,7,3222.0931892714243,1,1,7.8997162441327635,0
33,8,6,5192.980841028255,0,0,11.60516508198192,0
44,13,11,4637.356245602232,0,0,4.638405063266566,0
55,14,13,2332.7357816434687,1,0,17.39447924299674,0
39,42,9,1131.2941486934674,2,1,22.954308008341926,0
58,31,8,4280.579167549624,2,1,9.830323415853583,0
73,53,9,4796.115551893996,2,0,21.363746801323767,0
41,21,10,969.3591578858909,1,1,18.88160092725185,0
34,15,7,3178.061864382115,2,1,12.834852489098493,0
40,47,10,1708.8682779938608,0,1,0.3220963290601375,0
65,44,8,5091.6210151031055,2,0,0.0,0
28,50,13,4748.380790404494,0,1,17.109481827835086,0
73,23,7,2928.0643895777407,1,1,22.456106172985013,0
41,38,7,2677.7631382703603,3,0,17.64883512521292,0
65,66,7,4331.755007078625,2,1,5.599010237502982,0
62,44,7,3496.763737572592,0,1,16.773358625895998,0
62,67,7,2672.7773903049974,1,1,14.470777585011163,0
69,31,7,300.0,0,0,24.090712921200968,0
28,4,13,1730.9835351663435,1,0,7.864875005514766,0
51,54,8,5583.099847058419,0,2,0.0,0
23,33,6,6442.047972624372,4,0,26.52771971818293,1
35,3,8,2803.8964676116175,1,0,20.98388830700187,0
20,10,5,3857.8561300652354,2,1,14.20425060151934,0
56,23,10,3020.920387446953,3,1,11.505783172998369,0
52,14,10,2454.7510560070737,3,1,0.9386334057796795,0
60,49,6,2348.294932272872,3,1,12.557480018292537,0
28,44,9,451.26539839817224,2,0,27.957558747646818,0
36,24,8,3441.8271941790276,2,0,11.965378226749056,0
56,7,14,4024.6000042789674,0,1,14.977707218435544,0
65,6,4,2819.829430693868,4,0,21.610089203300472,0
68,68,4,5451.949246850145,2,0,0.23662354903267158,0
22,25,8,1699.6654630840596,2,0,20.00588845003034,0
40,8,5,1984.5858365940744,1,3,16.76024290192665,0
18,51,14,1154.0149756307073,2,2,26.051759981917307,0
64,62,3,6241.195415346965,2,0,11.286043865223963,0
25,9,9,1993.316684743213,3,0,23.56536579576789,0
64,68,10,3281.842881990938,2,0,4.696794008625485,0
26,52,7,1839.6862573421522,2,0,10.575294262479394,0
18,18,9,4935.29625529887,4,1,23.598175710123016,0
68,56,5,4758.300776096754,4,0,16.98935503023101,0
43,30,8,3541.0602016917105,2,0,17.39963402130269,0
42,46,7,3492.503772360119,1,0,16.25161887239152,0
54,10,9,3995.4847651259374,4,0,19.459878356311116,0
33,18,11,3956.0967441590296,3,0,25.877762655973786,0
57,55,5,4923.35957900687,0,0,19.725055789814235,0
42,58,4,1540.1103503769195,3,1,18.612771752555084,0
33,1,8,5068.8925822697265,1,0,5.405336788319865,0
40,16,8,1837.6954410488236,1,1,5.52022293306119,0
18,44,12,3493.938718247561,0,0,13.381603196291252,0
35,65,2,1996.965943962723,1,1,8.968549804168404,0
51,48,6,3403.2694514972077,1,2,11.657680297597016,0
25,51,7,3871.4574659620566,1,1,17.613310126273927,0
24,28,7,4805.950538312583,1,1,13.92242591101506,0
55,4,7,5832.523386217076,0,0,14.693163331071208,0
42,55,6,3859.4681534047454,0,1,23.71069209009847,0
25,57,5,1435.4390221770618,0,0,3.4065151169023746,0
60,32,9,2206.1421791171388,0,2,22.917239770572426,0
62,36,3,1980.1184406255957,1,0,11.848870429693918,0
19,17,11,5121.7087832905045,2,1,19.613508539959845,0
29,33,7,300.0,1,1,25.876273461828262,0
39,18,6,3302.8256693789167,1,0,15.9609263530917,0
59,30,9,3288.580274537704,2,1,18.393460685361738,0
22,10,10,5263.446909641796,0,0,21.57743596375947,0
63,44,7,2853.4483026594194,3,2,22.676798381894265,0
36,18,10,2556.4911022108968,2,0,33.79371668509814,0
25,52,9,4778.967155853561,1,2,11.775288671865788,0
67,37,5,4184.5112336825705,0,0,16.034821145035714,0
22,64,11,5994.098728343635,2,0,23.98680254244576,0
25,16,7,2993.901197441931,1,2,11.795338154680167,0
72,20,12,2575.08140161872,0,1,13.935598409961827,0
47,18,10,2254.233718396209,1,0,17.22494887267001,0
44,45,9,4487.692715091277,2,1,14.028967342680748,0
57,8,6,6133.2964631715495,0,1,6.84995064982656,0
53,49,4,365.49365184934913,3,1,17.201728943100612,0
52,59,8,4365.118353168751,3,3,36.50645540381352,0
19,48,15,3277.9215799186304,1,2,19.0344142745938,0
49,10,5,3581.103094276641,0,1,22.557441732435844,0
33,36,18,5848.090394605895,3,0,11.950848257799265,0
64,38,8,5189.686954598609,1,0,7.929300579683004,0
46,28,14,5386.969632959953,3,0,14.301578619765978,0
25,34,12,4226.564793497251,2,0,5.900654696025375,0
68,55,3,3961.6797954145522,1,1,23.61007248224999,0
34,60,7,4679.733234631738,0,0,27.544160827470712,0
33,22,6,7990.417883824778,0,1,45.0,1
71,24,8,3685.5942363186246,3,1,4.7531003936954335,0
62,15,18,3991.6354004125697,1,0,16.86265620745248,0
66,29,7,2294.4742229897033,2,2,24.045661580179313,0
55,39,16,411.2029200207189,2,1,4.270102285664649,0
69,51,6,5713.585841819537,4,0,15.031467257181125,0
24,20,10,3117.323354281069,1,0,0.26733288845532854,0
52,16,12,4650.835571270936,1,1,3.341437423445768,0
34,3,5,4050.9066620976755,2,1,8.170422820158034,0
40,7,9,6122.887313703124,1,2,14.75525782436323,0
31,4,7,2945.368486589941,4,0,25.26969835410953,0
29,15,8,1037.6936020104195,1,0,27.486403003391548,0
43,50,10,5925.915226568664,1,0,3.426389209359348,0
70,55,8,4015.182610015321,0,0,15.24084322274488,0
54,70,7,3718.0420135039035,1,1,9.433987222742925,0
37,39,10,300.0,0,2,9.78122314990204,0
42,33,10,4543.756929038899,1,1,27.050628805560336,0
48,64,6,314.82613050233476,3,1,19.68912835019506,0
31,11,15,5100.0428334244025,0,1,27.844499108495803,0
47,45,10,2927.3341064718347,3,0,25.23486942801912,0
57,59,7,4430.003120755434,0,0,12.568055417994964,0
31,36,1,3525.5161111241355,1,1,13.223374348060386,0
51,19,6,2886.977474482875,2,1,35.00099587165543,0
58,45,6,2080.201540521889,2,0,24.457307752637583,0
47,71,3,300.0,2,1,8.528305898037825,0
34,17,7,3123.993375030393,2,0,23.30766837605983,0
49,40,6,3969.553305265952,0,0,14.653403402455465,0
63,4,7,4207.420015346323,1,0,31.02298182496651,0
30,17,6,4902.279556583737,2,0,11.871215207565305,0
50,55,9,4203.344568533553,1,0,14.956078191393077,0
56,36,7,7043.936346064646,1,0,28.268720787103582,0
36,15,9,2569.075750596949,0,0,11.55268748899669,0
40,24,9,6666.080871427837,0,0,1.5099100198511426,0
68,9,8,3819.4193718553784,2,0,36.608993835688906,0
38,56,6,4635.772757180925,2,3,34.32630224978966,0
52,67,8,5228.102117777691,1,1,11.63213376399567,0
26,8,7,300.0,1,0,19.416347769665894,0
70,17,2,6495.64257354675,3,0,29.084035706452863,0
52,61,12,4443.739753844881,5,0,18.988096064373966,0
61,63,13,2213.2619163572517,0,1,3.6556752110840183,0
52,55,4,2656.2248120703835,2,1,6.230421530788986,0
38,51,8,4980.895900276932,2,1,25.719116808772817,0
37,62,10,2880.3191705078216,1,0,9.855473263025823,0
57,27,7,2298.8313951955415,1,0,16.744310757500962,0
67,64,13,3144.2175237491138,2,1,14.870843785046125,0
25,63,11,1871.295364598165,2,1,16.172349929129386,0
66,17,9,1234.4259296768364,2,0,31.8320034043588,0
65,6,9,3378.7357669578632,0,0,18.493622069902337,0
24,37,19,300.0,1,0,16.087997027963393,0
24,54,2,4277.451787545145,1,0,15.778990388432483,0
57,61,7,1569.7511017002598,2,1,14.510877895651916,0
66,11,8,7116.963082789268,3,0,21.423731531119035,0
40,27,10,4454.592621763278,5,1,0.0,0
54,55,12,5042.847331095807,1,1,18.208998005714186,0
74,5,10,780.8596671141609,2,1,12.480105073263696,0
36,52,7,5254.491428007663,3,1,22.044997639058444,0
30,21,7,398.7306201896804,0,2,18.28647374125753,0
74,2,4,2892.580130074673,2,2,11.025592816821188,0
33,18,11,470.0405487483922,2,0,12.213849588741631,0
44,53,7,3038.5727616432728,0,2,16.186160093551134,0
43,62,13,4059.424046506798,1,2,10.517757098397265,0
47,6,7,2980.6914284724044,2,0,18.810872010659278,0
33,33,8,2101.722584137102,2,1,17.26538895136546,1
56,15,9,4707.416662804456,0,0,19.329287072745267,0
57,49,11,3474.3686269080445,2,1,6.481050757726578,0
29,56,12,3231.330589994805,0,0,21.574504370019383,0
45,69,12,4047.14454052384,3,0,4.005401147135736,0
21,26,4,1470.3990252155304,2,0,25.000017117076894,0
30,22,3,5015.523221418647,0,0,11.775186007189236,0
74,22,6,5034.888980491272,3,1,21.453946465405483,0
46,55,9,2776.313921445953,3,0,13.446643154936783,0
53,32,11,4015.887956342891,0,0,19.2965882702432,0
68,2,9,3799.8436521978915,1,1,20.222701952131864,0
58,68,12,5412.787217551752,0,0,13.587819049840794,0
63,8,12,8067.479193922476,3,0,35.66654595814473,0
58,66,10,5981.021273212456,1,1,10.253174981555581,0
46,12,9,1338.7099297847913,1,0,12.703320891477746,0
54,39,9,5067.570773536856,0,0,21.16826488986805,0
34,23,9,8468.073942319226,1,0,8.531966857541716,0
68,49,14,1701.922936246038,2,0,11.242727688733934,0
28,29,11,6085.008960935363,3,0,18.80206853671714,0
68,27,7,4713.520149030593,1,2,29.11840831188329,1
68,34,13,3898.3638272712014,1,3,9.026437720685184,0
26,69,6,4000.6282091793146,0,1,16.744126095936778,0
58,18,8,2882.013815147563,3,1,24.621768278543637,0
74,16,12,831.0888763041016,2,0,13.111014220656195,0
50,5,10,5322.315972326482,0,1,2.204600455656591,0
37,53,6,416.08050496214673,3,0,14.693679262417369,0
68,49,16,3125.591571429052,1,1,18.38286294600134,0
47,44,9,3550.371900936128,2,0,16.9132994439032,0
24,2,7,2894.261127906244,0,2,7.7571209565134644,0
32,57,6,3872.9172478902274,4,3,34.528386715746215,0
56,58,10,6987.671869696836,1,1,17.282920751604127,1
43,68,9,3911.1986829078614,0,0,13.914795781556863,0
30,66,4,4008.993448944981,5,0,14.201557817972756,0
63,19,9,5304.4325382831,0,1,12.864549494526903,1
24,51,7,4427.352271484505,1,1,15.894409349589925,0
30,29,14,3734.9561981127235,3,1,2.5105980780853816,0
44,43,5,2906.1283948943537,3,3,14.58849609970478,0
20,24,8,3698.7619488907912,2,0,14.782151959594174,0
40,47,5,4496.890264688182,2,0,7.924470479663163,0
69,68,8,4488.3615001236985,0,1,19.771807219040056,0
71,47,10,1757.532684496658,1,2,26.21218033345412,0
67,66,10,965.2486222263606,0,0,18.868914502521854,0
36,67,12,4450.934411451595,2,2,3.703642919390056,0
21,9,3,2078.2816619173327,4,0,10.221543969436306,0
64,69,11,3691.9143237730655,1,0,20.463693983809023,0
39,59,8,3069.514985579969,0,0,15.698835059939931,0
60,31,5,2642.8829444092175,1,1,7.474751592767858,0
24,43,10,4484.051863306033,2,2,10.642859319532462,0
56,44,8,3667.5347084656782,0,0,19.516000760464706,0
51,56,6,5716.29017286225,1,1,22.018847975393555,0
70,57,9,4920.468049928876,1,0,10.777079970887685,0
23,8,11,1916.6675894330451,2,0,8.953999523989069,0
41,1,8,2722.4617930145278,3,0,21.10678909143027,0
74,18,9,3053.0604782830087,2,1,22.126792934951776,1
40,38,9,2338.175239361093,1,1,6.615229904579596,0
55,61,7,5612.418903201908,1,0,0.0,0
27,47,9,2631.1865269260043,2,0,9.467034980885472,0
59,10,4,3468.1441084556745,1,1,15.0608429921987,0
33,51,9,4183.437555751377,2,1,3.408816055921486,0
50,34,7,1459.606786627188,0,1,15.566424062451311,0
68,27,6,3543.9597249552185,2,1,20.550047332072737,1
55,55,11,6422.715314002065,2,1,30.157712395376976,0
45,21,8,3612.1614232227753,2,3,8.641350555871956,0
28,44,10,2915.3580292988795,2,0,9.528331416759187,0
37,13,5,4977.875807445987,0,1,20.636385922937905,0
66,28,10,4932.448339247208,1,1,16.554427635204064,0
30,40,9,300.0,2,1,13.929263770577393,0
55,45,7,3250.5941031442107,1,0,13.663303471753743,0
45,66,13,4178.421338849079,1,0,0.0,0
36,21,12,5024.138197006552,0,1,0.0,0
58,64,5,5598.960084722442,2,2,21.55638471426715,0
38,58,7,3021.7931387228714,1,0,11.48100149865861,1
34,26,3,3562.095620135608,2,0,5.3960571262046475,0
48,10,4,2305.0481235565744,0,0,1.391245125492011,0
61,19,6,5694.461712068951,2,1,8.247695760296637,0
67,47,10,300.0,1,1,18.44888832483189,0
53,57,3,969.7247996991109,3,1,20.24040344183028,0
55,44,9,6360.149267664079,3,0,0.0,0
62,52,9,3411.853243185731,4,1,8.800816688175823,0
33,8,9,2706.4159944859425,4,0,20.579063548088037,0
32,36,13,5304.214754632204,1,0,21.373680890125925,0
45,63,12,458.16675355853613,4,0,12.19348330127519,0
53,28,12,3914.2382905057534,1,1,6.733623537837456,0
54,64,7,4803.0443587249265,2,0,15.20277475411375,1
26,9,7,3623.640312933919,2,0,5.569475419115827,0
62,70,7,300.0,0,0,15.220612229410474,0
38,56,9,2814.548898766057,3,0,24.382975147061558,0
68,45,11,1727.6354242176387,1,0,22.96899046443845,0
59,44,5,6768.003473099183,0,0,5.7770076865442554,0
74,67,11,5463.781022043611,0,1,12.588801942741004,0
54,27,8,2979.295870250267,3,0,27.037884442944016,0
48,12,7,300.0,2,0,22.382526105646562,0
28,66,7,3497.490240341241,2,0,3.930400241970391,0
40,8,5,1377.977400923638,3,0,18.784937279170688,0
66,47,7,4415.392634032485,1,2,11.737844035346187,0
39,19,4,4068.528797836497,2,1,8.975560730432566,0
21,66,6,2802.139613494039,3,0,26.931374236624553,0
31,70,10,4150.113558343247,3,0,28.59050364136182,0
51,34,6,8138.932298482589,1,0,2.534459772860586,0
53,38,3,528.077302295445,2,0,22.16419217322391,0
74,33,11,1427.7537467968773,0,2,33.14113248014338,0
71,31,5,3965.2777665428653,2,0,21.83158508158309,0
48,67,13,1999.343566959774,0,0,1.1329561762259281,0
49,21,10,4205.030616507732,2,1,17.621975334209218,0
63,69,8,1163.7738067240434,3,1,12.811283625312077,0
20,47,6,3599.250779402288,0,0,1.9344566766336868,0
51,69,6,3464.517326549535,1,0,14.631290552176022,0
45,44,5,4665.721772983117,2,2,6.597302493662129,0
62,59,9,3141.1050372293726,1,0,17.074047775503075,0
63,35,10,5321.208909701465,3,0,18.577108612626716,0
55,33,11,1698.5673895832047,2,2,6.009486906225334,0
55,19,3,4088.070141641311,1,0,18.81664348495957,0
57,15,11,313.4809655366207,0,0,9.476923067972473,0
51,3,10,300.0,1,0,11.472644294612564,0
30,28,4,1024.0094606616613,2,0,25.35251725652222,0
34,71,11,7177.327460746524,1,0,0.0,0
60,67,6,6140.8968770593765,2,1,16.17252064231194,0
53,50,8,4158.324148808064,1,3,5.5565267462149635,0
31,26,7,2000.2778014429457,1,2,8.487558029402884,0
68,37,10,5105.3008269672655,2,0,18.516931894003925,0
73,54,3,582.1694709240078,0,0,16.734829315533933,0
53,1,9,300.0,2,0,7.3126928637447195,0
30,66,13,3238.116732167009,1,1,3.777432870529342,0
71,62,5,3404.3551431084807,1,1,13.655340874598709,0
31,69,4,4336.821727175396,3,1,26.8450954668762,0
42,7,6,2303.639745913432,0,1,8.493725540733449,0
66,68,13,2390.938701670818,0,0,20.22380626575599,0
47,44,3,6715.2506413955225,2,1,12.696472688283233,0
31,40,6,3188.999277627471,1,0,11.296604787335376,0
22,13,14,2504.137916515519,1,0,15.56161911407158,0
38,35,9,4185.297209062857,2,2,11.728399434029797,0
56,26,12,2605.005344127573,3,1,16.446845204501585,0
58,71,13,6714.97623173082,1,0,3.0034669173335935,0
30,25,4,4100.221767284024,0,2,5.597290318663461,0
27,16,5,2844.381423280231,0,1,17.846228643472333,0
57,68,7,2031.5292408989687,1,0,17.571206220448957,0
27,14,6,300.0,1,1,9.87028855013341,0
21,65,6,3906.98467042788,2,0,17.781769430114622,0
45,69,9,2010.6271181887657,1,0,22.480161814713462,0
50,22,12,300.0,1,0,1.1926030927202156,0
31,49,11,1321.3719710793312,1,0,16.822183973581847,0
30,57,6,5799.656355145193,0,0,10.718011690547327,0
31,39,9,3103.699400921926,1,0,10.710563611500445,0
37,50,8,3851.3520467024364,4,0,31.168567109040612,0
18,10,6,3886.694567259043,4,0,13.103709029880681,0
18,37,6,6885.005104276181,4,1,21.97109386772621,0
39,37,8,2246.125189013609,3,0,14.602815803782745,0
19,41,8,3273.2673122763085,1,1,9.87653146658415,0
36,68,5,5249.163344461011,1,0,6.866299490286744,0
51,59,11,3497.3684728548296,3,0,17.91293310258898,0
19,43,11,4073.794939536199,0,0,13.039331344341766,0
53,29,10,3203.9424804101127,0,2,28.321559522937356,0
53,29,7,2053.8188651453797,2,1,13.453429409510544,0
50,2,5,5520.642566324691,2,0,7.2439955357159,0
53,40,6,3022.83421960299,0,0,20.855046728985066,0
64,18,8,4324.734080888077,1,0,14.179230235085285,0
22,63,10,4015.1829305700076,1,0,15.324408612444435,0
27,55,3,300.0,0,0,16.96254271181534,0
36,65,8,3323.34585335081,2,0,0.0,0
57,71,7,3604.3911301372577,0,0,29.132917840568666,0
67,29,8,300.0,0,1,22.17105963387339,0
70,31,6,1112.337883186899,0,0,14.657668166423875,0
51,44,13,3047.922146922622,4,0,21.021378458844353,0
41,31,11,2606.820955593908,1,3,9.678331157884974,0
41,20,10,5125.567500703953,4,1,21.067604070694834,0
21,51,7,6233.161688318014,1,0,15.167663888108102,0
44,33,8,2393.369385957582,1,0,4.796202791818812,0
47,67,5,1900.4081570760416,2,1,10.031874937686947,0
29,16,10,3380.9701125135934,1,0,11.358434784089242,0
61,32,10,5382.555050774203,1,0,6.554819348351543,0
64,38,13,3475.0632701041704,0,1,27.25370789727453,0
35,65,12,5406.827019662111,5,1,24.929550434802827,0
70,42,8,5435.444314669417,2,1,7.039275454178117,0
24,5,6,4562.882553594185,0,1,7.260695984643198,0
69,24,10,3396.7893981589805,2,0,10.335206698632785,0
61,63,5,1552.979264149985,6,0,12.144849983953385,0
30,20,9,3817.1139733735295,3,0,0.0,0
55,25,3,2416.451794738769,0,1,12.688119129854794,1
35,11,7,6614.541954972392,3,0,25.232244548985584,0
63,52,9,5478.0367638985135,1,0,15.838343534171011,0
27,10,10,3231.511013446344,0,0,3.6561956981876964,0
31,27,9,3312.547005800211,2,0,2.3434126082455844,0
35,51,7,905.581819733628,0,1,29.020546953132264,0
29,64,9,2636.553376717259,1,1,21.566908771223346,0
36,16,15,7199.514456985172,1,3,17.82649311571301,0
52,24,7,4206.079517284741,0,1,28.657910455064258,0
54,9,2,3306.9271267748713,2,0,15.677672482356485,0
49,32,4,4256.3478791129955,1,0,25.840961987694136,0
28,71,9,2996.9920771252523,0,0,27.43813554850079,0
29,22,11,3428.2398484833925,5,1,18.043724866584398,0
70,19,10,3468.709254313641,1,0,20.560046558120014,0
32,29,10,6629.999710742478,3,0,15.164558464562313,0
23,64,10,300.0,1,0,12.773056865641014,0
43,39,3,2197.5156582950563,1,2,11.080784857640511,0
18,44,12,300.0,1,0,13.171887238545503,0
37,56,8,2686.0609225934136,4,1,12.658837230894097,0
66,51,5,3294.8158319210825,2,1,13.52024216603191,0
33,43,6,4596.343449381478,0,1,13.035105413250147,0
58,40,10,1392.9996301092187,2,1,13.935734003592241,0
45,38,13,1929.5522436404895,1,1,24.51621971141448,0
38,13,6,4684.0707678889585,1,1,0.11259301546848377,0
55,30,9,4371.964124793459,1,1,10.47282877818746,0
51,61,13,2945.974393688839,1,0,21.730602497831455,0
36,3,8,300.0,0,1,24.265651783485932,0
30,59,5,3432.876318329029,1,0,13.46529591542743,0
70,41,10,3859.687660664258,2,1,9.15703987459183,0
27,25,6,3695.824378181898,0,0,0.0,0
72,9,15,530.5818141732516,0,0,0.0,0
44,55,14,1419.9521267710993,2,0,14.70997890666649,1
74,1,4,5052.31894795797,2,0,25.07067782861575,0
38,39,10,6307.464211752758,1,1,7.210667409914114,0
50,12,15,4981.867492725399,2,0,16.63740258081101,0
53,65,15,2592.6276488473572,1,0,15.745419542642242,0
37,13,9,2885.6620315081827,1,1,15.834448215050116,0
30,58,6,1705.2042728153756,0,0,21.791638843435038,0
47,41,7,4336.243686167102,0,0,18.476110273500236,0
55,3,8,5651.521421065026,2,0,36.01346199179196,0
32,52,8,4888.6972422943,1,2,2.28675422472657,0
61,63,7,4625.066948194396,2,1,14.561907110459716,0
54,16,7,2175.1141964681383,2,0,8.708453891593084,0
27,69,7,2956.2837110210276,2,1,20.61884289076847,0
71,57,13,2601.5319204111247,0,0,13.27715195183094,0
20,53,10,4959.359766078458,1,0,10.561360910314903,0
55,24,7,3546.12206802674,2,0,18.576088779764063,0
43,9,4,5245.927670072248,2,3,19.89227753526785,0
55,31,5,4218.309927944221,0,0,17.02151216936599,0
62,58,6,1945.2464729482758,0,2,17.653998268210387,0
57,42,11,792.725685635965,1,0,4.745134029833062,0
55,46,12,7039.976633968396,3,1,12.548869297927189,0
65,56,8,2736.92975234628,5,1,0.0,0
58,25,12,3703.470713800088,3,2,16.25866513539522,0
64,3,7,6639.095991946851,2,1,7.979724535609584,0
40,63,5,4412.5049375338385,5,1,3.104229749781025,0
29,44,9,1636.8290286588688,2,1,12.559869238644072,1
31,41,17,3604.8789912651787,2,1,6.231544837465249,0
52,41,7,6155.535606566263,1,1,13.373501225630246,0
48,61,5,4132.006233426773,3,1,19.259613556532713,0
22,55,6,9567.389907709108,3,0,18.737725007715586,0
29,48,10,300.0,1,1,20.050830599904412,0
73,56,7,2801.136780496646,3,0,20.732456556118,0
59,21,7,1051.3044526792378,0,0,14.563285299329172,0
61,51,7,4800.311453768626,3,0,15.292189513808315,0
29,70,12,1184.6766062454276,1,0,18.66142138780227,0
21,17,7,2088.202214143327,0,1,20.64213348532182,0
34,41,10,2404.564503166206,2,1,13.219170027423012,0
66,49,14,3821.678083922793,2,0,25.051635308617424,0
46,37,7,3160.5609107362034,4,0,18.780238883539386,0
62,69,7,5254.140640789445,2,1,4.93493729130568,0
45,29,8,1575.7872700366158,3,1,4.172890269738,0
45,16,8,4220.387447657345,2,0,9.57657804074696,0
52,10,11,3114.1549770144175,1,0,11.833448000007548,0
72,61,3,300.0,4,0,17.114504689669776,0
42,49,3,5497.00974256808,0,1,28.652152625547853,0
51,42,9,2174.0322033507628,5,0,0.0,0
70,31,9,3766.6371617240284,3,1,11.267166975454414,0
39,30,16,1844.5516832572507,5,1,28.5847188905903,0
65,67,9,8566.722686636107,4,0,0.0,0
48,49,16,6412.482647875509,3,0,23.57351671003832,0
68,69,7,2625.188444172695,0,1,16.879673509273466,0
44,57,6,3991.9811123894015,0,2,9.304596630182939,0
53,55,10,4018.3790530063357,1,1,27.10250264400449,0
36,40,6,968.5811724022888,2,1,13.131217337790199,0
54,18,9,4645.421067035144,3,1,21.024760748271405,0
36,47,9,3573.5912618970606,4,2,13.681691643464223,0
52,51,8,5439.3039879707285,1,2,11.612634797933978,0
62,38,10,3219.223885406572,0,0,6.215788862343619,0
42,2,12,1431.5641687030034,3,1,8.160427609432102,0
42,69,9,2123.8532889044614,0,0,20.474448412673084,0
36,59,9,1310.12474647537,3,1,16.714251677428667,0
59,26,5,3764.385539034807,4,0,13.784592503389545,0
51,36,11,4795.754971510325,3,2,11.061609173943275,0
47,9,4,940.4644562620597,1,0,15.089559873214062,1
19,67,12,4190.686573269848,2,0,17.48131710352059,0
24,17,9,4803.892122889526,2,0,10.685043674389117,0
18,27,7,4310.882829223512,2,0,17.71384553877869,0
66,31,14,1054.419441324057,2,1,19.33341571418623,0
66,19,7,6556.446441236685,3,0,12.633228397814941,0
21,46,2,4129.650298089387,1,1,14.112011505983222,0
20,71,9,618.1241502405942,1,0,21.018289488070785,0
62,61,7,2466.0533358667735,0,0,7.5533917007672695,0
47,38,5,2411.4107005738333,4,0,21.53014045579436,0
35,10,8,3069.361896927864,1,2,24.246616265987257,0
53,62,14,6135.193510809316,2,1,5.306469117311856,0
31,19,10,3942.8659874298787,2,0,26.79143645795102,0
29,65,3,3238.7593982620815,0,0,18.7902117409868,0
38,29,13,6333.483100849626,1,1,11.239577012741758,0
69,37,11,4378.918142025083,0,1,15.204775525516467,0
61,32,6,7302.91980686748,1,0,26.858702224890664,0
28,33,4,3697.3318831426955,0,1,24.28948981071794,0
50,12,10,6406.211570297461,3,0,7.0913485758110735,0
68,40,13,300.0,3,0,8.177440394127338,0
72,29,8,4846.557268401714,1,0,7.287725166110549,0
61,61,11,3184.6109597241275,0,0,34.41089294614915,0
25,34,7,4006.38496358911,3,0,35.96745336921419,0
31,69,14,4279.900748180322,1,0,9.794983096978033,0
30,22,10,4693.94107316186,1,0,23.571696390510247,0
26,24,9,6458.2128071743045,2,1,18.752245453803724,0
27,3,10,4526.954756411289,3,1,20.402514845809485,0
36,53,11,3523.3143550632317,2,0,26.261536639738928,0
49,6,3,4420.300030735414,0,0,16.397497921894036,0
40,21,6,1907.017524060447,1,0,2.7084885940005705,0
41,65,9,6968.6710497640925,1,1,13.143995914769226,0
32,44,8,2338.1630211733464,2,1,20.446110552816695,0
26,40,9,4952.734301973716,3,0,15.18257531702642,0
74,58,8,5776.0442871112355,1,0,21.808325433094193,0
52,55,9,4588.029931139981,0,0,16.986552795497627,0
31,63,14,2400.8965426437644,1,0,3.765333767350789,0
64,48,6,2247.2762519004627,1,0,17.68330175093086,0
65,32,5,5589.026956853073,0,0,17.81472809984829,0
73,10,7,4238.723844998436,2,2,16.329106196337378,0
27,27,11,2719.5693049333813,0,0,10.837818136974803,0
54,51,7,2065.6993315233453,2,0,5.32096609338832,0
73,18,3,2341.9305059459093,2,2,24.970656741913427,0
63,48,13,3853.7270696191185,0,1,22.771276076904307,0
30,10,5,7857.448054282293,0,1,13.741090160563095,0
68,5,9,1320.600403824125,0,1,4.082519345789812,0
42,26,5,300.0,1,0,22.16683999576883,0
45,17,12,3566.0179902955488,0,0,10.073775313699269,0
49,62,8,2382.822945386604,0,1,4.397589081401005,0
61,27,4,2856.1414102090675,0,1,22.318197168524208,0
24,30,9,1462.9787920188248,2,1,11.723751237249532,0
48,29,12,5810.2965964313535,3,0,27.641696914639542,0
64,23,9,2638.966141357395,0,1,19.874916492064525,0
49,66,12,4376.909065988904,2,0,6.868450925914839,0
33,53,9,6323.784421278046,1,2,10.79251699683672,0
21,12,9,3092.9690816312586,3,1,13.564892468420043,0
49,16,8,2026.080718427266,0,1,27.492144684551338,0
58,6,6,3259.077076862548,1,0,11.862894838874995,0
49,19,9,3321.169286805223,4,0,25.939732950806842,0
73,47,6,4451.45578051769,1,0,15.32615153881007,0
52,67,7,3507.067448572906,0,1,12.921959914042546,0
46,35,10,3670.6545523604573,2,0,0.0,0
21,6,7,2669.7908888546763,0,0,13.923337591926195,0
49,4,7,3868.702289452851,1,0,8.332762929681007,0
27,30,8,4094.868096595086,3,1,25.065099921058703,0
59,19,5,4493.958039440304,2,0,37.23493210626563,0
27,41,10,502.774988104622,1,1,24.256849975775676,0
69,9,7,1367.2135642150438,3,0,22.26058687938758,0
35,17,4,950.5692753285007,1,1,18.519966980605528,0
42,40,11,5217.4833957211595,1,0,14.665493163523015,0
26,20,10,1413.0627392536376,1,1,20.008832568192297,0
30,26,10,2722.8522749222047,1,1,7.158546391300348,0
70,16,3,3467.5203653893864,0,0,13.085637720958319,0
34,4,9,884.3431992351216,3,0,11.933304924681956,0
47,25,10,2592.7780236149565,5,0,6.5586758767488735,0
73,24,3,8050.871694670364,3,0,20.229412209651493,0
53,64,9,3594.4434813719754,1,0,20.271903942315134,0
20,64,4,6721.1451877552845,2,0,9.806416831665123,0
38,31,10,2609.194831189995,0,0,11.037095361721223,0
40,21,5,4644.937588655476,2,0,20.153958371047924,0
33,30,6,2667.2712717443637,2,2,11.531371968388724,0
31,44,11,3947.405081379201,3,1,11.062526219535123,0
46,28,11,4934.160025213984,5,3,18.825562802690293,0
39,54,7,2686.545844145463,1,2,23.183339557931866,0
34,69,7,4445.71747566589,3,0,23.687633120441927,0
41,29,9,2923.3828524885294,0,1,12.18926249178758,0
37,9,9,3963.414596148008,2,0,16.518874555514277,0
31,9,6,5325.145909015077,3,0,11.593126780403392,0
43,62,7,6017.680901254751,2,1,12.784923488073971,0
71,30,10,5388.440564583912,2,0,26.898452142544603,0
46,24,10,3439.262736093576,2,0,15.742221944595828,0
52,44,12,5818.997018893598,1,0,10.129810843544949,0
74,68,8,5149.559670484311,1,0,8.293403608775177,0
52,31,8,2618.6133905823376,2,0,15.642012318124172,0
30,23,13,1613.430485082949,3,1,17.36731838414344,0
40,62,6,436.1748798441763,2,0,9.250964692715456,0
45,6,9,6670.828743449963,2,2,11.458277596297645,0
45,60,14,705.9197546882133,3,1,19.601125017169316,0
26,37,7,3100.7028790871886,2,1,8.009451694508261,0
24,2,12,4200.131823025499,2,0,6.221804767994911,0
37,17,8,1343.462039813705,2,1,20.740479576997046,0
70,49,2,6512.042240631835,4,0,7.13122380370703,0
58,54,6,7806.552292016397,0,1,8.026725586267784,0
65,14,7,3745.0181350030316,2,0,19.84012115259933,0
27,47,11,3135.644793311778,0,3,28.153105935649567,0
41,71,16,2204.3431615516233,2,1,0.0,0
51,49,6,4192.987852307526,1,0,23.301024321926022,0
42,50,10,300.0,1,0,17.26075278789228,0
41,14,6,3642.2661646644165,1,0,10.377032728975658,0
38,46,3,4815.172633358614,1,3,3.6121934023838485,1
20,51,4,2397.55859311074,2,1,9.58628471914962,0
66,8,9,3947.058838714,1,0,13.888882890182533,0
71,23,4,4393.349343577656,1,0,22.30632915772162,0
22,63,3,4103.419834607635,1,0,6.881019381733633,0
41,71,3,2764.130812285753,2,0,12.5323999299144,0
47,13,11,4714.14823279807,0,1,14.203734971548496,0
62,52,13,2007.4390139678587,5,1,21.674402700867798,0
74,36,7,1662.6721120200684,1,0,0.0,0
41,42,5,2307.9034218610773,1,0,15.503010320735346,0
60,37,9,3970.2979562259143,6,0,16.26768507352054,0
71,62,9,300.0,0,0,26.53457536314626,0
65,32,10,1387.504435956922,0,0,15.232731668826768,0
34,42,5,1486.1974243172795,2,0,6.002156484454332,0
64,48,8,3758.2307621010887,0,0,8.258010178070322,0
41,40,7,2020.4976019056955,1,1,5.569400123782694,0
18,63,6,1507.5607407356474,1,1,4.219951300617845,0
61,17,9,1147.0470627733553,3,2,6.5905485223208675,0
65,68,8,1776.6751472367944,1,1,0.0,0
37,49,9,2464.9442723464986,4,0,20.047855056381465,0
43,69,11,1371.2070982508494,0,1,9.866495851486029,0
38,27,6,3817.7367277282437,3,0,20.059966133573006,0
24,34,9,3160.833800776056,3,1,19.42783643800667,0
74,4,8,5638.380821614384,1,1,12.477828910886704,0
19,66,11,6552.7671730143,2,1,8.19179896141986,0
49,58,5,3184.887853414071,2,0,22.213893971698475,0
18,22,10,4366.013602310229,0,1,3.1129492791463633,0
57,4,6,4635.860734190458,2,0,10.874237936398115,0
69,50,10,3664.1224080199004,0,1,11.375335498980114,0
54,48,13,2121.3212263570294,1,0,12.284393707971395,0
52,38,9,4139.33415613828,2,1,6.49726584291807,0
65,12,8,1201.724455315115,1,0,9.88214691267698,0
73,66,10,4197.6436194525095,1,2,18.382519551460682,0
67,31,6,3225.22925482355,0,0,22.588329212558087,0
31,52,4,3811.2675747383205,1,1,12.48197185058931,0
50,61,11,3683.300421915692,2,0,13.25762019856196,0
64,39,7,5975.825053143466,2,0,20.295539309877988,0
34,7,9,2133.9386444062775,1,1,17.594921338316567,0
56,64,10,4997.50879031233,1,0,25.226924156312926,0
19,48,1,3650.915667517497,1,0,18.578528421832203,0
68,64,6,6099.685423581917,0,0,18.0762582151128,0
53,44,9,1155.3098449964164,2,0,16.640660210801542,0
60,65,7,3305.8225843917126,2,0,16.067789231681672,0
65,62,8,4140.552792317239,2,0,21.91720542976958,0
30,16,8,3472.6064684608514,0,0,17.006577337403932,0
43,13,4,716.6648235879916,2,0,21.91712479832545,0
66,12,7,2333.740325668865,1,0,29.682325401113296,0
27,57,9,1984.1828214050454,1,1,11.12113733197121,0
64,18,9,6822.950088309062,1,1,11.9385770624573,0
34,32,6,3685.5344497219426,1,0,14.303296855811936,0
50,56,1,1665.3409486151395,3,1,17.943756695974105,0
47,31,9,4851.382258593885,2,0,26.264464822327415,0
57,5,11,2744.229492145857,2,0,26.578436502641622,0
65,26,10,5826.842858811609,4,2,13.299018606476043,0
37,7,3,2057.4081609203304,3,0,13.15947111560937,0
27,28,4,1580.7660155868725,1,1,23.593671242626698,0
42,53,12,2525.5108826632068,1,1,0.0,0
52,37,9,4392.119608017422,1,0,11.177930955431217,0
60,48,6,4387.0808167544965,1,1,11.418930268106099,0
60,8,10,5932.449279285009,1,1,0.0,0
37,54,10,7071.187515136096,0,0,26.724868154645716,0
71,31,6,4618.6485861706615,1,1,10.168182932361354,0
22,21,8,2263.904954395839,2,1,24.44525990468948,0
24,47,3,5140.387918726644,0,1,14.267933502506605,0
19,10,8,3616.5174477035325,1,1,15.559116579759332,0
70,36,9,3556.93446223391,0,0,9.458941166733425,0
28,30,8,3328.503169552716,2,0,6.995666971997714,0
52,12,2,1674.9832526081157,2,0,13.289797920687294,0
64,68,7,2044.4115494670743,4,2,15.62624115028036,0
61,26,20,1313.6912613084078,1,0,21.53162130578324,0
72,3,9,321.39606994686983,0,1,10.602873034085691,0
21,32,14,3930.8658786976434,4,1,19.4427438237668,0
41,69,7,6145.107420117527,1,2,8.667525025089326,0
46,48,8,4234.788252085915,1,2,5.403893920956275,0
57,46,5,4710.137134335391,3,1,16.606556228374814,0
53,64,5,7154.086213425245,2,2,28.855706569134494,0
49,6,10,1640.174128514829,2,0,20.579781701765846,0
35,40,8,6333.91821125304,0,0,8.051425589792945,0
24,23,8,5726.269546016316,3,0,14.717654309172103,0
42,49,6,3496.988091255761,3,1,18.76474902056974,0
32,61,8,1486.6180758197886,3,0,9.271107024986527,0
49,6,12,4393.251060747707,1,0,16.766015862544286,0
63,12,7,7899.1464669805,2,0,0.998185962054384,0
49,68,9,5276.549421468507,0,1,0.0,0
51,35,7,2049.490768633355,0,0,8.806176048356182,0
20,23,7,4805.202119775727,2,0,16.786911807472823,0
54,11,9,3052.803466033668,2,0,26.56972264485409,0
43,26,11,4593.955011855976,3,0,0.0,0
25,1,5,1700.0884645034628,0,1,19.378815243560037,0
30,16,8,4501.889729481731,1,2,11.731825881132107,0
62,13,6,2640.671891967704,4,0,14.690736887124313,0
70,7,8,300.0,3,0,11.167663958676933,0
46,69,7,3547.7310824886063,2,0,4.63657676380571,0
73,57,9,2106.6055272243216,2,0,7.169803728787174,0
28,67,10,1455.7215809203221,0,1,10.443421799074958,0
35,18,9,862.9414064980124,0,1,11.048445582193303,0
71,21,4,2466.814218327855,1,1,22.89248177341132,0
27,21,10,2796.715815439409,4,0,13.088065650856596,0
55,40,12,3783.964629804533,2,0,21.51558256050135,0
30,13,6,2298.370079148449,1,1,25.845237609012084,0
36,17,9,1910.7668630050975,1,0,1.5821337038530388,0
45,70,10,2586.0288919740833,1,1,10.428408261004297,0
38,26,13,3569.240009676963,1,1,9.786077662043382,0
67,56,9,3271.442139523901,3,2,11.519642774650968,0
73,17,10,3635.75875308386,3,0,11.82417367260338,1
46,67,3,1596.549243928627,1,0,11.807511628580883,0
47,50,5,1061.576145536581,2,1,26.9235036320924,0
21,62,7,4450.750101382313,3,1,19.03960416405222,1
31,37,11,4094.5209426989395,1,2,18.743990999113116,0
20,65,10,300.0,2,1,29.803195466944057,0
66,26,8,3709.4655251790796,2,1,0.0,0
30,35,8,3050.5713200345117,3,0,17.664997416459375,0
37,5,14,1145.4176454503222,5,0,7.621684295925713,0
66,13,7,6541.166702659007,2,1,11.345961926926758,0
58,55,9,415.5423275788412,2,0,14.049045455354976,0
53,24,9,5049.37324859358,4,0,6.116990332240535,0
20,8,1,1702.510817941265,0,0,5.6798370899760275,0
50,21,11,1293.3267460874863,1,0,16.410586139288743,0
49,26,10,3544.305791559504,0,0,20.454164997064616,0
36,51,8,1522.0015814660392,1,0,5.386166322611192,0
60,7,7,5617.710865562586,3,0,1.8659698200634462,0
70,2,7,5429.320175454801,1,1,0.9664058531142139,0
32,52,8,2758.9291894734893,0,0,17.900220376168377,0
36,11,10,3868.9102860701005,2,1,12.473408601572928,0
36,30,13,4677.071010196135,0,1,18.384204069148016,0
65,49,5,1346.4054321253702,2,4,31.884810736926752,1
22,37,11,5953.4744999406885,2,1,2.5443437234006705,0
69,9,8,2257.748569015268,2,2,22.891801659941486,0
62,52,7,3212.060766691178,3,0,20.77384936727715,0
45,4,7,3040.526180933013,2,2,18.975222477539415,0
51,17,9,2304.0511928228125,1,0,14.446060856200491,0
68,8,6,2374.9529779703043,1,0,7.940311499865824,0
61,37,8,4096.783728048023,4,1,10.266708497041396,0
33,50,13,4347.3169451890935,2,3,0.39651113175851727,0
20,47,6,1349.5326080799928,2,1,8.566468862074196,0
55,10,9,3195.387109287133,2,1,12.017879659527638,0
26,25,9,1597.915525984467,0,1,9.385921907410651,1
23,11,9,1588.5886936996844,2,1,21.799554431228362,0
73,25,8,6429.527031672236,0,0,18.20142686957637,0
45,17,13,2950.3983297322384,2,0,22.11875777757153,0
55,53,9,1209.2611996229639,0,1,17.456596361944623,0
30,54,13,4133.79569786916,1,0,0.0,0
23,59,9,2601.3741595208758,1,2,13.526687838349385,0
21,15,4,3532.0092911117954,0,0,11.558660829514302,0
38,1,8,1575.0440965160012,1,0,0.0,0
18,3,8,3385.4235156518043,1,1,12.202612489902958,0
41,60,9,4935.0438894711515,2,0,10.47198271046826,0
36,65,2,4991.981547961361,1,2,27.583009991970982,0
48,16,9,5663.223912692432,0,0,26.143913627010313,0
51,63,8,2791.007315799231,3,1,8.784167373774181,0
35,38,10,2275.7444008386174,0,1,0.0,0
43,14,10,3411.0095619481117,1,0,16.691099522465038,0
22,23,2,3234.9812887196026,1,0,19.86694662954008,0
35,19,8,2885.293502388631,1,1,11.034850788781693,0
73,55,8,1566.7691293207777,1,1,18.549311167580207,0
74,14,6,6956.4459192618415,2,0,5.806568760463076,0
45,13,8,3885.924731851365,1,0,25.275686296580755,0
71,52,8,346.9682832812041,3,1,6.0118429955207215,0
46,22,12,3430.724583885174,2,0,4.952604712866178,0
25,18,7,5064.178972375506,3,0,7.224357202152302,0
67,58,6,7998.963470058969,1,0,13.810341593805688,0
41,67,8,3745.7924032151845,2,0,2.830916995213194,0
52,40,7,4916.783823704437,1,0,14.98493089055079,0
54,59,7,4219.355765310455,0,1,13.027538952113828,0
35,60,8,2406.9325999141174,2,0,21.52340059499464,0
59,42,3,4131.175747347522,1,0,14.899058830784705,0
46,59,8,3099.4891756512907,2,2,14.64049107288326,0
38,1,5,2096.7771879328293,0,1,3.5590056677006636,0
34,3,7,3828.934446850115,2,0,27.19531684554226,0
60,63,4,3889.7838332022734,0,1,0.6502547429622325,0
32,10,8,4808.808812022666,1,2,13.136060113712972,0
25,52,7,5126.645381582588,2,0,19.871965121962337,0
68,30,3,300.0,1,0,17.28907472259251,0
36,56,6,1836.2742227815897,2,1,16.904298528050525,0
54,48,7,6033.493506723158,1,0,21.063573317637495,0
58,6,12,2334.8913684370086,4,0,24.553370682915357,0
65,24,4,1534.5552751566552,2,0,18.430046033253557,0
53,51,7,300.0,0,0,17.788238866193538,0
58,66,11,5613.74585128706,2,0,15.975448814075705,0
65,58,0,3041.8648402624076,3,1,5.376637434536448,0
71,64,8,1334.604485835936,1,2,24.019794619752645,0
20,68,12,1982.4628196121341,2,0,5.171304857693984,0
60,64,5,1815.1567212903444,1,1,19.233398257261417,0
27,42,6,6960.191153224049,1,3,7.349111555890756,0
68,24,8,4693.162949584897,2,0,15.371963099417883,0
20,37,4,4310.549697501561,1,0,11.581323766308088,0
32,57,11,4382.885214427928,0,1,7.512970426753657,0
28,31,8,5929.23919479116,3,0,13.279672002991905,0
52,59,8,7503.301252875756,6,1,10.053806551936868,0
18,50,11,3795.1823595279297,2,0,19.74896432805825,0
18,15,10,2919.0501201400198,1,0,17.43728993688776,0
46,66,7,6838.973411253368,2,0,22.512823495522102,0
73,61,7,2412.264127080819,1,1,1.0591734208023436,0
48,43,7,5400.3219386126675,2,0,5.527682107360183,0
43,14,11,1528.8415017731893,0,0,8.855146008734453,0
55,17,8,4039.5876034843,0,0,20.613944252556212,0
49,60,4,3440.0709386601397,5,2,8.877193209247167,0
39,2,9,3040.2613616623803,0,0,13.13536284480791,0
51,35,16,3908.506469895134,1,1,1.8415921443253822,0
18,44,11,2686.3417092400873,0,0,15.092464175910438,0
31,17,7,300.0,2,0,19.56681901529764,0
56,62,5,4999.678044201413,1,0,32.467229440353485,0
37,38,9,2911.9618104787687,2,1,17.706785912937708,0
21,5,9,3288.581934089569,0,2,26.444759570876496,0
25,23,7,6417.200367543977,0,0,10.017196050115048,0
67,29,12,3070.2061718958776,0,1,6.2070675347616415,0
36,16,11,4153.671272501737,2,1,20.434259797493972,0
19,67,7,2000.9998821572713,4,0,17.418592847811773,0
59,26,4,7520.937039586839,1,0,24.20650073830175,0
48,36,10,2319.5319381273057,1,0,14.692718008871509,0
43,39,5,1515.3611422638253,4,0,21.87997261397633,0
69,16,8,300.0,0,1,19.91314290078119,0
35,41,5,4630.303558290459,1,0,15.526061204740227,0
50,26,7,4337.489923635936,0,1,14.652024271344272,1
60,1,10,3063.3723721965393,1,0,17.954947934577064,0
52,29,15,3055.7360835235754,1,1,1.6750340167070519,0
29,42,7,2738.5259339738523,3,1,22.89835190582019,0
56,9,9,6508.069503155237,2,1,25.19982835419423,1
60,56,6,2219.770255679791,0,1,10.794008080003069,0
24,47,11,3066.614247879034,2,1,20.4359210231967,0
27,23,8,300.0,2,0,1.1348497411305623,0
56,43,6,4435.412028791171,0,0,10.179576960967443,0
24,22,6,3405.4626033150366,2,2,5.869885710320046,0
68,46,9,4485.524167993486,0,0,1.3653023895060983,0
24,11,6,4279.760496198951,0,0,9.58157192616754,0
73,44,8,3976.0691930355893,1,1,22.1409376213069,0
56,4,8,2203.9447650452657,1,0,19.05568053021345,0
43,2,11,2283.537527142657,2,1,17.888804409225074,0
33,19,12,4512.102493714088,1,0,14.782898252398647,0
37,13,4,2501.424826913543,1,1,7.628557026082721,0
60,35,6,4548.964151729023,1,1,18.601511454951243,0
60,12,4,3756.9845884033844,3,0,29.192842590071777,0
29,18,10,4757.157396603771,4,0,8.980283257257142,0
48,7,6,1475.1473079047382,3,0,28.39289114119611,0
74,63,7,2662.806804193082,2,0,11.086256916187097,0
32,53,3,3501.449042737367,2,0,13.99684868019381,0
57,16,10,2077.4863699481193,1,1,12.435938350319407,0
27,9,7,2749.89142373424,2,0,13.826316564084506,0
65,61,10,2581.0138795028925,0,0,18.535330521033885,0
27,48,9,4043.488338186832,0,1,3.496473231655651,0
34,63,10,3940.209434393628,1,0,10.787107247014319,0
44,13,10,3586.090221046895,2,1,23.009005295661304,0
39,26,9,1550.7024310339066,1,1,7.474946717017682,0
27,9,11,2293.4430008296536,1,0,24.18192691864347,0
54,31,12,2113.020787748539,2,2,7.962714743796358,0
19,12,9,6151.8194648346725,3,0,11.809990340272975,0
74,1,11,912.2844833483823,0,0,12.68349083802476,0
20,37,8,1482.3414834678274,0,0,18.58714674935994,0
37,70,4,3409.650267974363,1,1,22.85375908033609,0
71,46,5,1613.6363772259115,1,1,17.8697138085511,0
26,54,11,2299.2470394284765,3,0,17.882650702142456,0
22,58,6,2128.4438392366746,0,1,6.852998029820746,1
60,70,11,300.0,0,0,17.983308640469527,0
22,10,12,3497.7698623183846,1,3,38.87767000705251,0
69,18,8,661.9230492172273,2,2,18.39337419403289,0
43,44,10,7213.973070456723,1,1,24.54389401877511,0
67,59,9,2513.421919312281,0,1,16.84801890714523,0
31,55,10,2788.7030158272337,3,0,18.414805027982315,0
26,52,11,1851.2985256091317,1,1,5.695202553280385,0
72,23,9,3530.8390825003457,2,0,15.064018052174575,0
61,26,7,3995.0012751610448,0,0,5.2364257577478135,0
69,6,7,300.0,0,0,3.867105561926163,0
36,23,2,4014.2890318444756,1,0,12.39476632069335,0
41,12,9,4009.675122278413,1,0,16.011601124288653,0
50,67,6,731.2091919214968,2,1,25.056557379017455,0
43,7,6,4191.074515623879,2,0,17.30231525694506,0
31,26,8,1168.0298663921571,3,0,13.694430189225702,0
39,63,9,2533.7873635149645,2,0,29.565077702583203,0
52,68,5,2449.426505438567,2,3,20.303759288367363,0
20,27,5,1095.4473812922279,2,0,1.7522801336852645,0
37,34,5,1412.3650855451774,2,1,13.021341083609762,0
34,38,6,7392.6301439046765,2,0,14.699989155566248,0
22,59,8,300.0,1,0,8.472433448771707,0
24,55,4,5043.001047016105,3,1,12.89120628123479,0
46,38,6,3167.9695192808235,0,1,10.39110136674945,0
23,27,9,6308.266488988691,1,0,10.339829054768906,0
37,27,4,5544.776892192993,3,0,22.23556225697149,0
49,47,5,1177.1642936018338,3,2,8.526227627100651,0
67,60,5,2201.547951280886,3,0,18.63895960996383,0
23,6,8,5070.501538610502,1,1,24.749683076953037,0
42,55,7,3431.186792763417,1,0,16.532698390505917,0
23,35,15,1678.2751679478895,0,1,9.96863642823995,0
42,11,9,2031.6747877152668,0,2,3.559535930731071,0
45,7,10,7387.180754851392,3,0,32.423269036448545,0
63,24,10,3375.146226237255,1,1,21.997697776866932,0
43,18,6,3438.8681160275833,2,0,12.8929022940967,0
71,8,12,4695.486884333963,0,0,14.84082231879462,0
25,21,9,1148.0832385321705,3,0,1.5914431305276544,0
21,60,12,6250.664313391348,1,3,3.4566289592359833,0
18,51,6,300.0,3,0,11.528432007261518,0
38,15,3,5930.534287196437,1,0,12.742036155726744,0
28,48,5,4417.996859591732,1,0,23.575766934182273,0
23,33,8,4936.709029165826,4,1,8.914586325105217,0
31,54,6,2455.8492080496617,0,2,14.341557611744449,0
73,18,6,2238.6868018145224,1,0,6.235529325894351,0
63,5,8,6401.679502596625,0,1,15.765496054398957,0
19,23,11,8480.871181844814,2,0,18.819155614903373,0
70,71,6,3838.1930040124835,2,0,19.790653858951764,0
29,40,11,5826.961305398592,1,0,25.765844426795795,0
41,4,6,3995.44657392614,0,1,0.7538627644667191,0
36,70,4,2358.6186897969237,0,1,8.056189138036057,0
41,59,9,6805.794237455158,0,0,15.257446822514977,0
61,39,6,3045.1880533391864,1,0,19.791086645217224,0
58,53,9,4719.82356745205,0,1,23.925266616398503,0
51,14,8,3793.4234299349446,0,0,23.02379423781473,0
53,43,9,4404.956929582659,5,0,5.531801038116589,0
59,65,7,2732.462990505348,3,3,16.881583790446033,0
28,32,10,3949.453050674603,1,2,1.3949102188885423,0
40,3,10,1809.1000459301235,1,2,13.818419673283758,0
24,54,7,6699.352454281446,2,2,22.318511890355506,0
58,52,10,4092.073866202261,2,2,18.05811126186499,0
42,53,3,3404.7299397192155,0,0,20.089487918769613,0
54,47,5,4590.304649246971,2,0,26.213420895931296,0
50,10,9,4747.017763635836,1,2,30.064624026007767,0
33,9,8,2366.567126645996,2,0,5.449710747844643,0
25,57,4,1348.5311285513726,1,1,24.424515555566018,0
73,61,12,2642.1153361078887,1,0,23.731302075637274,0
34,6,10,5051.331730381384,2,0,12.029260842271286,0
24,42,7,3029.5561746117937,2,0,18.162532722918833,0
35,36,9,1418.1507893156222,6,1,18.47059160673103,0
69,25,9,3788.9541709635882,1,0,9.16421120025382,0
32,46,8,6521.85857303298,1,1,13.751346812323956,0
74,65,9,3374.304681805564,0,0,17.285255161059364,0
44,59,6,496.8310124276386,1,0,13.474601443685112,0
67,11,6,1935.075537086334,1,0,19.780720135579113,1
55,33,7,2524.4741557651787,3,1,20.590551157602064,0
20,67,9,3491.3021468630486,1,0,18.36281366779519,0
47,17,11,4428.5561994738555,1,0,11.247753962561697,0
41,61,8,4886.559246145442,1,0,14.366564801182518,0
29,35,3,3272.664099940967,1,0,9.633010983587369,0
49,38,7,1822.044868540672,0,0,21.405985868259684,0
23,18,7,446.913567214202,1,0,20.103023620434247,0
57,66,12,3878.869912161727,3,0,17.066753839736233,0
64,38,7,401.41616093151606,1,0,1.5633859116720235,0
23,41,9,6568.024944291952,2,2,8.282235672624058,0
45,33,11,5481.397424548291,2,2,14.384381440502922,1
55,7,6,6066.735757654554,0,2,14.218651809701617,0
21,56,11,3056.17094476942,0,1,0.0,0
40,24,9,3586.359389582896,3,0,12.31919185881397,0
32,18,10,1277.5482340480758,1,1,7.032081803663604,0
20,56,6,4981.945423280993,4,1,25.15757698574866,0
63,15,17,603.3056972547224,2,0,17.43287037924252,0
43,49,11,3041.80309330809,1,1,10.748972988349209,0
60,34,11,1750.1205964459741,1,2,18.0991548031907,0
51,57,14,6111.772964757428,0,2,18.149586609282625,0
67,4,11,4184.025073987414,1,0,18.082149499193402,0
74,55,5,3951.9485686611297,0,4,22.22702424085856,0
52,17,5,2891.609356036178,3,0,20.079249344214944,0
38,62,5,4761.682466089887,2,0,23.84096604598507,0
42,26,10,6212.544910064984,0,1,7.220153629848803,0
65,1,5,6277.231913713438,1,0,13.169946344242721,0
42,35,10,8133.455458155466,3,1,19.466497015286294,0
47,4,9,1645.0648895242975,2,2,9.577154791172648,0
29,20,12,2388.4490918376014,1,0,23.096144769867166,0
74,51,12,4868.051703101824,0,0,16.392544596840708,0
55,40,5,3514.6076675787795,2,1,16.844176280476688,0
36,51,8,4047.336901558088,3,0,17.849542405590036,0
51,63,10,786.3138344356648,2,0,0.0,0
40,34,7,4952.568189614711,2,0,0.0,0
26,39,3,2612.120078364006,4,1,17.13471238986169,0
67,5,5,4245.796437190592,0,3,10.770663436026211,0
68,21,7,3151.4733237064356,1,0,5.793323698280675,0
65,52,10,1516.4586892317463,0,0,15.694636145024367,0
39,5,7,6549.706901276915,0,1,5.1900945423901454,0
32,26,5,4584.608688494787,2,1,29.475316424656754,0
20,10,8,3465.45514409826,2,0,17.431067298133343,0
59,61,10,1696.138287719276,2,0,0.08718059411809875,0
36,40,6,4836.854147514448,3,0,18.208399432363617,0
68,46,7,4339.888594090383,1,1,8.017561250799917,0
67,49,6,1854.4317072016622,1,0,15.077701667683101,0
25,16,11,4322.986425214374,1,1,20.744449075921434,0
70,4,3,3296.6916633230285,2,1,26.105859589324815,0
25,29,9,4254.1265144222825,3,2,0.0,0
45,14,10,4443.7421321137335,1,0,14.71725880885048,0
45,23,10,2300.7690994570403,4,0,26.997134244087327,0
72,23,9,4316.893704391632,0,0,9.847755904905064,0
55,56,10,6114.50101832131,3,0,8.514012023537152,0
67,23,6,4736.387027711921,2,1,20.90098730267335,0
51,11,7,3519.315625453362,2,1,0.11273065447746156,0
65,69,5,3604.1857470406735,1,1,11.914163817043432,0
66,4,9,6271.86300425601,2,2,2.9029256546605477,0
67,15,9,6179.273453301836,2,2,16.33737830605368,0
41,25,13,1579.5602795265258,1,0,9.577666621301148,0
39,5,8,4408.978335066255,3,0,18.579157440872926,0
74,64,10,3031.869185828544,0,0,9.481767390912179,0
61,26,7,1257.4857158267191,2,1,21.64521621413383,0
70,56,10,4993.532277972956,1,0,16.494130441183106,0
50,10,7,4502.450697430596,1,1,27.02886344386974,0
70,38,7,2435.429953702709,1,0,24.399338381465085,0
59,9,6,3037.756926195481,0,1,18.596520078549315,0
60,17,8,5609.790032790273,0,1,27.527120214402125,0
28,29,6,2770.2365391355224,1,0,0.26332420813277935,0
50,62,7,2422.2651872757488,3,1,20.43085841626332,0
59,22,7,1462.8141209693738,0,0,22.407339936860858,0
61,54,15,4522.839157714605,2,1,25.68885471279554,0
72,7,8,889.4475554082251,0,1,16.186977681743784,0
36,18,4,887.6687328330286,4,1,14.20113267942315,0
35,43,9,3072.827119403275,6,2,11.304429253563272,0
73,34,7,2372.970530282351,2,0,21.923244451641303,0
74,36,11,1045.0051257969853,2,0,17.686937625644095,0
28,49,6,1512.2465004326464,1,0,4.398898472730883,1
39,6,11,495.55042140908245,1,1,12.711019756027952,0
72,50,10,3774.967922504346,2,0,19.479623019353305,0
29,62,8,1136.075009201385,0,0,17.415363973573868,0
62,55,5,1256.5513812923714,2,0,23.237770173783233,0
24,21,14,3217.2490664909706,4,0,16.762952148184592,0
28,25,17,3079.857280920069,2,0,17.645417988067198,0
62,69,9,3673.55136687192,2,0,10.883858849402994,0
52,57,3,6980.066162802901,3,1,23.209929633795717,0
49,67,9,2325.9912078427838,3,0,15.154377416922532,0
66,65,6,300.0,1,0,17.867347582750284,0
35,31,11,5055.815971683612,3,0,23.774859279615896,0
46,10,7,1168.8527925047506,1,1,6.836860528289012,0
52,17,9,4772.355492266015,1,0,24.835118134892554,0
60,21,8,1813.65371386389,2,0,11.534641417046693,0
36,60,7,3539.2870643791866,1,0,4.233441319646294,0
54,20,3,2824.7913311554744,0,1,28.04315121745124,0
43,26,7,2618.1309733189605,0,0,6.746594536147294,0
48,61,10,300.0,4,0,25.164806613265185,0
67,12,7,2454.527001514884,0,1,19.913695590646906,0
40,48,11,1386.482606563773,2,2,1.5807348501531475,0
56,40,5,4070.1835666258394,2,0,15.234737642095247,0
71,70,5,7156.309648072322,0,0,9.544298707816253,0
61,35,9,3337.967767735981,0,0,17.862735575898377,0
74,38,8,6539.723394406052,2,0,14.989512601108016,0
51,61,9,300.0,1,2,19.688111413151628,0
34,71,6,3813.5546047948988,1,1,27.26864234529527,0
74,52,8,2752.563181126776,1,0,10.01300533126702,0
54,50,5,2149.974891621396,3,0,15.96221787764327,0
31,63,11,300.0,2,1,0.0,0
36,70,4,4265.475594372074,3,0,7.3774062116438195,0
32,53,8,4986.197839796862,3,0,14.252914376423517,0
65,21,8,3628.9364362134343,2,0,6.372576474788369,0
23,46,5,624.1586442264929,5,0,27.132845212665142,0
60,17,6,1739.8506386594206,2,1,27.076225560501534,0
49,36,8,2627.7376079020933,3,0,13.190136971560264,0
22,32,6,5521.35380871263,3,2,20.859672188530794,0
52,71,7,1173.6539472325826,0,0,23.091946334217035,0
60,40,8,4665.371875062466,3,0,18.944450268389286,0
59,69,16,5761.992858693512,0,2,21.02403506484065,0
48,58,8,3300.424210076226,3,0,15.394312859327991,0
37,61,5,3920.0530425042707,4,0,9.805512572094525,0
27,13,4,3084.5426867278725,3,0,18.069374969459226,0
18,56,11,1068.18904731491,1,1,15.05114787444116,1
38,18,8,3566.2426260155644,2,1,13.276777760331221,0
54,42,8,1846.185560551536,1,0,20.262422048845107,0
20,35,6,5138.671355521284,1,0,19.210278372262906,0
74,19,5,5109.859398177896,0,0,8.242866486441706,0
51,70,14,3529.9295590058905,1,0,5.465562624500063,0
34,63,9,2633.706870275173,1,0,6.1156725393423255,0
72,41,13,4487.996691536287,2,0,24.44191639404195,0
28,1,8,2188.956447494719,0,0,15.095456317142233,0
72,14,4,300.0,3,2,8.499146984490736,0
34,17,8,1673.9245013069083,1,1,20.70252647432954,0
39,70,5,2660.2240110917064,3,0,19.585595704355466,0
42,29,8,1388.546542661527,3,1,12.536972982428118,0
74,4,11,5772.12559464032,2,1,10.66815230638589,0
32,42,7,694.6253318463187,1,0,16.876408951040432,0
73,68,10,4084.9369825223025,1,0,5.8702173406970335,0
37,40,12,3503.809022054949,4,0,10.95001460299018,0
34,32,11,1397.6429701950965,6,0,12.941662810592057,0
54,13,6,3424.1181844226408,1,2,0.0,0
57,63,8,1443.0361228016923,2,1,17.678778702009513,0
37,8,5,3569.160955805643,2,1,14.92263639897938,0
25,67,14,3510.567387438397,1,1,8.43333342818093,0
40,16,5,300.0,3,1,8.91838719431886,0
48,10,13,300.0,2,0,20.357780131275685,0
20,25,7,6079.460476584104,0,2,16.78626521475665,0
22,1,8,4136.636319818735,0,1,8.089798786330336,0
70,1,12,2322.179500418856,3,0,18.251470840206412,0
20,14,7,2819.9445983956593,0,0,29.66309429297459,0
41,50,11,2602.421841451083,3,0,13.729520371719502,0
61,58,8,5150.325652107139,0,1,10.425908970758364,0
36,18,7,2650.292815479488,3,1,24.36735896690415,0
46,46,10,808.6503425966071,0,0,14.745442269513388,0
22,25,8,2548.804503407259,2,0,11.34818172652364,0
63,31,5,1959.6411940560547,2,1,30.85631605756956,0
54,24,6,3073.783659932331,2,0,20.30203232634672,0
66,64,7,5891.014395939037,0,0,11.514991629463637,0
67,37,12,887.2673725170821,2,0,18.404921462434196,0
37,36,8,1408.418223446376,2,0,16.08956927529045,0
20,62,10,4569.252157496608,5,1,17.681602506001855,0
37,47,7,1822.8797825442944,1,0,15.12618951442397,0
26,11,5,5379.783241614536,3,1,27.15690114254525,0
48,14,10,5193.051923888833,1,1,9.872401107051184,0
26,25,8,4683.032531544046,1,0,2.0878947823485383,0
70,7,6,5603.520579922807,0,1,12.894221339288096,0
52,50,6,5070.5190198727305,1,0,0.44240078638259916,0
32,36,7,2306.5589995591245,1,1,21.39833503458514,0
70,4,9,7755.471979349609,1,0,17.893868852308795,0
61,29,10,1041.3750077511395,2,0,0.0,0
42,59,6,3424.2009181297376,5,0,4.459222868478756,0
26,65,9,2937.7853258292116,2,1,22.45617173855723,0
37,69,5,6313.392723268169,5,0,12.371901667213658,0
51,66,8,4599.794020171538,2,0,16.36249238560708,0
61,44,11,4756.961362573631,1,0,11.027966354977053,0
32,66,6,4591.703691739049,2,1,13.25533718469961,0
60,68,6,2101.1856986521434,1,2,21.59621461600319,0
34,46,6,2087.838764650513,4,0,20.850969995917076,0
32,30,7,6910.987264880676,1,0,11.045430326950015,0
43,69,7,6155.946761808651,0,0,5.886175984700317,0
27,30,5,3237.0020520579933,0,0,6.128902155551703,0
41,12,6,2155.6329568051815,2,0,13.281261324134922,0
38,8,5,3951.556098398728,1,2,15.791471645839836,0
33,41,10,5858.327164698461,3,0,23.309256055588122,0
62,3,4,4266.302065597398,2,0,16.13690687648959,0
36,9,9,2611.6178246603768,0,0,16.02421161910422,0
57,18,6,3516.565491805786,4,0,15.294675303106814,0
59,38,14,3650.50803490984,0,2,10.859576327247485,0
55,34,10,6410.228278709004,1,0,7.403601304278457,0
33,37,3,1761.3594824564086,1,0,14.071296612886806,0
65,37,13,3739.522074215087,4,0,17.550701306018684,0
31,71,7,4904.232200972587,2,2,14.24196552775888,0
33,16,7,1639.6841365689106,2,0,6.6118347070329175,0
67,34,7,2544.0724311331337,1,1,7.114868444048348,0
37,44,8,5061.572459765354,2,0,5.392420957222493,0
57,20,6,4108.594725981918,1,0,28.932840442985658,0
20,13,6,4686.822864571159,2,0,16.52844790108594,0
53,4,5,5783.251031100286,0,0,15.089138093426774,0
67,24,13,3311.3496225982753,3,0,15.076685976531008,0
58,19,9,6788.528521344992,2,0,23.356716998844078,0
51,14,4,6318.820959390723,0,0,32.96057254776288,0
66,20,7,3322.9559041675584,1,0,10.418698934822501,0
34,50,9,4685.410981404988,2,1,22.477991350067065,0
39,59,3,4014.309600716529,2,1,13.330904276895168,0
21,37,6,689.6739631036326,1,0,16.224681500885513,0
57,5,10,6341.706436463929,3,0,13.24963968949746,0
59,53,11,1761.4448688337031,0,0,16.3831047313873,0
60,11,9,5084.5285283791545,2,0,21.47143101979137,0
60,5,10,3400.9788999735415,4,0,2.8721401933327257,0
25,41,6,1357.4503092376935,2,1,20.587625903583728,0
55,31,7,5446.23036131723,1,0,21.210145085778542,0
61,23,15,4693.4585074865245,1,0,0.0,0
29,69,6,2215.2156085853176,2,0,12.987412684449097,0
45,7,10,1280.3883532681693,1,1,13.82571425952525,0
70,4,4,3705.8218883890404,2,0,12.628820637154343,0
41,42,4,3936.1167078776552,3,1,13.311285279794918,0
60,30,3,4784.4573755934125,1,0,18.073318851749892,0
48,57,12,300.0,0,1,6.412358487608815,0
55,3,8,5909.1438068563675,2,1,20.22502802644813,0
53,30,5,3126.6554068807027,1,0,16.630196350896902,0
55,11,7,4567.69555125568,0,1,16.6186202343197,0
62,3,9,3279.862454155795,0,1,14.986299283301568,1
69,33,5,4949.259726375224,1,0,24.27691246463272,0
34,53,7,1117.0949841169327,1,0,21.24854333494024,0
70,12,11,1152.782944449128,2,2,16.831087924554748,0
53,60,7,4512.932466839144,0,1,16.730064301022733,0
51,37,9,5829.788219987224,2,1,20.70181445009835,0
36,35,10,4252.241037198005,3,0,11.152170531718953,0
41,66,7,1747.590347573376,2,2,4.004599425177959,0
55,24,2,5769.614160075605,1,1,20.947991637456294,0
38,15,10,3633.336849419195,1,0,6.880241522436032,0
34,56,8,2899.137213105201,0,0,14.40492063317169,0
64,8,11,4316.205126968234,2,2,23.063735814559042,0
41,62,14,3475.4145252026688,2,0,0.0,0
54,59,9,1777.5071526328913,3,0,13.333812501298423,0
19,70,10,4205.985432826796,0,1,6.3778741550861096,0
22,33,10,1854.6226327371949,2,1,13.619756757547723,0
66,45,3,4913.794404810142,3,3,20.91102527689803,0
26,63,7,3412.742033130664,1,1,16.878580830265847,0
63,10,7,3456.542454339134,1,0,6.197576369358888,0
69,22,2,5022.8866781046945,2,0,1.6305574387836952,0
45,34,7,1533.6713054759016,1,2,16.731093713427992,0
68,45,7,3108.4324059728283,1,1,1.904960982255238,0
42,49,9,5069.910692358687,1,0,20.967324733195813,0
72,66,9,2969.8697373740342,1,2,23.167061055251466,0
31,35,12,300.0,1,0,23.959278981885443,1
42,13,9,3801.7291864489616,2,0,8.941850977149084,0
40,14,8,4762.725498034049,2,2,3.573721770847243,0
62,57,9,4403.57069516278,0,0,24.98959547483453,0
20,33,10,4397.966341287525,0,0,19.731853644776105,0
65,45,7,2763.5780497274795,4,0,21.080286956620753,0
19,40,9,2066.546685679836,0,0,21.137769316932015,0
35,58,8,4491.875037727599,0,0,14.71894269771256,0
51,16,12,3540.984192822743,3,1,6.2041813287122825,0
26,13,8,2886.259142070059,1,1,18.89255617625749,0
45,53,2,2718.467698862157,3,0,16.215638984405317,0
74,31,9,3710.177812313556,2,1,17.197465521364414,0
64,58,9,3961.7902673682165,3,1,34.6393728294627,0
19,10,7,2401.132637068714,2,0,7.2060725657947975,0
51,20,12,3521.35806923642,1,2,12.619135020234658,0
52,69,9,779.9384894127561,4,0,2.8432776280956737,0
21,60,8,4561.119677991848,1,2,24.223927460393583,0
55,5,9,4001.112201059746,3,2,4.804541259468234,0
47,58,7,3820.36002692372,2,1,8.712238905578623,0
56,5,4,2955.815971437813,0,2,14.285568472449594,0
34,9,5,6204.841769220277,1,0,18.779555343068488,1
32,64,6,2582.8078944757244,3,0,15.579955728282746,0
59,9,9,800.4027610528415,2,0,21.882594986866383,0
59,22,8,2699.6474449540365,0,0,23.787584604063127,0
27,10,6,1277.337028492525,1,1,20.543143623403765,1
30,43,10,300.0,1,0,19.375444230824492,0
51,5,9,6779.851013857015,3,1,3.838116345157607,0
65,21,12,2376.9587124514187,1,2,28.738129273525793,0
29,24,10,5495.608672484266,1,0,16.812154265348855,0
30,47,7,4142.721220993332,2,4,28.43288343511093,0
64,36,8,5601.896286755492,1,2,18.266887328264488,0
57,14,6,1886.1136052681368,1,0,12.638585297249124,0
69,33,8,7264.2143547239875,4,0,14.332649219860478,0
62,33,14,1603.8455951060528,1,0,15.07461552485125,0
72,26,5,3817.818722175219,1,0,18.88228564285506,0
28,38,7,2710.025658495634,0,1,15.395991502147883,0
33,24,10,5556.354180861068,0,0,17.170728411410412,0
31,24,7,4447.958265509336,0,0,14.673298581942003,0
21,56,5,300.0,0,1,9.084574092470916,0
62,18,6,3028.056765570747,2,1,13.691161716751193,0
55,24,8,5914.113900365864,3,1,13.573917270813068,0
22,10,6,2128.831090472176,1,1,19.697018989170765,0
29,50,7,2880.578836951004,2,0,16.899114692807636,0
28,51,10,3435.0513318772296,2,0,3.937681186267721,0
40,49,5,2728.99883762637,3,1,12.612793702224321,0
43,12,10,5714.345446554567,1,0,14.490500427472824,0
34,33,7,2333.922359056208,0,1,21.85458886650115,0
71,21,9,3598.9465399515384,0,1,14.307424067639962,0
30,55,3,4926.818037548028,2,2,18.85440999206133,0
50,24,7,4034.7946734967604,3,0,15.084169158551115,0
42,30,8,5038.509230243546,0,1,10.748669459181595,0
40,33,6,2818.12966636067,5,0,25.221988002748915,0
65,55,8,2640.6945944134623,0,0,7.072268784700293,0
73,50,6,3781.925364606652,5,0,8.743240518908202,0
18,59,11,3297.8881412863498,1,0,8.88395635309293,0
44,31,7,3632.9029630975447,1,1,13.303324027446198,0
24,59,10,3585.5254584393456,2,0,25.772944729471256,0
42,62,8,4096.132043670083,4,0,20.049521475212803,0
53,38,5,3813.373492149325,2,0,12.503746661472285,0
41,49,8,4530.506517714595,0,0,10.558949214652976,0
35,65,3,2886.5307322567523,0,1,17.562429322236312,0
35,60,10,4782.160889859334,3,2,0.0,0
35,20,8,2866.8893842399857,1,0,22.823670321405377,0
36,51,11,7549.110332966591,0,0,12.926991848599748,0
39,32,10,5688.491739076508,3,1,9.594309297088532,0
57,11,6,6736.360099608976,0,1,17.08621666621639,0
23,27,9,3462.923116802627,0,0,13.806059511225614,0
20,70,8,1913.9082902822468,2,1,17.519264899445723,0
47,69,9,300.0,2,0,16.087783124784593,0
56,56,8,1632.641455824507,3,0,20.503718414400698,0
32,71,7,3676.6758983767386,1,0,10.502250916061742,0
29,41,10,6091.465377539524,1,1,12.431511042244166,0
53,54,12,2456.5809593725753,2,0,7.192118394398565,0
39,12,8,2736.893532242687,1,1,7.588108584124103,0
59,22,6,4744.305634984053,0,0,24.726797973571614,0
26,13,10,300.0,1,0,24.593557792492263,0
24,67,13,4891.146584324715,1,0,7.647095312493241,0
49,44,8,5612.487617494633,2,1,11.331120131298055,0
40,67,7,6529.628886003777,2,1,6.009166282476656,0
59,30,8,3880.3476471639437,1,1,13.683024107398248,0
46,29,11,3559.7867954385524,0,1,19.862949722710184,0
38,48,11,4341.749560960047,0,0,9.652319554252662,0
27,41,10,5118.712870282068,1,0,12.083346966925761,0
27,27,8,5358.493265459225,2,0,5.424893856784385,0
61,23,10,3647.747983880882,1,0,3.2441960085945585,0
30,37,13,2586.6027483381363,3,0,34.65016681702909,0
46,6,10,1995.9091766518713,1,1,19.049373108980472,0
64,14,11,4238.169157410855,1,0,14.099510331741259,0
69,4,5,4258.93368546243,3,0,10.635748307511232,1
33,12,6,2299.1842890185003,0,0,19.163395792394816,0
24,15,7,3376.634853737965,1,0,25.703527626056932,0
62,6,10,7783.096375318622,3,0,24.74431245014543,0
57,4,15,6059.131692798067,1,0,14.49554388047341,0
36,59,5,7155.005296791071,2,1,5.375729511531606,0
51,13,10,4968.288893795027,1,0,8.89456667743966,0
28,40,6,6296.501159919175,0,0,0.0,0
57,7,4,2312.6339102840757,1,0,24.415861340933162,0
59,68,4,5568.105841123028,2,0,15.88528940598118,0
35,17,9,4349.293890605997,2,0,5.834495509796859,0
44,54,4,5475.363919111183,1,0,22.62847704306971,0
37,46,5,3695.085849847662,2,0,12.955304731019577,0
19,55,11,1527.4483919535003,0,1,16.406311170364944,0
25,45,13,2557.137999052309,0,1,15.07591863709204,0
72,37,8,6357.620602823891,2,0,22.029957982564955,0
43,55,8,1863.1281747127002,5,0,10.16637066817817,0
26,58,6,4123.907520128639,1,0,11.720494604923347,0
20,27,9,3095.473177003721,2,3,11.23566278209318,0
38,67,5,5510.794958976673,3,0,20.837190279872495,0
74,71,7,871.2738652645235,0,2,15.273205945208938,0
39,52,9,2429.8873490319793,0,1,13.229637530181307,0
74,66,9,803.7102173149465,0,2,29.37988887641191,0
45,8,8,2466.570933625475,2,0,4.58296644213803,0
61,39,8,4963.879561989748,3,1,15.872177635460499,0
62,47,10,373.63553147444736,4,0,17.48404352791093,0
19,66,7,1788.7008754921926,2,0,24.693778277953562,1
18,9,3,2059.3986672363976,1,0,9.787747272767136,0
70,58,5,2946.620057831503,1,1,14.053745275446369,0
71,6,9,2617.8716724865635,2,0,24.026622754008216,0
25,26,11,3728.284526173519,3,0,30.01849674660476,0
54,50,12,4858.054005011012,1,0,25.649390066081104,0
70,21,5,300.0,2,0,19.680231163594,0
72,60,8,4223.479374047147,1,1,31.146639582177723,0
34,67,11,3072.9402699940924,1,0,6.044618420545024,0
64,12,9,4017.383509208632,6,0,28.932627533364375,0
54,19,7,2815.325127840242,1,0,6.507034887782167,0
70,6,8,5512.334209606937,1,0,25.62192831292496,0
26,51,6,3015.979822195479,2,1,0.0,0
52,63,8,6046.454292539571,1,0,27.240146551011122,0
19,43,4,6268.212043986766,1,1,10.902453014958288,0
38,10,7,3065.453507998611,4,1,15.01746451509859,1
18,13,7,4323.177530240028,1,1,21.531284022825773,0
43,3,10,3902.3612151911198,0,0,8.319389242088553,0
64,35,3,3949.7506918507497,0,0,22.737275877902327,0
55,52,7,300.0,1,0,9.43116255994157,0
36,11,8,300.0,1,0,13.792989237380764,0
42,61,12,3745.2483354148735,2,1,31.35985249678235,0
38,18,3,5354.832038653227,0,2,16.248034599481745,0
59,37,11,4244.502697569864,2,1,11.16768401693848,0
33,48,8,4546.917924481913,0,1,8.323093456567916,0
23,39,10,4027.9584914218544,2,1,10.552877784277246,0
46,34,8,3630.8873051303963,2,2,1.0761378899132907,0
65,24,8,5320.5515749805745,3,0,0.0,0
45,31,9,2714.5415487432383,2,0,21.260838915755002,0
29,17,8,5099.334750607655,4,1,0.0,0
20,21,15,3081.2896329408472,1,0,21.12650071533603,0
71,54,4,3437.0562175457053,1,0,3.6467649412264205,0
61,63,5,5919.230168637757,2,1,3.9290525417209405,0
26,61,4,3810.302842628944,0,0,9.38922589677998,0
22,24,8,4365.574812587733,3,1,18.220157791537606,0
25,23,2,5194.139987442333,1,0,34.83897956079081,1
39,5,8,300.0,2,0,16.158758906661358,0
64,20,9,4223.95781370553,0,1,18.8457338631634,0
27,42,9,3715.4598419013523,3,1,18.965812564044626,0
64,20,10,871.0766266240144,0,0,26.081694876059935,0
18,53,4,2802.65127951764,1,1,19.26204466264423,0
60,4,7,4100.335226187124,0,0,13.506588589914468,0
34,30,10,1735.1284766089952,1,0,6.069153507566551,0
72,20,6,3959.4061184342527,1,0,9.671234440203339,0
45,36,9,2086.276390483641,4,0,4.431100002987716,0
33,2,11,2163.395773115871,1,0,34.782537332525266,1
31,30,8,2432.9865294556876,4,1,21.3408064670945,0
65,56,9,4906.975289577543,4,3,14.552308886477983,0
40,61,12,5992.572166943577,0,1,8.571534415995597,0
38,19,8,4552.783879463121,0,0,14.471181020238701,0
59,31,6,2551.4857032719246,0,1,23.23264330466708,0
48,50,8,4414.211134166218,2,1,25.34485530436948,0
55,33,10,4888.078552815251,2,2,17.111189345411677,0
43,39,13,3319.5031282775158,4,0,8.698790409331039,0
21,25,7,1805.860199041933,2,1,9.554997303461725,0
18,60,9,6675.643379457783,0,0,15.526766894508716,0
20,45,4,2959.8258021181496,1,3,20.294945522710506,0
50,69,6,3389.442179430558,0,3,0.8319879130766648,0
47,56,8,2436.103477413723,2,0,30.94414208575286,0
60,27,6,6591.564451492595,3,0,9.73485506132878,0
68,24,10,5864.940693679144,1,0,20.27370404338202,0
27,7,9,4164.299651450578,1,0,14.329008568486557,0
72,45,11,5334.805707971012,2,0,10.996448596938137,0
71,54,3,3255.8803063595055,2,2,15.399000914815588,0
53,26,13,5364.377437646102,0,1,19.396735797304974,0
48,2,9,3497.7641732062734,1,2,16.48190338571137,0
28,59,14,3950.5822096554693,2,0,29.764748780297253,0
28,16,8,2359.15683782937,1,1,6.5034019518619495,0
19,42,9,300.0,2,0,24.0972663317444,0
54,4,3,2237.0186216490392,2,0,20.821128664530985,0
42,5,11,3536.9557284629686,4,0,19.752207305086944,0
28,64,10,2221.412303860552,1,0,6.3175147160102245,0
25,48,6,7971.174781764853,2,0,16.45740788984311,0
21,1,8,5131.475501394614,3,0,13.31293816079119,0
54,8,14,4137.942052704924,3,0,25.098106768171153,0
57,35,9,3683.3756854163335,1,0,15.79971972206254,0
54,49,9,4024.6271806020854,2,0,14.951398511775494,0
24,31,3,5558.416842796027,1,0,11.972955276696315,0
20,62,8,3537.826898430188,2,1,14.32473492967471,0
24,47,9,2451.988658019567,4,0,19.89169012092186,0
60,44,5,2696.3666639245625,1,0,5.4605524460144785,0
60,21,5,1397.218504228585,1,0,14.302004235743905,0
34,49,14,1937.9180711343424,1,0,3.5713612831709316,0
21,63,7,4989.022885433949,1,1,21.85359948707232,0
36,4,9,4868.022326479952,0,1,24.414307221659605,0
64,53,6,4996.274146828749,1,0,10.26061863450419,0
26,63,6,1460.8977545741068,1,2,24.05026435933014,0
63,31,5,5364.328086172582,5,1,28.940016528258802,0
44,55,7,2797.540832595302,2,0,18.173615297891068,0
26,26,7,2823.1584163614298,3,0,15.976838945688124,0
71,14,7,1808.3189105340566,5,0,29.51762224871095,0
47,58,9,1017.1539954146951,0,0,18.523066282881853,0
56,23,8,1714.6924185419325,1,2,20.335203965682794,0
23,54,2,1903.2345162742859,2,0,20.5419413454564,0
39,23,11,2650.877184241161,0,1,17.811995107492628,0
54,29,8,5115.675812955344,1,1,11.851429123652434,0
54,49,12,5035.871311699972,6,0,0.0,0
21,25,12,5001.970813591784,0,0,15.257181169638475,0
52,58,5,2611.732069648198,4,1,19.32968680670313,1
71,3,2,2557.746176284305,1,0,16.143675240540425,0
62,1,2,5353.021028445195,0,0,0.0,0
29,6,6,777.6214154422855,2,1,2.792323995636986,0
70,19,6,300.0,2,1,11.637476005176666,0
56,4,12,1223.4723763262987,1,4,7.937053433274799,0
21,28,5,4014.874714655248,2,0,16.09299460576086,0
25,2,8,3400.774005900873,2,0,25.003515441271873,0
70,54,6,1218.0784441832575,0,0,26.97855613443798,0
29,11,10,3773.095280151952,1,0,15.448847506140108,0
23,70,11,4637.292723917526,3,1,20.640689268183586,0
43,61,9,8118.803123171882,3,0,15.660424282705899,0
47,50,11,5893.0580814862105,0,0,14.254651183978593,0
50,57,8,4005.869973606368,1,1,13.597430948066958,0
55,56,7,5141.13655027741,2,0,15.966072566965755,0
74,61,8,8096.363869495667,2,0,15.712163054345528,0
61,40,9,1952.4676505449956,3,1,6.070119236569774,0
19,45,12,987.5587194097088,2,1,9.600097180900793,0
23,34,10,5583.5352748898,1,0,16.45400525207,0
18,45,6,3175.4968017977817,1,1,5.489358603211301,0
40,28,6,1607.2863652183892,5,0,16.37485574307242,0
37,9,7,3315.8923511376306,0,2,19.534973206463775,0
71,67,9,1959.2295555784326,2,0,19.585564143742097,0
38,50,8,1531.9408752734914,0,4,1.351650612154975,0
19,51,6,4710.605484725034,2,0,11.923551871720935,0
68,20,7,2447.560396848625,1,0,28.188575300814232,0
32,55,5,806.3894351760691,3,1,16.094856773975458,0
70,37,11,3580.352227708168,0,1,12.112631929111307,0
62,6,7,2806.321454636647,0,0,8.12586380337303,0
68,68,7,4246.684227165914,0,0,8.15623275826215,0
64,71,12,3095.6282357857726,1,1,0.2399293060094987,0
26,62,10,2487.4102102070856,1,1,28.519232146111744,0
53,34,8,5770.695036556792,4,0,0.9594120441622476,0
41,17,8,1471.925991825029,2,0,23.3510609881338,0
53,1,12,5505.213124858095,2,1,23.448687441560473,0
60,53,9,3586.7813578100877,2,1,23.372107766197363,0
46,64,3,5297.197504939406,1,0,6.041727494031935,0
35,8,11,3551.728398759262,0,1,5.022749830427468,0
70,49,12,4090.6908948118466,1,1,25.100114840948514,0
55,2,6,4171.0681340780975,0,2,16.1730194238206,0
68,56,9,6069.992744587363,3,0,14.495723037959927,0
31,3,8,4137.4205589951835,3,0,21.735165459591453,0
65,70,7,1244.8953272158315,0,1,6.496437823626231,0
36,13,10,3921.926769741148,1,0,24.247344075113528,0
44,29,4,5472.781357634135,1,0,15.229038785499785,0
67,50,7,5622.481179202974,0,2,13.374528025329916,0
38,61,8,2837.447714973143,1,3,6.965411597620202,0
32,26,8,2458.8702551577944,4,0,12.538601609149989,0
70,70,4,1444.430721408578,2,1,13.860813360342393,0
72,2,7,5077.024514102635,1,2,11.915369378622128,0
35,34,8,4916.850584024338,1,0,14.008215866947229,0
35,71,10,6203.1681128785585,2,0,10.40999846416872,0
30,20,7,2400.7021409412705,3,1,7.523400151325124,0
19,38,5,3892.573803743327,3,3,23.778953160520587,0
49,32,6,3226.1250212283694,1,2,32.56750241569533,0
32,28,7,2556.8177560941763,0,1,28.913584073660786,0
66,55,9,3428.9949524496087,2,1,10.605800829674166,0
27,37,5,1448.8434965763208,2,0,7.915325132482061,0
54,51,8,4836.55582768288,0,0,21.432866193853027,0
46,37,9,5279.505777251549,1,0,6.644856052531452,0
52,71,3,4750.101248308059,2,0,17.36259485241633,0
24,34,7,3515.8168458153373,3,1,5.830931635133993,0
44,57,6,5087.580917659985,3,1,9.203020987856112,0
53,44,10,2821.486309073581,2,1,15.215890512901554,0
37,57,4,1019.266936586966,4,1,4.442888549847591,0
67,63,9,2972.3030826867653,1,1,12.00596924958441,0
48,17,2,2452.298419062301,2,0,26.909947619394174,0
38,22,6,7835.8862564030915,2,0,16.525228935950388,0
19,22,9,4935.700156823734,1,0,17.67653834598839,0
27,35,4,3557.848002715159,1,0,33.87416048841403,0
45,35,8,5615.028321410214,0,0,17.01920817205355,0
40,1,9,4722.472620071673,2,1,12.860811977677553,0
67,64,7,3701.205206773466,2,0,8.588575089563331,0
62,62,6,3273.570872487638,3,5,30.601957095324963,0
27,43,4,2048.0722713705386,3,0,11.161493095956711,0
51,22,7,4209.826250790814,1,1,16.71813173702801,0
43,59,11,5193.845386795713,2,0,24.83325310001674,0
23,20,6,1160.9022714102616,2,0,6.106152622307659,0
55,22,6,4388.814820600811,3,0,21.00279690104978,0
48,71,10,4281.397940466559,1,3,11.661690794632406,0
22,66,11,2103.5914235100327,4,0,0.42897109325410554,0
44,42,8,3535.3551274311967,2,0,7.057874244655052,0
59,13,5,897.6802247315072,1,0,26.656710566059736,0
36,9,8,3898.337867342194,2,0,17.05620119655722,0
38,69,5,4372.852594211754,1,0,10.736012036166024,0
24,19,5,4791.73560629776,1,0,12.940035548451165,0
29,49,8,4266.729981048278,0,1,2.8349847887713757,0
73,26,5,5450.71358932014,1,0,16.41970449634288,0
53,36,6,2307.223925743092,2,1,6.77559401985495,1
28,71,9,4809.227051408509,0,0,18.67416725484717,0
45,43,13,2886.8534260606775,1,1,13.143438164740834,0
28,31,9,2061.2979963785674,1,0,12.782032192432276,0
43,30,8,2557.007960340344,2,0,24.4836361844325,0
26,17,5,1478.4381734042975,2,0,21.797088210327757,0
53,40,4,4115.608184784831,1,3,16.997558418603962,0
50,41,4,1500.5318404683055,1,2,14.781608342653493,0
54,7,5,5074.191846290942,0,0,16.078153259896627,0
43,29,6,4206.049709118939,0,0,11.425116168829174,0
34,46,4,4361.577228002854,1,0,40.69032776634229,0
32,4,7,3100.2293027387996,3,2,15.37273822349918,0
30,70,7,300.0,0,0,13.126812169942191,0
42,62,12,2901.9725452132375,2,1,12.199689772276141,0
43,46,5,3661.683127365973,0,1,11.808305728872087,0
56,2,7,2711.2939403143246,2,0,13.460786791217416,0
20,37,10,4988.794804938014,0,0,20.232580398722558,0
34,64,9,2927.823369830828,2,1,13.454530428602332,0
66,2,6,4550.648627681781,0,2,18.21545455500715,0
70,57,6,2189.8547728886124,4,1,7.93075596847969,0
71,60,7,5180.257988888513,3,0,14.376922482649235,0
35,6,7,5716.198664905984,2,0,16.140231130434998,0
25,17,8,2327.0685292931803,1,0,14.105096160967948,0
29,52,4,5235.228664102284,1,0,15.847645857404041,0
25,65,10,3974.8056306272238,1,3,26.548447007208296,0
72,55,8,1774.5258221266595,0,1,15.060181967630337,0
68,38,6,3799.3068984616793,3,1,0.0,0
64,43,6,4334.822772775911,1,1,15.934316151987769,0
59,38,7,425.52950253893187,4,0,20.629607107671248,0
37,42,8,2254.4747966042596,2,0,33.47231288198376,0
45,55,11,3989.324029504864,1,0,6.715369585731345,0
65,4,8,1225.8897831018812,1,1,11.375924643913898,0
64,15,11,632.9261735016976,1,1,23.375796450920696,0
47,5,3,5370.701367868843,2,0,7.623855034557691,0
65,57,8,7115.063218356986,0,0,15.779534616618463,0
37,52,5,4698.306787081176,4,1,12.60528064416634,0
41,4,6,3241.8648113086047,1,0,22.68204965856418,0
65,8,3,2588.4904169201736,1,1,14.708380114623548,0
39,19,9,5144.491593837465,3,0,24.654209264691566,0
60,18,3,2643.513676702912,2,0,26.663270511189626,0
43,37,7,6034.740241543154,1,1,18.243793613646833,0
34,36,9,4227.08547993748,3,0,10.396927963521453,1
30,26,8,4859.652739399595,2,0,24.711835477028927,0
52,12,4,4637.774123167587,3,1,8.992718492139792,0
45,47,7,2305.208655541623,2,0,12.660884486189012,0
39,57,7,5695.311977083042,1,0,12.669499687141602,0
60,46,10,4517.6763909624115,2,1,21.93554160688425,0
18,58,6,1260.4206121641737,1,0,3.4307492843487797,0
23,65,5,1560.4940917716165,3,0,19.00935651290217,0
72,60,13,300.0,1,0,15.884953022989142,0
55,47,7,3357.116712683358,1,2,21.856388198507485,0
49,4,6,3216.125435944872,1,1,7.238692046881855,0
18,24,10,5229.138576381823,2,1,3.6303746439798967,0
52,31,9,6626.494011139384,3,1,0.0,0
42,51,10,4536.592545240311,6,1,25.706941333491294,0
52,61,6,300.0,1,0,25.882888600432445,0
20,46,11,4642.623663385426,0,0,30.452527733945725,0
49,26,8,2627.9560595792454,1,0,14.278769081147779,0
50,56,6,3850.796156091954,3,1,13.587057025603993,0
34,50,13,6072.623741197973,2,0,20.665473322804573,0
21,57,8,2135.6604099237848,3,0,20.98662677669198,0
73,42,8,1022.363795843456,3,0,3.19056299786174,0
58,46,6,3465.712676020594,1,0,14.268316374141726,0
53,25,7,805.9382078470603,0,0,16.340048476852733,0
61,29,5,3371.521132035562,4,0,19.201867335352812,0
56,20,11,3631.0399427154225,1,2,16.38396239160143,0
25,19,11,403.396530342256,2,1,2.9409323349861722,0
43,47,11,2337.6162754293027,1,2,20.334651052503393,0
68,28,9,5319.519218485347,1,1,9.134844781566809,0
34,10,5,6094.53551698695,0,1,12.553258893773874,0
73,3,9,5807.249552250405,1,0,2.4948873894346875,1
21,62,11,5572.0504134948405,3,1,8.538164297910008,0
36,31,5,3981.863981528182,1,0,14.975701310417545,0
37,41,6,636.2911357853159,1,0,13.3072826128217,0
53,65,7,4933.737275886509,0,2,8.623226967608975,0
28,8,7,3150.7857291092964,3,0,23.883262307434983,1
31,67,8,300.0,1,0,30.743779564686754,0
55,50,9,4138.614073945864,1,0,16.57790595773386,0
34,46,15,3284.6051835129097,1,0,0.0,0
68,31,13,3661.8486986622465,0,0,8.893628742037652,0
67,51,9,2058.9721510854006,3,2,20.738680539563592,0
35,15,7,2016.1358868633793,0,0,16.249096560343396,0
49,22,9,3830.872792872671,0,1,13.559825862868951,0
36,69,5,3031.0085550344284,0,1,20.701702196395466,0
37,20,16,3027.336612738788,0,1,16.912522740531276,0
56,52,4,1749.7985801844743,5,0,25.346213355749796,0
34,67,4,1317.8836245254015,2,2,9.853170775764202,0
26,43,5,2212.716215696133,1,0,18.318956818105033,0
32,22,7,4897.392551034798,3,2,7.637197451319844,0
70,61,9,4721.693372447562,1,0,2.7129396681885733,0
32,59,6,366.2505496297149,0,0,2.3938851480855714,0
38,39,2,3503.4243288321118,2,1,6.779261485109469,0
53,9,6,2413.619758402582,2,0,24.556955412988746,0
23,32,5,7122.116332159311,0,1,0.0,0
33,31,5,2140.287013522076,2,1,0.35433282333369576,0
27,14,5,1826.8752420716028,3,0,13.194275420158771,0
70,29,9,1972.5290327342123,3,1,16.64619985421942,0
71,11,13,5813.160122462199,0,0,16.109330394743594,0
61,50,5,300.0,2,1,14.457629064728076,0
32,31,13,1528.4948558241251,1,0,9.149531551073474,0
53,52,4,3625.728342245239,0,0,21.920654543894855,0
55,33,12,4360.116092582798,0,1,17.785851594228895,0
67,51,11,4494.91242364419,1,1,24.80089814452814,0
26,53,7,300.0,2,1,17.13425030336325,0
59,12,14,2142.1888483368093,3,0,25.138615057949565,0
29,32,7,4354.697177349259,1,1,13.193432784401502,0
50,54,8,2000.9696355320946,0,0,8.51824841549578,0
68,43,11,1329.999892878277,1,1,12.583537263907925,0
21,16,7,4752.853344644172,1,1,10.06711225147695,0
26,60,14,5604.814715033355,2,0,25.74043298758369,0
64,15,12,2520.276927949789,3,0,25.977064374614418,0
19,71,7,2952.876917084979,1,1,7.117217599073485,0
57,51,4,1821.201478211909,4,2,13.769020474205748,0
46,23,9,4857.366213504037,3,0,18.682683424592206,0
37,14,10,6770.187813380708,1,0,7.349365043644478,0
67,65,10,3660.719948397259,1,1,7.642900698244167,0
66,38,10,3249.371087501772,2,0,26.92527441407863,0
36,58,4,3317.564052398542,3,0,23.510189116992127,0
18,60,9,3713.4584882230824,2,0,4.535777931244182,0
25,5,4,300.0,0,0,5.6598462505338105,0
24,49,13,469.7185921235982,0,0,18.751690524514977,0
73,24,11,5972.10149842409,0,0,26.253784552323378,0
52,65,11,6764.091971984326,1,1,20.85005398264083,0
56,16,9,2764.2861861984293,2,0,9.028397530926856,0
31,3,7,2052.7644108433324,1,0,11.09812292443905,0
66,48,8,5581.018698870597,0,1,1.5360331937240055,0
59,40,14,5177.655317158617,2,2,28.77420694957645,1
60,40,9,5159.671238039532,3,1,1.718063195300516,0
44,19,9,1269.5935553309846,0,1,16.448910313405502,0
57,36,6,649.2347854913728,2,1,11.918032442064504,0
49,69,13,827.912041644473,2,1,27.242696772098228,0
39,55,9,2590.828713509031,0,1,25.834885946750326,0
51,70,8,2538.7312397629803,2,0,4.4249941797044325,0
36,24,8,4152.320173478967,0,1,11.23003407538711,0
72,62,9,5545.518125118157,3,0,16.456125636901405,0
58,28,4,1298.3464933807636,0,0,17.425897362532638,0
60,67,6,4980.7429772022315,3,0,8.813822955494981,0
58,62,7,5518.4126767407015,1,2,26.027824699959233,0
43,12,5,8316.40528628092,0,0,11.007401744832364,0
72,70,8,3809.41206619886,2,0,20.55589453067629,0
29,44,5,3489.96220262219,2,0,15.86604317477872,0
50,56,12,3075.369271734478,0,0,0.0,0
21,42,13,3777.60285121385,1,0,31.81207568911209,0
34,16,6,7463.767695039767,0,0,27.411446980297484,0
50,70,6,4959.111960085077,3,1,27.747236141135787,0
45,8,9,3854.3516748682378,2,0,20.58402527092346,0
71,58,7,475.69455820761596,3,2,35.54444253898302,0
52,15,10,4210.395645585576,0,0,8.831040070831246,0
41,56,10,1609.8982242579318,2,1,7.24799233476702,0
42,31,9,5934.599528081348,1,0,9.809293176326712,0
52,17,7,2993.571772200151,0,0,9.020393237092172,0
63,17,10,300.0,2,0,20.287838767760828,0
33,23,9,1033.3462763533748,0,0,20.42135031973207,0
51,64,7,2255.300042718126,2,1,14.639061428613209,0
50,55,10,3347.781782657019,1,1,12.286016010712235,0
18,48,11,2970.9475650226304,0,0,11.10018695321984,0
70,45,10,2705.3522162214063,1,0,12.212813171866738,0
50,30,11,6567.250724226932,5,1,17.324177280620685,0
31,65,3,2528.136839058409,1,0,10.978740918709992,0
54,20,12,2264.9703571589475,1,1,22.439194053453647,0
56,67,8,3537.732615729186,1,1,11.760717958187545,0
70,28,9,2738.568566630703,2,1,19.33748704162688,0
19,25,11,3811.8849954763473,0,0,25.50538629264272,0
41,34,9,1684.127473564799,1,0,20.773743714507226,0
28,54,14,3750.8221346153664,2,0,13.484852427579334,0
50,51,9,300.0,2,0,32.54755982430502,0
46,55,9,1816.1404759152938,3,1,23.51465203606448,0
45,7,10,2668.943755700543,0,0,18.60578426198125,0
73,12,8,2565.5429543588857,3,2,22.218326428472544,0
48,61,7,3490.9613868829742,0,1,18.402201425769988,0
41,70,4,1674.7189702001713,1,0,6.068998040297599,0
21,10,9,3421.916311333959,1,1,23.303237516340843,0
34,65,5,4142.815784445985,1,1,3.00106076013555,0
69,19,8,2937.57203056242,3,0,12.785373308823742,0
43,70,7,3650.1555591458487,1,0,18.794167464562438,0
69,71,8,2705.548600070145,1,1,2.8349925705268753,0
48,46,7,3241.7735224549165,0,0,11.828598095504578,0
49,14,6,2797.3864687355945,1,0,11.416049496719626,0
42,56,9,8319.75698241526,1,0,19.45079991621376,0
49,8,12,3465.672957015796,1,1,13.90055930163555,0
21,24,5,1546.2549661102362,2,0,5.727892162287066,0
21,46,7,2959.8635817408276,3,1,33.30557589585509,0
45,5,11,1132.1726846603328,0,0,31.4323852086812,0
52,28,3,300.0,0,1,0.0,0
49,57,10,3607.474316710447,0,0,15.694774846743247,0
42,7,6,5318.1784011705295,2,0,18.42829168695122,0
34,27,3,4376.583435059787,0,0,23.51156376795491,0
58,1,5,3679.8390712561645,1,0,13.700554072117626,0
52,47,9,5062.789002060459,2,3,20.615037681032753,0
20,6,7,2651.2560402651156,2,0,8.686140787893933,0
43,20,11,300.0,1,0,21.13842079561156,0
58,38,8,4365.999303750601,0,1,19.308202369532353,0
62,16,8,2851.29826757087,2,0,16.83661513871234,0
34,17,10,4363.130561790578,0,0,16.07531500633591,0
70,60,3,4346.599189068528,2,2,23.032753267595975,0
55,56,5,3512.337222720872,1,0,17.01366350543573,0
42,6,11,3762.9126913164714,1,1,19.34956285410417,0
53,61,12,4459.213585003885,0,0,13.41834481173688,0
67,34,12,2862.5390611894336,1,0,10.902047125274995,0
30,11,8,4802.019608424408,0,0,21.05192798669784,0
26,65,8,7578.588870517315,2,0,9.487753023505359,0
43,24,9,3857.8570840550788,0,0,31.950200626799056,0
22,24,8,4151.261579398295,3,3,25.10234356664205,0
65,11,10,5850.509712216682,2,1,11.032862766884662,0
73,63,9,5518.707378584937,2,0,9.503687881392612,0
52,21,9,3281.2389829802573,1,0,12.542182235861329,0
73,43,5,369.720423455346,3,0,17.433029937113652,0
21,17,9,1808.9313659905874,2,1,23.403658792706317,0
54,64,10,3881.417685448294,4,0,23.432951979894057,0
43,56,10,2756.5831571286567,3,0,30.59878063814061,0
33,36,11,2050.98950936651,1,1,15.69738024331493,0
35,25,7,4110.8946117905825,4,1,13.637621828929598,0
49,47,10,2279.815390768186,1,1,15.45446423100192,0
54,36,11,5864.101290117018,1,0,12.858077691415842,0
27,67,9,2172.5477652110485,1,0,9.470669369202513,0
53,48,6,3524.1629905369296,2,1,21.669707219838692,0
70,2,4,2856.4145653294254,2,0,11.705229593900839,0
18,59,8,2786.3509982045052,1,1,15.282378078495311,0
68,14,10,4011.8794304385983,1,0,10.706995306122145,0
52,22,11,300.0,1,1,1.6069037534605197,1
37,31,12,3481.675113593921,0,0,20.20693786220197,0
59,15,15,4936.38935056235,3,1,4.685196496464318,0
53,67,6,5052.6993870330425,0,0,17.382721649290556,0
61,70,10,4328.347898288613,2,0,1.690208050617425,0
22,12,9,4448.825160039854,1,1,33.167108453136265,0
21,23,11,4423.1979714441895,1,1,30.68398003257625,0
54,27,5,5913.476059727109,0,0,2.576613725976129,0
35,48,10,3952.4890643982963,1,1,12.939551281151243,0
31,43,7,3213.3547672624054,1,0,3.957927331187202,0
42,49,8,2152.402175809404,2,1,6.339550693143702,0
59,3,6,3040.15522445509,2,0,19.51929200620599,0
28,37,10,4581.424874623048,0,0,2.6960348301499106,0
73,15,9,4915.105665209738,2,0,22.133582574271866,0
41,17,9,2639.677539313265,0,1,12.904546360378431,0
26,56,8,2622.571524691248,4,0,16.852627903384025,0
22,11,5,4431.628780841953,3,0,10.558813229544981,0
66,3,11,5680.592779958701,1,1,3.475061852589212,0
24,35,7,7512.799022967238,2,0,23.021444411141538,0
41,53,12,4489.719083146303,0,2,18.851554423890704,0
56,37,11,2526.698759569317,0,0,16.70242467205347,0
47,12,7,1812.0458117199973,1,1,5.740903822464382,0
32,55,12,6464.258636982923,4,0,20.75083246629285,0
24,28,7,4163.563019971037,0,0,14.172819549585196,0
58,51,5,2959.2417033612605,2,0,16.81661712931017,0
45,15,10,2534.6192185010073,1,0,22.100290198997588,0
20,65,10,6229.43636627598,0,1,25.194936299354232,0
28,21,5,3004.2085407839213,0,1,26.0882126616469,0
50,69,10,5712.23006056872,0,1,14.820185897142483,0
27,27,12,4905.690925133517,1,0,12.325028021674255,0
40,52,4,3000.7809721719173,3,1,25.083160999665367,0
25,36,9,6655.724426896657,2,2,14.466278372116212,0
63,6,14,3500.589230546092,0,0,0.0,0
53,7,4,2699.4416382745285,1,0,10.43757152395936,0
62,29,6,6074.508036978807,1,1,12.001982599210006,0
20,14,5,4989.390833385256,3,0,27.046238106028696,0
39,44,15,2748.2903770494577,0,1,27.146614066993987,0
33,10,7,5045.812447626812,0,0,1.602580372275284,0
53,42,8,5519.311414714743,1,1,16.924630605454276,0
64,15,5,4726.1751898698385,2,0,14.138288489839418,0
30,13,7,2567.5901856693135,0,0,11.18302356137623,0
61,27,12,4089.279941802321,1,0,14.684689923775737,0
51,42,14,1615.8666208703862,0,0,20.019179721506877,0
64,29,8,2860.364986463694,0,0,13.793443537571148,0
22,25,10,2934.213543427021,2,0,12.732687965002398,0
74,25,8,4993.920896289531,1,1,8.026890989333117,0
42,25,8,5200.694044472334,2,1,29.310028019444808,0
33,29,11,1074.2052122065647,3,0,16.864184477430026,0
28,60,11,4309.380745894097,1,2,15.485954808952139,0
74,42,13,3420.5556690747394,1,0,14.7612959469064,0
68,30,8,4188.560701136882,0,2,15.939564596844768,0
25,54,7,6310.004228196032,3,1,14.193278613064791,0
43,38,4,2787.6770823120623,2,0,12.030138156465224,0
59,68,12,3030.299309853718,0,0,23.74752298991759,0
51,40,10,4803.362626009865,1,1,9.740952403489242,0
28,16,15,3678.6931847550472,0,1,27.51327923401618,0
38,40,6,787.4288880356421,1,1,3.9333844929541044,0
38,55,6,6659.351557877161,3,0,3.991795188016356,0
34,16,10,4010.6717118240117,2,0,13.56103450444658,0
72,15,6,5284.8483711021645,1,0,14.921498232641264,0
29,43,7,2768.817853788432,1,0,21.1760947454572,0
58,63,7,1060.237085901153,0,0,17.78739509563396,0
69,24,2,3384.495125274861,1,1,6.82127467970156,0
63,36,10,3972.3381010864227,0,0,18.1645045318429,0
63,47,10,5688.582195758776,2,1,26.962806914422927,0
27,48,10,2745.894368605122,3,0,9.819487662305296,0
25,11,11,5353.573958359543,1,0,0.0,0
62,29,8,1165.2375915543594,3,0,0.0,0
60,71,9,2918.374292099863,0,0,12.886697511854393,0
60,64,7,3970.3898047736157,1,0,25.32921283043372,0
41,55,5,1580.835148519453,3,0,6.6729923074224775,0
47,2,4,6380.835915816617,2,0,8.103013682044043,0
18,30,10,3150.7867161184527,2,0,36.043707313687506,0
34,4,13,2239.119538557342,0,1,8.789307247152049,0
48,22,5,1714.124926299344,0,1,9.984785828388068,0
25,62,9,1377.4681325030092,0,0,0.0,0
25,28,10,4857.260357932677,3,1,9.438894934572994,0
20,12,7,2128.0086254241182,3,1,17.847592113136677,0
29,52,5,4186.135250959896,1,1,15.368276548087206,0
74,54,9,2802.962833976555,2,0,14.52424729904506,0
57,47,10,5218.78123795579,1,2,5.553570399206661,0
72,58,7,4212.037848093217,1,2,23.843698956587495,0
32,50,7,4815.094073797234,2,0,0.0,0
52,46,7,8107.976035917286,2,0,7.834953250322947,0
68,64,7,2764.3541728158334,3,1,25.456260956096664,0
38,24,4,3829.8041072051997,2,1,24.475063192280324,1
55,33,7,3887.011904307912,4,0,17.08490850149542,0
57,40,6,4276.778237421738,2,1,19.663509286687965,0
65,48,3,2801.606092937629,0,0,6.1688268372844846,0
73,34,8,4766.593919945201,0,0,4.884164660788576,0
53,32,4,7394.27802576803,1,0,1.0110067550828763,0
51,12,7,3422.2206624901755,3,0,18.09475289450238,0
67,46,14,3553.8941651879436,3,0,26.940383989597095,0
57,9,8,1821.6906017895105,2,0,15.06318588747317,0
38,34,10,638.9243141294114,1,0,14.060139590626287,0
53,30,7,1800.8077145119628,0,0,15.231947470634957,0
49,56,8,1201.40889853404,3,0,22.196665117960215,0
31,34,7,1384.975537978703,1,1,25.491189734706822,1
47,1,7,2371.5073960856307,4,0,0.0,0
53,36,10,1759.0474829647417,2,1,22.04264694388305,0
69,16,9,1966.5851401782556,1,2,18.05814617197146,0
51,27,7,1735.9742934412395,1,1,17.798057709930806,0
27,22,12,1723.0204064893298,2,1,3.67549722772093,0
74,12,11,7715.185916157489,2,1,20.475143029966787,0
50,68,2,2035.3620640798613,2,1,24.175447370808772,0
34,19,10,2502.99496634992,1,2,12.885089630759303,0
61,37,10,4219.91769632489,1,0,15.394999265207176,0
39,59,8,1181.202347414845,1,0,11.24274512681188,0
39,26,5,576.2819453407797,1,1,20.167691821235262,0
65,67,9,1458.3332676465695,0,1,9.348388337791235,0
67,29,12,3231.4458827707285,4,1,17.3019572233339,0
47,68,8,3694.833902177983,2,0,20.854691902400035,0
39,33,12,4650.691405732028,2,0,4.828353729505242,0
67,2,1,4270.299385927502,2,0,15.09663071489435,0
27,62,7,6464.869860970372,2,1,14.349008143996683,0
60,62,4,3606.7386468692484,3,1,17.534529542460568,0
51,69,5,3562.6142665217685,0,1,12.509827503630316,0
66,9,11,1854.2905398217424,0,1,19.1293478860786,0
41,60,10,3495.9802888557642,0,0,7.162370395547919,0
65,25,5,2136.8871776408473,2,1,22.447348650566237,0
18,60,5,1325.8693995399917,2,0,13.55860615990895,0
61,69,6,6773.655570799678,2,1,21.170109205033196,0
21,15,7,1236.9769007578575,1,0,5.568795746487702,0
54,27,6,6796.289867033157,3,1,22.398389087242478,0
29,20,9,5599.163850464494,2,0,28.3630266561095,0
72,22,12,3350.9617127124684,0,0,23.05711002997895,0
61,43,5,1037.6407231390144,0,1,16.337551987588647,0
23,30,8,3201.581470550677,0,2,12.932160465993269,0
68,47,10,1722.921433431161,3,1,17.788028872256135,0
32,48,6,6403.973207783611,0,0,7.689600921803235,0
49,15,6,4640.318849469419,1,1,19.364232147742765,0
22,4,9,5336.423952653433,1,0,10.942544957576473,0
24,53,4,3005.76377315729,4,0,13.270144228130066,0
31,13,9,3376.268678259657,5,1,15.023495478544396,0
48,15,8,4567.582833428504,1,0,7.524409461854438,0
48,43,9,2833.467518220892,0,0,23.16986939204843,0
66,19,9,6223.80645791032,1,0,24.83117039685359,0
27,14,5,2481.4972694215667,1,1,8.35975144011936,0
60,22,9,5958.619914462322,2,1,18.00037723620213,0
18,38,10,1869.5219252565241,2,0,21.721827635238412,0
34,61,5,2521.6237858382083,1,0,20.275434135330805,0
27,71,7,2992.8634418282195,0,0,17.83768615672116,0
25,52,11,2771.8576953498423,3,4,7.470812259997831,0
51,64,3,2124.4650534793254,2,1,11.939347806076904,0
69,38,10,300.0,1,0,10.976777393911956,0
56,29,8,3742.903395043003,1,0,21.434850120940403,0
66,59,6,2171.469182497861,3,0,1.4072028110683625,0
51,22,5,2718.172537160317,2,2,12.492003573608226,0
21,58,15,4637.2534936041775,1,0,14.960299088616098,0
37,71,10,2154.3997512023407,0,0,16.009223426063,0
64,28,9,3366.7039828226198,0,1,20.075666384142536,0
20,45,11,2141.712069298922,1,3,1.0980376658181914,0
23,56,8,6498.3286574270005,1,2,16.1357432921528,0
65,56,8,4996.290607592396,0,0,18.84377211537441,0
21,15,6,3423.562027159624,2,1,6.1683507368559365,0
72,69,10,3583.8354195217707,3,2,25.946586369541883,0
61,36,10,414.81453299467194,5,0,32.59885495641334,0
55,3,4,2309.5346269481906,1,0,14.13237901368256,0
48,9,7,6208.477659523247,0,1,12.577741512419113,0
23,52,9,2428.004746936981,0,0,0.0,0
41,31,12,3222.1972863218716,0,0,13.458253030916847,0
64,8,9,444.85203613096746,4,0,25.967940555542032,0
69,37,6,4353.629293203826,2,1,12.841195229433092,0
43,43,7,3241.2737088033846,3,0,12.795383319585842,0
65,6,9,1500.231659457947,2,0,13.567536396498578,0
62,25,10,1030.9540881000075,2,1,19.31877545521013,0
21,33,3,7159.672543965331,1,0,13.821467990356444,0
53,56,7,2581.800999246313,2,0,12.431122199757802,0
53,47,8,2232.748262154926,3,1,6.386868300201112,0
48,7,8,4799.345240634802,2,0,6.760174769915608,0
62,44,14,300.0,2,0,25.862051159514916,0
68,65,4,6201.876734057001,1,0,23.362700988196725,0
49,4,9,2565.6158864733225,2,0,5.443113699026123,0
36,71,15,2928.557215603324,1,2,10.673145043179183,0
74,7,12,1912.5903211562375,2,0,13.704218977505544,0
72,45,8,3469.4035668551473,1,0,8.039386202092892,0
57,25,8,2153.1951377505557,3,0,14.636180715105223,0
54,52,6,3114.887489777964,3,0,22.8267794714387,0
23,60,9,1534.6951657356221,3,2,3.991132709280837,0
40,61,8,3625.701279853364,1,1,15.226677436474194,0
29,62,6,2650.4221780667967,0,1,21.85319648085325,0
47,58,7,3648.3893987099373,0,0,9.728086804991335,0
65,22,5,2771.587925174751,2,0,11.286756135293166,0
30,34,8,6306.413587933501,2,0,11.039831908772317,0
74,52,7,3078.498130160571,3,0,9.775052534840277,0
25,12,7,4617.00272013901,1,0,9.354046043844313,0
23,41,5,3238.979549947399,1,2,27.0247806019903,0
73,38,10,4872.392495365703,2,0,6.175023560969601,0
23,70,5,2348.959459508906,0,0,14.879232863309145,0
59,4,10,2767.3689762321965,2,1,10.846469714860635,0
61,7,12,3441.5271653333116,1,0,17.156568152821706,0
36,3,10,300.0,1,2,30.8872610190695,0
21,39,3,4025.8026070327387,0,1,15.889052845593943,0
35,40,9,2040.7647789473697,2,0,20.78715814317585,0
21,43,14,2714.657448517818,2,1,22.684926230546026,0
56,18,7,4962.402081868313,3,1,14.172303460326608,0
68,22,9,3398.1021241495087,2,0,37.44503567779273,0
74,30,10,2497.6045511196935,3,1,19.515854315536075,0
63,4,4,3841.4325383874548,0,0,14.490730898848671,0
62,54,5,2318.3245799603046,1,1,0.7405939905756593,0
68,4,5,3382.202475383947,1,1,2.688731998661561,0
61,48,7,1726.7885786464585,1,0,31.193488022910273,0
55,33,6,5136.234774345072,2,1,6.804412492871968,0
74,71,9,1276.248316070124,1,0,5.145395306789885,0
36,50,10,4209.963630394938,2,0,18.807805935466565,0
41,34,11,300.0,0,1,14.111036733380788,0
69,50,7,3315.103902847457,0,0,21.557353709712537,0
35,9,11,4138.383384819076,1,1,14.88473742396202,0
35,13,8,1695.3415502718772,4,0,9.3919456568652,0
26,36,6,4254.084852980775,3,0,0.0,0
33,61,3,3443.535856929888,1,0,11.280914149567552,0
51,59,5,2737.1451536231334,1,2,0.0,0
68,27,10,3711.39024944136,0,1,0.0,1
25,21,3,5799.291593918367,1,0,25.89624513054114,0
56,69,7,3919.705946670361,3,2,8.16732135480139,0
61,41,4,1388.1635632281868,0,1,16.477396893876026,0
69,9,5,1796.766023420566,3,0,14.53210183679409,0
60,16,7,1881.9770178892577,1,1,19.901949051480127,0
26,60,7,2647.795426098035,2,0,15.642422807546087,0
45,64,6,4194.1234306357055,2,3,16.037322443996416,0
72,65,14,4600.423103776808,2,0,16.29099752954184,0
69,1,5,4293.925330296524,2,1,25.799885483759233,0
52,59,7,300.0,4,0,25.399761630557034,0
72,8,9,4121.337669774482,1,0,4.324930220006909,0
56,58,19,2754.774295064335,1,0,18.516876662206812,0
21,63,9,4561.362356329327,2,1,14.391566133964819,0
70,26,12,5489.225436044164,0,1,0.0,0
27,14,9,714.4709162548488,1,1,34.7783022122679,0
39,51,6,3107.6782049710773,0,0,4.9999838218719574,1
31,5,5,4856.744523337716,2,1,11.231182097080552,0
59,42,6,4118.31455715189,3,1,17.88164859799917,0
19,24,3,5443.265586478449,1,0,6.888517114994958,0
54,31,5,5540.164147761459,0,0,20.242523639863457,0
67,59,5,2971.1747348402905,2,1,20.209066192144373,0
62,71,7,2060.3129570090928,1,1,25.848648944802594,0
35,29,7,1992.796913132375,2,0,7.396347693723416,0
69,21,3,5091.483132683152,0,0,18.037358994099502,0
38,60,8,4668.56374391609,1,0,8.185149020484554,0
56,30,8,3987.212107652098,2,0,5.264298306515304,0
46,15,8,3434.331245252667,0,1,3.218248126046557,0
21,65,10,4372.791575037312,1,0,22.092999635928948,0
18,71,2,3698.063973390411,1,1,13.10790165989903,0
28,21,7,2752.430956366883,1,0,26.049589550399233,0
71,12,6,5674.073363562024,0,1,13.947924183664922,0
72,11,7,1353.4518718916888,0,0,29.82475481146877,0
41,43,8,5009.454774916862,2,1,4.876121256558122,0
73,23,3,1439.396293264971,2,1,16.20837775625941,0
20,45,6,4030.622619123456,1,1,10.631396165035913,0
73,54,9,5533.419640375347,0,0,15.614780924357166,0
31,1,11,4900.710892606039,3,1,16.747830928111377,0
20,62,8,3674.6852752705163,1,0,24.647420096198324,0
61,3,9,300.0,1,0,0.0,0
39,9,12,1618.1201910905618,1,0,8.675588305123213,0
34,52,11,4220.354796198057,1,0,26.440654178704868,0
61,45,8,2952.961674242521,3,0,13.734731669330275,0
36,70,10,2466.087722657428,2,0,12.345663883839308,0
60,41,8,300.0,0,0,1.4193154620976962,0
29,30,5,2852.2286414178157,0,2,9.664025782191175,0
22,48,9,3535.716489688458,0,0,25.187096233837924,1
36,55,4,2415.1916485693746,0,0,39.391334666365644,1
52,48,9,3442.432574436852,3,0,21.6703273576543,0
30,27,6,2695.997409653266,2,1,24.442037117900412,0
26,69,7,4640.84570921634,2,1,20.877590759530882,0
60,22,16,3154.9705184779673,2,2,9.7789192367233,0
46,25,8,2996.2829988515296,3,2,28.766054339614815,1
42,20,11,3209.1854010036536,1,1,15.41809263239132,0
31,22,3,2465.8413340163384,2,1,7.8410438426826055,0
19,16,6,5235.2844983179075,5,0,10.216464803859811,0
21,42,6,2290.6488303929927,1,0,22.74385019101799,0
56,52,4,4687.293092755551,2,0,28.52564979326298,1
22,31,13,1935.6573876375055,1,0,13.52024263465506,0
32,66,5,6372.6975128096,2,0,18.439460280449868,0
69,34,10,7786.261219715911,1,1,7.459970674328074,0
37,34,11,4221.271455861028,0,1,18.642693287383942,0
60,5,10,4446.3176337512705,2,0,23.489940704469284,0
37,65,9,3339.2739973173743,0,0,8.936973346665749,0
71,11,7,3607.431469061528,1,0,26.65007335700178,0
64,12,10,2028.7504350037345,0,0,6.37991657570111,0
44,67,6,1653.9086387330722,0,1,25.450130528940278,0
57,37,6,4296.783039134295,2,0,30.87657194442621,0
41,5,6,1926.9191849788256,1,0,17.108303551288746,0
71,32,6,4530.22040554778,2,0,19.00622865053671,0
38,42,12,4988.020999372267,1,0,22.044783857888547,0
65,1,9,5698.152743718872,1,0,23.780728257488548,0
53,54,9,1891.3718097202577,3,0,19.110876884896992,0
54,48,7,1481.600341628008,2,0,22.523988165484383,0
38,1,7,4621.683801194598,1,0,26.76890765547448,0
65,44,8,4703.006475978062,0,0,22.05151597229547,0
60,16,10,4615.015739394779,1,0,9.050894640945192,0
64,53,9,4816.488331992545,1,1,24.444199465692556,0
63,27,10,1822.321827234211,1,1,17.656450218943554,0
26,15,10,3413.7856498738615,3,0,27.69783496010956,0
67,36,12,3004.474581942403,3,0,16.428426703918337,1
65,32,5,4842.087948986076,1,3,8.340264239873022,0
31,25,9,4421.543987401397,1,2,10.412968953402123,0
73,63,6,4412.1033551500905,1,0,18.356248814343832,0
48,47,11,3929.4142334710664,0,0,19.44813918114494,0
36,35,8,3660.686973199708,3,1,7.897599159780391,0
30,17,13,2867.7798888120096,2,0,29.534716238384554,0
38,41,6,3801.698686675546,2,1,27.989855484333674,0
20,2,12,4455.075482972309,1,0,14.689062664348661,0
57,63,11,5243.545665244856,1,0,18.24387094159837,0
58,1,11,5632.444907204001,2,1,30.076675192849464,0
56,50,6,4502.620162847777,2,0,19.375259769738356,0
49,25,6,5703.171565025252,3,0,4.6278852008716616,0
38,52,4,4698.160871905367,1,1,11.048412142041332,0
59,26,10,731.7966730634721,1,0,8.921309830578668,0
67,2,13,4986.705733758498,0,0,8.946351340465743,0
22,68,2,1655.5813037455596,2,0,23.28055369859282,0
39,55,10,6077.42644060225,1,0,13.534994779217142,0
74,4,7,300.0,0,1,17.385208801562413,0
67,3,9,300.0,1,0,9.795199570457358,0
74,38,7,6550.070059700636,3,0,7.555491377231934,0
28,68,6,6907.610083816619,2,0,12.179068334178329,0
44,42,6,5605.204157379472,1,0,10.49839472323213,0
25,1,8,6042.953875918319,0,1,13.687930016477827,0
67,50,5,1220.5583926567078,1,0,13.015519312354478,0
47,31,9,5392.977327119206,4,0,26.910357985504355,0
31,46,11,1934.2948306316334,1,1,19.941885527699952,0
23,25,9,5527.285040331964,1,1,22.984493348252734,0
60,1,6,2718.5388255466337,3,0,15.680494833507902,0
64,2,10,3323.553609294201,1,0,14.67446503481483,0
68,45,5,5325.959624346902,0,5,13.425951618498809,0
73,46,9,3434.283454864272,1,1,12.217434625087177,0
64,23,8,4406.748881747998,3,0,0.0,0
62,6,11,2269.2736635219594,1,1,25.973483737806042,0
64,55,4,2195.5880205072103,1,0,25.99103146728373,0
74,11,8,3019.6251316945877,1,1,19.206790998906595,0
44,14,2,1560.2706083475198,0,0,16.357658164870298,0
61,33,11,4717.293520513844,2,0,17.52414914135801,0
64,51,5,4092.911417078979,3,0,27.317008692304334,0
24,71,9,1085.7382211871304,3,1,3.7697865163948503,0
57,45,6,6131.450795108667,3,1,22.48172021523943,0
37,69,5,6169.722753262056,0,1,15.499709273926982,0
25,47,11,3416.101179796587,1,0,15.331396417474362,0
27,61,7,2568.958232337517,2,1,5.641665839016376,0
24,13,10,5765.82615907136,2,1,22.44626828826201,0
69,5,9,1905.266355237667,0,2,0.0,0
61,48,11,6389.506152773665,0,0,15.218974932899098,0
23,70,5,3492.592120166745,2,0,13.907113020668092,0
53,53,4,5923.785157231412,2,1,28.767683631774297,0
55,25,14,4874.15036757516,2,1,20.43548982380086,0
47,35,11,8355.356723915495,3,0,15.61782490492089,0
52,8,2,4919.253313503616,3,2,0.0,0
69,25,3,7016.5568864622655,2,0,6.387428072867603,0
47,49,6,2656.1129809175736,2,0,20.040435895785357,0
55,12,6,1800.8938651683636,3,1,16.39518569480946,0
50,35,9,3126.5826379212576,2,0,19.229185841336314,0
40,21,7,3734.4409750706063,1,1,14.035780250003164,0
68,35,11,3702.060276707858,3,2,4.3007306584248735,0
41,55,10,3537.0895741584113,0,2,18.084820746675376,0
63,63,6,4130.77490015696,0,0,21.78816818516736,0
52,30,9,4954.867658723981,1,0,14.987784944677395,0
57,59,11,1211.502482358173,1,2,19.43930957409138,0
61,50,11,3253.377952612398,0,0,14.707605613792664,0
59,66,8,2750.5815347195794,1,1,19.257120870333,0
50,53,5,3921.673110581566,1,0,11.497452261859596,0
53,40,10,3382.3191184963785,2,1,10.959140792213331,0
46,48,6,5958.760598709669,3,0,22.78515666758776,0
37,23,12,4362.593069698282,3,0,3.4875374164690296,0
59,48,15,5441.028810002585,2,1,9.400048710489976,0
68,51,10,3077.405196450251,1,0,11.346728143993888,0
58,44,5,5118.470614429295,1,1,2.512879466434214,0
62,8,6,2567.9444686728857,0,1,22.698306172181017,0
65,37,9,1767.8376758279398,1,0,27.024068323367814,0
38,51,8,5931.201477254281,3,0,18.629408788513608,0
21,15,9,3406.688715570272,0,0,7.707410329665257,0
37,56,10,3448.635042906287,5,0,10.264984658049533,0
61,60,8,2088.3912629126226,0,0,17.418926592121988,0
64,39,7,1792.3846254931016,2,1,12.815807731714214,0
47,69,9,6423.327321362498,1,2,21.574431013850155,0
62,61,8,5362.599967407587,0,0,11.996780070496419,0
22,34,8,1924.1968041442453,0,0,22.31378454051538,0
54,63,9,2173.775329196083,3,0,15.521034048712144,0
56,67,6,3879.9885941695657,3,0,12.592070154835437,0
46,8,14,2765.910976629854,3,0,32.28078616117018,0
58,71,4,2116.241766080633,0,0,13.505084437348566,0
46,1,4,2161.5093280912597,0,1,2.451093644901773,0
47,35,8,3146.0544057717134,2,0,10.134351713307314,0
52,67,12,974.5022137304818,0,1,11.554532025469449,0
63,52,8,2065.090252493587,2,0,4.424179916817003,0
32,19,9,5460.744519337259,0,0,15.445006016479685,0
35,46,8,1551.3800086650947,1,0,9.167964835747853,0
41,16,9,3344.7459285606565,3,2,6.353341934450977,0
29,17,6,3991.757744031248,1,0,17.630532143928836,0
37,65,5,5348.023287029656,1,0,29.368828520895974,0
37,4,9,1161.6403011840666,0,1,25.068193439019336,0
35,69,9,1964.9511693026577,2,2,12.679672227025037,0
41,33,8,3380.7664562771047,4,0,17.472323487892762,0
46,5,7,5251.249976716928,1,1,12.90099964667067,0
57,56,8,4650.978536500576,0,0,11.53162778302205,0
35,4,6,6401.369885066701,1,1,17.019999989654536,0
66,24,4,2354.2187013290436,0,0,14.6432525751876,0
45,18,13,2150.464175508141,3,5,20.762404114534945,0
59,56,6,2286.230983471278,0,0,15.212182772209474,0
24,29,5,2256.4667054378656,0,0,13.79233851531724,0
27,47,11,1875.317190794752,1,2,15.100420518729328,0
43,6,12,4246.701841018221,2,0,9.981232568741392,0
38,50,9,402.0006733403916,3,0,21.869904790200607,0
46,51,10,5679.825270654527,2,0,19.456166374414874,0
27,21,7,3218.431289510887,1,0,19.48088967355152,1
44,63,6,4220.543977609421,1,1,39.33593624328824,0
57,34,8,1038.3387237060238,0,0,0.0,0
59,48,6,2058.918160319995,1,0,32.84538425949786,0
32,13,6,2403.422458183678,1,0,19.617336074481162,0
37,67,9,2568.9984375998833,1,0,25.880095201435182,0
47,18,11,2516.849113047209,2,0,10.852034075051149,0
47,45,10,3474.317403689835,3,1,30.271738885036147,0
63,7,6,2474.1329129799183,4,0,27.55323993160699,0
40,4,2,4692.361970118113,0,0,15.241163664016248,0
56,10,5,4933.921405928728,2,2,0.0,0
68,67,13,6665.427240291705,1,0,10.684707303838032,0
35,15,11,3911.8242046878686,0,0,17.443756018213804,0
64,63,8,3147.6937733315085,1,2,10.403662731203923,0
36,42,10,3694.5164611258933,1,0,32.81530866672129,0
37,7,10,4268.166569533203,1,2,2.8116689649851896,0
55,32,8,2227.6146416085053,4,1,24.94895300564329,0
53,35,11,5026.223188553971,2,0,12.363424888757642,0
49,19,7,4797.154603683415,2,0,14.012740750852622,0
31,43,10,487.1849372495117,1,1,18.851611543687724,0
23,62,11,6911.971515265809,2,0,18.528528316077484,0
69,63,12,4040.936704750041,1,0,1.5443362295750394,0
67,38,7,1880.5354420300305,1,2,12.093405786693788,0
68,64,6,1771.4341074318859,1,0,12.75404153477062,0
47,66,7,3923.036357439068,2,2,16.81230644423781,0
68,7,10,2038.4412890461901,1,1,9.919165816152741,0
44,46,3,1866.3791658103282,1,1,3.6217110787825604,0
22,55,5,2788.228272758912,2,0,16.084339426718874,0
29,2,10,4412.692513316736,1,2,19.31008888896924,0
33,43,9,2895.514603937142,1,1,16.78412359886364,0
39,65,9,1999.5615632629708,1,0,18.510595973482527,0
71,20,11,6301.36056447147,1,0,4.07207757969579,0
36,61,5,4399.137932724741,1,1,15.969946869178612,0
52,67,12,1963.4746124239919,0,0,26.495898394499896,0
33,46,2,3897.853731820336,3,0,15.96764521475223,0
54,45,6,3759.903063640508,2,0,12.540520162739956,0
50,38,9,3500.30085398172,1,0,13.03544951511938,0
26,30,8,3586.1495583246233,2,0,10.193404955762285,0
44,33,4,3219.561313001027,2,1,11.07438089780036,0
24,38,7,4337.59703932705,1,2,10.999816520731132,0
68,35,9,3463.8825797130994,2,1,16.112270230085663,0
58,59,7,3880.48541537637,2,0,20.82127499569966,0
71,55,9,4316.173001249317,0,0,9.55617630130411,0
67,25,3,3425.806930226338,1,1,22.13666220432109,1
30,37,10,4839.203284266413,2,1,17.4289923853333,0
58,16,5,5912.529615402244,1,1,20.532747148495723,0
23,13,5,3050.568466819174,1,1,9.266333637210957,0
72,27,7,2558.74268331601,1,1,14.09904991838145,0
62,5,6,1080.9525345561551,2,3,13.869176962543314,0
56,61,5,4782.252042692528,0,1,11.967038991375041,0
74,9,3,3250.9103515918378,1,2,5.023491737300086,0
66,24,9,1460.1810221944077,2,1,25.3533080641333,1
67,18,7,2563.5784765330905,2,1,9.099654671367183,0
23,15,12,4327.533744378871,1,0,11.457999454805293,0
19,27,5,4943.616764375483,2,0,10.825419260602832,0
72,52,12,4519.85693195019,2,0,17.426252500099473,0
32,64,6,3437.5701391165167,4,1,18.926105289624907,0
42,14,16,4832.74889346491,2,0,6.77657467588511,0
20,17,4,3719.446822034839,0,1,11.527822954687931,0
53,34,7,3902.608379997034,0,0,11.963644123307368,0
64,23,7,2106.8055766241278,1,1,25.59172597854106,0
65,57,11,5474.613191296596,3,1,20.456987943870562,0
51,16,4,4756.226414221971,3,1,13.789065423155941,0
55,29,7,2863.4304497365765,1,0,30.49280540895202,0
47,39,11,5522.140549013945,0,1,21.600377174793916,0
43,28,10,1262.8299870224355,3,0,2.027556374814832,0
49,44,10,2113.182274952315,0,0,0.6232415998512622,0
71,57,6,1344.024436998006,0,0,17.418851574211097,0
32,38,11,2808.4471186199917,1,0,24.692037589727576,0
44,33,7,2223.3251975623916,0,0,3.8135305097013887,0
52,68,7,5237.628205984803,0,0,28.65438753320406,0
50,70,5,3765.1387227406203,3,0,12.156574927573764,0
19,71,4,3037.7515722707017,2,0,17.754774661132906,0
34,2,4,4301.390232227754,0,1,17.330915905348903,0
54,60,7,4948.247213677072,2,1,0.0,0
57,64,9,5873.979302910209,1,1,24.13421271998878,0
59,58,11,3387.828572927471,3,0,1.2543889247647755,0
74,54,10,3522.7528025914917,2,1,0.0,0
56,26,7,1699.0455680276555,3,2,14.353626960745352,0
51,52,13,3880.541653648291,3,0,1.1190304028450662,0
36,42,7,4004.568166927197,0,0,17.04816969687905,0
39,60,10,2531.40977407401,3,1,6.652325586008779,0
65,25,9,3622.2561245285574,3,0,7.415036331223161,0
44,53,7,3117.8190440335875,0,0,20.298257427945288,0
58,56,4,4191.953086043644,2,1,21.358818021790807,0
25,60,11,3145.039157785653,3,0,15.75374266147058,0
25,13,4,3904.7615515061225,1,0,2.584134536435082,0
30,62,6,2563.792594586549,4,0,9.404665854131922,0
29,16,7,4915.658753215977,2,2,12.439583502293221,0
52,67,4,4402.661821655198,0,0,10.20369545362632,0
54,3,2,5467.499540602594,1,2,14.95940361241655,0
49,16,9,3726.762151139462,0,0,0.0,0
34,44,3,3411.278845827546,0,1,17.806728347967596,0
50,39,7,979.5484406628643,2,0,11.519825226441109,0
24,49,5,5067.230295751192,1,0,9.93629016700965,0
44,29,6,3654.181683476403,1,2,18.895286090166767,0
26,1,8,3080.9428410127425,0,2,18.800120210435786,0
22,44,8,4979.004632413624,0,0,2.0748522264067475,0
27,37,7,4879.215504778713,1,0,15.546379316064616,0
24,37,11,2819.7515325569025,0,1,17.00759275783341,0
45,27,5,4113.447288874668,4,0,15.163970349670443,0
49,64,7,3592.772789260347,3,1,22.475740941098373,0
52,57,4,5558.07229123043,0,0,11.404230857814841,0
43,13,6,1693.4532743689865,0,2,16.34914480950751,0
28,3,8,5889.215613291162,0,0,4.092721971538971,0
19,13,2,5398.690648910517,2,1,13.230021562739747,0
58,4,3,2805.804311310116,2,0,36.036366387256166,1
74,51,6,2571.789788175096,1,0,25.27342798030942,0
34,45,11,4219.446689341916,3,0,28.685687238120003,0
29,33,9,1111.905879637383,3,2,19.41639723009309,0
35,43,5,3926.8969833119113,1,0,14.005360516084998,0
30,58,13,3821.7884704063517,2,0,19.534008452572085,0
30,60,3,4435.874950925215,1,1,23.183127041842944,1
46,31,13,2324.1062189618606,3,1,17.214090132696622,0
62,43,7,7868.799939193733,1,0,32.417287030452016,0
58,41,12,3840.701432575309,1,0,18.813631259975757,0
72,68,9,5634.017942330727,0,2,8.624694235988066,0
38,55,9,4274.680927060641,3,0,6.992319208899273,0
46,23,9,5052.555141597941,0,1,18.978981164727674,0
39,63,7,1429.7276767259996,1,1,12.970343902390345,0
20,29,8,6684.571444829155,3,0,35.56673067522226,0
40,54,8,4454.483491108478,0,1,16.861236386747606,0
32,70,10,4334.15805137278,1,2,17.26002119077177,0
45,58,7,4577.905090815157,1,1,17.376833019626623,0
27,8,9,4355.178201841776,1,1,19.236567752591515,0
60,15,6,3849.1667925828133,0,0,10.860131803061437,0
66,57,13,3106.6170984316564,1,1,10.375659707683223,1
72,9,6,1575.7885818749626,1,0,9.75839944154718,0
22,1,9,6570.759410037648,0,1,14.258324423811013,1
24,19,8,1725.146017631814,0,1,7.123618074965632,0
73,35,4,5343.907803697122,0,0,13.118645983204893,0
66,10,5,4363.035658516269,4,0,12.13360661466546,0
51,11,5,2342.989800972667,1,0,21.023404337029994,0
36,25,9,4812.925722570098,1,0,18.43593430572971,0
47,43,9,2791.8537299565064,0,0,16.096330470121668,0
48,39,6,6882.4822274577145,3,0,22.16391583036893,0
66,57,8,3421.6059451792903,1,0,14.44448462661204,0
48,70,4,5059.409407566727,2,0,14.026967473176548,0
19,3,18,2674.220927235504,3,0,0.0,0
57,49,8,1913.560303633555,1,2,22.572376080299385,0
62,12,8,3425.802763683451,2,0,9.719400774243361,0
34,26,11,6283.341222600665,2,0,12.550079037074287,0
24,25,8,787.1857450022858,3,2,19.577227109605055,0
26,50,8,2469.8558302015517,1,1,16.767771417974412,0
65,19,8,3431.476750446986,1,1,2.949008195115887,0
43,64,11,1941.5158322543127,2,0,8.096193934218569,0
48,28,8,1523.900051833821,1,1,10.385843193661245,0
72,58,7,5153.684372930555,3,1,28.205333002462773,0
21,68,8,2321.3467720865574,1,3,14.206682149898285,0
29,37,8,2176.4793906629793,0,0,8.788696119199546,0
65,8,14,2486.327713648489,2,1,19.63349575706711,0
48,50,10,3182.1136668504414,2,1,6.325311228464972,0
19,31,9,4351.920170955096,1,0,32.58976301554239,0
58,25,11,1498.4923812234997,4,0,9.54623136389226,0
25,33,8,3134.28636247539,1,2,16.839180234891465,0
62,22,7,2449.9024222271782,3,2,23.430572076052638,0
63,20,1,1318.1942577900509,0,2,3.4968714744189775,0
64,71,8,2646.4695570365798,0,0,0.0,0
44,20,6,5001.631670258495,3,0,4.8152929239102455,0
33,33,9,4031.2393760405894,0,0,22.499113334123543,0
68,51,6,4709.470679309132,0,1,12.376503588602631,0
49,16,11,300.0,1,0,15.524910325786667,0
54,44,9,2316.9978898834943,1,0,25.89147954724715,0
25,64,12,4292.150379565172,1,0,2.6941623209295713,0
53,58,8,2820.026573774503,1,0,19.853012981150343,0
51,3,9,3568.076815258666,4,2,28.21284689110918,0
34,29,11,3586.899374994409,2,0,25.693250881696912,0
61,1,4,882.9113691439875,0,0,27.00838584726566,0
25,44,7,2739.461479787016,1,4,15.014343798077302,0
59,24,3,1899.5928869355778,2,1,19.7410312607787,0
72,64,5,4003.5754506875646,1,1,17.756293678022008,0
50,13,6,2809.3443530653735,1,0,18.28930006460573,0
23,61,5,1358.6253380999678,0,0,7.5798215130232744,0
49,25,5,3319.5653548659398,0,0,5.972214087644193,0
48,66,4,6026.3359508652775,2,1,6.426089377914179,0
49,15,8,539.4305561219439,1,2,17.43211335580936,1
33,20,2,5220.538685639514,0,3,0.0,0
53,25,11,2289.0928733330375,1,2,13.575173429639426,0
33,70,9,3441.014480911291,1,1,20.325712979456853,0
49,53,14,654.1649966746654,0,0,31.545982004181205,0
51,58,10,3924.371193464561,1,1,14.561987960533914,0
54,40,8,4046.5000464622967,0,0,0.0,0
63,57,9,6577.679992287978,2,0,24.232221553409595,0
68,45,9,4265.76646512542,1,3,21.462845154645613,0
62,48,6,300.0,2,0,7.041299850344869,0
63,60,13,3698.0750009521503,0,0,16.997842587414798,0
67,70,5,3939.9718112596547,2,1,31.912087214973543,0
31,41,8,1052.0817624749156,1,1,3.10143000913002,0
34,32,9,300.0,2,0,31.343051602597072,0
48,47,9,300.0,2,0,17.51949041109715,0
44,53,9,3907.9893181414695,3,0,7.265866895397626,0
58,71,2,3025.087957418765,0,1,17.956411340005623,0
18,50,7,5167.895383404786,1,1,9.462983827248774,0
25,68,7,5811.581185017449,3,1,37.63696895959984,0
60,52,8,4778.184746452799,2,0,15.55417587884894,0
64,68,7,4890.739065500461,1,2,22.85624447998913,0
35,54,10,5521.972284877258,1,0,9.029730632674571,0
35,63,10,4171.504643658033,0,1,11.120421924127081,0
50,14,10,4268.476571606138,1,1,2.403548178056745,0
45,71,9,300.0,1,0,0.0,0
27,25,13,2437.502600825671,2,0,15.920074752928363,0
46,57,10,1546.9156804120198,1,0,10.794552153343307,0
64,28,9,5677.539924542257,1,0,18.14386212656011,0
59,33,7,1717.103177552671,0,1,15.388200086983549,0
64,54,5,1669.8998789747336,2,1,11.64926368327922,0
54,39,10,2849.472469831876,3,0,20.434823054893375,0
68,51,5,6110.844474054867,3,0,18.06313120577474,0
32,6,8,6527.327896935994,4,0,17.058897649555405,0
20,60,9,3230.8783254727286,3,1,19.249991531659546,0
24,30,14,4193.1890234483935,3,0,2.8016085287521832,0
74,56,12,3370.024015830014,0,0,12.45017454705841,0
54,21,6,4491.433598953373,5,0,7.774631582344575,0
32,43,10,300.0,0,0,9.336686843346591,0
66,42,10,5578.122584860674,2,0,8.157033835762167,0
35,10,7,3450.439174604273,2,0,19.211402776198952,0
52,34,13,2510.9527503485433,0,1,11.203925428912884,0
32,46,12,2416.736681851892,0,1,5.4055289746876145,0
23,60,10,4166.696853033493,1,0,22.875103889727004,0
33,63,13,6043.971201773955,2,2,17.187253998840717,0
31,28,8,5899.509424373382,2,0,8.143563655465936,0
49,46,12,2219.409227814108,0,0,0.0,0
19,13,10,4744.147381253924,3,1,16.053669619514945,0
31,64,10,2044.9882166555512,0,1,10.681668088154511,0
50,62,6,2248.463023595045,2,1,10.046974518258398,0
40,71,6,3268.883470625154,2,1,7.60112535596213,0
54,35,10,4272.281062141912,2,0,18.820926593540584,0
55,26,10,4401.842380952996,1,0,35.28222794582715,0
73,54,4,3868.454040633027,2,0,14.48786689153437,0
65,52,7,898.563432127628,1,0,11.52976378606092,0
31,16,7,4543.656194897838,1,0,14.747783363191916,0
57,39,12,7304.4591806777335,1,0,8.58116634395607,0
53,46,7,4582.391192870575,3,0,21.429525608858974,0
51,33,11,5607.191841739404,3,0,11.941686552174737,0
63,27,6,4685.19717283188,1,1,20.915027639230562,0
26,18,7,5040.890870961321,3,0,18.908470739542256,0
39,30,5,988.9011661317782,1,2,11.201651279788237,0
64,18,9,2036.3495004420981,1,0,11.805598944088635,0
68,22,8,5650.904561660741,1,0,7.636451574716937,0
20,14,11,5060.979638532338,0,1,12.13486652853526,0
44,27,12,2965.017130973411,0,1,20.82669911155986,1
33,45,7,3871.841333444595,2,0,15.850406266951909,0
27,27,4,5232.690515154025,1,0,24.830259216859094,0
21,11,7,4083.176482357835,1,0,0.4835849162080059,0
48,57,8,5301.275893052249,2,1,8.539180313395171,0
56,31,13,2911.956513002278,0,1,9.951510978195513,0
48,42,6,5491.874959635972,1,0,16.61030500848583,0
38,38,6,4095.6502488039896,5,0,26.577924547472595,0
61,36,5,1804.966855164841,1,2,17.943567611712922,0
55,32,7,7018.378725206105,0,0,32.38809796656169,0
69,54,6,7225.183802979876,5,1,9.305583140471633,0
37,61,8,2568.0026100464606,2,1,20.742262701486972,0
31,65,8,2830.6894845932375,3,1,16.281492607391716,0
43,32,7,4801.18460290158,0,0,26.024759480096584,0
46,25,8,3267.6265578724324,0,0,14.597496136489001,0
44,6,4,3463.741015794906,1,1,20.793990954208258,0
65,32,9,5989.515127656534,3,0,24.030488539931014,0
20,71,9,1331.6346686940037,2,0,0.0,0
48,19,8,2457.3757157143955,3,2,22.516096810157382,0
42,60,5,3510.591212612258,5,0,21.055385783732238,0
30,54,7,3749.1915637828765,1,0,4.254776513350633,1
54,47,8,6093.539327250439,1,1,14.047136818879608,0
63,41,9,5281.004187370182,2,2,17.291337369606232,0
49,54,12,2311.594065951397,0,0,17.50369448508413,0
22,7,8,4232.935399479536,2,1,4.923340363642955,0
22,10,8,2435.199553440614,0,1,26.060869353511563,0
42,14,7,6058.996190576829,2,0,30.654836174225665,0
56,55,4,2835.8731471246315,2,1,15.009688648334105,0
35,31,10,1739.018001706327,1,1,0.7101093180551512,0
35,15,7,5482.423215478519,2,1,27.460252519619512,0
67,4,5,300.0,1,0,17.110941359687303,0
18,35,4,2521.7427624786587,2,0,3.2719910952168636,0
22,29,10,300.0,0,0,19.734674082607757,0
26,13,4,4461.124284746099,3,0,21.183721558053087,0
74,2,7,1818.3925805943393,3,0,21.92146706506349,0
46,54,10,5844.493901690517,1,0,25.28017790467145,0
27,56,16,5532.562079578383,2,2,29.00874544197673,0
35,18,9,2514.647744034965,2,0,16.478220506448494,0
73,36,10,7457.983786821658,1,1,15.25977941077354,0
57,18,9,1852.5595567952003,2,1,0.7547220467812998,0
30,30,8,1536.0608204988687,2,0,17.22424237779585,0
31,8,5,2555.9455626176496,0,1,13.50858375067588,0
22,68,11,3765.25588560557,0,1,16.561678475188,0
62,52,8,4800.176340972328,1,0,2.5518827316009496,0
25,64,12,6340.207367051798,1,1,21.783080614350432,0
34,22,8,3760.329208389764,2,1,23.032437662247816,0
37,62,7,2904.2071637472436,0,1,8.313976903215636,0
53,37,10,3400.76163953583,2,0,18.830022156974664,0
52,15,13,4817.606606286673,3,0,9.564328724418399,0
63,24,10,1748.7854666212568,4,0,0.0,0
34,58,11,2302.545769104939,5,1,4.7243441097288486,0
39,56,7,6884.418960671674,1,0,12.234270491595973,0
40,52,8,2039.8181205278775,1,0,14.067252318217559,0
20,17,12,1307.9522419408263,1,0,16.324650354291904,0
60,46,6,6522.635154502388,1,1,14.56835796145218,0
48,67,10,4243.0930893554705,2,0,20.686949702473015,0
45,4,7,5745.700941197061,2,0,11.712958778420253,0
74,23,6,713.305812364656,1,0,5.679098820773893,0
28,6,11,6165.889500415102,6,0,12.968781709316639,0
73,8,9,300.0,2,1,5.065241547071988,0
56,71,9,3432.9936269857785,2,1,5.106350194112901,0
30,18,5,6599.583166733988,3,0,12.702528163471259,0
56,13,7,5920.962824001543,3,1,20.156113092603782,0
61,6,14,5069.5251108953735,1,3,5.305809001636089,0
38,70,3,6449.033559787314,2,1,2.8488339633654647,0
37,34,8,3301.525867847573,1,0,16.065061053022234,0
65,57,11,1368.6365397533232,1,0,26.82581635580894,0
27,18,14,2674.466780004968,2,0,12.624044595989883,0
18,46,7,1165.037937536992,2,1,15.865007631539061,0
55,63,5,3089.3800682974984,1,0,0.0,0
69,48,6,894.2656686980622,1,1,24.37788262146583,0
46,37,6,5113.946459879292,3,0,15.57695517539057,0
25,15,10,300.0,2,2,18.31980123873985,0
48,17,15,2774.2009368226245,1,0,11.163153171755805,0
32,43,4,2277.175445455935,1,2,20.335334809593213,0
65,33,7,2855.7614256123998,4,0,13.71602481756684,0
52,4,5,3063.5668684177717,1,0,20.71162871703882,0
37,14,7,6315.289100716926,1,0,0.07485089522844035,0
53,31,9,2718.615476048532,3,1,9.149735781851057,0
56,13,6,1444.7669695013642,0,0,16.042298621073385,0
56,40,7,4293.350594740995,2,0,13.461226157884907,0
38,22,5,3310.2947850319206,3,1,10.630162948183129,0
50,21,6,3237.0007017139164,0,1,17.638580208472426,0
20,8,8,2882.755908252763,1,2,24.736217234076598,0
41,36,8,2837.7319716526363,1,3,9.706273981214157,0
39,14,6,3713.6269792076514,0,0,25.453866280046682,0
48,45,6,2081.8443389628774,1,1,14.571283069839232,0
72,67,9,4830.125565801031,1,0,16.992526029432423,0
72,65,8,7769.726051058123,0,0,14.878920611857474,0
45,48,2,2348.729479240481,2,0,0.0,0
54,58,9,3278.7835261611276,2,3,19.52558315590112,0
24,66,7,4412.916493588729,1,0,13.13691815789285,0
45,49,4,4998.920893307595,1,0,12.972915005789869,0
57,19,4,4483.472017644407,2,1,12.19063488812389,0
56,36,8,1779.9230959160648,3,0,16.32305015489268,0
72,61,5,477.20564353994314,0,1,20.21236002815918,0
44,48,10,834.1690923297051,5,1,14.576127691572504,0
69,26,9,4848.969490929716,0,0,18.78665102852828,0
73,12,5,2746.2547812336234,2,0,6.904000266501484,0
50,11,11,2229.3451769250187,1,0,0.0,0
23,27,7,2798.005241257111,2,0,9.199194978324854,0
39,58,8,4516.46594568629,1,0,27.066806920552814,0
61,40,8,6394.168380347468,0,1,17.104682875267816,0
51,5,13,2232.2189789338645,2,1,17.64571766271838,0
71,66,14,1594.712493078729,4,0,21.40928529724749,0
64,29,8,4117.801175035403,1,1,7.655335295315679,0
21,28,11,4059.95290352896,2,1,15.980269633582676,0
67,59,7,2555.657476773824,2,0,31.969020655855417,0
38,27,11,4755.956103994842,3,3,8.352285869370402,0
64,44,9,4118.353063433158,1,0,28.9688382501785,0
