customer_id,experiment_group,aov,orders,tenure_months,customer_type,region,discount_pct,converted
C000001,Treatment,3102.15,11,30,Consumer,East,18.2,0
C000002,Control,1010.78,8,34,Consumer,West,6.1,0
C000003,Treatment,1818.58,4,6,Consumer,North,5.4,0
C000004,Treatment,2566.62,12,15,Consumer,South,17.1,0
C000005,Control,2094.99,4,15,Enterprise,East,13.2,0
C000006,Treatment,1409.19,7,25,SMB,South,5.4,0
C000007,Treatment,2582.75,6,23,Consumer,East,11.0,0
C000008,Treatment,1436.54,8,17,Consumer,East,11.6,0
C000009,Control,1672.88,7,25,Consumer,West,3.7,0
C000010,Control,917.46,1,10,Consumer,North,4.1,0
C000011,Control,1491.76,1,13,Consumer,South,13.3,0
C000012,Treatment,1054.56,9,22,Consumer,West,12.0,1
C000013,Treatment,769.43,3,3,SMB,South,3.9,0
C000014,Treatment,883.57,3,12,Consumer,South,8.5,0
C000015,Control,3906.88,1,3,SMB,North,12.3,0
C000016,Control,1750.0,11,20,Consumer,South,9.7,1
C000017,Treatment,1170.09,4,9,Consumer,South,7.6,0
C000018,Control,2718.76,5,10,Consumer,South,5.6,1
C000019,Treatment,2104.83,11,34,Consumer,East,11.3,0
C000020,Treatment,1800.03,9,29,Consumer,East,8.6,0
C000021,Treatment,3373.07,6,27,Consumer,West,8.5,0
C000022,Control,1007.83,4,16,SMB,West,9.5,1
C000023,Treatment,4034.09,7,17,Consumer,South,13.1,0
C000024,Treatment,1009.74,6,9,Consumer,North,0.1,0
C000025,Treatment,2831.1,10,28,Consumer,West,6.7,0
C000026,Control,813.86,2,12,Consumer,South,10.5,0
C000027,Control,2865.4,5,13,Enterprise,South,9.9,0
C000028,Control,2859.46,5,29,Consumer,North,17.8,0
C000029,Control,1543.92,3,7,Consumer,East,10.5,1
C000030,Treatment,1983.94,2,5,SMB,South,14.7,0
C000031,Treatment,4329.02,10,41,Consumer,North,12.8,0
C000032,Treatment,975.12,7,16,Consumer,South,14.1,0
C000033,Control,2021.67,3,21,SMB,West,8.1,0
C000034,Control,1112.82,8,3,SMB,South,4.0,0
C000035,Control,1539.15,7,10,SMB,East,17.8,0
C000036,Control,987.94,1,10,Consumer,South,9.4,1
C000037,Control,1884.1,11,43,Consumer,South,8.3,1
C000038,Control,1033.5,1,6,Consumer,South,4.3,0
C000039,Control,1260.85,9,33,Consumer,North,12.0,0
C000040,Treatment,3548.07,7,49,Enterprise,South,0.0,0
C000041,Control,2011.18,10,26,Consumer,West,1.9,0
C000042,Treatment,1322.17,9,18,Consumer,North,1.3,1
C000043,Treatment,1601.96,9,45,Consumer,West,3.7,0
C000044,Control,1598.49,14,61,Consumer,North,7.5,0
C000045,Treatment,1556.62,2,22,Consumer,South,12.1,0
C000046,Treatment,497.22,2,10,Consumer,East,7.9,0
C000047,Control,1281.3,2,5,SMB,West,13.3,0
C000048,Control,1519.86,1,5,Consumer,North,19.1,0
C000049,Treatment,889.96,12,30,Consumer,North,10.1,0
C000050,Control,1834.59,10,41,Consumer,East,13.7,0
C000051,Control,2809.65,9,17,Consumer,South,12.7,0
C000052,Control,1327.63,3,10,Consumer,East,10.9,0
C000053,Treatment,1362.54,2,12,Consumer,West,3.2,0
C000054,Treatment,2922.18,3,7,SMB,North,9.0,0
C000055,Treatment,1547.33,7,13,Consumer,West,5.1,1
C000056,Treatment,2750.48,4,25,Consumer,North,10.9,1
C000057,Control,962.72,3,2,Consumer,West,10.7,0
C000058,Treatment,2727.81,1,9,Consumer,West,7.0,0
C000059,Control,1773.38,1,18,SMB,East,12.2,0
C000060,Control,1830.51,3,13,Consumer,West,7.5,0
C000061,Treatment,1729.31,7,27,Consumer,West,10.7,0
C000062,Control,4313.38,6,21,Enterprise,North,3.7,0
C000063,Treatment,3301.92,4,15,Consumer,North,2.0,0
C000064,Treatment,1259.53,4,9,Consumer,North,15.8,0
C000065,Treatment,1487.53,2,14,SMB,South,14.0,0
C000066,Treatment,705.63,9,28,Consumer,East,11.3,1
C000067,Treatment,1701.51,3,15,Consumer,South,5.2,1
C000068,Control,1474.75,8,23,Consumer,East,4.8,0
C000069,Control,3865.56,6,46,Consumer,South,3.1,1
C000070,Control,1654.73,4,10,Consumer,North,8.4,0
C000071,Control,853.58,5,10,SMB,South,10.9,0
C000072,Control,1095.91,8,14,Consumer,West,6.9,0
C000073,Treatment,2711.28,6,29,Enterprise,South,15.9,0
C000074,Control,1629.97,9,19,Consumer,South,0.0,0
C000075,Control,2016.82,8,26,Consumer,North,12.7,1
C000076,Control,1240.91,12,26,Consumer,West,8.5,0
C000077,Control,2157.28,1,13,Consumer,South,9.3,0
C000078,Treatment,2579.97,4,12,Consumer,East,0.0,0
C000079,Treatment,1097.4,5,18,Consumer,North,5.7,1
C000080,Treatment,5810.41,11,44,Consumer,North,3.6,0
C000081,Treatment,1995.9,8,19,Consumer,East,14.8,0
C000082,Control,1599.55,17,56,Consumer,East,6.2,1
C000083,Treatment,1647.91,16,69,Consumer,East,0.4,0
C000084,Control,2089.19,1,10,Consumer,South,10.4,0
C000085,Control,2262.98,2,7,Consumer,West,13.4,1
C000086,Control,1606.51,13,12,Consumer,South,12.0,0
C000087,Treatment,4460.83,2,18,Enterprise,West,8.8,0
C000088,Control,4017.83,5,16,SMB,North,12.4,1
C000089,Control,2949.46,7,17,Consumer,South,4.5,0
C000090,Treatment,3082.74,8,19,Consumer,South,10.3,0
C000091,Control,1263.93,2,12,Consumer,West,11.1,0
C000092,Treatment,1438.65,13,35,Consumer,East,9.0,0
C000093,Control,2658.44,11,31,Enterprise,South,7.2,0
C000094,Control,1167.56,4,9,Consumer,North,4.7,0
C000095,Control,1497.96,1,12,SMB,North,6.2,0
C000096,Treatment,1041.4,1,8,SMB,North,13.9,0
C000097,Control,4341.22,2,12,SMB,West,5.7,1
C000098,Control,1305.35,6,26,Consumer,South,7.3,0
C000099,Control,1335.02,9,18,Consumer,North,12.0,0
C000100,Treatment,2792.48,11,43,SMB,South,2.8,0
C000101,Treatment,2146.23,8,23,SMB,North,5.2,0
C000102,Treatment,1249.06,3,8,Consumer,West,0.7,0
C000103,Control,1706.43,8,12,Consumer,South,18.5,0
C000104,Treatment,1875.73,1,24,Consumer,West,7.5,0
C000105,Treatment,1732.15,1,20,Consumer,East,11.7,0
C000106,Treatment,1368.33,6,23,Consumer,South,18.8,0
C000107,Control,1143.35,2,6,Consumer,South,2.9,0
C000108,Control,3163.22,4,14,SMB,East,8.5,0
C000109,Control,1977.48,1,1,SMB,East,6.3,0
C000110,Treatment,1938.54,1,10,Consumer,North,7.5,0
C000111,Control,2067.06,5,22,SMB,West,9.2,0
C000112,Control,1224.86,2,9,Consumer,South,15.3,0
C000113,Control,2690.33,4,11,Consumer,South,11.6,0
C000114,Treatment,2721.51,5,8,SMB,South,16.4,1
C000115,Control,2622.02,8,18,Consumer,East,9.4,1
C000116,Treatment,2090.94,6,10,Enterprise,South,6.4,0
C000117,Treatment,1743.81,3,11,Consumer,South,14.0,0
C000118,Treatment,1840.84,7,21,Consumer,North,6.3,0
C000119,Control,1763.17,2,19,Consumer,South,9.4,0
C000120,Treatment,2500.24,2,17,Consumer,North,11.5,1
C000121,Treatment,814.41,10,20,Consumer,West,13.0,1
C000122,Treatment,686.51,12,37,Consumer,South,8.7,1
C000123,Control,3085.36,1,21,SMB,West,12.3,0
C000124,Control,1312.64,1,11,Consumer,East,6.0,0
C000125,Control,2352.55,12,23,Consumer,West,7.5,1
C000126,Control,1589.0,1,5,SMB,West,11.3,1
C000127,Control,933.88,1,9,Consumer,South,9.1,0
C000128,Control,1853.73,1,5,SMB,South,5.9,0
C000129,Control,1520.1,6,31,Consumer,North,12.9,0
C000130,Treatment,1335.31,8,18,Consumer,North,9.9,0
C000131,Control,3432.28,8,20,Consumer,South,2.3,0
C000132,Treatment,2127.25,1,5,SMB,East,10.9,0
C000133,Treatment,1832.08,9,41,SMB,West,11.3,0
C000134,Control,2135.16,9,35,SMB,South,8.8,0
C000135,Treatment,2208.0,6,13,Consumer,East,10.1,0
C000136,Control,1409.35,4,20,Consumer,South,14.3,0
C000137,Treatment,1852.25,5,13,Consumer,North,1.2,0
C000138,Control,2899.31,14,43,Consumer,North,12.9,0
C000139,Treatment,3564.18,4,15,Consumer,East,0.0,0
C000140,Control,1267.39,5,17,Consumer,South,5.7,1
C000141,Control,3870.33,10,35,SMB,South,0.9,0
C000142,Control,1356.53,1,7,Consumer,North,15.4,0
C000143,Treatment,2206.26,1,6,SMB,South,7.6,0
C000144,Treatment,1472.4,4,5,Consumer,West,8.9,0
C000145,Control,2196.58,10,35,Consumer,North,7.6,0
C000146,Control,2872.42,3,7,Consumer,East,8.3,0
C000147,Control,1498.84,3,17,Consumer,East,8.4,0
C000148,Treatment,4156.13,7,35,SMB,South,13.0,0
C000149,Control,1144.79,4,7,Consumer,North,10.2,0
C000150,Control,1873.53,5,33,Consumer,West,5.5,1
C000151,Treatment,714.33,7,11,Consumer,South,1.3,0
C000152,Treatment,739.19,8,10,SMB,South,14.4,1
C000153,Control,3744.85,1,13,Consumer,West,11.1,0
C000154,Treatment,3053.46,6,13,SMB,West,7.7,1
C000155,Control,882.64,5,7,Consumer,East,13.6,0
C000156,Treatment,2699.58,10,31,SMB,West,18.8,0
C000157,Control,2015.43,1,12,Consumer,North,9.2,0
C000158,Treatment,2355.64,8,39,Consumer,West,15.0,1
C000159,Treatment,515.13,1,1,Consumer,South,9.2,0
C000160,Treatment,1037.72,2,6,SMB,West,17.0,0
C000161,Control,2121.89,1,6,Enterprise,South,9.6,1
C000162,Treatment,1943.06,10,19,Enterprise,North,7.1,0
C000163,Control,1612.73,11,41,Consumer,South,15.1,1
C000164,Control,890.02,2,19,Consumer,West,9.6,1
C000165,Treatment,2713.62,6,32,Consumer,South,9.2,0
C000166,Control,1439.3,8,13,Consumer,West,12.9,0
C000167,Treatment,1061.51,3,9,Consumer,North,8.6,0
C000168,Treatment,1996.89,10,22,SMB,North,1.1,0
C000169,Control,3056.53,8,23,Enterprise,South,7.5,1
C000170,Treatment,10357.12,1,10,Consumer,South,6.3,0
C000171,Control,1150.62,3,21,Consumer,East,5.1,0
C000172,Treatment,2057.85,6,38,Consumer,West,13.7,1
C000173,Control,1009.37,7,23,Consumer,East,6.8,0
C000174,Treatment,806.86,8,4,Consumer,South,6.9,0
C000175,Control,3627.89,6,21,Consumer,South,8.7,0
C000176,Control,848.69,1,1,Consumer,West,10.5,1
C000177,Control,948.32,5,9,SMB,East,11.2,0
C000178,Treatment,1777.97,6,24,Consumer,West,9.7,1
C000179,Treatment,1420.49,3,11,SMB,South,9.7,0
C000180,Treatment,2278.4,5,17,SMB,East,3.8,0
C000181,Treatment,939.14,7,17,Consumer,North,11.2,0
C000182,Treatment,2371.99,2,9,Consumer,East,4.6,0
C000183,Treatment,1859.39,1,6,Enterprise,West,14.2,0
C000184,Control,1537.34,12,36,Consumer,West,7.8,0
C000185,Treatment,2610.09,1,22,Consumer,North,3.2,0
C000186,Treatment,2067.44,1,14,Consumer,West,10.0,0
C000187,Control,2566.98,2,4,Enterprise,North,12.5,0
C000188,Control,4163.1,12,41,Consumer,South,7.5,0
C000189,Treatment,1692.67,6,18,Consumer,East,11.9,0
C000190,Control,871.15,1,2,SMB,South,15.4,1
C000191,Treatment,1668.58,7,17,Consumer,South,10.5,0
C000192,Control,1846.7,3,20,SMB,East,3.2,0
C000193,Control,874.58,9,28,Consumer,East,8.9,0
C000194,Treatment,2497.89,3,15,SMB,East,6.8,0
C000195,Control,1232.45,8,52,Consumer,South,0.3,0
C000196,Control,1260.08,7,18,Consumer,East,2.8,0
C000197,Treatment,1516.16,17,56,Consumer,South,17.2,0
C000198,Treatment,2425.32,5,24,Consumer,North,7.3,0
C000199,Control,729.56,6,9,Consumer,South,8.1,0
C000200,Control,1930.26,3,39,Consumer,East,3.5,0
C000201,Treatment,2832.21,1,20,Consumer,South,18.0,0
C000202,Treatment,1201.65,6,39,Consumer,North,10.8,0
C000203,Treatment,1548.33,3,12,Consumer,West,7.5,0
C000204,Control,697.68,6,17,Consumer,West,12.6,0
C000205,Control,1366.03,4,31,SMB,East,14.8,0
C000206,Control,1121.23,5,33,Consumer,West,0.0,0
C000207,Control,4682.22,8,23,SMB,West,14.5,0
C000208,Treatment,1264.23,4,26,Consumer,South,5.0,0
C000209,Control,1381.38,12,32,Consumer,South,1.6,0
C000210,Treatment,1498.47,3,18,Consumer,East,18.2,1
C000211,Treatment,1151.59,9,20,Consumer,West,10.5,0
C000212,Treatment,4131.16,15,55,SMB,East,6.0,0
C000213,Control,1393.97,4,12,Consumer,North,17.4,0
C000214,Treatment,2098.91,3,5,Enterprise,West,6.9,0
C000215,Treatment,1806.4,6,20,SMB,West,4.4,1
C000216,Treatment,1069.68,9,20,Consumer,South,13.0,1
C000217,Control,3731.63,1,7,Enterprise,West,1.9,0
C000218,Control,1794.53,4,19,Consumer,East,9.2,0
C000219,Treatment,3866.19,3,5,SMB,West,2.5,0
C000220,Control,2056.21,7,11,Consumer,West,4.0,0
C000221,Control,1268.75,4,24,Consumer,North,11.6,0
C000222,Control,1010.26,1,6,Consumer,West,4.6,0
C000223,Treatment,4277.14,1,15,SMB,South,12.6,0
C000224,Treatment,1238.14,2,3,Consumer,West,0.0,1
C000225,Control,1361.53,1,12,Consumer,West,8.0,0
C000226,Treatment,2841.37,8,38,Enterprise,West,6.5,1
C000227,Control,2157.06,12,71,Consumer,West,7.9,0
C000228,Treatment,2864.68,4,16,Enterprise,West,7.0,1
C000229,Treatment,3076.56,12,24,Consumer,South,10.7,0
C000230,Control,5978.96,7,7,SMB,South,10.9,0
C000231,Control,1491.1,6,23,Consumer,North,7.2,0
C000232,Control,2222.78,9,43,SMB,West,6.6,0
C000233,Treatment,1952.21,3,19,SMB,East,10.8,1
C000234,Treatment,2192.4,10,35,Consumer,East,11.4,0
C000235,Treatment,1951.96,3,11,SMB,South,0.0,0
C000236,Treatment,1147.84,6,4,Enterprise,East,2.8,0
C000237,Control,1102.71,5,14,SMB,South,3.4,1
C000238,Treatment,4776.5,4,11,Enterprise,West,6.9,0
C000239,Control,1800.11,3,34,SMB,West,0.2,0
C000240,Control,1204.95,6,34,Consumer,South,11.0,0
C000241,Treatment,4911.65,8,7,SMB,West,4.5,0
C000242,Treatment,2860.89,2,25,SMB,North,12.1,0
C000243,Control,1391.09,7,30,Consumer,North,5.9,0
C000244,Treatment,810.98,3,13,Consumer,East,12.9,1
C000245,Treatment,2611.08,6,20,Consumer,East,7.3,0
C000246,Treatment,1301.74,8,28,SMB,North,8.0,0
C000247,Treatment,1437.94,7,36,SMB,South,11.9,1
C000248,Control,2601.09,8,20,SMB,South,6.7,0
C000249,Control,991.34,4,24,Consumer,North,1.4,0
C000250,Control,1132.39,9,30,Consumer,South,1.5,0
C000251,Treatment,1772.2,1,7,Consumer,South,13.3,1
C000252,Treatment,2002.11,1,2,SMB,West,3.1,0
C000253,Control,1189.79,2,27,SMB,South,7.0,0
C000254,Control,2576.02,6,21,SMB,North,15.2,0
C000255,Control,638.37,3,6,Consumer,North,6.2,1
C000256,Treatment,2525.26,6,28,SMB,North,5.4,0
C000257,Treatment,1031.66,3,6,SMB,West,9.9,0
C000258,Control,3259.06,2,19,Enterprise,South,14.9,0
C000259,Control,2144.78,10,27,SMB,North,16.4,1
C000260,Treatment,1385.46,11,34,Consumer,West,5.4,0
C000261,Control,1315.08,1,14,SMB,West,11.4,0
C000262,Treatment,1857.31,4,33,Consumer,North,8.3,0
C000263,Control,1601.12,3,16,SMB,South,8.5,0
C000264,Control,1214.55,4,9,SMB,West,10.9,0
C000265,Treatment,1583.73,4,11,SMB,East,10.4,0
C000266,Control,1871.86,1,13,Consumer,West,4.2,0
C000267,Control,933.78,1,1,SMB,North,4.2,0
C000268,Control,1173.89,8,30,Consumer,West,16.2,0
C000269,Control,3490.44,5,23,SMB,North,6.4,0
C000270,Control,2073.85,4,11,Enterprise,South,11.5,0
C000271,Control,4076.04,9,25,Consumer,West,15.6,1
C000272,Control,1992.1,1,6,Consumer,East,8.1,0
C000273,Control,1619.25,9,25,SMB,North,15.2,0
C000274,Treatment,1704.68,7,29,SMB,South,5.9,0
C000275,Treatment,1712.29,2,5,Consumer,West,13.6,0
C000276,Control,7199.28,4,31,Enterprise,North,9.4,0
C000277,Control,1796.21,7,16,Enterprise,South,7.8,0
C000278,Treatment,3972.12,10,16,SMB,North,12.5,0
C000279,Treatment,2115.78,1,5,Consumer,North,7.9,0
C000280,Treatment,1198.66,6,35,Consumer,West,5.8,0
C000281,Control,3383.94,13,35,Consumer,North,1.4,0
C000282,Control,2696.49,13,46,SMB,South,11.6,0
C000283,Control,2028.43,7,37,Consumer,East,12.0,1
C000284,Control,1458.4,11,20,Consumer,North,17.0,0
C000285,Treatment,719.5,5,22,Consumer,East,10.9,1
C000286,Control,1283.2,2,2,SMB,South,5.3,0
C000287,Control,1499.97,3,2,Consumer,West,9.5,0
C000288,Control,3061.82,7,17,SMB,West,8.3,0
C000289,Treatment,1190.02,6,16,Consumer,West,14.1,0
C000290,Control,1123.64,9,9,Consumer,South,14.3,1
C000291,Treatment,2466.96,9,17,Consumer,West,19.8,0
C000292,Control,3043.95,8,10,Consumer,East,8.2,0
C000293,Treatment,2728.17,7,35,Consumer,South,14.3,0
C000294,Control,1822.38,6,19,SMB,North,15.7,0
C000295,Treatment,1914.22,9,11,Consumer,North,12.4,0
C000296,Treatment,4214.4,7,35,Enterprise,South,6.8,0
C000297,Treatment,1978.72,2,6,Consumer,South,7.2,0
C000298,Treatment,3211.13,16,59,Consumer,West,12.6,0
C000299,Treatment,1948.6,7,21,Consumer,West,11.6,0
C000300,Treatment,3620.6,5,16,Consumer,North,3.4,0
C000301,Treatment,1507.87,3,4,Consumer,West,4.1,0
C000302,Control,1347.58,1,18,SMB,East,11.3,0
C000303,Treatment,3440.75,3,15,SMB,South,0.0,0
C000304,Treatment,1701.05,4,27,Consumer,West,9.8,0
C000305,Treatment,2371.57,10,16,SMB,East,6.2,0
C000306,Control,1750.97,2,6,Consumer,East,4.9,0
C000307,Control,3246.73,5,14,SMB,South,6.6,0
C000308,Treatment,763.01,7,10,Consumer,South,9.8,0
C000309,Control,1586.01,7,6,Consumer,West,8.8,1
C000310,Control,2042.51,10,39,SMB,South,3.2,0
C000311,Control,1299.22,1,3,Consumer,North,0.9,0
C000312,Control,734.9,7,36,Consumer,South,9.7,0
C000313,Control,2964.71,6,18,SMB,South,11.0,0
C000314,Control,3302.38,8,29,SMB,South,12.2,1
C000315,Control,4830.2,7,41,Enterprise,West,1.4,1
C000316,Control,2178.47,1,11,SMB,South,10.1,0
C000317,Control,943.22,1,19,Consumer,West,11.5,0
C000318,Treatment,679.54,1,12,Consumer,East,6.5,1
C000319,Control,3174.29,4,15,SMB,South,7.1,0
C000320,Treatment,2460.37,6,27,Consumer,North,6.7,0
C000321,Treatment,1726.98,1,17,Consumer,South,6.2,0
C000322,Control,1811.0,5,19,SMB,West,14.5,0
C000323,Control,2642.73,8,8,SMB,West,6.1,0
C000324,Treatment,1008.82,6,16,Consumer,South,5.3,0
C000325,Treatment,1674.09,10,13,SMB,West,0.0,1
C000326,Treatment,2650.46,5,18,Consumer,West,11.7,0
C000327,Treatment,767.74,3,8,Consumer,North,5.0,0
C000328,Treatment,2561.63,5,11,SMB,East,5.0,0
C000329,Treatment,1004.85,11,21,Consumer,West,15.7,1
C000330,Control,1250.2,11,26,Consumer,West,3.3,0
C000331,Treatment,1539.63,8,20,Consumer,North,2.0,0
C000332,Control,1800.17,6,14,Consumer,South,2.0,0
C000333,Treatment,2218.16,1,11,SMB,South,2.0,1
C000334,Treatment,3094.18,1,3,Enterprise,South,5.4,0
C000335,Control,3236.04,8,39,SMB,North,8.2,0
C000336,Treatment,1552.04,13,34,SMB,East,7.2,0
C000337,Control,3009.22,15,43,Enterprise,South,12.5,0
C000338,Treatment,2316.43,5,42,SMB,North,10.6,0
C000339,Control,2886.65,10,22,SMB,East,9.6,0
C000340,Treatment,2025.55,20,67,Consumer,North,10.2,0
C000341,Control,1203.7,8,16,SMB,South,11.3,0
C000342,Treatment,1258.01,4,19,Consumer,West,8.0,0
C000343,Treatment,2101.9,6,11,Consumer,West,15.9,0
C000344,Treatment,1763.91,1,6,Consumer,South,5.7,0
C000345,Treatment,1751.82,1,12,Consumer,West,6.0,0
C000346,Treatment,904.69,11,12,Consumer,West,4.7,0
C000347,Treatment,2919.34,6,29,Consumer,East,4.9,1
C000348,Control,1864.89,2,20,Consumer,West,3.2,0
C000349,Treatment,2887.46,5,24,SMB,South,3.4,1
C000350,Control,2330.37,12,22,Enterprise,North,7.8,1
C000351,Treatment,3910.22,9,22,SMB,West,7.7,0
C000352,Control,816.35,2,11,Consumer,South,6.4,0
C000353,Treatment,920.5,6,22,Consumer,South,4.9,0
C000354,Treatment,1334.64,9,30,Consumer,North,14.5,1
C000355,Control,1516.79,11,38,Consumer,North,15.5,0
C000356,Treatment,1807.9,10,34,Consumer,North,11.8,0
C000357,Treatment,1990.35,4,27,Consumer,North,10.0,1
C000358,Treatment,2299.69,5,20,Consumer,West,15.5,0
C000359,Control,2654.8,1,13,Enterprise,South,10.1,0
C000360,Treatment,1321.97,9,22,Consumer,West,2.5,0
C000361,Treatment,1833.02,10,44,Consumer,North,4.3,0
C000362,Control,2147.83,6,15,Consumer,South,9.1,0
C000363,Control,1496.98,10,51,Consumer,West,11.7,0
C000364,Control,2542.05,8,23,Enterprise,North,14.7,1
C000365,Treatment,5500.37,11,39,Consumer,South,14.6,0
C000366,Control,1681.46,1,12,Consumer,West,12.9,1
C000367,Treatment,1871.09,6,11,Consumer,North,13.4,0
C000368,Treatment,2124.21,1,6,Consumer,North,7.3,0
C000369,Control,1723.04,8,44,Consumer,West,7.1,0
C000370,Treatment,2343.12,9,23,SMB,South,6.8,0
C000371,Treatment,1359.63,6,30,SMB,East,9.2,0
C000372,Control,762.59,6,19,Consumer,North,12.4,0
C000373,Control,2257.37,5,20,Enterprise,South,23.3,0
C000374,Control,1702.46,1,5,SMB,South,7.1,0
C000375,Control,1806.02,10,23,SMB,East,6.1,0
C000376,Control,2755.19,12,32,Consumer,South,11.9,1
C000377,Treatment,1010.73,4,3,SMB,West,7.0,0
C000378,Control,680.06,3,13,Consumer,West,14.8,0
C000379,Control,697.2,4,10,Consumer,South,15.5,0
C000380,Treatment,1492.66,11,27,Consumer,South,17.5,0
C000381,Treatment,2998.93,5,26,Consumer,East,11.1,0
C000382,Treatment,2607.79,6,30,Consumer,East,16.2,1
C000383,Treatment,2088.91,1,1,Consumer,North,3.3,1
C000384,Control,1916.29,1,19,Enterprise,West,15.0,0
C000385,Control,827.45,4,4,Consumer,South,12.7,0
C000386,Treatment,1886.83,7,22,Consumer,West,10.2,1
C000387,Treatment,2730.44,5,6,Consumer,West,8.2,0
C000388,Treatment,2162.33,5,25,SMB,North,0.0,0
C000389,Control,978.04,1,6,Consumer,South,12.3,1
C000390,Treatment,1664.53,4,8,SMB,South,6.6,0
C000391,Treatment,1711.14,6,37,Consumer,South,7.6,1
C000392,Control,2959.72,7,17,Consumer,West,10.1,0
C000393,Treatment,1494.68,7,17,Consumer,North,10.6,0
C000394,Treatment,2136.77,10,8,Consumer,East,5.6,1
C000395,Control,2220.43,13,34,Consumer,West,5.3,0
C000396,Control,1949.25,7,23,Consumer,West,4.8,0
C000397,Treatment,2723.87,5,22,Consumer,North,9.5,1
C000398,Control,2135.75,6,7,Consumer,West,14.4,0
C000399,Control,2339.07,6,19,Enterprise,North,9.9,1
C000400,Control,2032.77,15,72,SMB,South,10.5,0
C000401,Control,1356.35,1,11,Consumer,South,8.1,0
C000402,Treatment,1444.91,16,36,Consumer,East,6.9,0
C000403,Treatment,2398.84,5,2,Consumer,North,6.1,1
C000404,Control,2149.53,9,29,Consumer,South,7.3,0
C000405,Treatment,917.45,7,24,Consumer,South,2.6,0
C000406,Treatment,1782.57,11,16,Enterprise,West,15.0,0
C000407,Control,1150.33,9,23,Consumer,East,10.2,0
C000408,Treatment,2840.04,2,23,SMB,East,10.0,0
C000409,Control,1144.77,5,23,Consumer,East,10.8,1
C000410,Treatment,2567.5,7,14,Consumer,South,7.2,0
C000411,Treatment,912.1,8,12,Consumer,North,10.5,0
C000412,Treatment,650.07,3,10,Consumer,North,6.1,0
C000413,Control,2021.35,7,5,SMB,South,6.7,1
C000414,Treatment,925.15,1,17,SMB,West,8.9,0
C000415,Control,1649.25,7,33,Consumer,South,9.3,0
C000416,Control,1357.81,3,12,Consumer,East,15.7,0
C000417,Control,2012.78,6,7,Consumer,West,4.9,0
C000418,Treatment,1948.95,8,10,Consumer,West,4.7,0
C000419,Control,1316.88,9,19,SMB,South,7.0,0
C000420,Treatment,959.46,1,19,Consumer,West,13.7,0
C000421,Treatment,768.27,4,9,Consumer,East,10.3,0
C000422,Control,1576.93,1,17,SMB,South,19.2,0
C000423,Control,2423.46,5,15,Consumer,West,8.7,0
C000424,Control,5832.25,12,25,Consumer,South,10.7,0
C000425,Treatment,2069.97,16,42,Consumer,West,9.4,0
C000426,Treatment,1691.29,5,12,SMB,East,10.3,0
C000427,Control,2001.58,4,10,Enterprise,West,5.6,0
C000428,Treatment,1915.57,5,19,Enterprise,West,9.4,0
C000429,Control,633.48,6,21,Consumer,East,3.9,0
C000430,Treatment,3889.86,11,26,SMB,North,10.6,0
C000431,Treatment,1753.15,1,4,Consumer,South,11.0,0
C000432,Treatment,1840.86,12,57,Consumer,West,8.1,0
C000433,Treatment,1693.12,4,14,Consumer,East,6.0,0
C000434,Treatment,1659.03,2,11,Consumer,West,5.6,0
C000435,Control,2247.54,4,7,Consumer,South,4.8,0
C000436,Control,3021.94,9,12,Enterprise,South,5.7,0
C000437,Control,1118.02,4,5,Consumer,West,20.2,0
C000438,Treatment,3128.37,7,36,Enterprise,West,10.3,0
C000439,Treatment,1181.09,2,15,Consumer,South,7.9,0
C000440,Treatment,969.49,1,10,Consumer,North,5.7,0
C000441,Treatment,4162.34,8,32,Enterprise,West,8.3,0
C000442,Control,3054.45,2,15,Consumer,West,11.6,0
C000443,Treatment,1050.37,4,10,Consumer,South,11.4,0
C000444,Control,1029.38,9,47,Consumer,South,13.3,0
C000445,Control,1047.71,1,12,SMB,South,13.6,0
C000446,Treatment,1139.81,1,3,Consumer,South,8.9,0
C000447,Treatment,2013.35,7,17,Enterprise,North,5.8,0
C000448,Treatment,2407.96,1,16,Consumer,South,7.9,0
C000449,Control,2128.72,5,11,Consumer,West,12.5,0
C000450,Treatment,4253.05,1,9,SMB,South,6.1,0
C000451,Control,2437.09,6,18,Consumer,West,18.5,1
C000452,Treatment,2075.23,4,13,Consumer,South,5.9,0
C000453,Treatment,959.63,5,14,Consumer,North,11.3,0
C000454,Control,1835.0,9,21,Consumer,South,10.3,0
C000455,Control,1062.76,2,14,Consumer,North,12.6,0
C000456,Control,520.49,8,11,Consumer,East,0.0,0
C000457,Treatment,1573.21,9,26,Consumer,West,13.3,0
C000458,Control,1094.37,3,13,Consumer,West,7.4,0
C000459,Treatment,1145.35,3,11,SMB,West,5.2,0
C000460,Treatment,1402.56,3,6,SMB,West,13.4,0
C000461,Treatment,3175.43,2,9,Consumer,West,0.8,0
C000462,Control,2100.17,1,7,Consumer,South,17.6,0
C000463,Treatment,2740.96,1,5,Consumer,East,9.9,1
C000464,Control,2058.71,1,9,SMB,South,8.3,0
C000465,Treatment,830.51,5,21,Consumer,North,3.3,1
C000466,Treatment,899.69,1,17,SMB,East,7.8,1
C000467,Treatment,772.15,7,13,Consumer,East,14.3,0
C000468,Treatment,4574.47,6,23,Consumer,South,10.2,1
C000469,Control,1421.56,2,11,Consumer,West,11.5,0
C000470,Treatment,3080.41,3,20,Enterprise,North,13.5,0
C000471,Control,1496.36,7,26,Consumer,East,5.2,0
C000472,Control,1498.84,5,3,Consumer,West,1.7,0
C000473,Control,990.48,1,17,Consumer,South,4.5,0
C000474,Control,1264.97,1,22,Consumer,West,8.9,1
C000475,Control,662.81,3,21,Consumer,West,7.9,0
C000476,Control,1584.86,1,17,Consumer,East,7.9,0
C000477,Control,2195.39,1,12,SMB,West,11.3,0
C000478,Treatment,1350.0,4,14,SMB,East,7.1,0
C000479,Treatment,860.15,9,37,Consumer,South,4.2,0
C000480,Control,1040.09,1,4,Consumer,East,4.6,0
C000481,Control,2139.85,4,10,Consumer,South,11.8,0
C000482,Control,888.62,5,17,Consumer,South,13.8,1
C000483,Treatment,895.96,1,6,Consumer,North,15.3,0
C000484,Control,9755.51,3,14,Enterprise,South,6.9,0
C000485,Control,6232.22,8,27,Consumer,West,9.8,0
C000486,Control,1874.4,3,24,Consumer,West,11.1,0
C000487,Control,3422.27,6,16,SMB,West,10.3,0
C000488,Control,1480.22,1,19,SMB,South,11.5,1
C000489,Treatment,862.21,2,2,Consumer,South,12.1,0
C000490,Treatment,1233.82,4,7,Consumer,South,5.6,0
C000491,Treatment,936.64,1,11,Consumer,North,6.2,0
C000492,Treatment,933.57,7,13,Consumer,East,10.9,0
C000493,Treatment,2338.86,10,27,SMB,South,4.5,0
C000494,Control,1873.88,12,48,SMB,West,6.2,0
C000495,Treatment,2548.51,9,14,Consumer,South,9.7,0
C000496,Treatment,858.59,2,14,Consumer,West,6.8,0
C000497,Control,1756.08,7,16,SMB,West,10.6,0
C000498,Treatment,699.57,8,9,Consumer,East,5.8,1
C000499,Control,3024.46,6,40,SMB,South,0.0,0
C000500,Treatment,2250.74,3,8,SMB,South,10.3,0
C000501,Treatment,3114.91,1,9,Consumer,West,8.7,0
C000502,Treatment,2917.54,6,11,SMB,North,14.7,1
C000503,Treatment,1000.85,15,44,Consumer,North,7.3,0
C000504,Treatment,1942.77,4,22,Consumer,West,9.4,0
C000505,Treatment,1367.76,5,16,Consumer,West,7.2,1
C000506,Treatment,2333.56,3,13,SMB,East,5.8,1
C000507,Control,1057.37,12,15,Consumer,North,6.8,1
C000508,Treatment,2171.58,1,7,Consumer,South,4.6,0
C000509,Control,1186.2,1,3,Consumer,West,9.6,0
C000510,Control,1844.79,9,29,SMB,South,9.5,0
C000511,Control,1142.18,2,6,SMB,North,4.7,0
C000512,Treatment,1082.95,17,39,Consumer,North,12.8,1
C000513,Control,1000.09,12,22,Consumer,East,5.7,0
C000514,Control,1283.82,6,14,Consumer,South,8.9,1
C000515,Control,2802.82,8,21,SMB,West,12.7,0
C000516,Control,2635.55,7,18,Consumer,South,14.8,0
C000517,Control,1255.66,8,16,SMB,North,0.0,0
C000518,Treatment,1588.22,6,17,SMB,West,12.9,0
C000519,Control,1410.7,4,29,SMB,West,10.1,0
C000520,Treatment,812.53,3,22,Consumer,East,11.1,0
C000521,Treatment,2076.24,7,15,SMB,West,6.8,0
C000522,Control,2507.36,5,26,Consumer,North,12.1,1
C000523,Control,3634.29,14,42,SMB,South,13.7,0
C000524,Treatment,1698.75,7,15,Consumer,South,11.5,0
C000525,Control,2740.87,1,10,Enterprise,South,12.7,1
C000526,Control,1195.24,3,27,Consumer,West,17.4,0
C000527,Treatment,1936.97,1,15,SMB,West,15.2,0
C000528,Treatment,1195.91,10,33,Consumer,North,6.0,0
C000529,Treatment,5135.34,6,7,Enterprise,South,12.1,0
C000530,Control,2526.08,3,12,Consumer,West,13.9,1
C000531,Treatment,1438.37,12,51,Consumer,East,10.3,0
C000532,Treatment,2029.87,5,12,Consumer,South,11.8,0
C000533,Control,2880.2,11,34,SMB,South,2.0,1
C000534,Treatment,2568.84,2,10,SMB,South,8.7,0
C000535,Control,1790.44,8,26,SMB,South,7.7,1
C000536,Control,772.29,3,8,Consumer,South,4.6,1
C000537,Treatment,3962.9,2,28,SMB,South,13.3,0
C000538,Control,2500.67,8,14,Consumer,South,3.6,0
C000539,Control,1323.73,5,12,Consumer,South,13.1,0
C000540,Treatment,928.32,4,14,SMB,North,8.3,0
C000541,Treatment,925.7,3,17,Consumer,North,14.1,0
C000542,Treatment,2143.57,3,19,Consumer,South,10.7,1
C000543,Treatment,1736.65,1,7,SMB,West,9.6,0
C000544,Treatment,1138.72,2,20,Consumer,West,8.8,0
C000545,Control,1587.59,1,5,SMB,North,6.9,0
C000546,Control,1414.06,6,30,Consumer,South,10.0,1
C000547,Control,2844.33,10,21,Consumer,East,0.0,0
C000548,Control,729.46,7,21,Consumer,South,7.6,0
C000549,Treatment,2819.87,4,28,SMB,East,11.8,1
C000550,Control,1754.58,1,22,SMB,West,8.5,0
C000551,Control,2944.41,7,43,SMB,North,13.0,1
C000552,Control,1415.65,7,8,Consumer,South,5.4,1
C000553,Control,2508.3,5,6,SMB,South,4.4,0
C000554,Treatment,2858.75,10,44,Consumer,South,9.5,0
C000555,Control,890.87,6,22,Consumer,North,6.3,0
C000556,Control,1543.23,10,23,Consumer,East,11.5,1
C000557,Control,976.54,3,8,Consumer,North,6.8,0
C000558,Control,888.2,13,23,SMB,East,9.9,0
C000559,Treatment,2204.27,5,15,Consumer,East,0.0,0
C000560,Control,4917.55,4,26,SMB,South,7.6,0
C000561,Control,1314.91,1,17,Consumer,West,7.6,1
C000562,Control,892.76,6,15,Consumer,West,1.1,1
C000563,Treatment,2534.92,4,17,Consumer,South,10.0,1
C000564,Treatment,919.89,1,11,Consumer,West,8.4,0
C000565,Treatment,706.29,6,13,Consumer,West,5.2,1
C000566,Treatment,1085.48,9,35,Consumer,North,14.8,0
C000567,Treatment,5029.57,5,23,SMB,East,4.5,0
C000568,Control,3762.01,5,15,Enterprise,East,13.1,1
C000569,Control,2066.98,6,23,Consumer,East,8.5,0
C000570,Treatment,1268.1,8,21,Consumer,West,13.2,0
C000571,Control,840.86,4,13,Consumer,South,11.5,1
C000572,Treatment,2065.16,3,11,Enterprise,North,0.2,0
C000573,Control,2850.03,8,12,Enterprise,South,4.4,0
C000574,Treatment,5830.84,4,31,Enterprise,West,5.3,0
C000575,Treatment,1460.2,1,15,Consumer,South,19.5,0
C000576,Treatment,3215.75,7,34,Enterprise,North,13.6,0
C000577,Treatment,964.47,1,12,Consumer,South,15.6,0
C000578,Treatment,810.58,1,10,Consumer,East,3.9,0
C000579,Treatment,997.87,4,15,SMB,North,9.9,0
C000580,Control,538.55,6,20,Consumer,South,5.7,0
C000581,Control,2204.04,4,18,SMB,North,16.1,0
C000582,Treatment,5056.14,7,21,Consumer,South,11.2,1
C000583,Control,3676.75,4,22,SMB,North,8.0,0
C000584,Control,2021.95,1,25,Consumer,North,6.0,0
C000585,Treatment,1877.11,5,8,Consumer,East,12.0,0
C000586,Treatment,2048.66,3,11,SMB,North,10.6,0
C000587,Control,1922.33,7,18,Consumer,North,7.5,0
C000588,Control,1877.39,6,13,Consumer,East,5.6,0
C000589,Control,1462.72,8,15,Consumer,North,12.0,0
C000590,Control,879.31,2,17,SMB,North,8.8,0
C000591,Treatment,4291.91,1,14,Enterprise,South,6.1,0
C000592,Control,1460.45,4,13,SMB,South,10.0,0
C000593,Control,1371.5,3,9,SMB,South,12.3,1
C000594,Treatment,1724.38,8,15,SMB,West,9.0,0
C000595,Control,1510.63,5,12,Consumer,South,11.9,0
C000596,Control,2579.31,7,27,Consumer,South,5.1,1
C000597,Treatment,2675.55,2,23,Consumer,West,15.7,0
C000598,Treatment,3120.12,1,8,Enterprise,South,5.2,1
C000599,Treatment,2590.6,5,40,Consumer,West,11.5,1
C000600,Treatment,2810.9,2,13,Enterprise,South,8.5,1
C000601,Control,1072.75,3,6,SMB,East,4.8,0
C000602,Treatment,2648.17,5,12,Consumer,West,7.4,0
C000603,Treatment,803.94,4,5,Consumer,North,16.9,0
C000604,Treatment,798.85,5,6,Consumer,West,4.6,1
C000605,Treatment,2477.35,17,68,Consumer,South,4.7,0
C000606,Treatment,1482.54,5,26,Consumer,East,5.1,0
C000607,Treatment,2071.97,1,7,SMB,South,13.5,0
C000608,Control,2827.42,6,4,Consumer,South,9.8,0
C000609,Treatment,1846.28,3,15,SMB,North,7.2,0
C000610,Control,812.48,1,4,Consumer,West,7.7,0
C000611,Treatment,2251.99,4,15,SMB,East,7.0,0
C000612,Treatment,4324.45,1,21,SMB,West,8.1,1
C000613,Treatment,3532.55,5,22,SMB,South,4.2,0
C000614,Treatment,1625.02,1,7,Consumer,South,2.8,0
C000615,Control,2635.5,7,19,Enterprise,South,10.0,0
C000616,Treatment,3777.12,6,31,SMB,South,6.2,0
C000617,Treatment,1230.5,2,13,SMB,South,10.9,1
C000618,Control,1047.71,1,7,Consumer,West,9.8,0
C000619,Control,1166.15,5,12,SMB,West,14.2,1
C000620,Control,2922.03,10,8,Consumer,South,9.7,0
C000621,Treatment,6363.02,14,72,Consumer,South,11.7,0
C000622,Control,3662.85,7,27,SMB,East,6.5,0
C000623,Treatment,1427.64,11,24,Consumer,East,1.4,1
C000624,Control,602.25,9,4,Consumer,East,7.8,1
C000625,Treatment,1734.28,1,13,Consumer,South,6.6,0
C000626,Control,1095.5,8,12,Consumer,North,4.6,1
C000627,Treatment,1420.61,1,10,Consumer,North,12.8,1
C000628,Control,1739.06,1,33,Consumer,West,7.5,1
C000629,Treatment,3640.3,8,59,Consumer,East,10.5,0
C000630,Treatment,1490.32,2,10,Consumer,West,3.8,0
C000631,Treatment,2871.66,1,3,Enterprise,South,9.8,0
C000632,Treatment,2764.64,8,11,Consumer,South,13.3,0
C000633,Control,2011.3,8,32,Consumer,South,18.0,0
C000634,Control,2183.98,9,27,Enterprise,West,2.8,0
C000635,Control,1682.9,4,17,Enterprise,South,10.3,1
C000636,Control,2384.62,5,24,SMB,East,2.6,0
C000637,Treatment,2140.47,4,13,Consumer,North,3.5,0
C000638,Treatment,1727.47,9,10,Consumer,North,10.3,0
C000639,Treatment,1745.8,4,9,Consumer,North,10.8,0
C000640,Treatment,4722.33,5,16,SMB,South,12.4,0
C000641,Treatment,2651.37,1,11,Enterprise,West,8.4,0
C000642,Treatment,1244.79,1,7,Consumer,West,14.3,0
C000643,Control,2341.21,3,18,Consumer,East,12.4,0
C000644,Control,2033.39,6,12,SMB,South,8.7,0
C000645,Treatment,2105.54,9,33,SMB,West,12.2,0
C000646,Treatment,3051.02,1,20,SMB,North,7.4,0
C000647,Control,1276.94,12,48,Consumer,West,13.9,0
C000648,Treatment,1043.5,8,22,SMB,West,10.2,0
C000649,Treatment,2379.74,6,15,Consumer,South,7.9,0
C000650,Control,3762.48,9,30,Consumer,North,5.8,0
C000651,Control,4734.41,12,45,Consumer,South,8.0,0
C000652,Treatment,1102.35,3,4,Consumer,South,10.4,0
C000653,Treatment,1590.93,3,30,Consumer,West,9.0,0
C000654,Control,606.32,8,16,Consumer,East,12.2,1
C000655,Treatment,1627.14,11,22,Consumer,South,7.6,0
C000656,Control,7297.82,15,47,Consumer,South,11.4,1
C000657,Treatment,1230.19,6,17,Consumer,West,0.0,0
C000658,Control,5682.96,3,7,Enterprise,South,7.8,0
C000659,Treatment,1035.45,1,5,SMB,North,7.5,0
C000660,Control,1998.22,5,46,Consumer,East,0.0,0
C000661,Control,2279.17,8,20,SMB,South,13.4,0
C000662,Treatment,2575.57,1,17,Consumer,South,8.8,0
C000663,Control,1659.88,9,43,Consumer,South,11.2,0
C000664,Control,670.69,2,10,Consumer,South,7.2,0
C000665,Control,4275.17,7,10,Enterprise,West,12.6,0
C000666,Treatment,1354.3,14,52,Consumer,West,9.4,0
C000667,Treatment,1170.17,1,8,SMB,West,11.8,1
C000668,Treatment,1369.6,2,6,SMB,West,9.7,0
C000669,Control,1278.62,11,52,Consumer,South,11.2,0
C000670,Control,1561.31,9,29,SMB,South,9.5,0
C000671,Control,1282.81,2,16,Consumer,East,10.7,0
C000672,Treatment,4678.46,16,68,SMB,North,9.3,0
C000673,Treatment,1727.47,3,11,SMB,West,2.0,1
C000674,Treatment,1020.9,14,25,Consumer,North,2.5,0
C000675,Treatment,950.46,4,23,Consumer,South,6.7,0
C000676,Control,3499.0,14,44,SMB,East,13.9,0
C000677,Treatment,917.81,2,9,Consumer,West,9.0,0
C000678,Control,4001.69,12,52,Enterprise,East,3.0,0
C000679,Control,1698.24,18,63,Consumer,East,7.7,0
C000680,Control,2370.54,11,39,Consumer,South,7.0,0
C000681,Control,1693.43,3,10,Consumer,East,8.0,1
C000682,Control,1605.65,4,20,Consumer,East,12.3,0
C000683,Control,2284.51,10,23,Enterprise,South,11.3,0
C000684,Control,1482.53,5,23,Consumer,West,13.6,0
C000685,Treatment,1164.12,1,5,Consumer,North,7.9,0
C000686,Control,2775.04,5,27,Consumer,South,10.7,0
C000687,Control,1798.32,11,21,Consumer,West,13.4,0
C000688,Treatment,827.44,1,15,Consumer,South,8.7,0
C000689,Treatment,2123.84,6,16,Consumer,East,0.1,0
C000690,Treatment,2980.44,16,69,Consumer,South,7.5,0
C000691,Control,655.37,6,39,Consumer,West,16.8,0
C000692,Treatment,1710.87,1,4,Enterprise,North,10.4,0
C000693,Control,2490.61,4,16,Consumer,South,9.2,0
C000694,Control,2462.93,6,34,SMB,West,6.3,0
C000695,Treatment,3062.08,10,40,Consumer,East,6.8,0
C000696,Treatment,2960.86,7,22,SMB,South,9.6,0
C000697,Treatment,1699.82,2,7,Consumer,South,12.7,0
C000698,Treatment,1962.82,9,7,Consumer,South,2.5,0
C000699,Treatment,1895.07,5,27,SMB,West,4.3,0
C000700,Control,2674.54,5,13,SMB,East,10.4,0
C000701,Control,1353.16,3,8,Consumer,West,9.4,0
C000702,Control,1827.58,4,2,SMB,West,0.6,0
C000703,Control,2488.02,3,5,Consumer,South,7.2,0
C000704,Treatment,2122.5,3,21,Consumer,East,14.9,0
C000705,Control,2156.95,6,15,SMB,East,8.8,0
C000706,Treatment,2481.77,10,42,Enterprise,West,5.0,0
C000707,Treatment,1069.0,6,6,Consumer,East,8.3,0
C000708,Treatment,1902.01,6,10,SMB,North,14.7,0
C000709,Control,859.12,6,12,SMB,West,11.4,0
C000710,Control,1859.35,8,19,Consumer,East,5.7,0
C000711,Treatment,1198.61,2,12,Consumer,West,11.2,0
C000712,Treatment,1779.34,4,9,Consumer,South,7.5,0
C000713,Treatment,1377.52,9,22,Consumer,South,3.5,0
C000714,Treatment,2714.04,6,18,Consumer,East,13.3,0
C000715,Treatment,1263.68,5,30,SMB,West,11.2,0
C000716,Control,506.65,1,14,Consumer,North,4.9,0
C000717,Treatment,3018.55,11,37,Consumer,South,13.1,0
C000718,Control,700.7,2,9,Consumer,West,0.0,0
C000719,Treatment,1081.89,7,27,Consumer,West,8.9,0
C000720,Treatment,987.28,12,32,SMB,North,18.8,0
C000721,Treatment,2166.61,1,2,Consumer,South,18.0,0
C000722,Control,2439.13,10,27,Consumer,South,7.6,1
C000723,Control,2180.08,2,16,Consumer,South,20.9,0
C000724,Treatment,2642.57,9,19,Consumer,North,11.6,1
C000725,Control,2768.41,10,42,Consumer,South,8.1,0
C000726,Control,1542.82,1,17,SMB,East,10.0,1
C000727,Control,2087.91,1,8,SMB,South,7.0,0
C000728,Control,3168.94,4,26,SMB,South,12.6,0
C000729,Control,1644.89,5,15,Consumer,West,7.6,0
C000730,Treatment,1630.16,8,17,SMB,South,10.3,0
C000731,Control,1431.93,6,16,Consumer,West,7.9,0
C000732,Control,1934.28,5,29,Consumer,South,1.6,0
C000733,Control,2218.36,10,22,Consumer,West,6.3,0
C000734,Control,2092.24,5,17,SMB,West,8.6,0
C000735,Control,1839.73,3,21,Consumer,South,8.7,0
C000736,Treatment,1241.15,3,8,SMB,East,12.9,0
C000737,Control,1758.82,7,27,Consumer,East,11.7,0
C000738,Control,1909.76,4,23,SMB,South,7.5,0
C000739,Control,2300.64,13,45,Consumer,West,7.2,0
C000740,Control,1855.25,3,11,SMB,South,10.0,1
C000741,Control,1063.02,1,11,Consumer,South,7.8,0
C000742,Control,1774.7,7,20,SMB,West,7.1,0
C000743,Treatment,1260.59,6,17,Consumer,North,5.5,0
C000744,Control,1140.03,5,8,Consumer,North,7.5,0
C000745,Treatment,1337.59,5,7,Consumer,North,11.5,0
C000746,Control,1679.86,7,36,Consumer,West,4.6,1
C000747,Control,719.8,3,10,Consumer,North,11.4,0
C000748,Control,2304.44,1,14,Consumer,North,21.3,0
C000749,Treatment,1040.39,3,6,Consumer,East,6.8,1
C000750,Treatment,7388.14,15,64,Enterprise,West,8.0,0
C000751,Control,1842.55,3,11,Consumer,South,7.1,0
C000752,Control,1150.49,2,16,SMB,West,10.5,0
C000753,Control,1205.34,6,5,SMB,North,7.7,0
C000754,Control,2116.57,2,19,SMB,East,8.0,0
C000755,Treatment,1322.41,17,53,Consumer,East,2.2,0
C000756,Control,2252.62,1,7,Consumer,South,7.9,0
C000757,Control,1886.09,5,20,Consumer,West,3.8,0
C000758,Treatment,5607.34,1,13,SMB,South,5.7,1
C000759,Control,1913.63,3,18,Consumer,South,14.4,0
C000760,Control,977.24,5,13,Consumer,North,5.1,0
C000761,Treatment,3280.68,4,6,Enterprise,North,7.4,0
C000762,Control,2015.48,5,21,SMB,West,11.6,0
C000763,Control,1819.09,6,30,Consumer,South,7.8,0
C000764,Control,1652.9,11,13,Consumer,West,11.6,0
C000765,Treatment,1261.64,8,36,Consumer,North,16.6,0
C000766,Control,2740.15,17,36,SMB,West,11.1,0
C000767,Control,2802.64,12,30,SMB,West,3.4,1
C000768,Control,1518.94,1,8,Consumer,North,13.4,0
C000769,Control,1230.14,5,25,Enterprise,North,7.5,0
C000770,Treatment,1718.59,11,24,Consumer,West,0.6,0
C000771,Control,767.62,1,9,Consumer,North,3.8,0
C000772,Treatment,921.21,8,12,Consumer,South,8.0,0
C000773,Treatment,927.03,5,18,Consumer,West,12.0,0
C000774,Treatment,1301.46,1,12,Consumer,West,7.3,0
C000775,Control,1235.15,1,16,Consumer,West,10.2,0
C000776,Treatment,3685.42,10,46,Consumer,West,7.0,0
C000777,Treatment,2161.84,2,10,Consumer,South,17.3,0
C000778,Control,3803.46,1,9,Enterprise,West,5.8,0
C000779,Treatment,3665.34,4,34,SMB,South,15.2,0
C000780,Treatment,1218.99,5,18,SMB,West,8.9,0
C000781,Control,1361.75,10,20,SMB,East,10.8,0
C000782,Treatment,743.52,9,15,SMB,South,0.0,0
C000783,Control,1335.44,8,15,Consumer,West,16.2,0
C000784,Treatment,5388.56,4,16,Enterprise,South,4.7,0
C000785,Treatment,1488.71,9,20,Consumer,East,12.1,0
C000786,Control,1123.23,3,30,Consumer,South,6.1,0
C000787,Treatment,1471.23,5,8,SMB,South,2.9,0
C000788,Control,1765.25,8,10,Consumer,South,13.1,0
C000789,Treatment,1446.49,11,35,Consumer,West,6.6,1
C000790,Treatment,3391.71,1,19,SMB,South,8.5,0
C000791,Control,1843.1,1,13,Consumer,East,7.6,0
C000792,Control,1545.86,4,22,Consumer,South,0.8,1
C000793,Control,1473.61,1,12,Enterprise,West,3.5,0
C000794,Control,2866.58,7,33,SMB,West,0.0,0
C000795,Control,1429.56,3,11,SMB,North,4.8,1
C000796,Control,1804.86,3,12,Consumer,South,16.0,0
C000797,Control,2198.51,1,13,SMB,East,14.5,0
C000798,Control,1632.25,10,24,SMB,North,17.6,0
C000799,Treatment,5076.16,8,36,SMB,South,13.4,0
C000800,Treatment,1615.72,2,26,Consumer,South,10.4,0
C000801,Treatment,2580.07,6,30,Consumer,North,15.7,0
C000802,Control,1758.83,1,5,Consumer,West,6.8,0
C000803,Treatment,1944.18,1,5,Enterprise,West,15.8,0
C000804,Treatment,776.92,2,6,Consumer,East,9.3,0
C000805,Control,1600.89,9,17,Consumer,South,9.1,0
C000806,Control,1874.42,3,12,Consumer,West,9.2,1
C000807,Treatment,1143.6,2,6,Consumer,East,15.2,0
C000808,Control,985.6,3,1,Consumer,West,18.3,0
C000809,Treatment,2795.75,5,25,SMB,North,3.3,0
C000810,Treatment,2113.75,6,40,Consumer,North,13.5,0
C000811,Control,1128.21,10,31,Consumer,East,7.9,0
C000812,Control,763.54,5,16,Consumer,West,8.9,0
C000813,Treatment,2067.93,1,20,Consumer,North,9.3,0
C000814,Treatment,1118.43,5,11,Consumer,South,13.5,0
C000815,Control,1134.65,6,17,Consumer,East,3.0,0
C000816,Treatment,2367.2,1,16,Consumer,West,2.9,0
C000817,Treatment,4780.92,1,23,Consumer,West,9.3,0
C000818,Treatment,4503.55,1,10,SMB,West,2.4,1
C000819,Treatment,2098.29,22,63,Consumer,East,9.8,0
C000820,Control,2334.07,10,7,Consumer,West,13.5,0
C000821,Control,897.52,10,20,Consumer,South,10.9,0
C000822,Treatment,1533.81,5,27,Consumer,North,10.7,0
C000823,Control,1040.1,1,7,Consumer,East,5.3,0
C000824,Treatment,941.55,1,4,Consumer,East,16.4,1
C000825,Treatment,1965.6,3,28,Consumer,South,14.8,0
C000826,Control,3529.3,16,63,SMB,South,15.0,1
C000827,Treatment,1090.0,7,3,Consumer,West,11.6,0
C000828,Control,3885.22,13,63,Enterprise,West,4.6,1
C000829,Treatment,1286.58,5,28,Consumer,South,3.2,1
C000830,Control,570.33,2,17,SMB,West,14.4,0
C000831,Treatment,3487.06,7,31,Enterprise,South,6.8,0
C000832,Treatment,2301.06,6,37,Consumer,North,2.7,0
C000833,Control,2224.75,1,15,Consumer,North,0.0,0
C000834,Treatment,1475.19,16,72,Consumer,South,13.8,1
C000835,Treatment,1222.05,11,62,Consumer,North,14.0,0
C000836,Treatment,712.36,2,11,SMB,East,19.0,0
C000837,Treatment,1814.32,6,22,Consumer,West,10.0,0
C000838,Treatment,1458.39,1,7,SMB,South,9.5,0
C000839,Control,1317.67,1,6,SMB,West,0.0,0
C000840,Treatment,1814.17,5,14,Consumer,West,13.8,1
C000841,Control,3006.25,2,21,Consumer,South,8.1,1
C000842,Treatment,1543.23,3,9,SMB,North,8.8,1
C000843,Treatment,2740.06,5,30,Consumer,South,5.3,0
C000844,Control,2333.35,7,22,SMB,East,8.6,0
C000845,Control,2998.11,1,18,Consumer,South,10.5,0
C000846,Treatment,1563.31,1,10,Consumer,East,7.4,1
C000847,Control,984.18,9,11,Consumer,East,2.6,0
C000848,Treatment,1052.51,6,15,Consumer,East,12.7,0
C000849,Control,2596.91,6,11,Consumer,North,11.1,0
C000850,Treatment,4862.7,4,13,SMB,South,7.7,0
C000851,Control,979.16,1,10,Consumer,South,15.4,0
C000852,Control,1215.8,4,24,Enterprise,West,7.9,0
C000853,Treatment,2027.73,1,7,SMB,East,9.9,0
C000854,Treatment,1374.77,6,33,SMB,East,0.0,0
C000855,Control,1323.32,8,12,Enterprise,East,5.3,0
C000856,Control,1593.31,6,25,SMB,South,10.9,1
C000857,Treatment,1244.02,1,18,Consumer,North,7.7,0
C000858,Treatment,736.26,1,6,Consumer,South,11.7,0
C000859,Control,2442.74,9,32,Consumer,North,0.0,0
C000860,Treatment,1839.7,7,49,Consumer,North,11.8,0
C000861,Treatment,2669.67,8,16,SMB,South,8.3,0
C000862,Treatment,949.15,7,4,Consumer,West,15.2,0
C000863,Treatment,2334.01,4,23,SMB,North,8.5,0
C000864,Treatment,1496.85,7,19,Consumer,North,11.7,0
C000865,Control,2871.51,6,9,Enterprise,North,11.6,0
C000866,Treatment,1036.04,2,19,Consumer,South,13.3,0
C000867,Treatment,2971.13,8,41,Consumer,South,10.5,0
C000868,Treatment,3121.43,8,36,Enterprise,North,9.1,0
C000869,Control,1129.16,5,14,Consumer,South,8.1,1
C000870,Control,1933.92,9,14,SMB,West,13.8,0
C000871,Treatment,2468.51,2,9,Consumer,South,7.6,1
C000872,Control,2822.08,1,14,SMB,South,6.5,0
C000873,Treatment,2463.29,1,20,Consumer,South,12.4,0
C000874,Control,2174.0,3,20,SMB,South,14.1,0
C000875,Treatment,1177.23,5,22,Consumer,South,16.0,0
C000876,Treatment,1570.28,9,22,Consumer,South,16.5,0
C000877,Control,1329.72,1,10,Consumer,West,9.9,1
C000878,Control,2466.77,7,31,Consumer,West,12.0,0
C000879,Treatment,1533.93,13,35,SMB,East,18.6,0
C000880,Treatment,2619.17,6,18,Consumer,South,13.7,0
C000881,Control,4782.47,12,72,SMB,South,16.3,0
C000882,Treatment,3041.07,7,24,Consumer,South,13.4,0
C000883,Treatment,1885.77,3,7,Consumer,West,5.6,0
C000884,Control,1919.34,8,15,SMB,North,8.0,0
C000885,Control,1066.59,6,14,Consumer,East,1.8,0
C000886,Control,3313.64,3,4,SMB,South,8.0,0
C000887,Control,3363.13,6,15,Enterprise,South,6.5,0
C000888,Control,955.13,7,30,Consumer,South,6.1,0
C000889,Control,5355.99,6,34,Enterprise,South,8.0,0
C000890,Treatment,1986.55,14,52,Consumer,East,5.2,0
C000891,Control,1729.64,4,25,Consumer,East,3.7,0
C000892,Treatment,5388.41,8,29,SMB,South,13.6,0
C000893,Control,1309.71,6,11,Consumer,North,6.3,0
C000894,Control,1190.12,3,27,Enterprise,West,7.8,0
C000895,Treatment,1897.9,5,23,Consumer,South,14.6,1
C000896,Treatment,1128.35,9,14,Consumer,East,5.6,0
C000897,Control,2513.66,16,53,SMB,South,12.5,1
C000898,Control,920.72,4,7,Consumer,East,3.3,0
C000899,Control,694.13,5,19,Consumer,East,9.6,0
C000900,Treatment,2529.06,9,41,Consumer,North,11.9,0
C000901,Control,3699.01,1,9,SMB,South,6.3,0
C000902,Control,1806.07,4,12,Consumer,South,13.7,1
C000903,Control,1175.49,11,30,Consumer,North,11.4,0
C000904,Control,1486.73,5,30,Consumer,East,10.6,1
C000905,Treatment,8252.11,1,16,Enterprise,South,14.0,0
C000906,Treatment,3709.07,9,22,Enterprise,North,12.9,0
C000907,Control,2549.94,4,19,Enterprise,West,8.9,0
C000908,Control,1004.61,5,32,Consumer,West,2.2,0
C000909,Control,1855.71,8,33,Consumer,South,17.7,1
C000910,Control,1933.47,9,43,SMB,East,6.7,0
C000911,Treatment,2805.92,10,43,Consumer,North,0.0,0
C000912,Treatment,1410.12,7,22,Consumer,East,16.5,0
C000913,Treatment,4438.89,4,8,Enterprise,South,11.8,1
C000914,Treatment,2519.26,5,11,Consumer,West,9.2,0
C000915,Treatment,769.41,4,12,Consumer,South,8.8,0
C000916,Treatment,1978.79,1,17,Consumer,South,13.1,0
C000917,Control,2617.52,6,20,Consumer,West,19.1,1
C000918,Control,3699.28,1,9,Enterprise,North,7.3,1
C000919,Control,500.9,1,3,Consumer,North,5.4,1
C000920,Treatment,3990.65,4,25,Consumer,South,8.0,0
C000921,Control,762.8,7,18,Consumer,East,2.8,1
C000922,Treatment,1018.01,7,55,Consumer,North,8.4,0
C000923,Treatment,998.64,3,11,SMB,South,14.7,0
C000924,Treatment,3695.67,11,49,SMB,South,9.9,0
C000925,Control,826.05,5,9,Consumer,East,11.0,0
C000926,Control,997.04,5,17,Consumer,West,13.6,0
C000927,Control,1273.29,7,19,Consumer,South,7.8,1
C000928,Treatment,2468.91,3,5,Consumer,South,3.8,0
C000929,Treatment,4028.25,11,21,Enterprise,South,8.2,0
C000930,Treatment,1115.17,2,10,SMB,North,8.4,0
C000931,Control,1203.95,16,37,Consumer,West,12.7,0
C000932,Control,1066.95,5,29,SMB,West,12.4,0
C000933,Control,1527.05,8,23,SMB,West,0.0,0
C000934,Treatment,2312.49,8,12,SMB,West,2.0,0
C000935,Treatment,1722.85,2,7,SMB,South,14.2,1
C000936,Control,1917.95,11,48,Enterprise,East,3.7,0
C000937,Treatment,2838.85,6,45,Consumer,North,13.6,0
C000938,Control,1411.77,14,12,Consumer,West,0.0,0
C000939,Treatment,1828.55,7,32,Enterprise,East,17.1,1
C000940,Control,2735.22,7,9,Consumer,South,9.3,0
C000941,Control,1985.22,1,11,SMB,West,14.2,0
C000942,Treatment,1400.79,1,18,Consumer,East,9.8,1
C000943,Control,1748.07,4,24,Consumer,West,15.9,0
C000944,Control,1149.95,3,7,Enterprise,West,15.7,0
C000945,Control,647.5,2,3,Consumer,West,8.6,0
C000946,Control,1095.64,1,10,Consumer,South,2.4,0
C000947,Treatment,2469.85,3,17,Consumer,South,1.3,1
C000948,Treatment,1774.45,3,6,Enterprise,West,4.8,0
C000949,Treatment,1291.61,2,13,Consumer,North,5.1,0
C000950,Control,5478.47,3,13,Enterprise,North,16.0,1
C000951,Treatment,1097.7,11,62,Consumer,West,6.7,0
C000952,Control,3775.98,9,25,Enterprise,West,10.7,0
C000953,Control,919.94,2,21,Consumer,West,2.3,1
C000954,Control,2886.73,3,15,SMB,North,7.6,0
C000955,Treatment,1523.47,12,43,Consumer,South,9.2,1
C000956,Treatment,1258.57,5,7,Consumer,West,8.9,0
C000957,Treatment,1200.85,3,27,Consumer,North,3.2,0
C000958,Treatment,1559.57,13,45,SMB,South,12.0,0
C000959,Control,1478.07,9,31,SMB,South,12.7,0
C000960,Treatment,1308.98,6,11,Consumer,West,7.8,0
C000961,Treatment,1238.42,3,7,Consumer,South,0.0,0
C000962,Control,1443.72,9,32,SMB,South,11.9,0
C000963,Control,2056.15,9,28,Consumer,South,10.3,0
C000964,Control,1013.98,16,36,SMB,North,15.2,0
C000965,Treatment,1741.85,2,30,Consumer,East,4.3,1
C000966,Control,1262.74,10,38,Consumer,East,17.0,1
C000967,Treatment,1759.88,7,15,Consumer,East,6.7,0
C000968,Control,2768.59,6,19,Consumer,South,19.1,0
C000969,Treatment,2044.95,6,8,Enterprise,South,5.8,0
C000970,Control,1121.56,6,6,Consumer,North,10.9,0
C000971,Control,1934.87,7,23,Consumer,West,1.1,0
C000972,Control,1531.1,4,12,Consumer,South,8.0,0
C000973,Control,2795.14,5,46,Consumer,South,8.2,0
C000974,Treatment,1735.22,14,28,SMB,South,10.8,0
C000975,Control,2436.6,1,20,SMB,West,7.4,0
C000976,Treatment,1855.1,5,5,SMB,West,8.2,0
C000977,Control,1524.53,4,9,Consumer,North,14.1,0
C000978,Control,1410.69,1,11,SMB,East,5.9,0
C000979,Treatment,2416.15,11,14,Enterprise,South,7.1,0
C000980,Control,1834.49,11,33,Enterprise,West,10.9,0
C000981,Treatment,1650.89,4,6,Consumer,West,9.4,1
C000982,Treatment,2084.68,10,61,Consumer,East,8.3,0
C000983,Treatment,2925.99,12,30,Enterprise,West,9.3,0
C000984,Control,1323.06,8,8,SMB,South,2.9,0
C000985,Control,2368.94,11,44,Consumer,South,17.8,0
C000986,Treatment,1283.96,13,27,SMB,East,6.6,1
C000987,Control,2253.04,5,12,SMB,East,4.9,0
C000988,Control,1210.45,9,31,SMB,South,10.0,0
C000989,Control,3242.98,3,8,Consumer,South,3.7,0
C000990,Treatment,5172.82,8,19,Consumer,North,7.2,1
C000991,Treatment,3426.71,9,26,SMB,South,14.5,0
C000992,Treatment,1333.36,2,9,Consumer,West,9.1,1
C000993,Treatment,1568.72,2,21,SMB,North,5.6,0
C000994,Control,1050.89,6,24,Consumer,West,3.7,1
C000995,Treatment,1443.44,7,14,Consumer,South,10.5,0
C000996,Control,2276.07,3,11,SMB,East,4.9,1
C000997,Treatment,1532.64,3,20,Consumer,West,4.7,0
C000998,Control,5101.23,4,15,Consumer,West,10.5,0
C000999,Treatment,2144.91,8,48,SMB,West,12.8,0
C001000,Control,2004.22,5,26,SMB,South,5.7,0
C001001,Control,2016.28,1,16,SMB,South,2.1,0
C001002,Control,1544.04,6,18,Consumer,East,7.3,0
C001003,Control,967.6,6,11,Consumer,West,11.7,1
C001004,Control,2404.7,9,37,Consumer,West,10.5,0
C001005,Treatment,795.94,8,28,Consumer,East,5.9,0
C001006,Control,3718.85,12,50,Consumer,South,10.7,0
C001007,Treatment,1896.68,7,21,Consumer,South,5.8,0
C001008,Control,1176.71,7,16,Consumer,West,4.1,1
C001009,Treatment,2875.66,8,21,Consumer,South,15.5,0
C001010,Control,2912.37,15,49,SMB,West,14.3,0
C001011,Treatment,1686.07,1,13,Enterprise,East,4.8,0
C001012,Treatment,1086.67,6,12,Consumer,West,11.3,0
C001013,Control,1481.82,4,15,SMB,West,2.9,0
C001014,Treatment,1888.54,2,11,Consumer,South,15.5,0
C001015,Control,1843.56,1,22,Consumer,West,11.9,0
C001016,Control,1296.88,1,14,Consumer,South,10.0,0
C001017,Treatment,3018.59,8,42,SMB,South,2.9,0
C001018,Treatment,5088.74,1,8,Consumer,West,13.9,1
C001019,Control,1116.82,10,28,Consumer,South,10.5,0
C001020,Control,1701.22,11,38,Consumer,South,11.3,0
C001021,Treatment,1607.85,7,7,Consumer,East,14.3,1
C001022,Treatment,2787.3,6,25,Consumer,West,11.7,0
C001023,Treatment,1802.18,10,34,Consumer,North,3.4,0
C001024,Treatment,3204.8,1,5,SMB,East,14.1,0
C001025,Treatment,3929.71,11,10,SMB,South,5.5,0
C001026,Control,3139.92,14,37,Consumer,South,7.6,1
C001027,Treatment,2086.97,6,37,SMB,East,7.4,0
C001028,Control,1959.03,10,17,Consumer,South,3.0,0
C001029,Treatment,4316.85,2,21,SMB,West,5.5,0
C001030,Control,1587.39,5,27,Consumer,East,4.0,1
C001031,Treatment,2072.68,8,33,Consumer,West,4.3,0
C001032,Treatment,2303.19,3,20,SMB,West,8.5,0
C001033,Treatment,2199.98,10,33,Enterprise,North,12.6,0
C001034,Treatment,1062.94,6,3,Consumer,West,17.5,0
C001035,Control,2136.88,1,16,Consumer,East,11.5,0
C001036,Treatment,1730.52,7,27,SMB,North,16.6,0
C001037,Control,2218.69,3,23,Consumer,East,3.7,0
C001038,Control,2166.11,11,44,SMB,West,16.9,1
C001039,Control,1201.87,4,10,Consumer,North,7.6,0
C001040,Control,2989.12,1,9,Consumer,South,19.0,0
C001041,Control,2139.61,11,48,Consumer,South,4.6,0
C001042,Treatment,815.19,3,6,Consumer,South,13.8,0
C001043,Treatment,2415.73,5,30,SMB,West,3.6,1
C001044,Treatment,1045.3,2,28,SMB,North,3.9,0
C001045,Control,2053.41,6,13,Consumer,West,19.0,0
C001046,Control,937.68,13,47,Consumer,West,5.1,0
C001047,Control,1164.95,7,18,Consumer,South,10.1,0
C001048,Treatment,3714.89,2,19,Consumer,South,3.7,0
C001049,Treatment,6108.27,3,10,Consumer,North,9.2,1
C001050,Control,1854.7,1,11,Consumer,North,18.1,0
C001051,Treatment,1770.31,10,9,SMB,South,10.3,0
C001052,Control,2135.43,3,26,Consumer,South,6.6,0
C001053,Control,1831.68,10,25,Enterprise,West,7.2,0
C001054,Control,1065.05,1,3,Consumer,East,8.5,0
C001055,Control,988.37,10,36,Consumer,North,9.2,0
C001056,Treatment,1815.98,4,17,Consumer,South,10.8,0
C001057,Treatment,3130.31,1,5,Enterprise,West,12.6,1
C001058,Control,2123.84,12,45,Consumer,South,6.2,0
C001059,Treatment,1549.52,3,15,Consumer,East,11.7,0
C001060,Treatment,991.13,1,14,Consumer,North,1.5,0
C001061,Treatment,2318.59,5,18,Consumer,West,9.9,1
C001062,Treatment,2870.63,12,34,Consumer,South,5.6,0
C001063,Control,2673.34,4,13,SMB,South,8.2,0
C001064,Treatment,1204.99,7,40,Consumer,South,11.3,0
C001065,Control,2887.86,12,9,SMB,South,15.2,0
C001066,Treatment,2284.48,4,14,SMB,East,7.8,0
C001067,Control,1088.25,1,2,Consumer,North,10.6,0
C001068,Treatment,1566.91,11,15,Consumer,North,9.9,0
C001069,Control,1800.57,1,6,Enterprise,North,1.0,0
C001070,Control,1230.05,1,7,Consumer,East,10.2,0
C001071,Treatment,1564.29,6,7,Consumer,West,18.2,0
C001072,Treatment,1658.27,2,18,Consumer,North,13.3,0
C001073,Control,3424.78,7,18,Consumer,West,7.2,0
C001074,Treatment,2082.94,10,30,SMB,West,7.1,0
C001075,Treatment,1981.45,11,14,SMB,North,6.5,1
C001076,Control,923.79,10,26,Consumer,North,11.9,0
C001077,Treatment,1791.88,4,20,Consumer,South,9.3,1
C001078,Control,1228.24,2,12,Consumer,North,2.4,1
C001079,Treatment,1226.97,5,35,Consumer,West,12.1,0
C001080,Control,2102.68,1,10,Consumer,South,11.5,0
C001081,Control,2053.3,4,5,Consumer,South,9.0,0
C001082,Treatment,2311.46,1,3,Enterprise,East,10.0,0
C001083,Treatment,1441.35,4,12,Consumer,South,5.2,0
C001084,Treatment,1829.14,1,16,Consumer,West,15.8,1
C001085,Treatment,3387.45,5,16,SMB,East,2.5,1
C001086,Treatment,2284.2,1,2,Consumer,South,8.8,0
C001087,Treatment,1726.32,8,23,Consumer,South,9.1,0
C001088,Treatment,3909.02,1,14,Enterprise,South,7.3,0
C001089,Control,2730.98,10,28,SMB,West,9.3,0
C001090,Control,3354.79,5,18,Consumer,South,4.5,0
C001091,Control,4499.54,5,25,SMB,West,6.5,0
C001092,Treatment,1195.57,4,6,Consumer,West,4.6,0
C001093,Control,2451.5,8,28,Consumer,South,8.2,0
C001094,Control,911.53,2,22,Consumer,East,15.4,0
C001095,Treatment,1757.41,4,11,Consumer,South,11.4,0
C001096,Control,2170.0,12,44,Consumer,North,3.3,0
C001097,Control,2786.9,10,64,SMB,West,7.9,0
C001098,Treatment,2150.12,4,11,Consumer,South,8.9,0
C001099,Treatment,1746.31,11,30,Consumer,West,6.0,1
C001100,Control,1725.11,5,17,SMB,East,7.0,0
C001101,Control,959.14,5,25,Consumer,North,14.8,1
C001102,Control,1659.17,1,20,SMB,South,1.4,1
C001103,Treatment,3210.39,4,29,SMB,North,10.9,0
C001104,Treatment,1054.83,1,3,Consumer,North,0.8,1
C001105,Control,1699.56,9,24,Consumer,East,10.3,0
C001106,Treatment,1907.37,7,21,Consumer,North,5.1,0
C001107,Control,1224.89,4,19,SMB,West,11.9,1
C001108,Control,3157.86,6,37,Consumer,South,17.8,0
C001109,Treatment,1845.41,1,8,Consumer,South,8.8,0
C001110,Control,1734.41,11,28,Consumer,South,15.0,1
C001111,Control,1360.58,1,10,Consumer,North,12.1,0
C001112,Control,646.49,4,12,Consumer,East,11.1,0
C001113,Treatment,785.11,2,11,Consumer,South,4.3,0
C001114,Treatment,2307.2,7,18,Consumer,East,14.0,0
C001115,Treatment,1858.73,7,29,SMB,South,10.9,0
C001116,Control,1203.46,1,17,Consumer,South,4.3,0
C001117,Control,888.76,13,32,Consumer,South,4.9,0
C001118,Treatment,2990.26,5,14,SMB,South,6.5,0
C001119,Control,1472.09,3,5,Consumer,South,5.1,0
C001120,Treatment,1697.69,1,20,Consumer,West,8.4,1
C001121,Treatment,1761.8,3,15,Consumer,North,11.6,0
C001122,Control,2390.06,8,43,Consumer,South,8.0,0
C001123,Treatment,1450.44,3,8,Consumer,South,10.0,0
C001124,Control,2770.86,1,23,Enterprise,South,3.4,0
C001125,Control,1181.96,5,17,Consumer,West,13.7,0
C001126,Treatment,664.6,5,5,Consumer,West,13.0,0
C001127,Treatment,702.05,1,4,Consumer,West,18.4,0
C001128,Treatment,4148.76,3,4,SMB,South,4.3,0
C001129,Treatment,3708.25,4,29,Consumer,South,3.8,1
C001130,Treatment,806.47,10,17,SMB,North,3.1,0
C001131,Treatment,1883.86,3,25,Consumer,West,14.5,0
C001132,Treatment,1497.84,6,26,SMB,South,2.7,0
C001133,Control,9427.89,9,48,Enterprise,South,7.0,1
C001134,Treatment,1074.83,5,33,Consumer,East,1.9,1
C001135,Treatment,3158.51,10,17,Enterprise,West,9.3,0
C001136,Control,2930.77,11,24,Enterprise,South,10.0,0
C001137,Control,1702.61,1,7,Consumer,North,11.1,0
C001138,Control,1965.67,13,6,Consumer,West,8.6,1
C001139,Control,1277.78,8,15,SMB,North,3.9,0
C001140,Treatment,3440.49,6,10,SMB,West,11.3,0
C001141,Control,1586.24,5,18,SMB,South,9.3,0
C001142,Treatment,910.33,7,12,SMB,West,9.2,0
C001143,Treatment,1410.63,8,31,Consumer,West,5.0,0
C001144,Treatment,2211.87,3,24,SMB,South,10.8,1
C001145,Control,2148.87,4,11,Consumer,West,12.7,0
C001146,Control,2843.92,5,26,SMB,North,5.2,1
C001147,Treatment,1804.26,1,7,Consumer,North,2.9,0
C001148,Treatment,1624.47,8,17,SMB,South,12.4,0
C001149,Control,3493.57,8,32,SMB,East,0.9,0
C001150,Treatment,1653.45,2,3,Consumer,North,4.5,0
C001151,Control,3220.08,14,38,SMB,South,5.6,1
C001152,Treatment,3398.76,5,13,SMB,West,5.1,0
C001153,Control,1302.29,12,32,Consumer,West,12.3,0
C001154,Control,3121.83,1,13,Consumer,South,14.2,1
C001155,Treatment,1900.53,1,5,Consumer,South,13.5,0
C001156,Control,2093.78,4,11,Consumer,North,4.8,0
C001157,Control,2755.2,9,36,SMB,South,15.7,1
C001158,Control,1287.04,6,19,Consumer,West,3.2,0
C001159,Control,5605.7,11,33,SMB,West,10.1,0
C001160,Treatment,1574.44,15,13,Consumer,South,9.8,0
C001161,Control,1065.49,1,9,Consumer,South,15.8,1
C001162,Treatment,1258.92,6,31,Consumer,South,11.3,0
C001163,Treatment,3551.5,6,17,Consumer,South,16.6,0
C001164,Control,2825.92,12,21,SMB,North,5.1,1
C001165,Control,931.23,5,23,Consumer,North,12.9,0
C001166,Treatment,1299.71,2,3,Consumer,South,14.1,1
C001167,Treatment,2347.14,6,27,SMB,South,11.5,0
C001168,Treatment,1001.8,4,7,Consumer,West,5.3,0
C001169,Treatment,2351.24,2,4,SMB,West,7.8,1
C001170,Control,1409.29,6,12,Consumer,South,11.8,0
C001171,Control,2071.17,8,15,SMB,South,12.5,0
C001172,Treatment,1199.75,9,41,Consumer,West,4.7,0
C001173,Control,1772.95,10,28,SMB,North,3.9,0
C001174,Treatment,833.91,1,4,Consumer,West,14.7,0
C001175,Treatment,4914.91,6,21,Consumer,North,13.5,0
C001176,Treatment,483.99,3,17,Consumer,West,14.8,0
C001177,Control,994.25,1,8,Consumer,North,17.3,1
C001178,Control,1532.71,9,26,Consumer,West,9.7,0
C001179,Control,1531.82,7,41,Consumer,North,2.0,0
C001180,Control,1550.78,3,18,Consumer,West,15.6,0
C001181,Treatment,966.58,3,13,Consumer,East,8.4,0
C001182,Control,1678.94,11,19,Consumer,North,16.8,0
C001183,Control,3371.14,11,21,SMB,West,5.3,0
C001184,Control,5314.83,7,55,Enterprise,North,13.4,0
C001185,Control,1201.59,1,10,Consumer,South,4.3,0
C001186,Treatment,1247.29,9,10,Consumer,South,15.7,0
C001187,Control,3166.03,14,31,Consumer,West,2.1,0
C001188,Treatment,2130.86,5,12,SMB,West,9.3,0
C001189,Control,1631.34,3,3,Enterprise,South,8.5,0
C001190,Treatment,1959.52,10,41,Consumer,West,6.1,0
C001191,Control,939.23,9,40,Consumer,West,9.0,0
C001192,Control,2353.76,1,6,Consumer,East,5.7,0
C001193,Treatment,2006.27,8,18,Consumer,South,7.7,0
C001194,Treatment,1395.58,1,4,Consumer,South,9.7,0
C001195,Treatment,2891.07,9,29,SMB,South,5.2,1
C001196,Control,1569.38,7,28,Consumer,South,8.5,1
C001197,Control,1019.94,8,17,Consumer,South,12.2,0
C001198,Treatment,1920.66,6,34,SMB,West,5.0,0
C001199,Control,2472.78,1,4,SMB,East,9.4,0
C001200,Treatment,1517.9,2,20,Consumer,East,4.1,0
C001201,Treatment,2015.87,2,3,SMB,North,16.3,1
C001202,Treatment,2268.44,3,8,Consumer,North,10.9,0
C001203,Treatment,1886.5,1,4,Consumer,West,3.0,0
C001204,Treatment,1648.98,9,45,Consumer,South,17.3,0
C001205,Control,2280.55,8,33,Consumer,West,10.6,0
C001206,Control,1482.15,4,3,Consumer,South,5.1,0
C001207,Treatment,1528.13,6,21,SMB,South,20.0,0
C001208,Control,2097.6,4,3,SMB,East,8.3,1
C001209,Control,2287.28,7,27,Consumer,East,1.7,0
C001210,Control,841.31,8,31,Consumer,North,14.6,0
C001211,Treatment,1019.96,8,27,Consumer,East,10.4,0
C001212,Treatment,1156.5,2,21,Consumer,South,15.1,0
C001213,Treatment,5022.55,10,15,SMB,South,9.6,1
C001214,Control,1121.01,6,20,Consumer,North,5.8,0
C001215,Control,585.65,3,8,Consumer,East,3.6,1
C001216,Treatment,902.66,6,21,Consumer,East,5.5,0
C001217,Control,2849.74,8,13,SMB,South,5.9,0
C001218,Treatment,1013.21,4,4,Consumer,West,1.7,0
C001219,Treatment,950.93,5,7,Consumer,West,5.5,0
C001220,Control,883.71,8,31,Consumer,South,8.2,0
C001221,Control,1875.75,1,4,Consumer,North,7.7,0
C001222,Control,2412.93,1,19,Consumer,South,0.0,0
C001223,Treatment,1681.89,7,13,Consumer,North,4.0,0
C001224,Treatment,907.5,6,7,Consumer,West,8.2,0
C001225,Control,1308.12,5,34,Consumer,West,5.9,0
C001226,Treatment,1455.67,5,38,Consumer,North,11.3,0
C001227,Control,1260.21,1,5,Consumer,South,6.4,0
C001228,Control,2002.72,3,19,Enterprise,South,8.5,1
C001229,Treatment,1303.77,1,14,SMB,North,10.7,0
C001230,Control,1564.06,6,19,Consumer,South,13.3,0
C001231,Control,4190.72,16,72,Consumer,North,9.2,0
C001232,Treatment,1020.77,4,13,Consumer,South,1.1,1
C001233,Control,2650.36,2,9,Enterprise,South,15.2,0
C001234,Treatment,2614.14,2,16,Consumer,South,13.5,1
C001235,Control,1797.14,1,22,Consumer,South,4.4,0
C001236,Control,2102.94,2,12,SMB,South,10.2,0
C001237,Control,1769.77,18,72,Consumer,South,4.8,0
C001238,Control,2059.37,1,9,Consumer,South,6.6,1
C001239,Control,2678.66,6,27,Consumer,South,12.2,0
C001240,Control,3106.4,7,43,Consumer,West,9.9,0
C001241,Treatment,1701.33,1,2,Consumer,North,10.5,0
C001242,Control,2087.36,9,23,Enterprise,East,10.9,1
C001243,Control,1295.94,7,9,Consumer,North,15.3,0
C001244,Control,1266.39,4,7,SMB,South,12.0,0
C001245,Control,1652.5,1,15,Consumer,South,9.1,1
C001246,Control,2671.94,12,41,SMB,West,7.5,0
C001247,Treatment,2767.23,10,32,SMB,West,8.3,1
C001248,Control,3226.88,8,4,SMB,South,7.5,0
C001249,Treatment,2586.83,6,31,SMB,South,9.4,0
C001250,Treatment,1033.57,4,9,Consumer,West,3.1,0
C001251,Control,1762.86,6,37,Consumer,South,9.1,0
C001252,Control,2583.62,1,2,Enterprise,South,14.6,0
C001253,Control,2099.29,1,25,Consumer,West,9.1,0
C001254,Treatment,1290.94,3,8,Consumer,South,8.8,0
C001255,Control,2695.34,5,31,Enterprise,South,1.3,0
C001256,Treatment,3640.13,12,48,SMB,North,2.7,0
C001257,Treatment,1125.83,6,15,Consumer,North,3.2,1
C001258,Treatment,2271.03,4,11,SMB,West,7.4,0
C001259,Treatment,2957.74,1,14,SMB,North,7.2,0
C001260,Treatment,1677.05,2,16,Consumer,South,6.7,1
C001261,Control,2229.79,7,24,Consumer,South,9.2,1
C001262,Control,864.64,3,4,Consumer,South,14.2,1
C001263,Control,1174.36,4,6,Consumer,North,11.8,0
C001264,Treatment,1051.16,8,18,Consumer,North,16.4,0
C001265,Treatment,3690.77,4,17,Enterprise,South,1.7,0
C001266,Treatment,694.34,3,6,SMB,South,10.0,0
C001267,Control,3146.89,10,36,SMB,West,7.7,0
C001268,Treatment,1159.93,6,10,Consumer,South,11.8,1
C001269,Control,1417.89,12,55,Consumer,West,5.8,0
C001270,Control,2817.93,6,23,Consumer,South,9.5,0
C001271,Treatment,2371.97,8,30,SMB,South,6.9,1
C001272,Control,1185.95,5,20,Consumer,West,10.9,0
C001273,Control,1466.24,3,11,Consumer,West,14.6,1
C001274,Treatment,2549.07,3,20,SMB,South,0.0,0
C001275,Control,1472.81,1,15,Consumer,South,7.2,0
C001276,Control,1874.57,4,5,Consumer,West,16.7,0
C001277,Control,496.22,4,5,Consumer,North,13.4,1
C001278,Control,1655.23,5,13,Enterprise,South,11.5,0
C001279,Treatment,1173.39,7,24,Consumer,South,5.1,0
C001280,Treatment,2831.21,3,13,Consumer,West,5.6,0
C001281,Control,4624.43,10,13,Enterprise,South,9.6,0
C001282,Control,3120.77,9,25,Enterprise,South,8.4,1
C001283,Control,1352.44,10,13,Consumer,West,3.8,1
C001284,Treatment,2762.05,13,69,SMB,North,6.8,0
C001285,Treatment,3516.6,3,10,Enterprise,West,19.8,0
C001286,Treatment,1069.26,7,31,Consumer,North,10.8,0
C001287,Control,2726.73,9,18,SMB,East,2.0,0
C001288,Control,4725.79,10,72,Consumer,South,16.6,0
C001289,Control,2209.94,6,12,SMB,South,6.3,0
C001290,Treatment,2021.53,8,28,Consumer,South,17.3,0
C001291,Control,1952.47,8,16,SMB,West,13.3,0
C001292,Treatment,1646.29,1,2,SMB,South,0.0,0
C001293,Treatment,824.09,1,18,Consumer,North,0.0,1
C001294,Control,1997.66,10,12,SMB,North,8.9,1
C001295,Control,1068.94,6,21,Consumer,East,11.0,0
C001296,Control,850.34,6,9,Consumer,East,11.7,0
C001297,Control,2057.1,1,1,Enterprise,South,13.5,0
C001298,Control,4757.57,14,46,Enterprise,South,8.2,0
C001299,Treatment,2174.6,6,10,SMB,East,2.3,0
C001300,Control,3602.85,11,30,Enterprise,South,7.3,0
C001301,Control,1984.69,4,15,Consumer,North,0.3,1
C001302,Treatment,2059.69,10,21,Consumer,South,7.4,0
C001303,Treatment,3213.21,7,19,SMB,South,14.4,0
C001304,Control,3569.61,1,13,Enterprise,West,15.8,0
C001305,Treatment,2115.62,9,18,Consumer,East,6.8,0
C001306,Treatment,1377.6,9,29,Consumer,South,10.8,0
C001307,Treatment,2903.6,4,18,SMB,West,2.7,0
C001308,Treatment,1573.55,8,33,Consumer,South,13.2,0
C001309,Control,1209.83,1,12,SMB,West,5.5,0
C001310,Treatment,1273.43,5,16,Consumer,South,7.1,1
C001311,Control,858.86,5,7,Consumer,West,12.0,0
C001312,Treatment,2257.27,6,22,Consumer,West,7.0,0
C001313,Treatment,2143.95,5,15,SMB,West,11.1,0
C001314,Control,4110.14,4,19,Enterprise,North,7.4,0
C001315,Control,2792.65,8,44,Consumer,West,10.9,0
C001316,Treatment,2308.45,5,16,Enterprise,East,8.9,0
C001317,Treatment,2692.84,10,41,Consumer,South,14.1,1
C001318,Control,815.86,2,9,Consumer,South,5.5,1
C001319,Treatment,1201.2,5,9,SMB,East,12.4,0
C001320,Treatment,742.22,6,9,Consumer,West,8.9,0
C001321,Control,849.79,6,6,Consumer,West,10.9,0
C001322,Control,1551.62,4,18,SMB,South,5.8,0
C001323,Control,1126.67,1,24,Consumer,East,16.0,0
C001324,Treatment,3071.85,14,57,Enterprise,North,11.3,1
C001325,Control,1175.62,4,15,Consumer,South,3.3,0
C001326,Treatment,1164.73,10,43,Consumer,West,13.1,1
C001327,Control,1764.09,1,7,Consumer,East,17.8,0
C001328,Treatment,1316.5,8,10,Consumer,West,4.6,0
C001329,Control,2637.84,3,15,SMB,South,4.7,0
C001330,Control,1014.77,9,7,Consumer,South,15.5,0
C001331,Treatment,1278.23,8,20,SMB,East,6.0,1
C001332,Control,1969.5,6,5,Consumer,North,13.3,0
C001333,Treatment,2417.26,5,17,Consumer,West,10.1,0
C001334,Treatment,1650.0,2,16,Consumer,West,6.9,0
C001335,Treatment,1498.0,8,22,Consumer,West,9.2,0
C001336,Treatment,3534.11,11,41,Consumer,West,14.0,1
C001337,Control,2305.58,2,10,Consumer,South,11.0,0
C001338,Treatment,2056.74,14,51,Consumer,South,4.6,0
C001339,Treatment,1153.02,10,33,Consumer,West,7.3,0
C001340,Control,5128.3,1,22,Enterprise,South,13.4,0
C001341,Control,433.28,5,6,Consumer,West,17.0,0
C001342,Treatment,1608.04,8,19,Consumer,South,12.3,1
C001343,Control,1001.18,1,7,Consumer,West,19.8,0
C001344,Treatment,1822.46,13,26,SMB,South,8.0,0
C001345,Treatment,992.87,8,12,Consumer,West,12.3,0
C001346,Treatment,1909.64,4,38,Consumer,South,10.4,0
C001347,Control,2491.9,8,39,Consumer,East,17.6,0
C001348,Control,1454.21,4,27,SMB,West,9.3,0
C001349,Control,2651.82,1,7,Consumer,South,14.2,0
C001350,Control,1788.11,5,14,SMB,South,8.7,0
C001351,Treatment,1107.26,10,39,Consumer,North,5.9,0
C001352,Treatment,2624.56,13,72,Enterprise,East,16.9,0
C001353,Control,1743.87,1,11,Enterprise,East,8.5,0
C001354,Control,1493.22,6,20,SMB,East,9.9,1
C001355,Treatment,1267.39,5,12,SMB,North,5.0,0
C001356,Control,1714.36,1,8,Consumer,North,13.3,0
C001357,Treatment,2402.92,4,9,SMB,West,3.3,0
C001358,Control,1286.53,7,17,Consumer,East,3.5,1
C001359,Treatment,1098.27,5,4,SMB,North,14.3,0
C001360,Control,1315.67,9,34,Consumer,North,9.3,0
C001361,Treatment,2046.66,5,14,SMB,North,7.4,0
C001362,Control,859.14,5,21,Consumer,West,3.9,1
C001363,Treatment,841.8,4,20,Consumer,East,11.5,1
C001364,Control,1144.44,5,15,Consumer,East,13.0,0
C001365,Control,657.53,4,11,Consumer,East,11.0,0
C001366,Treatment,1888.9,5,10,Consumer,West,1.1,0
C001367,Control,2522.25,6,33,SMB,South,14.2,0
C001368,Control,2432.09,5,6,Consumer,South,10.6,1
C001369,Control,1777.65,2,27,Enterprise,South,6.9,0
C001370,Control,1550.03,9,28,SMB,West,9.6,0
C001371,Control,2750.46,3,10,SMB,South,4.2,0
C001372,Treatment,3745.92,1,13,Enterprise,South,11.8,0
C001373,Control,751.24,2,21,Consumer,West,8.0,0
C001374,Treatment,5152.15,7,20,Enterprise,North,12.8,0
C001375,Treatment,1370.33,8,33,Consumer,South,11.0,0
C001376,Control,2698.23,8,29,Consumer,East,10.4,0
C001377,Treatment,1217.68,3,9,Consumer,West,11.6,0
C001378,Treatment,2679.12,8,38,Consumer,North,12.8,0
C001379,Treatment,665.53,4,12,Consumer,South,3.6,0
C001380,Control,6476.86,2,5,Consumer,West,13.6,0
C001381,Control,2082.32,1,4,Enterprise,East,1.1,0
C001382,Control,2588.35,2,27,Consumer,East,8.4,0
C001383,Treatment,4158.83,12,61,Enterprise,South,15.3,0
C001384,Treatment,2235.87,4,9,SMB,North,10.0,0
C001385,Treatment,2964.64,5,4,SMB,South,7.9,0
C001386,Control,4790.57,1,25,SMB,South,6.9,0
C001387,Treatment,2354.4,1,7,Enterprise,West,4.0,0
C001388,Control,2899.47,8,30,Consumer,East,17.0,0
C001389,Treatment,1515.24,5,15,Consumer,West,2.3,0
C001390,Control,1798.57,3,9,Consumer,North,3.7,0
C001391,Treatment,1856.71,3,15,Consumer,South,1.4,0
C001392,Treatment,1982.56,8,43,Consumer,West,16.2,0
C001393,Control,1170.06,3,3,Consumer,North,7.9,1
C001394,Control,2516.65,8,31,Enterprise,North,12.0,0
C001395,Treatment,1782.27,8,33,Consumer,South,11.8,0
C001396,Control,3606.11,10,12,Enterprise,North,11.5,0
C001397,Treatment,2815.61,10,26,Consumer,North,9.7,0
C001398,Treatment,1002.02,7,21,SMB,South,9.9,0
C001399,Treatment,1417.76,11,33,Consumer,West,14.8,0
C001400,Control,1204.61,6,15,Enterprise,North,9.2,0
C001401,Control,1523.59,2,5,Consumer,South,6.1,0
C001402,Control,1090.78,6,39,Consumer,South,14.7,0
C001403,Treatment,1572.23,6,10,Enterprise,South,11.3,0
C001404,Control,1359.84,4,12,Consumer,South,0.0,1
C001405,Control,1315.95,7,14,Enterprise,North,7.0,0
C001406,Control,2239.34,11,36,Consumer,North,8.1,0
C001407,Treatment,2429.65,8,55,Consumer,South,15.6,0
C001408,Control,994.77,6,13,Consumer,West,9.3,0
C001409,Treatment,2628.96,9,13,SMB,South,5.8,0
C001410,Treatment,1970.69,5,21,SMB,South,4.2,0
C001411,Treatment,1399.63,4,8,Consumer,West,9.2,0
C001412,Treatment,4717.09,10,25,Consumer,West,13.5,0
C001413,Treatment,1396.73,2,25,Consumer,West,16.9,0
C001414,Treatment,1850.49,1,21,Consumer,South,2.9,0
C001415,Control,1710.32,2,6,Consumer,West,9.9,0
C001416,Treatment,6596.39,8,54,Consumer,East,7.2,1
C001417,Treatment,1201.37,11,26,Consumer,East,8.5,0
C001418,Treatment,1685.69,14,49,Consumer,West,5.7,0
C001419,Treatment,1924.1,7,6,Consumer,South,2.5,0
C001420,Treatment,1121.49,3,9,Consumer,West,10.7,1
C001421,Treatment,2663.85,7,10,Enterprise,West,7.3,0
C001422,Control,5567.63,13,55,SMB,East,12.6,0
C001423,Control,1947.72,7,20,SMB,South,9.5,0
C001424,Control,1507.19,11,17,SMB,West,16.4,0
C001425,Control,2795.41,1,2,Consumer,South,14.8,0
C001426,Control,2061.81,9,13,Enterprise,South,18.2,0
C001427,Control,1678.5,1,15,Consumer,North,5.0,0
C001428,Control,648.94,6,22,Consumer,West,14.8,0
C001429,Treatment,3617.1,14,56,SMB,West,9.6,0
C001430,Control,2735.57,9,43,SMB,North,11.7,0
C001431,Treatment,750.39,5,15,Consumer,East,9.1,0
C001432,Treatment,1768.79,4,8,SMB,West,9.8,1
C001433,Control,2158.72,6,14,Consumer,North,7.4,0
C001434,Control,1246.89,5,19,Consumer,South,14.9,0
C001435,Control,2416.24,5,26,Enterprise,South,5.5,0
C001436,Treatment,2037.96,2,1,Consumer,West,9.2,0
C001437,Control,1978.76,4,15,SMB,South,12.2,0
C001438,Treatment,2738.7,5,15,SMB,North,7.6,0
C001439,Treatment,2673.92,3,14,Consumer,South,13.6,1
C001440,Treatment,2172.0,13,56,SMB,South,7.6,0
C001441,Control,1049.85,3,16,Consumer,North,8.3,0
C001442,Control,2068.91,4,18,SMB,East,14.7,0
C001443,Control,1914.45,9,52,SMB,North,7.0,0
C001444,Control,2294.84,10,42,SMB,West,13.8,0
C001445,Control,3249.97,7,39,Enterprise,East,12.2,1
C001446,Treatment,2040.6,7,21,Consumer,West,18.3,0
C001447,Treatment,1324.66,7,13,Consumer,North,6.7,0
C001448,Treatment,2753.55,8,8,Consumer,East,7.8,0
C001449,Treatment,6843.8,8,33,SMB,West,10.4,0
C001450,Control,1483.94,20,49,Consumer,South,7.8,0
C001451,Treatment,5200.88,9,26,Consumer,North,11.2,0
C001452,Treatment,1101.66,3,7,Consumer,North,9.9,0
C001453,Treatment,1388.31,11,20,Enterprise,East,3.8,1
C001454,Treatment,2120.18,6,38,Consumer,South,5.7,0
C001455,Control,2650.31,3,9,Enterprise,West,16.9,0
C001456,Control,1036.01,2,9,Consumer,West,7.3,0
C001457,Control,2254.13,3,25,Enterprise,East,11.1,0
C001458,Control,2818.17,10,26,SMB,West,6.3,0
C001459,Treatment,752.74,7,24,Consumer,East,5.7,0
C001460,Control,1711.28,12,41,Consumer,North,14.0,0
C001461,Treatment,1605.32,7,17,Enterprise,North,10.3,0
C001462,Treatment,2013.44,1,12,Enterprise,West,5.0,0
C001463,Control,3549.49,11,32,Consumer,South,10.1,1
C001464,Control,3091.9,12,63,SMB,West,10.9,0
C001465,Treatment,6753.63,7,13,Enterprise,North,16.8,0
C001466,Treatment,1452.06,4,29,Consumer,North,0.0,0
C001467,Control,2942.27,11,44,Consumer,West,14.0,0
C001468,Control,2918.33,4,22,SMB,West,7.4,0
C001469,Treatment,631.5,4,7,Consumer,West,17.9,1
C001470,Control,1574.71,6,23,SMB,North,16.5,0
C001471,Treatment,3158.41,7,25,Consumer,South,17.3,0
C001472,Control,1610.69,4,15,Consumer,East,7.3,0
C001473,Control,1015.19,3,15,Consumer,West,3.4,0
C001474,Control,933.14,6,6,SMB,South,9.2,0
C001475,Treatment,607.68,7,10,Consumer,East,5.2,1
C001476,Treatment,2147.04,10,12,Consumer,North,8.9,0
C001477,Control,784.58,3,9,Consumer,East,3.2,1
C001478,Treatment,3148.6,5,17,Consumer,North,7.3,0
C001479,Control,3291.97,9,35,SMB,West,15.5,0
C001480,Control,458.38,2,11,Consumer,North,10.2,0
C001481,Control,2162.87,7,46,Consumer,East,4.3,0
C001482,Control,1107.88,5,24,Consumer,West,11.7,0
C001483,Treatment,2464.89,14,72,Consumer,South,6.2,0
C001484,Control,1793.05,9,29,Consumer,South,14.4,1
C001485,Treatment,1116.8,5,5,Consumer,East,13.5,0
C001486,Control,2544.53,4,41,SMB,East,12.0,0
C001487,Treatment,708.18,1,3,Consumer,East,16.9,1
C001488,Control,1693.92,4,4,Consumer,East,8.2,0
C001489,Treatment,903.76,9,35,Consumer,North,18.0,0
C001490,Control,2290.58,13,58,SMB,West,11.3,0
C001491,Control,1809.74,13,59,Consumer,North,12.7,0
C001492,Treatment,4605.76,7,23,SMB,South,0.0,0
C001493,Treatment,1560.49,6,14,Enterprise,West,8.4,0
C001494,Treatment,1718.76,1,17,Consumer,West,7.9,0
C001495,Control,2051.22,1,17,Consumer,North,4.0,0
C001496,Treatment,3207.36,5,20,SMB,South,4.8,0
C001497,Treatment,1986.62,6,10,Enterprise,East,14.5,1
C001498,Treatment,2135.84,4,19,Consumer,South,12.0,0
C001499,Control,3106.97,11,13,SMB,East,12.2,0
C001500,Treatment,1413.04,6,9,SMB,South,18.5,0
C001501,Treatment,1842.37,10,47,Consumer,South,11.4,0
C001502,Treatment,2419.23,2,26,SMB,South,15.4,0
C001503,Control,1031.64,9,26,Consumer,East,10.5,0
C001504,Control,4943.67,3,20,Enterprise,West,6.3,0
C001505,Treatment,1394.85,2,10,Consumer,South,9.1,0
C001506,Treatment,1434.93,3,19,Consumer,North,12.2,0
C001507,Treatment,2093.08,9,57,SMB,South,2.0,1
C001508,Control,1781.19,5,26,Consumer,East,10.2,0
C001509,Control,1905.49,3,17,Consumer,West,11.3,0
C001510,Treatment,969.58,4,24,Consumer,West,5.8,0
C001511,Control,1837.03,2,14,Consumer,West,3.0,0
C001512,Control,2153.17,10,14,Consumer,South,11.5,0
C001513,Treatment,2670.01,11,36,SMB,West,9.6,0
C001514,Treatment,1527.22,5,20,SMB,South,14.4,1
C001515,Treatment,1598.95,2,27,Consumer,South,9.8,0
C001516,Control,1136.15,7,19,SMB,South,0.0,0
C001517,Control,894.1,13,31,Consumer,West,9.1,0
C001518,Treatment,2008.77,9,14,Consumer,West,12.5,1
C001519,Control,2892.59,4,15,Consumer,South,3.1,0
C001520,Control,1713.24,13,54,Consumer,West,1.8,0
C001521,Control,2055.01,1,4,SMB,West,12.1,1
C001522,Treatment,2206.54,8,30,Enterprise,West,14.0,0
C001523,Treatment,1673.17,8,21,Consumer,South,7.9,0
C001524,Treatment,1739.59,6,16,Consumer,West,10.7,0
C001525,Treatment,1744.92,7,10,Consumer,West,4.8,0
C001526,Control,1397.5,11,40,Consumer,East,6.5,0
C001527,Control,4142.78,8,58,SMB,South,11.1,0
C001528,Control,831.48,3,15,Consumer,West,9.9,1
C001529,Control,3853.82,10,28,SMB,West,10.8,0
C001530,Control,1030.3,2,28,Consumer,East,11.2,0
C001531,Control,1909.33,8,29,Consumer,West,19.6,1
C001532,Control,1036.67,2,7,SMB,South,0.0,0
C001533,Treatment,1022.88,5,37,Consumer,East,11.9,1
C001534,Treatment,971.9,5,5,SMB,South,6.5,0
C001535,Control,1349.35,5,27,SMB,South,5.3,0
C001536,Control,3238.04,16,43,Consumer,South,10.9,1
C001537,Treatment,1380.1,3,13,Consumer,South,10.2,0
C001538,Treatment,2202.95,9,21,Consumer,South,12.6,0
C001539,Treatment,3882.78,13,31,Enterprise,North,9.5,0
C001540,Control,3350.69,6,16,Enterprise,North,5.2,1
C001541,Treatment,2239.36,4,10,Consumer,East,3.4,1
C001542,Control,2163.21,10,29,SMB,South,6.4,1
C001543,Control,1488.63,8,8,SMB,North,12.2,0
C001544,Control,898.86,3,3,SMB,North,13.4,0
C001545,Control,1634.86,3,20,Consumer,North,1.1,0
C001546,Control,2477.7,1,16,Enterprise,North,7.9,0
C001547,Control,1372.39,8,29,SMB,West,7.6,0
C001548,Treatment,1293.46,3,21,Consumer,South,10.4,1
C001549,Control,1671.61,17,64,Consumer,South,5.9,0
C001550,Control,1175.29,13,41,Consumer,South,2.2,0
C001551,Control,3000.41,8,23,Consumer,North,7.3,0
C001552,Control,2745.37,9,38,SMB,East,14.5,0
C001553,Control,4768.76,12,45,SMB,West,0.0,0
C001554,Control,4856.54,11,45,Enterprise,North,3.7,1
C001555,Control,2186.08,3,9,Consumer,North,8.4,0
C001556,Treatment,1109.9,2,10,Enterprise,East,6.3,1
C001557,Treatment,2754.23,12,50,Enterprise,North,3.8,1
C001558,Control,2537.53,6,21,Consumer,North,5.8,0
C001559,Treatment,2128.97,10,22,Consumer,East,10.4,0
C001560,Treatment,3015.23,9,27,SMB,East,10.1,0
C001561,Treatment,1483.21,1,18,SMB,South,12.9,0
C001562,Treatment,2566.14,14,53,Consumer,West,11.8,1
C001563,Treatment,1346.76,7,24,SMB,North,2.8,1
C001564,Treatment,1835.42,9,35,Consumer,South,11.4,0
C001565,Treatment,1714.13,4,15,Consumer,East,12.0,0
C001566,Control,1522.23,5,16,Enterprise,East,6.7,0
C001567,Control,1283.56,8,10,Consumer,East,14.6,0
C001568,Control,6818.6,7,32,Consumer,East,6.2,0
C001569,Control,1599.55,3,18,SMB,East,13.8,0
C001570,Control,1824.08,6,33,SMB,West,11.7,1
C001571,Control,1158.47,4,30,Consumer,South,8.2,0
C001572,Treatment,1085.68,5,9,Consumer,South,4.5,1
C001573,Treatment,1690.42,8,17,Consumer,West,6.4,1
C001574,Treatment,1190.94,1,8,SMB,South,6.0,0
C001575,Control,1331.34,5,9,SMB,West,17.1,0
C001576,Control,1586.58,6,8,Consumer,South,13.9,0
C001577,Treatment,1551.49,4,11,Consumer,South,13.5,0
C001578,Treatment,981.35,4,12,Consumer,East,10.5,0
C001579,Treatment,2719.92,14,72,Consumer,East,6.8,0
C001580,Treatment,1907.4,7,16,Consumer,North,12.3,1
C001581,Treatment,3642.64,8,34,SMB,South,4.8,0
C001582,Control,1894.07,9,28,SMB,West,15.8,0
C001583,Control,2570.71,5,24,Consumer,West,2.1,1
C001584,Control,2152.92,10,37,SMB,South,4.2,0
C001585,Treatment,937.71,9,23,Consumer,North,11.8,0
C001586,Treatment,1286.61,5,10,SMB,South,7.6,0
C001587,Control,2347.74,5,26,SMB,South,14.5,0
C001588,Treatment,1072.96,4,30,Consumer,North,14.6,0
C001589,Control,2621.57,3,8,SMB,West,0.0,1
C001590,Control,2492.07,10,23,Consumer,South,5.2,0
C001591,Control,6086.51,11,35,Enterprise,South,5.1,1
C001592,Control,1960.07,11,19,Consumer,South,13.0,0
C001593,Treatment,1145.51,22,59,Consumer,North,2.7,0
C001594,Control,1512.82,4,13,Consumer,South,0.0,0
C001595,Treatment,1590.87,7,16,Consumer,South,4.3,1
C001596,Treatment,2183.46,7,27,Consumer,South,11.4,0
C001597,Control,1601.72,2,13,SMB,East,17.7,0
C001598,Control,2404.78,5,13,Consumer,South,1.5,0
C001599,Treatment,1900.92,11,43,Consumer,South,5.0,0
C001600,Control,1494.99,5,16,Consumer,West,9.6,0
C001601,Treatment,2098.52,8,36,Consumer,South,13.8,0
C001602,Control,1446.01,4,9,Consumer,South,18.3,0
C001603,Treatment,1474.19,4,16,Consumer,West,10.5,0
C001604,Treatment,1390.31,4,15,Consumer,South,12.4,0
C001605,Control,2749.03,1,16,Enterprise,South,9.3,0
C001606,Control,983.88,1,9,Consumer,West,15.5,0
C001607,Treatment,1068.89,3,15,Consumer,East,6.5,0
C001608,Control,1369.16,6,19,SMB,West,9.0,0
C001609,Control,1372.58,3,4,Consumer,South,0.0,0
C001610,Control,1524.19,2,13,SMB,South,12.3,0
C001611,Control,797.53,5,27,Consumer,North,16.2,0
C001612,Treatment,2655.09,4,11,Consumer,North,12.0,1
C001613,Treatment,2538.9,4,22,Enterprise,South,5.6,1
C001614,Control,1100.59,1,11,Consumer,North,2.6,0
C001615,Treatment,1639.91,7,18,SMB,South,16.6,0
C001616,Control,1038.85,1,3,Consumer,South,4.6,0
C001617,Control,1233.08,4,26,Consumer,North,7.5,0
C001618,Treatment,1296.04,7,13,Consumer,South,2.4,0
C001619,Treatment,2302.75,5,33,Consumer,East,11.1,0
C001620,Control,1789.85,9,17,SMB,South,17.1,0
C001621,Control,2129.47,1,14,Consumer,West,9.5,0
C001622,Treatment,2221.9,1,12,Consumer,North,15.0,0
C001623,Treatment,645.92,1,13,Consumer,North,4.9,0
C001624,Control,1673.87,1,13,Consumer,West,8.6,1
C001625,Control,876.45,8,11,Consumer,West,9.8,0
C001626,Treatment,2571.43,7,11,Consumer,South,5.4,0
C001627,Control,1827.93,9,57,Consumer,South,4.7,0
C001628,Control,1560.66,10,17,SMB,West,6.1,0
C001629,Control,2336.6,1,4,Enterprise,South,7.9,0
C001630,Control,1692.42,11,5,Consumer,North,6.6,1
C001631,Control,1167.91,13,58,Consumer,North,14.8,0
C001632,Treatment,1770.82,3,17,Consumer,North,0.0,0
C001633,Treatment,2262.02,5,8,Consumer,West,9.4,0
C001634,Treatment,1906.12,6,36,Consumer,East,1.9,1
C001635,Treatment,1602.11,1,12,Consumer,South,13.6,0
C001636,Control,1036.77,4,19,Consumer,North,5.5,0
C001637,Control,1638.61,6,21,Consumer,North,8.8,0
C001638,Treatment,1642.21,1,8,Consumer,East,15.0,0
C001639,Control,1966.51,1,12,SMB,West,1.5,0
C001640,Treatment,2624.11,13,29,SMB,South,15.1,1
C001641,Treatment,2467.98,10,43,Consumer,West,11.2,0
C001642,Control,1957.54,1,31,Consumer,South,7.0,0
C001643,Control,1127.25,6,23,Consumer,East,0.0,0
C001644,Control,1695.72,5,14,Consumer,South,17.4,0
C001645,Control,1508.4,6,25,SMB,North,7.4,0
C001646,Control,2534.18,9,28,SMB,South,11.8,0
C001647,Control,1295.87,9,42,Consumer,West,9.7,1
C001648,Treatment,4326.93,8,18,Consumer,North,18.3,0
C001649,Treatment,4684.35,15,70,Consumer,South,4.1,0
C001650,Treatment,3330.84,9,34,SMB,West,13.7,1
C001651,Control,1584.08,6,17,Consumer,West,17.3,0
C001652,Control,2616.68,11,38,SMB,South,3.6,0
C001653,Control,979.47,5,14,SMB,North,8.1,0
C001654,Control,1584.1,2,12,Consumer,West,10.5,0
C001655,Treatment,1203.02,7,5,SMB,North,12.3,1
C001656,Control,2345.72,10,56,SMB,South,11.6,0
C001657,Control,875.68,2,14,Consumer,North,13.8,1
C001658,Treatment,739.41,1,28,Consumer,South,9.1,0
C001659,Control,1092.29,8,34,Consumer,East,10.8,0
C001660,Control,1461.48,3,15,Consumer,West,3.5,1
C001661,Control,526.89,5,16,Consumer,South,4.4,1
C001662,Treatment,1326.79,1,5,Consumer,West,8.6,0
C001663,Treatment,3886.99,8,9,SMB,East,7.4,0
C001664,Control,974.15,1,6,Consumer,East,12.0,0
C001665,Treatment,3375.91,13,65,Consumer,North,0.6,0
C001666,Treatment,1892.51,4,16,Enterprise,North,11.1,1
C001667,Treatment,4898.06,5,11,Consumer,South,12.4,0
C001668,Control,1567.54,8,14,Consumer,East,0.0,0
C001669,Control,2590.64,7,19,Enterprise,South,16.5,0
C001670,Treatment,1011.42,5,10,Consumer,South,17.8,0
C001671,Control,1548.19,7,27,Consumer,South,14.0,0
C001672,Treatment,1802.26,6,34,Consumer,South,8.0,0
C001673,Treatment,1953.02,3,17,SMB,South,7.7,1
C001674,Control,1026.11,1,12,SMB,North,6.4,0
C001675,Treatment,1141.56,3,14,Consumer,South,9.0,0
C001676,Treatment,1967.19,5,9,Consumer,West,7.0,0
C001677,Treatment,1800.23,4,16,Enterprise,West,10.5,0
C001678,Control,3441.27,9,29,Consumer,North,9.2,0
C001679,Treatment,5540.45,17,49,SMB,North,11.7,0
C001680,Treatment,1120.65,6,23,Consumer,South,7.3,0
C001681,Treatment,1193.47,9,29,Consumer,South,4.4,0
C001682,Treatment,1001.8,5,17,Enterprise,West,14.3,0
C001683,Treatment,7816.13,6,36,SMB,South,4.5,0
C001684,Control,1266.0,3,11,Consumer,West,8.2,0
C001685,Control,1589.05,1,7,SMB,North,8.3,0
C001686,Control,1357.41,7,16,Consumer,West,9.4,0
C001687,Treatment,2000.83,9,25,Consumer,West,8.4,0
C001688,Treatment,618.0,3,7,Consumer,East,7.4,0
C001689,Treatment,2584.84,18,54,Consumer,West,9.9,0
C001690,Control,2510.36,3,9,Consumer,South,4.8,0
C001691,Treatment,1676.19,7,13,Consumer,North,8.0,0
C001692,Treatment,2639.82,6,25,SMB,South,9.4,0
C001693,Control,993.34,7,23,Consumer,West,1.0,0
C001694,Treatment,3083.82,5,37,Consumer,West,14.8,0
C001695,Treatment,2166.74,6,30,Consumer,South,18.4,0
C001696,Treatment,1556.05,3,9,Enterprise,East,11.8,0
C001697,Control,2473.22,7,14,SMB,South,7.3,0
C001698,Treatment,5166.15,7,27,Enterprise,South,7.5,0
C001699,Treatment,1070.07,9,17,SMB,East,4.3,0
C001700,Treatment,3394.24,2,9,SMB,South,16.0,0
C001701,Treatment,1378.73,1,3,Consumer,North,3.0,1
C001702,Treatment,2804.49,16,43,SMB,West,13.2,0
C001703,Control,1395.61,1,13,SMB,South,6.9,0
C001704,Treatment,734.31,4,26,Consumer,South,15.0,1
C001705,Control,1586.96,3,10,Consumer,North,12.0,1
C001706,Treatment,1085.1,5,23,Consumer,South,13.0,0
C001707,Control,588.95,3,4,Consumer,East,9.8,0
C001708,Control,1399.13,4,10,Enterprise,West,16.5,0
C001709,Treatment,2286.68,11,15,Consumer,North,1.7,0
C001710,Control,2209.23,3,11,Consumer,West,1.2,0
C001711,Treatment,2654.53,5,12,Consumer,West,2.1,0
C001712,Control,2734.44,8,31,Consumer,West,6.9,1
C001713,Treatment,1321.99,1,13,SMB,East,5.7,1
C001714,Treatment,971.54,1,8,Consumer,South,6.6,0
C001715,Control,1741.25,1,13,Consumer,West,16.5,0
C001716,Treatment,3065.22,1,3,Enterprise,South,6.2,0
C001717,Control,2178.31,4,15,Consumer,South,13.1,0
C001718,Treatment,2202.27,7,14,Consumer,South,9.4,0
C001719,Treatment,1634.22,8,15,Consumer,South,13.9,0
C001720,Treatment,2319.6,10,6,Consumer,South,10.7,0
C001721,Control,1544.51,6,21,Consumer,West,10.6,0
C001722,Control,2683.56,5,16,Consumer,South,7.7,0
C001723,Treatment,1533.54,5,42,Consumer,South,4.9,0
C001724,Treatment,1200.05,5,32,SMB,West,1.9,0
C001725,Control,1347.03,6,10,Consumer,South,11.8,0
C001726,Control,1250.53,9,10,Consumer,North,17.5,0
C001727,Control,1847.61,12,33,SMB,West,6.5,0
C001728,Treatment,825.26,1,9,Consumer,West,8.9,0
C001729,Control,1996.03,1,9,Enterprise,East,4.4,0
C001730,Control,1104.12,1,22,Consumer,South,8.4,0
C001731,Treatment,1089.71,4,12,Consumer,South,7.5,0
C001732,Control,1836.49,12,22,Enterprise,West,6.0,1
C001733,Treatment,592.95,1,4,Consumer,West,4.4,1
C001734,Control,1681.8,2,13,SMB,North,13.6,0
C001735,Treatment,2112.91,8,35,Consumer,West,13.6,1
C001736,Treatment,810.82,2,9,Consumer,East,15.3,0
C001737,Treatment,4239.58,4,12,Enterprise,North,12.8,0
C001738,Control,1789.93,1,15,Enterprise,North,5.0,0
C001739,Treatment,2566.79,1,13,Enterprise,North,6.2,0
C001740,Treatment,1258.85,1,4,SMB,West,10.5,0
C001741,Control,1048.05,9,33,Consumer,South,5.4,0
C001742,Control,1048.63,3,16,Consumer,East,15.7,1
C001743,Control,1161.88,7,23,Consumer,North,8.9,0
C001744,Treatment,2282.91,7,36,SMB,West,4.9,0
C001745,Treatment,2365.25,6,12,SMB,South,11.9,0
C001746,Treatment,4648.87,7,21,SMB,West,12.6,0
C001747,Treatment,1593.1,2,1,Consumer,South,11.0,0
C001748,Treatment,1319.57,4,2,Consumer,West,12.8,0
C001749,Control,1629.64,7,17,SMB,East,10.7,1
C001750,Control,1275.03,1,5,Enterprise,South,16.2,0
C001751,Treatment,1789.1,4,24,Consumer,West,13.8,0
C001752,Control,1318.04,11,27,Consumer,South,6.1,0
C001753,Treatment,2430.66,9,10,Enterprise,West,5.9,1
C001754,Treatment,1933.01,10,26,SMB,North,8.5,0
C001755,Control,549.87,8,14,SMB,East,8.9,0
C001756,Treatment,2813.34,6,40,Enterprise,West,5.9,0
C001757,Control,1449.44,2,6,SMB,West,4.5,1
C001758,Treatment,2180.46,4,16,Consumer,South,8.0,1
C001759,Treatment,3333.94,4,20,SMB,South,6.0,0
C001760,Treatment,2056.77,5,29,Consumer,West,9.3,0
C001761,Control,1501.39,8,28,Consumer,South,0.0,0
C001762,Control,1610.77,5,13,Consumer,West,13.9,0
C001763,Control,1711.6,2,14,SMB,South,7.5,0
C001764,Control,1422.65,1,9,Consumer,North,10.4,0
C001765,Control,5029.85,10,38,Enterprise,West,0.0,0
C001766,Control,2314.89,11,48,Consumer,South,9.4,0
C001767,Treatment,3485.0,1,4,Consumer,South,8.3,0
C001768,Control,2750.1,7,32,Consumer,South,8.7,0
C001769,Control,1070.54,3,27,Consumer,West,9.9,0
C001770,Treatment,1244.31,4,2,Consumer,South,6.5,0
C001771,Treatment,1907.72,7,31,SMB,West,10.7,1
C001772,Treatment,1932.82,9,42,Consumer,South,0.0,1
C001773,Treatment,2111.23,9,29,Consumer,South,10.2,1
C001774,Treatment,1293.1,6,9,SMB,South,9.8,1
C001775,Treatment,2496.68,12,53,SMB,South,15.9,0
C001776,Treatment,1962.27,6,34,SMB,North,10.3,0
C001777,Treatment,1819.33,4,9,SMB,North,0.0,1
C001778,Control,4456.28,6,24,SMB,South,6.9,1
C001779,Control,1152.79,7,23,Consumer,East,6.9,0
C001780,Control,878.1,5,6,Consumer,South,8.6,0
C001781,Control,2644.22,5,19,Consumer,South,7.5,0
C001782,Treatment,2044.75,9,23,Consumer,South,9.3,1
C001783,Control,2990.86,2,12,Consumer,South,4.7,0
C001784,Control,2160.3,8,45,Enterprise,West,16.2,0
C001785,Control,1391.97,7,15,Consumer,West,8.5,0
C001786,Treatment,1686.01,8,26,Consumer,West,18.8,0
C001787,Control,2843.37,5,18,SMB,South,2.9,0
C001788,Treatment,2544.72,3,10,Consumer,South,7.1,0
C001789,Treatment,1161.73,5,21,Consumer,West,12.3,0
C001790,Control,1286.87,4,17,Consumer,West,2.3,0
C001791,Treatment,1716.23,8,53,SMB,South,14.5,0
C001792,Control,1531.77,6,33,Consumer,South,9.7,0
C001793,Control,5680.32,2,5,Consumer,West,9.6,0
C001794,Treatment,1452.49,1,10,SMB,West,14.9,0
C001795,Treatment,1296.12,1,9,Consumer,South,6.9,1
C001796,Control,2138.05,1,2,Consumer,North,6.5,0
C001797,Treatment,2336.78,10,27,Consumer,West,7.2,0
C001798,Control,1090.78,12,24,Consumer,East,7.6,0
C001799,Treatment,1661.73,4,7,Consumer,North,3.4,0
C001800,Treatment,3020.29,3,8,Consumer,South,10.7,1
C001801,Treatment,3328.73,6,3,Consumer,South,7.4,0
C001802,Treatment,2546.99,1,9,SMB,East,8.1,0
C001803,Control,1041.59,7,23,Consumer,West,8.2,0
C001804,Treatment,2125.49,14,57,Consumer,North,12.6,1
C001805,Treatment,1304.34,2,5,Consumer,South,10.4,0
C001806,Treatment,3954.44,1,22,SMB,East,11.1,0
C001807,Control,1445.61,17,62,Consumer,North,8.2,1
C001808,Control,1319.76,3,16,SMB,South,11.2,0
C001809,Control,916.84,3,16,Consumer,South,17.9,0
C001810,Control,851.36,1,18,Consumer,South,14.3,0
C001811,Control,1405.48,6,16,Consumer,West,4.8,0
C001812,Control,2124.79,8,28,Enterprise,North,14.1,0
C001813,Treatment,1133.66,18,72,Consumer,West,11.1,0
C001814,Control,885.17,2,10,Consumer,East,9.1,0
C001815,Treatment,1571.05,2,6,Consumer,South,12.7,0
C001816,Treatment,1615.28,1,8,Consumer,West,12.0,0
C001817,Treatment,1258.64,8,30,Consumer,South,9.9,0
C001818,Control,836.84,5,20,Consumer,West,7.4,1
C001819,Control,3799.04,7,33,SMB,North,5.6,0
C001820,Treatment,1676.24,1,4,Enterprise,West,12.7,0
C001821,Treatment,3343.59,4,15,Consumer,North,10.6,0
C001822,Control,1882.45,3,28,Consumer,South,7.8,0
C001823,Treatment,584.56,1,4,Consumer,North,8.9,0
C001824,Treatment,2162.35,3,22,Enterprise,South,7.3,0
C001825,Treatment,1510.86,4,16,Consumer,North,4.4,0
C001826,Control,2488.87,12,48,Consumer,North,14.5,0
C001827,Treatment,812.81,2,5,Consumer,North,9.6,0
C001828,Control,1657.16,7,35,Consumer,North,0.5,1
C001829,Treatment,923.66,3,13,Consumer,East,12.4,0
C001830,Control,3060.71,3,3,Enterprise,South,10.4,0
C001831,Control,781.09,5,11,Consumer,North,11.5,1
C001832,Treatment,1649.94,12,32,Consumer,West,13.8,0
C001833,Control,1676.71,15,30,SMB,East,8.3,1
C001834,Control,1821.81,11,26,Consumer,South,9.7,1
C001835,Control,1242.75,3,8,Consumer,South,3.1,1
C001836,Control,1258.68,8,49,Consumer,South,6.6,0
C001837,Control,1792.43,4,18,SMB,South,13.2,0
C001838,Control,1021.13,5,15,SMB,West,8.8,1
C001839,Treatment,892.71,4,18,Consumer,East,7.3,0
C001840,Treatment,1204.59,2,6,Consumer,West,10.2,0
C001841,Control,4383.59,4,4,Enterprise,East,5.0,0
C001842,Treatment,2775.67,4,16,SMB,West,6.5,0
C001843,Control,1445.86,3,3,Consumer,South,12.6,0
C001844,Treatment,4840.8,7,31,SMB,East,1.3,0
C001845,Control,4016.47,4,43,Consumer,East,6.7,0
C001846,Treatment,2352.56,10,71,Enterprise,West,9.5,1
C001847,Control,2360.82,5,10,SMB,North,10.8,1
C001848,Treatment,2477.25,7,30,SMB,North,5.2,0
C001849,Control,1995.9,2,1,Consumer,South,11.2,0
C001850,Treatment,2072.68,8,29,SMB,South,9.2,0
C001851,Control,1151.84,5,16,Consumer,West,14.6,0
C001852,Treatment,1404.18,6,25,Consumer,East,11.9,0
C001853,Treatment,2018.9,13,39,Consumer,North,7.9,0
C001854,Treatment,2499.14,5,13,Enterprise,South,14.0,0
C001855,Treatment,2934.18,7,26,SMB,South,9.2,0
C001856,Treatment,1196.87,5,24,Consumer,West,10.9,0
C001857,Control,747.9,2,21,Consumer,West,6.5,0
C001858,Control,5337.27,10,9,Consumer,North,4.8,0
C001859,Control,1149.43,6,8,Consumer,South,2.2,0
C001860,Control,3422.53,5,14,Consumer,West,6.5,0
C001861,Treatment,2079.98,7,31,SMB,East,9.0,0
C001862,Treatment,2121.36,8,21,Consumer,West,6.3,0
C001863,Treatment,1641.62,5,26,Consumer,South,10.1,0
C001864,Treatment,1062.96,8,24,Consumer,South,8.2,0
C001865,Treatment,1368.81,20,68,Consumer,East,9.0,0
C001866,Treatment,1909.53,7,29,Consumer,North,14.4,1
C001867,Treatment,2467.32,8,9,SMB,West,15.6,0
C001868,Control,1854.48,4,16,Consumer,West,2.4,0
C001869,Treatment,2166.52,3,33,Consumer,South,4.0,0
C001870,Treatment,1786.69,5,3,Consumer,South,9.8,1
C001871,Control,1702.62,5,17,Consumer,West,7.3,0
C001872,Control,2129.0,7,13,SMB,West,2.3,0
C001873,Treatment,2458.1,1,8,SMB,South,10.7,0
C001874,Treatment,2041.38,2,8,SMB,West,4.0,0
C001875,Treatment,1378.09,11,29,Consumer,North,12.0,1
C001876,Treatment,1662.53,9,31,Consumer,West,13.3,1
C001877,Control,3092.81,9,13,Consumer,East,14.1,1
C001878,Control,1740.25,2,14,Consumer,North,5.8,1
C001879,Treatment,2284.16,12,16,Consumer,East,9.1,0
C001880,Treatment,1274.79,9,1,SMB,East,14.0,0
C001881,Treatment,3245.04,15,54,Enterprise,East,0.0,1
C001882,Treatment,1635.4,7,27,SMB,South,3.9,0
C001883,Control,1178.57,9,33,Consumer,East,11.4,0
C001884,Treatment,2423.15,7,13,SMB,West,15.8,0
C001885,Control,1112.61,8,27,Consumer,South,0.0,0
C001886,Control,5251.9,2,6,Enterprise,South,3.8,0
C001887,Control,1651.71,4,26,Consumer,West,7.4,0
C001888,Control,3741.1,1,18,SMB,East,9.5,1
C001889,Treatment,2400.2,2,6,Consumer,South,17.5,0
C001890,Control,1950.71,5,47,Consumer,West,13.4,0
C001891,Control,1112.48,7,28,Consumer,North,11.1,0
C001892,Treatment,1968.67,21,72,Consumer,West,2.6,0
C001893,Treatment,1516.95,3,9,Consumer,South,9.0,0
C001894,Control,1351.39,2,15,Consumer,North,12.7,0
C001895,Control,1741.69,6,28,Consumer,West,4.0,0
C001896,Control,4713.24,1,3,Enterprise,West,7.2,0
C001897,Treatment,1397.64,11,21,Consumer,South,8.4,0
C001898,Control,1057.0,5,29,Consumer,West,6.0,1
C001899,Control,1541.84,1,8,Consumer,West,12.2,1
C001900,Control,2153.29,13,19,SMB,West,12.9,0
C001901,Treatment,1672.72,3,10,Enterprise,North,5.3,1
C001902,Control,2517.92,3,23,Consumer,North,4.2,0
C001903,Treatment,1351.14,7,27,Enterprise,West,8.7,0
C001904,Control,2893.9,4,18,SMB,West,10.6,0
C001905,Treatment,2987.58,9,31,Consumer,South,17.5,1
C001906,Control,3349.87,2,6,Consumer,South,9.1,0
C001907,Control,2562.35,1,32,Enterprise,North,7.3,0
C001908,Control,3031.74,12,53,SMB,South,5.5,1
C001909,Treatment,1367.67,6,7,Consumer,East,9.8,0
C001910,Treatment,1094.88,1,7,Consumer,North,7.8,1
C001911,Control,1819.3,12,43,Consumer,East,12.5,0
C001912,Control,1641.49,9,21,Consumer,East,10.0,0
C001913,Treatment,2171.0,11,29,Consumer,South,8.6,1
C001914,Treatment,3542.94,1,11,Enterprise,West,4.8,0
C001915,Control,2526.09,1,13,SMB,North,11.0,0
C001916,Control,1736.54,9,38,Consumer,North,8.3,0
C001917,Treatment,841.58,1,14,Consumer,South,12.1,1
C001918,Treatment,3174.09,1,12,Consumer,South,2.5,0
C001919,Treatment,1518.7,3,4,Enterprise,South,10.4,0
C001920,Treatment,2152.91,1,13,SMB,West,12.4,0
C001921,Control,1031.26,1,7,SMB,South,9.2,0
C001922,Control,1538.25,5,8,SMB,South,12.8,0
C001923,Control,1385.85,1,10,Consumer,West,10.9,0
C001924,Control,1844.74,16,33,Consumer,West,6.2,1
C001925,Control,1173.46,1,3,SMB,South,3.8,0
C001926,Control,3822.99,2,19,SMB,North,13.4,0
C001927,Control,1680.42,1,13,SMB,South,6.4,0
C001928,Treatment,3714.12,6,22,SMB,South,8.4,1
C001929,Control,1419.04,6,24,Consumer,South,6.6,0
C001930,Control,1081.99,5,10,Consumer,East,13.8,0
C001931,Treatment,6571.16,7,34,SMB,South,0.0,0
C001932,Treatment,2406.82,15,55,Consumer,South,13.0,0
C001933,Treatment,614.12,2,6,Consumer,West,6.6,0
C001934,Treatment,2462.12,6,28,SMB,South,18.5,0
C001935,Treatment,1474.8,5,16,Consumer,North,13.1,0
C001936,Control,1598.37,1,18,SMB,West,5.4,0
C001937,Control,999.77,5,35,Consumer,North,16.0,1
C001938,Treatment,1739.58,12,27,SMB,North,6.1,1
C001939,Control,4993.89,1,14,Enterprise,North,11.6,0
C001940,Control,1457.73,11,37,Consumer,South,11.0,0
C001941,Control,2504.71,1,17,Enterprise,East,18.8,0
C001942,Control,1562.32,1,10,SMB,South,4.7,0
C001943,Control,1365.86,3,20,SMB,South,0.0,0
C001944,Control,2118.04,11,41,SMB,South,3.7,0
C001945,Treatment,1934.6,2,5,Consumer,North,9.1,0
C001946,Treatment,2579.59,8,26,Consumer,West,4.2,1
C001947,Control,1034.47,1,3,Consumer,West,2.7,0
C001948,Treatment,2064.61,7,29,SMB,South,7.5,0
C001949,Control,4257.13,6,23,Consumer,South,13.2,0
C001950,Treatment,2454.5,13,46,Consumer,West,0.0,1
C001951,Treatment,3714.59,8,6,Enterprise,North,9.8,0
C001952,Control,3715.56,2,21,Enterprise,South,9.8,0
C001953,Treatment,2573.84,3,10,Consumer,West,12.6,0
C001954,Treatment,1515.17,3,14,Consumer,North,4.3,0
C001955,Treatment,3020.72,13,51,SMB,North,16.8,0
C001956,Treatment,2629.18,10,22,Enterprise,South,9.8,0
C001957,Treatment,929.46,7,26,Consumer,East,10.9,0
C001958,Control,1111.09,2,13,Consumer,East,6.6,0
C001959,Treatment,1117.14,8,18,Enterprise,North,14.1,0
C001960,Treatment,1128.21,8,35,Consumer,East,20.1,1
C001961,Treatment,3439.6,10,46,SMB,South,7.6,0
C001962,Control,2474.64,7,18,Consumer,West,10.2,0
C001963,Treatment,1246.2,5,40,Consumer,South,11.7,0
C001964,Control,1999.8,1,17,Consumer,North,15.4,0
C001965,Treatment,1826.41,1,10,SMB,South,13.6,0
C001966,Control,1538.96,5,21,Consumer,South,11.3,0
C001967,Treatment,3416.88,6,9,Enterprise,East,11.7,0
C001968,Treatment,2160.65,4,22,Consumer,South,13.0,0
C001969,Control,1394.21,1,6,Enterprise,South,13.6,0
C001970,Treatment,1541.96,8,28,Consumer,North,13.8,1
C001971,Control,1220.09,1,7,Consumer,South,6.5,0
C001972,Treatment,3331.2,2,10,Enterprise,North,21.6,1
C001973,Treatment,2418.22,4,12,Consumer,South,10.5,0
C001974,Control,1749.91,5,8,Consumer,North,11.5,0
C001975,Control,1327.02,8,17,Consumer,West,13.4,0
C001976,Control,1008.28,1,1,SMB,East,11.7,0
C001977,Control,1475.13,4,16,SMB,North,13.3,0
C001978,Treatment,2266.87,1,1,Enterprise,North,6.3,0
C001979,Treatment,1860.61,7,22,Consumer,North,9.3,0
C001980,Control,1258.69,7,6,Consumer,South,9.1,1
C001981,Treatment,3021.32,13,24,Consumer,South,13.4,0
C001982,Control,4726.32,15,39,Enterprise,South,9.5,0
C001983,Treatment,2971.34,7,12,Consumer,West,10.1,0
C001984,Control,875.86,2,19,Consumer,West,10.3,0
C001985,Treatment,1904.47,3,5,Consumer,North,15.3,0
C001986,Treatment,2855.66,5,24,Consumer,North,0.0,0
C001987,Control,1494.52,6,27,SMB,North,11.0,0
C001988,Treatment,1590.48,8,5,Consumer,North,7.4,0
C001989,Treatment,1949.02,11,28,Consumer,South,1.0,0
C001990,Control,2043.41,16,61,Consumer,North,4.2,1
C001991,Control,949.06,12,14,Consumer,North,4.2,0
C001992,Treatment,1712.44,6,12,SMB,North,7.1,0
C001993,Control,1623.19,13,34,SMB,East,5.3,0
C001994,Control,2063.57,5,11,Consumer,North,9.3,0
C001995,Control,3088.0,3,6,SMB,West,12.5,0
C001996,Treatment,1495.79,11,16,SMB,South,9.8,0
C001997,Control,2527.33,5,30,Consumer,South,5.9,0
C001998,Control,2221.88,1,17,SMB,South,9.9,0
C001999,Treatment,2474.88,1,14,SMB,South,11.8,1
C002000,Treatment,1504.59,5,25,Consumer,South,14.3,0
C002001,Treatment,1149.63,6,9,Consumer,South,5.3,0
C002002,Control,2906.78,9,19,Consumer,South,16.7,0
C002003,Treatment,1171.86,1,3,Consumer,South,9.8,0
C002004,Treatment,3174.89,4,24,SMB,North,9.6,0
C002005,Control,2985.98,7,36,SMB,East,5.8,0
C002006,Treatment,1773.89,11,45,Consumer,East,3.0,1
C002007,Control,3582.54,8,32,Enterprise,East,2.7,0
C002008,Control,2199.58,8,27,Enterprise,West,17.1,0
C002009,Control,1851.77,2,16,Consumer,South,15.5,0
C002010,Treatment,793.55,4,28,Consumer,West,11.8,1
C002011,Control,1301.36,2,18,Consumer,South,4.0,0
C002012,Control,2509.74,3,6,Enterprise,South,8.5,1
C002013,Control,877.28,5,37,Consumer,East,2.3,0
C002014,Control,1139.55,1,3,SMB,South,6.3,0
C002015,Control,1394.31,5,12,Enterprise,South,1.9,0
C002016,Treatment,2664.77,8,10,SMB,South,7.2,0
C002017,Control,1167.53,6,18,SMB,North,7.4,1
C002018,Control,1160.51,4,31,Consumer,South,6.1,0
C002019,Treatment,1336.29,9,26,Consumer,West,4.8,1
C002020,Control,1943.68,1,4,Consumer,South,8.3,0
C002021,Treatment,558.61,7,6,SMB,North,11.4,0
C002022,Control,1310.91,8,27,Consumer,North,14.8,0
C002023,Control,3352.07,12,66,Consumer,West,5.9,0
C002024,Control,1200.45,4,11,SMB,West,11.7,0
C002025,Control,1352.49,1,6,Consumer,East,11.6,0
C002026,Control,1761.19,5,13,Consumer,North,10.6,0
C002027,Treatment,750.21,2,5,Consumer,South,12.9,0
C002028,Control,1345.06,11,15,Consumer,South,9.7,0
C002029,Treatment,1162.59,6,19,Consumer,West,8.9,0
C002030,Treatment,2774.73,9,35,SMB,South,11.6,0
C002031,Control,1834.1,1,25,Consumer,West,17.5,0
C002032,Treatment,2189.12,9,30,Consumer,South,2.1,1
C002033,Control,2350.09,8,15,SMB,West,9.8,0
C002034,Control,1499.28,15,52,Consumer,South,7.0,1
C002035,Control,1256.05,2,5,Consumer,South,4.1,0
C002036,Treatment,2186.84,3,16,Consumer,South,11.4,0
C002037,Treatment,2970.87,8,15,Enterprise,East,7.5,0
C002038,Control,872.77,3,10,SMB,West,6.8,0
C002039,Treatment,2287.68,9,40,Consumer,South,10.5,0
C002040,Treatment,925.63,1,1,SMB,West,12.5,0
C002041,Control,867.51,1,7,Consumer,South,4.1,1
C002042,Treatment,2605.08,3,19,Consumer,South,9.9,0
C002043,Treatment,2191.01,5,14,Consumer,South,15.3,0
C002044,Treatment,1524.96,6,16,SMB,North,9.7,0
C002045,Treatment,1893.43,3,8,SMB,West,8.5,1
C002046,Control,1685.65,5,11,Consumer,North,8.2,0
C002047,Control,1326.61,3,34,Consumer,South,0.0,0
C002048,Treatment,722.62,4,26,Consumer,South,0.7,1
C002049,Control,1495.81,12,17,Consumer,East,13.3,0
C002050,Control,2815.77,9,29,Consumer,West,17.9,0
C002051,Treatment,2186.29,12,33,Enterprise,West,16.2,0
C002052,Control,3601.33,12,58,Enterprise,South,17.6,0
C002053,Control,4701.38,10,28,Enterprise,South,7.6,0
C002054,Treatment,4604.41,11,32,SMB,South,8.4,0
C002055,Control,1559.11,10,9,Consumer,West,3.6,0
C002056,Control,1297.67,7,23,Consumer,North,4.3,0
C002057,Treatment,2688.88,2,18,Enterprise,West,12.4,0
C002058,Control,1426.92,6,33,Consumer,West,5.9,0
C002059,Control,1341.9,9,32,Consumer,East,6.6,0
C002060,Control,2055.9,1,31,Consumer,West,7.6,0
C002061,Treatment,3116.11,10,38,SMB,South,13.1,0
C002062,Control,2030.95,8,25,Consumer,South,9.1,0
C002063,Treatment,1853.74,8,10,SMB,South,6.4,0
C002064,Control,2992.61,1,27,Consumer,North,9.1,0
C002065,Control,1100.94,5,33,Consumer,East,13.0,0
C002066,Treatment,1238.84,8,33,SMB,South,6.3,0
C002067,Treatment,1480.3,4,13,SMB,West,4.6,0
C002068,Treatment,1523.84,2,3,Consumer,West,4.9,1
C002069,Control,1647.48,13,43,Consumer,North,17.9,1
C002070,Treatment,1033.11,5,12,Consumer,South,5.6,0
C002071,Treatment,2847.35,9,16,Consumer,South,9.1,0
C002072,Control,641.19,8,14,Consumer,North,0.5,0
C002073,Control,2139.51,3,20,Enterprise,East,19.4,0
C002074,Treatment,1349.75,5,14,Consumer,East,6.4,0
C002075,Control,3635.86,7,19,Consumer,East,11.2,0
C002076,Treatment,2251.68,9,9,Consumer,South,8.6,0
C002077,Treatment,2302.43,10,40,Consumer,West,5.7,0
C002078,Control,3680.54,8,26,Consumer,East,12.1,0
C002079,Control,1944.69,4,19,Consumer,West,6.3,0
C002080,Control,2289.99,4,2,SMB,West,13.3,0
C002081,Control,1270.94,1,8,SMB,East,20.8,0
C002082,Control,2847.02,5,29,Consumer,North,12.9,1
C002083,Treatment,1589.13,7,9,Enterprise,West,5.2,0
C002084,Control,1307.65,9,24,Consumer,South,8.0,0
C002085,Treatment,3318.07,8,14,Consumer,South,1.5,0
C002086,Control,2190.82,12,19,SMB,South,0.0,0
C002087,Control,1713.39,7,15,Consumer,South,3.1,0
C002088,Control,5444.56,5,16,Enterprise,North,9.3,0
C002089,Treatment,1315.14,6,29,Consumer,North,10.5,0
C002090,Control,2774.04,6,29,Enterprise,West,10.4,0
C002091,Control,755.33,6,20,Consumer,East,11.2,0
C002092,Treatment,2357.59,7,30,Consumer,West,9.7,0
C002093,Treatment,1842.6,5,6,Consumer,West,12.6,0
C002094,Control,2455.76,2,18,SMB,South,9.8,0
C002095,Treatment,1047.02,2,13,Consumer,West,5.6,1
C002096,Control,1818.34,5,13,Consumer,South,12.8,0
C002097,Control,1933.14,1,12,Enterprise,South,4.0,0
C002098,Control,1279.2,13,37,SMB,West,4.8,1
C002099,Control,1875.44,6,8,Consumer,West,18.3,0
C002100,Control,1541.55,5,12,Consumer,North,4.4,0
C002101,Treatment,1720.68,2,20,SMB,West,12.9,0
C002102,Control,3108.16,3,12,Enterprise,North,11.6,0
C002103,Treatment,1138.98,6,12,SMB,West,3.9,0
C002104,Treatment,1937.51,2,13,Consumer,East,21.2,0
C002105,Treatment,2217.53,2,26,Consumer,North,7.8,0
C002106,Treatment,966.03,11,38,Consumer,West,7.2,0
C002107,Treatment,5401.57,8,29,Enterprise,South,7.4,0
C002108,Treatment,7761.57,11,55,SMB,North,11.1,0
C002109,Control,4569.92,18,48,SMB,West,5.9,0
C002110,Control,2184.45,1,4,Consumer,West,2.6,0
C002111,Treatment,1901.87,13,37,Consumer,South,12.0,1
C002112,Treatment,1155.97,13,47,SMB,East,3.4,0
C002113,Control,1565.87,8,25,Consumer,North,2.4,0
C002114,Treatment,1565.55,12,16,Consumer,South,6.1,0
C002115,Control,1448.59,7,9,SMB,East,19.6,0
C002116,Treatment,1511.55,5,27,Consumer,South,7.2,0
C002117,Control,2087.55,1,6,SMB,South,16.5,0
C002118,Control,1481.7,3,19,SMB,West,8.5,1
C002119,Control,1545.29,17,72,Consumer,West,9.4,0
C002120,Control,1689.83,1,5,SMB,South,10.0,0
C002121,Control,1574.62,1,20,Consumer,South,6.2,1
C002122,Control,1319.15,7,33,Consumer,West,9.1,0
C002123,Control,4424.96,9,22,Enterprise,West,11.5,0
C002124,Control,3447.04,11,28,Enterprise,North,9.9,1
C002125,Control,1916.55,5,5,Consumer,South,6.1,0
C002126,Control,3958.34,12,54,SMB,North,13.3,0
C002127,Control,1332.73,9,21,Consumer,North,0.3,0
C002128,Control,3928.28,9,7,SMB,South,11.9,1
C002129,Control,2122.58,10,32,Consumer,East,10.9,0
C002130,Control,2386.32,12,53,Consumer,West,9.4,0
C002131,Control,824.74,10,15,Consumer,West,14.2,0
C002132,Treatment,1934.45,3,17,Enterprise,South,10.8,0
C002133,Treatment,4472.5,11,37,Enterprise,South,0.0,0
C002134,Treatment,1132.14,1,31,Consumer,North,12.7,0
C002135,Treatment,1188.93,2,10,Consumer,North,9.0,0
C002136,Treatment,1437.29,1,3,Consumer,North,9.6,1
C002137,Control,1666.12,15,54,Consumer,West,10.1,0
C002138,Treatment,2068.03,2,13,Consumer,North,9.5,0
C002139,Treatment,2729.06,5,7,SMB,West,3.9,1
C002140,Treatment,1023.09,2,11,Consumer,South,6.3,0
C002141,Treatment,1733.85,9,43,Consumer,South,12.9,1
C002142,Control,1809.54,1,1,Enterprise,West,8.9,1
C002143,Treatment,1620.16,11,37,Consumer,West,9.8,0
C002144,Treatment,2054.4,8,25,Consumer,South,12.0,0
C002145,Control,822.88,2,15,Enterprise,West,8.0,0
C002146,Treatment,2214.07,5,20,SMB,South,13.9,0
C002147,Control,568.06,6,30,Consumer,West,10.0,0
C002148,Treatment,1938.38,3,14,Consumer,North,4.0,0
C002149,Treatment,1726.49,2,11,SMB,South,7.5,0
C002150,Control,1632.75,6,29,Consumer,East,7.2,0
C002151,Treatment,1398.59,8,22,Consumer,West,9.3,0
C002152,Control,2719.93,13,45,Consumer,West,4.1,0
C002153,Treatment,1981.75,5,42,SMB,South,17.1,0
C002154,Treatment,1280.33,4,15,Consumer,West,12.7,0
C002155,Treatment,2149.12,13,18,Consumer,South,10.1,0
C002156,Treatment,6595.17,14,41,SMB,South,9.4,0
C002157,Control,1241.19,15,34,Consumer,North,13.3,1
C002158,Control,2825.07,4,26,Consumer,South,2.1,1
C002159,Control,1827.92,8,38,Enterprise,North,10.4,0
C002160,Control,1192.95,1,6,SMB,East,3.5,1
C002161,Control,3143.4,7,26,Consumer,North,13.0,0
C002162,Control,2359.31,4,9,Enterprise,East,5.1,0
C002163,Control,1709.51,10,32,Consumer,North,10.4,0
C002164,Control,1209.14,5,26,Consumer,East,17.7,0
C002165,Treatment,1545.25,7,37,Consumer,South,14.0,1
C002166,Control,2194.8,8,43,SMB,South,4.4,0
C002167,Treatment,2112.72,3,7,Consumer,East,10.0,0
C002168,Control,1008.19,9,26,Consumer,West,9.3,0
C002169,Control,835.15,6,13,Consumer,West,8.8,1
C002170,Treatment,1266.0,11,30,Consumer,South,16.5,0
C002171,Control,1545.3,5,12,SMB,West,8.7,1
C002172,Control,539.12,7,13,Consumer,East,19.3,0
C002173,Treatment,1000.76,2,21,Consumer,West,6.1,0
C002174,Control,1516.57,6,7,Consumer,North,9.4,0
C002175,Control,2751.7,7,10,Enterprise,North,9.1,0
C002176,Treatment,2950.79,13,28,Consumer,North,10.3,0
C002177,Control,2051.74,18,50,Consumer,West,12.6,0
C002178,Treatment,1724.95,1,4,Consumer,North,14.9,0
C002179,Control,4106.71,7,12,Enterprise,North,8.6,0
C002180,Treatment,1306.07,5,24,Consumer,East,8.2,0
C002181,Treatment,2030.32,1,5,Consumer,West,8.7,0
C002182,Treatment,2034.18,4,16,Consumer,South,13.2,0
C002183,Treatment,1425.53,5,23,Consumer,East,3.5,0
C002184,Control,2137.77,5,19,Consumer,North,7.0,0
C002185,Treatment,753.33,3,13,Consumer,West,17.1,0
C002186,Control,1314.79,4,6,Consumer,North,0.0,0
C002187,Treatment,2380.53,18,70,Consumer,South,13.1,0
C002188,Treatment,3025.33,7,11,SMB,South,14.4,0
C002189,Control,1806.94,9,31,Consumer,South,13.3,0
C002190,Treatment,1912.91,7,28,Consumer,East,6.7,0
C002191,Control,1942.98,7,16,Consumer,East,13.6,0
C002192,Treatment,2709.12,8,14,Enterprise,South,11.8,0
C002193,Treatment,895.65,5,6,SMB,North,11.6,0
C002194,Control,2476.26,10,35,SMB,North,4.1,0
C002195,Treatment,1577.35,17,37,SMB,North,7.8,0
C002196,Treatment,1556.09,3,16,Consumer,West,9.4,0
C002197,Control,1318.28,7,12,Consumer,East,20.5,1
C002198,Treatment,2532.13,4,9,Consumer,North,3.5,0
C002199,Control,1500.95,1,17,Consumer,North,8.6,0
C002200,Treatment,1679.09,1,10,SMB,West,10.8,0
C002201,Control,1133.29,1,21,Consumer,West,9.2,0
C002202,Treatment,1705.36,6,23,Consumer,West,9.7,0
C002203,Treatment,2748.84,1,23,Consumer,North,1.7,0
C002204,Control,1211.54,3,9,SMB,South,10.3,0
C002205,Control,2351.44,4,10,SMB,North,4.2,0
C002206,Treatment,1646.98,3,16,SMB,West,8.8,0
C002207,Treatment,1783.41,8,34,Consumer,South,8.7,0
C002208,Control,1733.27,9,23,Enterprise,East,15.1,0
C002209,Control,1578.92,1,9,Enterprise,North,0.0,0
C002210,Control,2273.03,7,24,SMB,West,0.0,0
C002211,Treatment,1505.65,1,1,Consumer,South,6.1,0
C002212,Control,1451.47,8,29,Consumer,West,13.0,0
C002213,Treatment,2970.69,13,38,SMB,North,10.4,0
C002214,Control,1338.61,7,13,Enterprise,West,8.9,1
C002215,Treatment,1710.16,5,19,Consumer,North,15.1,0
C002216,Control,1606.01,2,10,Consumer,East,5.3,0
C002217,Control,957.24,8,8,Consumer,West,6.5,0
C002218,Treatment,3490.29,10,33,Enterprise,South,11.5,0
C002219,Treatment,2167.73,4,10,Consumer,South,10.6,0
C002220,Control,2005.69,7,19,Enterprise,South,5.8,0
C002221,Control,2231.39,5,26,Consumer,South,6.6,0
C002222,Control,1354.7,5,21,Consumer,East,5.5,1
C002223,Control,1684.48,1,6,Consumer,North,3.2,1
C002224,Control,1502.53,8,17,Consumer,North,6.5,0
C002225,Treatment,1185.28,5,29,Consumer,South,0.0,0
C002226,Control,1340.47,4,17,Consumer,South,8.3,0
C002227,Treatment,1526.34,6,17,Consumer,North,8.2,0
C002228,Control,815.95,1,32,Consumer,East,9.5,0
C002229,Control,4019.08,5,27,Consumer,North,14.6,0
C002230,Treatment,1690.36,1,13,SMB,West,8.4,0
C002231,Control,1822.77,11,43,Consumer,West,5.1,0
C002232,Treatment,2356.27,4,10,Enterprise,South,7.8,0
C002233,Control,947.58,10,13,Consumer,West,4.4,0
C002234,Treatment,1606.42,3,19,Consumer,East,11.1,0
C002235,Treatment,1896.8,2,26,Consumer,South,12.6,0
C002236,Treatment,759.97,13,40,Consumer,South,12.7,0
C002237,Control,1519.28,2,13,SMB,East,14.9,0
C002238,Control,2928.11,6,19,Enterprise,North,1.8,0
C002239,Control,1415.18,9,44,Consumer,South,6.8,0
C002240,Treatment,918.52,10,33,Consumer,North,20.9,0
C002241,Control,3390.04,7,24,SMB,South,13.6,0
C002242,Control,2234.44,5,21,Enterprise,East,11.3,0
C002243,Control,819.58,3,5,SMB,North,8.4,0
C002244,Control,2001.01,5,26,Consumer,South,14.6,0
C002245,Control,849.24,4,14,Consumer,West,7.6,0
C002246,Control,6306.66,7,36,Enterprise,South,6.5,1
C002247,Control,1229.5,10,20,Consumer,North,10.1,0
C002248,Treatment,649.75,2,7,Consumer,South,8.5,0
C002249,Control,2962.83,2,9,SMB,West,5.9,0
C002250,Control,1925.59,8,59,Consumer,East,6.3,1
C002251,Treatment,1369.51,4,27,Consumer,South,13.6,0
C002252,Treatment,1468.52,6,13,Consumer,West,16.0,0
C002253,Control,2959.92,5,21,Enterprise,East,11.3,0
C002254,Treatment,4410.48,4,16,SMB,West,6.4,1
C002255,Treatment,1321.41,11,36,Consumer,East,8.4,0
C002256,Treatment,1554.3,11,29,SMB,West,4.6,0
C002257,Treatment,7327.01,13,72,Consumer,East,3.6,0
C002258,Treatment,1046.93,5,23,Consumer,South,10.0,1
C002259,Control,1262.36,1,8,Consumer,North,8.5,0
C002260,Control,1666.88,5,4,Enterprise,North,14.4,0
C002261,Treatment,949.0,10,2,Consumer,South,12.7,0
C002262,Treatment,1490.0,7,34,Consumer,West,0.8,0
C002263,Control,1300.66,4,20,SMB,West,15.7,0
C002264,Control,2196.34,4,16,SMB,West,7.1,0
C002265,Treatment,1312.01,4,9,Consumer,East,6.6,1
C002266,Control,1650.25,6,18,SMB,West,8.0,0
C002267,Treatment,2542.67,8,29,SMB,East,8.6,0
C002268,Treatment,1018.66,1,16,SMB,South,2.6,1
C002269,Treatment,2614.3,9,37,SMB,South,11.5,0
C002270,Treatment,1929.4,14,51,Consumer,South,6.7,0
C002271,Treatment,2737.42,2,21,Enterprise,North,3.9,0
C002272,Treatment,1946.25,1,15,Consumer,South,13.6,0
C002273,Treatment,1812.36,3,14,Consumer,South,3.8,0
C002274,Treatment,2552.32,6,20,Consumer,North,10.6,1
C002275,Treatment,1554.89,8,21,Consumer,South,6.9,0
C002276,Control,1412.53,8,23,Consumer,West,14.7,1
C002277,Treatment,1651.63,1,5,Consumer,South,11.9,0
C002278,Control,734.16,1,22,Consumer,West,13.6,0
C002279,Treatment,3989.76,11,22,SMB,North,0.0,0
C002280,Treatment,2079.97,11,28,Consumer,West,6.4,0
C002281,Control,1288.99,6,31,Consumer,West,8.1,0
C002282,Control,2007.01,12,39,SMB,West,10.5,0
C002283,Control,2432.37,7,24,Consumer,South,14.6,1
C002284,Treatment,2194.62,7,31,Enterprise,East,1.4,0
C002285,Control,2518.96,12,24,Consumer,South,10.2,0
C002286,Control,4119.24,7,38,SMB,South,5.0,1
C002287,Treatment,1212.71,1,18,Consumer,West,7.9,0
C002288,Treatment,1392.93,5,13,SMB,North,4.1,0
C002289,Control,3897.61,4,20,Enterprise,North,21.1,0
C002290,Control,2326.26,11,44,Consumer,West,12.3,0
C002291,Treatment,2650.7,3,13,Enterprise,North,8.0,0
C002292,Treatment,1986.56,8,43,Consumer,East,6.0,0
C002293,Treatment,1927.96,6,24,SMB,North,12.1,0
C002294,Control,1943.35,4,33,Consumer,South,8.0,0
C002295,Control,2539.58,2,26,Consumer,South,10.7,0
C002296,Control,2521.09,5,21,Consumer,South,10.4,0
C002297,Treatment,2128.28,5,13,Consumer,West,6.8,0
C002298,Control,2678.62,11,72,SMB,West,11.7,0
C002299,Control,1166.36,4,6,SMB,South,6.1,0
C002300,Treatment,6943.02,7,36,SMB,South,3.9,0
C002301,Treatment,794.46,3,4,Consumer,West,10.1,0
C002302,Treatment,3830.89,12,48,Enterprise,North,13.6,0
C002303,Control,2286.16,10,29,SMB,North,3.2,0
C002304,Control,4059.87,3,10,SMB,South,19.2,0
C002305,Control,11096.2,1,11,Consumer,West,4.2,1
C002306,Control,638.25,12,20,Consumer,South,10.4,0
C002307,Treatment,628.28,3,4,Consumer,North,19.7,0
C002308,Control,4150.33,10,38,SMB,West,3.0,0
C002309,Treatment,2038.12,3,12,Consumer,West,3.9,0
C002310,Treatment,921.55,7,7,Consumer,East,15.2,0
C002311,Treatment,1833.66,5,34,Consumer,East,16.1,0
C002312,Control,1111.31,1,3,Consumer,West,1.3,1
C002313,Control,1241.36,3,18,Consumer,East,5.7,0
C002314,Control,2146.17,4,9,SMB,West,6.9,0
C002315,Control,3680.13,4,25,Enterprise,South,6.4,1
C002316,Control,1691.72,7,38,Consumer,South,10.8,1
C002317,Control,1019.49,1,4,Consumer,West,9.6,0
C002318,Treatment,1451.69,12,39,Consumer,East,2.1,0
C002319,Control,1632.62,6,17,SMB,South,15.4,0
C002320,Treatment,1404.64,5,8,Enterprise,East,2.9,0
C002321,Control,1919.44,1,7,Consumer,West,11.7,0
C002322,Control,5156.63,5,17,Consumer,South,0.0,0
C002323,Control,2034.97,4,3,Enterprise,West,4.4,0
C002324,Control,1440.84,2,16,Consumer,North,4.2,0
C002325,Control,4474.41,8,18,Consumer,East,18.6,0
C002326,Treatment,860.67,8,27,Consumer,West,6.2,0
C002327,Control,1271.99,13,36,Consumer,West,10.9,0
C002328,Control,1786.11,10,28,Consumer,West,12.5,0
C002329,Treatment,2223.55,5,44,SMB,East,11.9,0
C002330,Control,1463.97,2,9,SMB,South,6.7,0
C002331,Treatment,3641.05,1,24,Consumer,East,7.5,0
C002332,Control,2536.79,1,26,Consumer,South,12.0,1
C002333,Treatment,2569.16,7,44,Consumer,South,9.8,1
C002334,Control,2545.65,11,26,Consumer,South,16.5,0
C002335,Control,1781.97,4,11,Consumer,South,0.0,0
C002336,Treatment,2407.18,7,19,Consumer,South,14.0,0
C002337,Treatment,4308.85,5,25,Enterprise,South,10.1,1
C002338,Control,615.34,2,5,Consumer,South,17.2,0
C002339,Treatment,2054.47,13,47,Consumer,South,19.6,0
C002340,Control,2136.68,5,19,SMB,South,8.7,1
C002341,Control,1395.73,13,60,Consumer,North,11.1,0
C002342,Control,969.89,4,6,Consumer,West,7.3,0
C002343,Treatment,1278.06,1,9,Consumer,North,13.8,0
C002344,Control,1455.9,7,27,Consumer,West,13.9,1
C002345,Treatment,3171.08,5,14,Consumer,South,7.6,0
C002346,Control,3283.73,3,35,SMB,West,12.5,0
C002347,Treatment,1319.19,2,20,Consumer,East,8.7,0
C002348,Treatment,2504.61,3,19,Consumer,West,5.3,0
C002349,Control,1669.62,4,19,SMB,West,10.4,0
C002350,Control,494.32,4,7,Consumer,East,11.6,0
C002351,Control,1369.76,3,20,Consumer,North,11.9,0
C002352,Treatment,2576.15,1,9,Consumer,South,5.1,0
C002353,Control,4913.22,16,62,Consumer,South,8.1,0
C002354,Treatment,1411.64,5,3,Consumer,West,1.8,0
C002355,Control,1360.7,9,22,Consumer,West,9.7,1
C002356,Treatment,1742.77,3,24,Consumer,South,9.5,0
C002357,Control,1248.1,4,27,Consumer,East,2.7,0
C002358,Treatment,2449.06,3,31,SMB,South,2.6,0
C002359,Treatment,827.7,1,5,Consumer,East,11.7,0
C002360,Control,842.81,3,25,Consumer,East,14.8,0
C002361,Treatment,1566.55,3,18,Consumer,South,5.3,0
C002362,Control,1268.53,5,16,Consumer,West,8.4,0
C002363,Control,1159.4,11,34,Consumer,South,2.3,0
C002364,Treatment,1858.46,9,41,Consumer,West,13.1,0
C002365,Treatment,1379.82,7,6,Consumer,East,15.7,0
C002366,Treatment,3978.54,3,19,Enterprise,South,3.9,1
C002367,Control,900.48,12,30,SMB,South,2.7,0
C002368,Control,1746.55,3,20,Consumer,North,8.1,0
C002369,Control,3293.11,11,39,SMB,East,9.9,0
C002370,Treatment,1863.38,4,11,Consumer,West,3.2,0
C002371,Control,3036.57,12,37,SMB,North,3.5,1
C002372,Control,1304.62,9,15,Consumer,North,13.7,0
C002373,Control,1479.73,1,9,SMB,South,1.4,0
C002374,Control,1725.9,1,20,Consumer,South,2.2,1
C002375,Control,2612.83,4,17,SMB,South,8.3,0
C002376,Control,1435.49,4,5,Consumer,East,17.4,0
C002377,Treatment,3163.91,5,19,Consumer,South,6.7,0
C002378,Treatment,1385.9,17,33,Consumer,West,3.7,1
C002379,Control,1935.94,12,42,Consumer,South,11.4,1
C002380,Treatment,1611.82,9,30,Consumer,East,14.1,0
C002381,Treatment,956.12,1,10,Consumer,South,15.1,0
C002382,Control,1301.83,5,24,Consumer,South,10.7,0
C002383,Control,1227.84,4,5,Consumer,South,11.7,0
C002384,Control,1368.93,8,28,Consumer,East,11.8,1
C002385,Control,1185.21,7,26,Consumer,West,9.9,0
C002386,Treatment,2249.66,7,10,Consumer,North,17.2,0
C002387,Treatment,1784.92,2,14,Consumer,South,9.3,1
C002388,Control,3239.15,7,22,Enterprise,East,8.7,1
C002389,Treatment,1414.46,5,26,Consumer,North,12.9,0
C002390,Control,1409.37,17,34,SMB,West,10.0,0
C002391,Treatment,1749.99,1,5,Consumer,South,17.7,0
C002392,Treatment,352.97,9,4,Consumer,West,18.0,1
C002393,Control,1908.41,5,23,Consumer,South,4.7,0
C002394,Control,622.74,6,30,Consumer,North,12.7,0
C002395,Treatment,3474.79,4,15,Enterprise,East,9.2,0
C002396,Treatment,680.44,1,14,Consumer,North,10.5,0
C002397,Control,823.62,1,9,Consumer,East,14.3,0
C002398,Control,2955.53,13,31,SMB,West,7.8,1
C002399,Control,1259.72,7,21,SMB,South,5.3,0
C002400,Treatment,1826.12,9,25,Consumer,South,6.4,0
C002401,Treatment,3114.01,3,16,Consumer,South,8.3,0
C002402,Treatment,5093.02,7,15,Enterprise,South,0.0,0
C002403,Treatment,1688.33,6,18,Consumer,East,7.4,0
C002404,Treatment,2576.08,3,17,Consumer,East,8.9,0
C002405,Treatment,3124.93,19,40,SMB,South,13.0,0
C002406,Control,1595.17,1,8,Enterprise,West,6.3,0
C002407,Treatment,1502.4,8,31,Enterprise,West,10.8,0
C002408,Control,1293.71,6,12,Consumer,East,9.3,0
C002409,Control,2038.21,5,14,SMB,South,12.8,0
C002410,Treatment,3313.93,5,23,Consumer,South,14.2,1
C002411,Treatment,2715.66,5,29,SMB,South,7.1,1
C002412,Treatment,2848.02,6,16,SMB,West,14.2,0
C002413,Control,1536.68,1,7,Consumer,West,13.4,0
C002414,Treatment,2048.56,15,50,Consumer,West,7.5,1
C002415,Control,1015.72,3,5,SMB,South,13.8,0
C002416,Control,755.82,3,8,Consumer,East,10.2,0
C002417,Control,3606.36,11,44,Enterprise,West,12.2,0
C002418,Treatment,2704.17,11,37,SMB,North,11.6,1
C002419,Control,1320.03,15,46,SMB,North,6.6,0
C002420,Treatment,1150.42,5,12,Consumer,North,6.2,1
C002421,Control,833.45,4,9,SMB,East,14.9,0
C002422,Control,3926.7,11,33,SMB,South,6.9,0
C002423,Treatment,1500.77,1,7,Consumer,North,0.0,0
C002424,Control,2049.24,2,10,Consumer,South,5.8,0
C002425,Treatment,997.98,2,5,SMB,West,14.5,0
C002426,Treatment,1162.22,1,11,Consumer,West,15.6,0
C002427,Control,989.98,6,9,Consumer,West,14.1,0
C002428,Treatment,1092.44,3,6,Consumer,West,7.2,0
C002429,Treatment,2805.7,2,19,Consumer,East,7.5,0
C002430,Treatment,1853.58,1,14,Consumer,West,10.8,0
C002431,Treatment,2227.86,6,25,Consumer,South,11.7,0
C002432,Treatment,1189.78,5,7,Consumer,West,0.0,1
C002433,Treatment,2015.39,4,11,Enterprise,West,5.0,1
C002434,Control,1454.98,10,5,Consumer,East,9.5,0
C002435,Treatment,3872.27,4,13,Consumer,South,7.7,0
C002436,Treatment,1772.44,6,33,Consumer,South,5.5,0
C002437,Treatment,988.61,11,29,Consumer,South,11.0,1
C002438,Treatment,1380.18,6,17,Consumer,North,6.5,0
C002439,Control,3184.68,18,60,SMB,North,0.6,0
C002440,Treatment,3069.86,7,5,SMB,South,13.5,0
C002441,Treatment,2383.53,8,36,Consumer,North,8.5,0
C002442,Control,1418.45,1,8,Consumer,West,10.5,0
C002443,Control,1383.87,7,17,SMB,East,4.1,0
C002444,Treatment,3263.3,4,27,Enterprise,West,4.6,0
C002445,Control,1317.93,2,10,Enterprise,South,1.2,0
C002446,Treatment,3596.53,1,12,Enterprise,South,10.7,0
C002447,Control,1055.09,8,36,Consumer,South,8.1,0
C002448,Control,1907.31,10,19,SMB,West,14.3,1
C002449,Treatment,1248.02,3,5,Consumer,North,6.2,0
C002450,Treatment,2178.57,1,14,Consumer,East,4.6,0
C002451,Treatment,1532.04,10,11,SMB,South,4.4,1
C002452,Treatment,646.72,1,4,Consumer,South,12.4,0
C002453,Treatment,1320.73,3,5,Consumer,North,19.4,0
C002454,Treatment,2379.16,7,22,Consumer,South,7.4,0
C002455,Treatment,2541.23,6,9,Consumer,North,11.7,0
C002456,Treatment,1913.51,16,63,Consumer,West,6.6,1
C002457,Treatment,2555.06,6,23,Consumer,North,7.2,0
C002458,Control,2045.05,8,34,Consumer,South,3.7,1
C002459,Control,1565.44,1,3,Consumer,North,9.5,0
C002460,Treatment,2492.3,3,23,SMB,West,6.1,0
C002461,Treatment,744.79,5,20,Consumer,East,4.8,0
C002462,Treatment,1195.64,11,26,SMB,East,14.2,0
C002463,Control,871.59,1,2,Consumer,South,12.9,0
C002464,Treatment,2035.29,8,52,SMB,West,14.4,0
C002465,Control,1915.78,5,17,Enterprise,North,10.1,0
C002466,Treatment,2383.15,8,17,Enterprise,West,5.4,0
C002467,Treatment,1418.17,3,19,Consumer,West,10.6,1
C002468,Treatment,1676.32,1,10,SMB,North,10.2,0
C002469,Treatment,3671.54,12,47,Consumer,North,5.1,0
C002470,Control,3346.48,3,3,Enterprise,South,17.4,0
C002471,Control,1211.31,9,13,Consumer,North,9.0,1
C002472,Treatment,2575.52,8,13,Consumer,South,9.8,0
C002473,Treatment,4540.06,1,10,Consumer,South,9.8,1
C002474,Treatment,2170.37,1,15,SMB,North,11.2,0
C002475,Control,1167.66,1,13,SMB,East,7.8,0
C002476,Control,1158.44,4,8,Consumer,South,14.7,1
C002477,Control,1767.46,3,17,Consumer,East,15.5,0
C002478,Control,1655.58,11,20,SMB,South,0.4,0
C002479,Control,3021.41,14,69,Enterprise,South,8.0,0
C002480,Treatment,1383.49,2,8,Consumer,South,14.0,0
C002481,Treatment,3101.07,4,23,SMB,West,11.1,0
C002482,Control,2136.63,6,23,Consumer,South,4.1,1
C002483,Control,2780.87,12,32,Consumer,East,7.2,0
C002484,Control,882.6,1,29,Consumer,West,15.8,0
C002485,Treatment,1407.08,6,4,SMB,East,1.9,0
C002486,Control,1075.27,1,15,Consumer,South,9.6,1
C002487,Treatment,1324.19,2,8,SMB,North,8.6,0
C002488,Treatment,1239.53,1,9,Consumer,East,7.2,0
C002489,Control,1424.81,1,5,Consumer,East,7.6,0
C002490,Treatment,1129.18,1,15,Consumer,West,11.8,0
C002491,Treatment,2630.86,7,24,SMB,East,12.1,0
C002492,Control,1053.23,9,43,Consumer,North,10.4,0
C002493,Control,2084.04,7,19,Consumer,West,11.8,1
C002494,Treatment,1020.41,5,9,Consumer,East,8.4,0
C002495,Treatment,2411.06,5,20,Consumer,West,15.2,0
C002496,Treatment,2560.64,8,25,Consumer,West,12.2,1
C002497,Treatment,1273.3,10,39,Consumer,South,6.4,0
C002498,Control,1165.45,2,8,Consumer,East,11.3,0
C002499,Treatment,1055.27,5,5,Consumer,East,13.7,0
C002500,Control,1329.55,10,21,Consumer,South,10.0,0
C002501,Control,2005.5,9,17,Consumer,South,4.7,1
C002502,Treatment,1796.99,1,14,Consumer,South,0.8,0
C002503,Treatment,1203.96,5,16,Consumer,North,11.9,0
C002504,Treatment,1063.07,7,8,Consumer,East,4.1,0
C002505,Control,2170.34,1,3,Consumer,South,5.3,0
C002506,Control,1108.02,7,28,SMB,West,5.4,0
C002507,Treatment,2096.34,5,27,SMB,South,4.6,1
C002508,Treatment,1938.85,4,6,Consumer,West,7.5,0
C002509,Treatment,1043.54,13,16,Consumer,East,9.4,0
C002510,Treatment,1678.73,7,26,Consumer,West,5.7,0
C002511,Control,1734.32,6,24,Consumer,South,5.1,0
C002512,Control,1242.79,10,10,Consumer,West,7.4,0
C002513,Control,2668.67,6,20,Enterprise,South,8.0,0
C002514,Control,669.95,1,7,Consumer,West,10.2,0
C002515,Control,2442.9,3,30,Enterprise,South,10.0,0
C002516,Treatment,1458.65,8,15,Consumer,South,3.5,0
C002517,Control,2926.2,2,20,Consumer,East,12.9,1
C002518,Control,1196.81,6,23,Consumer,South,2.8,0
C002519,Treatment,511.54,6,15,Consumer,South,10.1,0
C002520,Control,3306.0,8,23,Consumer,South,8.4,0
C002521,Control,3419.47,3,31,Enterprise,North,16.6,0
C002522,Treatment,1370.59,1,8,Consumer,West,6.9,1
C002523,Control,2406.38,9,36,Enterprise,East,9.2,1
C002524,Treatment,1107.33,1,12,SMB,North,9.3,0
C002525,Treatment,3899.46,8,24,SMB,West,11.7,0
C002526,Control,1984.86,1,15,Enterprise,East,14.3,0
C002527,Treatment,1074.1,5,21,Consumer,East,10.2,0
C002528,Treatment,5281.93,7,34,SMB,East,19.4,1
C002529,Treatment,2062.92,7,17,SMB,North,7.8,0
C002530,Treatment,2358.14,5,23,Consumer,South,14.4,0
C002531,Treatment,4290.46,12,40,Consumer,West,10.1,0
C002532,Treatment,2574.8,7,12,Enterprise,West,9.6,0
C002533,Treatment,2289.65,3,9,Enterprise,West,3.6,0
C002534,Control,1321.23,9,32,Consumer,North,11.6,0
C002535,Treatment,1406.4,2,15,Consumer,West,8.0,1
C002536,Treatment,2541.37,1,14,Consumer,South,8.9,1
C002537,Treatment,1905.71,5,36,SMB,East,8.9,0
C002538,Control,2021.88,4,10,Consumer,South,11.4,0
C002539,Control,1684.31,5,24,SMB,West,14.3,0
C002540,Treatment,2442.63,12,45,Consumer,West,8.2,0
C002541,Treatment,4110.59,2,7,Enterprise,South,7.5,1
C002542,Control,2121.61,9,45,SMB,West,10.1,1
C002543,Control,2852.97,4,13,Consumer,East,4.3,0
C002544,Control,2599.96,1,14,Consumer,South,5.1,1
C002545,Treatment,1810.49,5,5,SMB,South,11.4,0
C002546,Control,1101.64,5,21,Consumer,East,6.4,0
C002547,Treatment,558.33,2,8,Consumer,South,12.6,0
C002548,Control,4052.94,11,24,Enterprise,North,8.5,0
C002549,Control,1854.38,4,16,Consumer,West,7.4,0
C002550,Control,2178.85,7,21,Enterprise,East,14.1,1
C002551,Treatment,637.61,1,27,Consumer,West,6.0,0
C002552,Control,914.42,10,53,Consumer,East,9.0,0
C002553,Treatment,1547.19,8,17,Enterprise,South,6.2,1
C002554,Treatment,2499.87,9,25,SMB,West,8.9,0
C002555,Control,2332.2,8,22,Enterprise,North,11.9,0
C002556,Treatment,2967.1,3,20,SMB,South,9.7,0
C002557,Control,731.73,3,6,Consumer,East,8.8,0
C002558,Control,1238.7,2,10,Consumer,West,8.4,0
C002559,Control,2110.47,4,6,SMB,South,10.2,0
C002560,Control,5568.89,13,42,Enterprise,West,11.0,0
C002561,Treatment,2256.94,10,42,SMB,West,10.9,0
C002562,Treatment,2038.61,10,27,Consumer,South,9.8,0
C002563,Treatment,1049.6,11,32,Consumer,South,6.4,0
C002564,Treatment,1203.39,1,6,SMB,North,8.4,0
C002565,Treatment,1654.11,1,25,Consumer,East,7.0,0
C002566,Control,2236.41,7,11,Consumer,North,10.7,1
C002567,Control,1845.03,3,8,Enterprise,South,7.8,1
C002568,Control,1331.93,12,32,Consumer,South,7.9,1
C002569,Treatment,745.27,8,25,Consumer,West,15.5,0
C002570,Treatment,662.36,8,7,Consumer,South,8.6,0
C002571,Control,710.22,12,39,Consumer,South,0.9,0
C002572,Treatment,2975.89,6,16,SMB,South,16.5,0
C002573,Treatment,2556.52,6,28,Enterprise,North,9.0,0
C002574,Treatment,2345.72,2,12,SMB,South,7.6,0
C002575,Treatment,1673.02,1,21,SMB,West,7.6,0
C002576,Treatment,2773.85,9,29,SMB,East,7.5,0
C002577,Treatment,1898.86,1,8,Consumer,South,14.5,0
C002578,Treatment,1807.1,10,46,Consumer,West,6.4,0
C002579,Control,937.0,7,27,Consumer,North,6.4,0
C002580,Treatment,2793.14,4,22,Consumer,West,8.2,1
C002581,Control,739.68,2,2,Consumer,North,2.0,0
C002582,Treatment,1482.23,1,18,SMB,West,7.1,0
C002583,Control,1542.68,8,33,Consumer,West,13.4,0
C002584,Control,769.83,4,3,Consumer,West,10.4,0
C002585,Control,2468.8,5,42,Consumer,North,11.4,0
C002586,Control,2337.69,1,5,Enterprise,South,6.3,1
C002587,Control,1878.28,10,21,Consumer,West,1.8,0
C002588,Control,1587.43,11,48,SMB,South,11.9,0
C002589,Control,2669.26,4,23,Consumer,South,4.7,0
C002590,Control,1908.73,10,30,Consumer,South,2.2,0
C002591,Treatment,2493.91,4,32,Consumer,North,5.6,1
C002592,Treatment,2380.22,3,25,Consumer,South,6.1,0
C002593,Treatment,1126.77,1,9,Consumer,North,4.0,0
C002594,Control,2256.79,9,15,Consumer,East,9.1,0
C002595,Control,1141.8,1,9,Consumer,South,18.6,0
C002596,Treatment,2056.0,10,45,Consumer,North,8.8,0
C002597,Control,2203.21,8,15,Consumer,North,6.2,0
C002598,Control,600.35,5,34,Consumer,West,9.3,0
C002599,Treatment,2992.01,2,28,SMB,South,13.2,0
C002600,Treatment,2121.83,12,20,Consumer,East,0.0,1
C002601,Control,1018.4,4,9,Consumer,West,7.1,0
C002602,Treatment,2126.56,2,11,SMB,East,10.1,0
C002603,Control,3328.96,3,12,Consumer,South,10.6,0
C002604,Treatment,1125.0,5,7,Consumer,East,6.9,1
C002605,Control,2615.98,8,56,Consumer,South,3.1,0
C002606,Control,1723.39,5,27,Enterprise,South,9.9,0
C002607,Treatment,4016.28,8,20,Enterprise,South,5.6,0
C002608,Control,1635.74,7,4,Consumer,West,0.0,0
C002609,Treatment,2606.04,9,16,Consumer,South,9.5,0
C002610,Control,783.26,5,17,Consumer,South,10.1,0
C002611,Treatment,1856.24,10,19,Consumer,East,8.0,1
C002612,Treatment,4461.54,1,19,Enterprise,North,16.5,0
C002613,Control,2129.02,7,25,Consumer,South,11.1,0
C002614,Treatment,1335.53,1,6,Consumer,West,9.6,0
C002615,Control,573.34,8,13,Consumer,West,15.6,0
C002616,Control,1257.14,8,24,SMB,East,17.3,0
C002617,Control,1182.63,12,25,Consumer,South,12.9,0
C002618,Treatment,2861.4,4,21,Consumer,South,7.0,0
C002619,Treatment,876.39,4,31,Consumer,North,10.9,0
C002620,Treatment,3626.97,7,15,Consumer,East,12.6,0
C002621,Treatment,1394.55,5,18,Consumer,South,0.0,0
C002622,Treatment,3589.13,11,31,Enterprise,North,3.7,0
C002623,Control,2068.19,5,7,SMB,North,11.5,0
C002624,Treatment,1417.31,10,46,Consumer,North,8.5,1
C002625,Treatment,1588.21,7,29,Consumer,South,11.3,0
C002626,Control,643.2,3,12,Consumer,North,12.0,0
C002627,Treatment,4037.67,8,32,SMB,South,5.0,0
C002628,Control,1936.03,2,8,Consumer,South,8.1,1
C002629,Control,1970.74,12,41,SMB,South,9.6,1
C002630,Control,1838.93,1,4,Consumer,North,12.8,0
C002631,Control,1377.87,1,6,Consumer,South,12.8,0
C002632,Control,592.93,2,10,Consumer,West,1.7,0
C002633,Treatment,3470.49,2,11,SMB,South,0.0,0
C002634,Treatment,3327.6,4,22,Enterprise,South,6.4,0
C002635,Treatment,2650.88,11,30,Consumer,South,14.1,0
C002636,Control,1473.57,3,5,Consumer,South,6.5,0
C002637,Control,2204.16,12,43,SMB,South,18.7,0
C002638,Control,2172.75,8,25,SMB,South,3.1,0
C002639,Treatment,1408.6,17,55,Consumer,South,4.4,0
C002640,Control,3010.46,3,17,Enterprise,West,6.0,0
C002641,Treatment,2879.02,12,46,SMB,West,4.7,0
C002642,Treatment,2282.04,12,58,Consumer,South,5.1,0
C002643,Treatment,1148.49,1,11,Consumer,South,10.1,0
C002644,Treatment,804.28,1,10,Consumer,West,9.1,0
C002645,Control,2981.94,4,14,SMB,South,4.5,0
C002646,Treatment,691.78,7,13,Consumer,West,9.3,0
C002647,Treatment,3851.23,4,22,Enterprise,West,6.0,0
C002648,Treatment,890.25,3,14,SMB,South,12.3,0
C002649,Treatment,1996.69,6,32,SMB,South,10.3,0
C002650,Treatment,2140.02,3,26,Consumer,North,11.3,0
C002651,Treatment,2024.16,2,10,Consumer,West,9.3,0
C002652,Control,2371.68,8,17,Enterprise,South,8.4,0
C002653,Treatment,2219.34,9,33,Consumer,East,9.8,0
C002654,Treatment,1739.14,4,23,Enterprise,South,20.9,0
C002655,Control,1107.0,6,27,Consumer,West,6.7,0
C002656,Treatment,1641.76,4,10,Consumer,West,11.9,0
C002657,Control,1244.87,3,18,Consumer,North,11.9,0
C002658,Treatment,1073.03,6,7,Consumer,South,19.6,0
C002659,Control,1428.56,9,20,Consumer,South,14.4,0
C002660,Control,2115.87,1,16,Enterprise,West,1.0,0
C002661,Treatment,1345.33,5,21,Consumer,East,7.5,0
C002662,Control,2849.11,4,9,Consumer,South,0.0,0
C002663,Control,3254.36,10,25,SMB,West,10.6,0
C002664,Control,3579.84,1,34,SMB,South,10.2,1
C002665,Control,1717.84,1,3,SMB,North,7.6,0
C002666,Treatment,1495.34,1,6,Consumer,West,10.3,0
C002667,Treatment,1012.79,6,10,Consumer,South,12.3,1
C002668,Control,3075.17,4,14,Consumer,West,6.5,0
C002669,Treatment,2025.77,7,12,Enterprise,South,4.3,0
C002670,Control,3839.26,2,7,Enterprise,East,6.4,1
C002671,Treatment,1599.94,5,21,Consumer,South,11.2,0
C002672,Control,2811.08,7,20,Consumer,South,9.0,0
C002673,Control,1946.12,4,12,Enterprise,North,12.9,0
C002674,Control,1957.63,5,23,Consumer,East,3.1,0
C002675,Treatment,2939.38,7,16,Consumer,South,13.0,1
C002676,Treatment,3796.03,14,47,Consumer,South,14.7,0
C002677,Control,1976.3,3,5,SMB,South,17.7,0
C002678,Treatment,1528.79,7,9,Consumer,South,10.3,0
C002679,Treatment,2037.27,9,15,Consumer,South,9.7,1
C002680,Control,3358.7,7,34,SMB,East,12.5,0
C002681,Treatment,3002.83,7,29,SMB,East,8.8,1
C002682,Treatment,2110.69,8,25,Consumer,South,5.3,0
C002683,Control,2455.3,1,6,Consumer,South,2.5,0
C002684,Treatment,1152.77,4,11,SMB,North,5.7,0
C002685,Control,1946.39,4,16,Consumer,South,15.5,0
C002686,Treatment,1276.4,6,32,Consumer,West,10.4,1
C002687,Control,5970.39,6,17,Enterprise,South,2.7,0
C002688,Treatment,2369.86,4,26,Consumer,West,9.3,0
C002689,Control,855.86,2,24,Consumer,North,11.3,0
C002690,Treatment,881.4,1,26,Consumer,East,13.3,0
C002691,Treatment,1008.23,1,10,SMB,East,5.5,0
C002692,Control,1889.86,4,29,Consumer,East,8.5,0
C002693,Treatment,3000.64,7,25,SMB,East,1.6,0
C002694,Treatment,1179.94,11,45,SMB,North,11.3,0
C002695,Treatment,1110.09,2,13,Consumer,East,0.0,0
C002696,Control,1349.27,7,20,Consumer,South,7.7,0
C002697,Treatment,1729.8,4,7,Consumer,South,6.4,0
C002698,Control,1471.76,1,5,SMB,North,16.7,0
C002699,Control,2795.1,8,49,SMB,North,15.0,0
C002700,Treatment,1341.6,10,23,SMB,West,4.7,0
C002701,Treatment,804.29,1,4,Consumer,South,7.7,0
C002702,Treatment,1343.13,12,25,Consumer,South,0.1,0
C002703,Control,1873.31,1,13,SMB,North,4.6,0
C002704,Treatment,1644.54,6,26,Consumer,East,4.2,0
C002705,Treatment,1351.99,3,30,Enterprise,East,10.5,0
C002706,Control,1021.6,1,22,Consumer,West,11.7,0
C002707,Treatment,1932.68,2,14,Consumer,South,4.2,1
C002708,Control,3718.88,7,18,SMB,South,14.9,0
C002709,Control,1386.7,5,27,SMB,North,17.7,1
C002710,Treatment,2735.24,9,29,Consumer,South,6.0,0
C002711,Treatment,811.89,1,10,Consumer,East,5.6,0
C002712,Control,2433.03,7,6,Consumer,West,13.2,0
C002713,Control,706.76,1,7,Consumer,North,8.2,0
C002714,Control,699.51,9,15,Consumer,South,8.9,0
C002715,Treatment,1942.97,7,28,SMB,East,9.7,0
C002716,Control,842.67,1,16,Consumer,South,11.0,0
C002717,Treatment,1724.99,1,7,SMB,East,20.2,1
C002718,Treatment,1175.51,7,21,Consumer,South,7.3,0
C002719,Control,2776.96,1,17,SMB,South,11.1,0
C002720,Treatment,1772.91,8,30,Consumer,South,3.1,1
C002721,Treatment,1087.22,1,8,Consumer,South,0.2,0
C002722,Treatment,1684.66,3,23,Consumer,East,13.9,0
C002723,Control,1063.77,3,21,Consumer,North,6.7,0
C002724,Control,1620.14,2,25,Consumer,South,11.9,0
C002725,Control,1239.04,8,33,Consumer,West,11.3,1
C002726,Treatment,1914.68,3,3,Consumer,South,12.4,0
C002727,Treatment,1602.16,1,11,Enterprise,South,6.7,0
C002728,Control,698.35,2,16,Consumer,West,11.7,0
C002729,Control,1837.15,1,11,Consumer,South,16.6,0
C002730,Treatment,854.83,3,20,Consumer,West,9.7,1
C002731,Control,2021.62,6,16,SMB,North,13.8,1
C002732,Control,1985.39,1,7,Consumer,West,7.3,0
C002733,Treatment,2298.49,7,26,Consumer,North,8.0,0
C002734,Control,1688.5,5,8,SMB,South,14.9,0
C002735,Control,2227.16,2,20,Consumer,West,6.7,0
C002736,Control,1889.68,9,7,SMB,South,7.1,0
C002737,Control,1014.65,8,20,Consumer,South,6.7,0
C002738,Treatment,3559.84,3,16,Consumer,North,5.0,1
C002739,Treatment,1172.62,1,18,Consumer,North,11.6,1
C002740,Treatment,1941.4,2,21,Consumer,South,8.5,1
C002741,Control,1808.76,13,30,Consumer,South,10.6,0
C002742,Treatment,916.32,5,13,Consumer,South,4.9,0
C002743,Control,1856.08,1,6,Consumer,West,6.4,0
C002744,Treatment,2142.21,3,15,Enterprise,West,12.0,1
C002745,Control,4048.26,12,31,Enterprise,West,6.6,0
C002746,Treatment,906.19,3,2,Consumer,South,12.1,1
C002747,Control,1001.43,1,6,Consumer,South,8.5,1
C002748,Control,3135.59,1,16,Enterprise,South,10.4,0
C002749,Control,2759.79,7,33,Consumer,South,19.1,0
C002750,Control,1910.41,6,12,Consumer,South,12.8,0
C002751,Control,846.88,6,15,SMB,West,15.2,0
C002752,Treatment,1980.61,1,11,Consumer,East,4.6,0
C002753,Treatment,1281.03,4,13,Consumer,South,11.0,0
C002754,Control,1300.43,8,27,SMB,South,15.8,0
C002755,Treatment,2929.19,12,30,Consumer,South,11.6,0
C002756,Treatment,1936.02,6,28,SMB,South,8.4,0
C002757,Treatment,4709.77,12,25,Enterprise,South,8.2,1
C002758,Treatment,1515.22,4,8,Consumer,West,5.2,1
C002759,Treatment,3041.28,9,46,SMB,South,7.5,0
C002760,Treatment,3253.69,7,43,Consumer,South,6.1,0
C002761,Treatment,1662.24,1,16,Enterprise,East,5.9,0
C002762,Treatment,2696.48,5,32,Consumer,West,11.6,0
C002763,Control,619.88,6,3,Consumer,West,7.2,0
C002764,Control,2639.85,7,34,SMB,South,11.6,0
C002765,Control,5443.72,1,19,Enterprise,South,9.4,0
C002766,Treatment,2459.7,1,8,SMB,East,18.5,1
C002767,Control,2242.35,8,35,SMB,West,8.1,1
C002768,Treatment,4194.07,1,3,Enterprise,West,11.8,0
C002769,Treatment,1385.37,8,28,Consumer,South,6.0,0
C002770,Treatment,2598.14,7,35,SMB,East,7.5,0
C002771,Control,1761.55,7,39,Consumer,South,8.7,0
C002772,Treatment,1387.54,2,3,Consumer,North,10.1,0
C002773,Treatment,2082.31,1,5,Consumer,South,8.6,0
C002774,Control,2444.6,3,5,Enterprise,North,5.5,0
C002775,Treatment,1285.11,4,27,Consumer,South,12.8,0
C002776,Control,684.27,10,44,Consumer,South,11.2,0
C002777,Treatment,2476.62,7,23,Consumer,East,13.6,0
C002778,Treatment,1874.15,3,12,Consumer,East,9.1,0
C002779,Control,2256.48,9,41,Consumer,North,15.1,1
C002780,Control,2023.37,12,43,Consumer,East,8.3,0
C002781,Control,3186.64,9,47,Enterprise,North,2.4,0
C002782,Control,1095.45,8,8,SMB,North,9.6,0
C002783,Treatment,1533.63,1,6,Consumer,West,0.0,0
C002784,Control,1283.01,6,4,Consumer,North,10.0,0
C002785,Control,3190.36,4,6,SMB,South,10.2,0
C002786,Treatment,1217.84,3,3,Consumer,East,0.0,0
C002787,Treatment,2798.24,11,32,Consumer,South,0.2,0
C002788,Treatment,1641.58,6,22,Consumer,South,4.4,0
C002789,Treatment,2524.0,16,72,Consumer,East,8.7,1
C002790,Control,863.25,5,17,Consumer,East,3.1,0
C002791,Treatment,830.02,8,19,Consumer,South,14.7,0
C002792,Control,2016.85,12,36,SMB,West,3.9,0
C002793,Treatment,2063.46,4,13,Consumer,North,12.8,0
C002794,Treatment,1683.18,2,8,Consumer,South,0.0,0
C002795,Treatment,1443.6,3,22,Consumer,South,15.2,0
C002796,Treatment,1507.63,5,16,SMB,North,12.5,0
C002797,Treatment,786.67,4,21,Consumer,West,1.5,1
C002798,Control,2181.55,5,47,Consumer,East,9.4,1
C002799,Treatment,1571.0,3,10,SMB,South,11.5,0
C002800,Treatment,545.01,4,10,Consumer,South,15.6,0
C002801,Treatment,1847.6,10,30,Consumer,South,2.2,0
C002802,Control,1666.33,4,11,Consumer,East,16.6,0
C002803,Control,6973.53,13,72,Consumer,South,7.9,0
C002804,Treatment,2412.18,7,15,Consumer,West,19.2,0
C002805,Control,2500.58,1,22,SMB,South,16.4,0
C002806,Control,1823.7,4,36,Consumer,South,0.0,0
C002807,Control,1700.6,4,19,Consumer,West,12.0,0
C002808,Treatment,1741.96,4,16,SMB,West,8.2,0
C002809,Control,1265.05,7,33,Consumer,South,13.1,0
C002810,Control,1558.7,1,10,Enterprise,South,11.6,0
C002811,Control,590.46,9,22,Consumer,West,10.4,0
C002812,Treatment,1387.99,2,8,Consumer,East,12.2,1
C002813,Treatment,2429.8,3,31,SMB,East,4.5,0
C002814,Control,4002.3,5,15,Enterprise,East,0.7,0
C002815,Control,712.01,3,22,SMB,West,11.8,0
C002816,Treatment,4149.0,6,38,SMB,South,10.3,0
C002817,Control,1980.49,3,9,SMB,North,14.4,0
C002818,Treatment,2995.92,11,25,Consumer,South,11.6,0
C002819,Control,3969.86,1,32,SMB,East,6.9,0
C002820,Treatment,860.85,2,29,Consumer,South,10.4,0
C002821,Control,1848.42,1,15,Consumer,South,15.2,1
C002822,Treatment,1385.63,7,5,Consumer,East,9.9,0
C002823,Control,2737.13,6,39,Consumer,South,0.0,0
C002824,Treatment,2507.84,5,5,Consumer,West,15.5,0
C002825,Treatment,1396.9,5,5,Consumer,South,4.3,0
C002826,Treatment,1102.88,8,17,Consumer,East,6.3,0
C002827,Control,1722.93,1,11,SMB,South,4.3,0
C002828,Control,782.75,6,23,Consumer,North,9.9,0
C002829,Treatment,4771.07,9,30,Consumer,South,7.2,0
C002830,Treatment,4041.69,5,15,SMB,North,11.9,0
C002831,Control,1830.42,22,63,Consumer,West,13.0,0
C002832,Control,1406.27,9,9,Consumer,East,1.8,0
C002833,Control,1482.91,5,4,Enterprise,North,0.0,0
C002834,Treatment,1701.51,7,17,SMB,South,6.3,0
C002835,Treatment,2134.45,7,18,Consumer,West,13.1,1
C002836,Treatment,2117.85,10,26,Consumer,South,10.6,0
C002837,Treatment,1631.58,9,13,Consumer,West,12.3,1
C002838,Control,1264.95,1,5,Consumer,North,3.4,0
C002839,Control,2094.58,9,19,Consumer,North,3.4,0
C002840,Control,727.65,7,23,Consumer,South,12.3,0
C002841,Treatment,3438.21,8,20,Enterprise,South,3.8,0
C002842,Control,4386.12,6,24,SMB,West,10.4,0
C002843,Control,2078.47,4,22,Consumer,East,1.8,0
C002844,Control,995.87,4,20,SMB,East,8.0,0
C002845,Control,1996.99,4,12,SMB,East,5.7,0
C002846,Treatment,1110.49,5,11,Consumer,East,11.7,0
C002847,Control,4617.52,10,49,SMB,East,1.5,0
C002848,Control,1253.7,1,9,Consumer,East,13.1,0
C002849,Treatment,6526.94,13,50,SMB,West,9.5,0
C002850,Control,3607.64,3,10,Consumer,South,12.9,0
C002851,Control,2445.47,4,42,Consumer,South,5.5,0
C002852,Control,1910.87,3,31,Consumer,South,12.6,0
C002853,Treatment,3273.26,8,27,Consumer,South,6.4,0
C002854,Control,1285.69,4,1,SMB,South,15.4,0
C002855,Treatment,3312.15,7,12,Enterprise,South,1.6,0
C002856,Treatment,2133.91,4,21,SMB,South,1.7,0
C002857,Treatment,1453.46,6,33,Consumer,North,8.6,0
C002858,Control,2054.63,6,17,Consumer,West,9.7,0
C002859,Treatment,1369.27,1,6,Consumer,West,9.8,0
C002860,Control,3826.01,3,18,Consumer,South,11.7,0
C002861,Control,1197.94,7,24,Consumer,West,2.7,0
C002862,Treatment,920.17,5,15,Consumer,West,16.8,0
C002863,Control,1812.63,12,47,Consumer,West,8.5,0
C002864,Control,1860.4,6,19,Consumer,North,12.4,1
C002865,Control,1714.04,5,34,Consumer,South,9.3,0
C002866,Control,2586.32,3,12,SMB,South,13.3,0
C002867,Control,1697.68,7,29,Enterprise,East,25.0,0
C002868,Treatment,2520.49,7,10,SMB,East,4.4,0
C002869,Treatment,1059.28,9,29,Consumer,East,9.4,0
C002870,Control,737.39,5,15,Consumer,West,8.2,0
C002871,Treatment,615.97,5,6,Consumer,West,14.8,0
C002872,Control,3677.99,8,13,SMB,South,12.1,0
C002873,Control,2195.54,1,9,SMB,West,13.6,0
C002874,Control,2360.48,4,14,SMB,West,7.1,0
C002875,Control,1206.11,1,6,Consumer,South,12.4,0
C002876,Control,3049.66,2,5,Enterprise,West,5.0,0
C002877,Control,1324.82,2,9,SMB,North,6.5,0
C002878,Control,878.13,6,3,Consumer,North,14.0,0
C002879,Treatment,1859.46,12,37,Consumer,West,13.2,0
C002880,Control,1866.79,11,18,Consumer,South,13.7,0
C002881,Control,1173.18,4,19,Consumer,South,5.1,0
C002882,Control,2107.82,5,15,Consumer,West,12.3,1
C002883,Treatment,974.63,3,7,Consumer,South,4.5,0
C002884,Control,1706.3,10,24,Consumer,South,9.3,1
C002885,Treatment,2823.45,6,22,SMB,North,12.7,0
C002886,Control,652.72,1,8,Consumer,South,10.6,0
C002887,Control,2587.07,2,30,Enterprise,North,14.4,0
C002888,Treatment,1897.58,7,7,Consumer,North,2.0,0
C002889,Control,2823.19,6,19,Enterprise,West,7.0,1
C002890,Control,2173.08,9,33,Consumer,South,3.1,0
C002891,Control,1318.99,14,41,Consumer,South,7.2,1
C002892,Treatment,2180.26,5,15,Enterprise,North,8.9,0
C002893,Treatment,2274.5,1,10,Consumer,South,9.1,0
C002894,Treatment,3270.81,1,5,SMB,East,12.9,0
C002895,Treatment,973.36,6,14,Consumer,South,13.2,0
C002896,Control,1361.04,6,13,Consumer,South,6.7,0
C002897,Treatment,1263.3,15,34,SMB,South,11.0,0
C002898,Control,1523.67,6,19,Consumer,North,16.5,0
C002899,Treatment,2009.35,8,6,SMB,North,16.3,0
C002900,Control,1719.07,4,29,Consumer,South,9.1,0
C002901,Control,3086.0,6,33,SMB,North,11.5,0
C002902,Treatment,749.09,3,21,Consumer,South,8.9,1
C002903,Control,4293.59,8,30,Consumer,North,0.0,1
C002904,Treatment,1993.04,9,17,Consumer,West,3.3,0
C002905,Control,3873.62,7,28,Consumer,South,6.7,1
C002906,Treatment,1703.08,1,12,Consumer,South,7.0,1
C002907,Treatment,2211.25,12,42,Consumer,East,7.3,0
C002908,Control,1257.73,3,7,Enterprise,South,5.7,0
C002909,Treatment,1553.97,18,72,Consumer,South,8.8,0
C002910,Treatment,4630.89,12,55,Consumer,South,7.9,1
C002911,Treatment,4114.67,10,43,Enterprise,South,5.8,0
C002912,Control,2574.4,10,10,Enterprise,South,6.1,0
C002913,Treatment,1356.38,1,14,Consumer,North,5.9,0
C002914,Treatment,2074.68,5,12,SMB,West,14.1,0
C002915,Control,686.09,6,10,Consumer,East,11.4,0
C002916,Control,3095.99,7,12,SMB,North,7.1,1
C002917,Control,1622.18,3,25,Consumer,West,12.3,0
C002918,Treatment,749.49,6,14,Consumer,North,6.9,0
C002919,Control,1505.83,2,8,Consumer,North,8.0,0
C002920,Treatment,965.25,2,4,Consumer,North,7.8,0
C002921,Treatment,2981.59,7,31,Consumer,West,14.2,0
C002922,Control,1191.43,4,20,Consumer,South,10.2,0
C002923,Control,2324.26,10,18,Enterprise,West,7.2,0
C002924,Treatment,1186.26,5,2,Consumer,East,15.1,0
C002925,Control,2607.83,1,8,SMB,South,8.2,0
C002926,Treatment,3481.81,4,18,Consumer,South,4.2,1
C002927,Treatment,3088.62,6,24,Enterprise,North,5.9,0
C002928,Treatment,1630.84,6,1,Consumer,East,1.9,0
C002929,Control,1166.42,2,18,Consumer,South,5.8,0
C002930,Treatment,1636.08,4,21,Consumer,South,7.0,1
C002931,Treatment,1680.3,1,9,Consumer,North,3.9,0
C002932,Control,1593.6,3,36,Consumer,West,5.7,0
C002933,Treatment,1857.37,1,6,Consumer,East,4.3,0
C002934,Treatment,1293.17,7,22,Consumer,South,13.2,0
C002935,Treatment,1571.6,2,13,Consumer,South,1.7,0
C002936,Control,1587.02,7,26,SMB,South,3.3,0
C002937,Control,2240.43,1,17,Consumer,South,9.2,0
C002938,Control,2052.98,5,34,Consumer,North,1.7,0
C002939,Control,1958.73,2,8,Consumer,East,9.6,0
C002940,Control,1189.07,1,13,Consumer,North,3.7,0
C002941,Treatment,5210.81,6,26,Consumer,North,11.0,0
C002942,Control,1743.37,4,19,Consumer,North,6.2,0
C002943,Treatment,2412.62,5,26,Consumer,South,6.9,1
C002944,Control,4493.25,3,29,Enterprise,South,12.1,0
C002945,Control,1504.19,11,28,Consumer,East,9.2,0
C002946,Control,1718.45,2,21,Consumer,South,1.4,0
C002947,Control,1698.85,7,29,Consumer,South,9.3,1
C002948,Treatment,2339.32,4,16,Consumer,South,7.8,0
C002949,Treatment,1327.07,7,25,Consumer,East,7.4,0
C002950,Treatment,2607.27,1,7,Enterprise,West,6.8,1
C002951,Control,2804.11,6,20,SMB,West,4.9,0
C002952,Treatment,2024.34,4,21,Consumer,West,10.0,0
C002953,Control,672.78,12,46,Consumer,West,6.0,0
C002954,Treatment,1934.68,7,15,SMB,West,17.0,0
C002955,Treatment,1029.98,3,6,Consumer,South,16.7,1
C002956,Control,1892.63,1,6,Enterprise,East,8.7,1
C002957,Control,2582.35,15,45,Consumer,East,12.7,0
C002958,Control,4945.28,11,40,Consumer,North,7.8,0
C002959,Control,1151.25,4,22,Consumer,South,7.0,0
C002960,Treatment,1287.29,1,4,SMB,West,9.0,0
C002961,Treatment,2564.1,7,23,SMB,South,4.8,0
C002962,Treatment,1867.2,5,24,Consumer,North,5.1,0
C002963,Control,1025.17,2,18,Consumer,South,18.0,0
C002964,Treatment,3018.45,6,23,SMB,North,8.7,1
C002965,Control,1802.72,1,13,Enterprise,South,11.3,0
C002966,Treatment,754.29,3,4,Consumer,South,12.2,0
C002967,Control,1158.85,8,31,Consumer,South,5.0,1
C002968,Control,2384.82,3,22,Consumer,South,2.7,0
C002969,Treatment,2287.85,10,40,SMB,North,16.1,0
C002970,Control,705.11,5,28,Consumer,South,9.9,0
C002971,Control,1668.24,3,10,Consumer,North,9.0,0
C002972,Treatment,1491.63,1,3,Consumer,South,10.8,0
C002973,Control,3098.29,6,23,SMB,East,10.8,0
C002974,Treatment,1634.69,8,18,Consumer,North,13.5,0
C002975,Treatment,1646.82,1,19,Consumer,West,12.9,0
C002976,Treatment,7518.87,8,22,SMB,East,9.0,0
C002977,Treatment,1161.87,1,3,Consumer,South,9.0,0
C002978,Treatment,1065.7,7,16,Consumer,South,15.1,0
C002979,Treatment,908.16,8,9,Consumer,North,2.0,0
C002980,Treatment,2499.27,6,20,SMB,North,9.4,0
C002981,Treatment,1238.29,5,10,SMB,West,3.7,0
C002982,Control,1618.29,5,13,SMB,East,1.5,0
C002983,Control,2723.03,7,13,Consumer,West,5.7,1
C002984,Treatment,1983.7,4,14,Consumer,East,3.9,0
C002985,Control,1834.13,9,30,Consumer,West,11.6,0
C002986,Control,1664.88,2,13,Consumer,West,0.4,1
C002987,Control,1701.45,11,32,SMB,North,14.4,0
C002988,Treatment,1624.92,1,2,Enterprise,North,7.3,0
C002989,Control,2052.01,2,10,Consumer,South,12.6,0
C002990,Treatment,1997.52,1,3,Consumer,South,6.1,0
C002991,Treatment,878.1,8,27,Consumer,South,5.6,0
C002992,Treatment,1658.88,7,17,Consumer,South,7.3,0
C002993,Control,1360.58,6,15,SMB,West,7.1,0
C002994,Treatment,1586.53,2,11,SMB,North,7.4,0
C002995,Treatment,1926.41,12,30,Enterprise,West,5.3,0
C002996,Control,4198.95,9,21,Enterprise,South,8.5,1
C002997,Treatment,848.95,4,11,Consumer,North,10.0,0
C002998,Control,1207.53,11,57,SMB,West,11.0,0
C002999,Treatment,1660.46,1,13,SMB,South,14.4,0
C003000,Control,2642.01,4,4,Consumer,East,9.5,0
C003001,Treatment,2690.09,7,34,Consumer,West,11.8,0
C003002,Treatment,4656.17,7,12,Enterprise,North,15.4,0
C003003,Control,4025.67,6,8,Enterprise,South,5.5,0
C003004,Treatment,1510.17,5,26,Consumer,North,11.8,0
C003005,Control,1529.59,6,22,Consumer,North,5.8,0
C003006,Treatment,1255.13,4,11,Consumer,West,5.9,0
C003007,Treatment,797.45,8,10,Consumer,West,9.3,1
C003008,Control,1539.86,6,29,SMB,South,0.0,0
C003009,Control,1864.64,7,19,Consumer,East,7.7,0
C003010,Treatment,1254.99,8,29,Consumer,West,5.5,1
C003011,Control,1656.45,9,16,Consumer,South,2.4,0
C003012,Treatment,888.89,1,7,Consumer,North,12.0,1
C003013,Treatment,1814.58,3,22,SMB,West,5.7,1
C003014,Treatment,3262.19,1,24,Enterprise,East,11.3,1
C003015,Control,703.16,5,14,Consumer,North,12.4,0
C003016,Treatment,1603.88,5,16,Consumer,South,12.8,0
C003017,Treatment,1745.37,2,8,Consumer,North,19.5,0
C003018,Control,1587.0,5,5,SMB,East,6.2,0
C003019,Control,1355.93,11,27,SMB,East,3.7,1
C003020,Control,1389.73,1,7,Consumer,South,18.6,0
C003021,Control,839.32,5,22,Consumer,West,7.7,0
C003022,Treatment,2358.76,3,31,SMB,South,8.1,0
C003023,Control,1272.57,6,24,SMB,East,12.9,0
C003024,Treatment,1562.5,5,28,SMB,East,8.8,0
C003025,Control,4139.45,7,36,Consumer,South,8.0,0
C003026,Control,3790.61,2,4,Enterprise,South,13.0,1
C003027,Control,2096.36,8,24,Consumer,South,3.3,0
C003028,Treatment,1747.05,4,19,Consumer,East,3.7,0
C003029,Treatment,1748.86,11,19,Consumer,East,8.9,1
C003030,Control,1730.07,6,24,Consumer,South,0.4,1
C003031,Treatment,1243.01,1,6,Consumer,West,1.3,0
C003032,Control,1307.48,7,40,Consumer,West,16.5,0
C003033,Control,2860.84,8,23,Enterprise,North,1.8,1
C003034,Control,1032.98,4,3,SMB,North,6.6,0
C003035,Treatment,3255.54,7,26,Enterprise,South,12.5,0
C003036,Treatment,2964.06,2,4,SMB,North,13.3,0
C003037,Treatment,2183.99,8,31,Consumer,West,10.8,0
C003038,Control,2183.34,9,30,SMB,East,6.6,1
C003039,Control,929.98,3,7,SMB,North,5.1,0
C003040,Treatment,1581.36,1,4,SMB,South,7.6,0
C003041,Control,4523.03,4,24,Consumer,South,10.2,0
C003042,Treatment,1610.67,1,4,Consumer,South,2.8,0
C003043,Treatment,1453.05,1,14,SMB,South,11.6,0
C003044,Control,2487.83,6,44,SMB,West,9.0,0
C003045,Treatment,1615.04,5,15,Consumer,East,6.0,1
C003046,Treatment,1662.93,7,30,Consumer,West,11.6,0
C003047,Control,1922.71,11,38,Consumer,North,15.0,0
C003048,Treatment,1868.05,13,34,SMB,South,9.7,1
C003049,Treatment,3199.12,8,20,Consumer,West,9.4,0
C003050,Control,1787.91,5,9,SMB,South,7.2,0
C003051,Treatment,2045.09,4,38,Consumer,South,1.5,0
C003052,Control,1048.65,3,2,Consumer,West,5.0,0
C003053,Treatment,2516.29,2,5,Consumer,West,8.8,0
C003054,Treatment,1353.25,9,19,Consumer,West,2.6,0
C003055,Treatment,1514.32,6,43,Consumer,South,6.0,0
C003056,Control,2988.13,11,37,SMB,East,3.8,0
C003057,Treatment,1088.9,3,15,Consumer,South,9.3,0
C003058,Control,982.99,4,31,Consumer,South,11.8,1
C003059,Control,1716.62,11,17,SMB,North,12.0,0
C003060,Control,1210.76,4,13,Consumer,West,15.4,0
C003061,Treatment,3223.2,6,24,Consumer,South,3.4,1
C003062,Control,1039.51,3,15,SMB,East,13.0,0
C003063,Control,1360.93,5,23,Consumer,West,10.1,0
C003064,Treatment,1373.66,7,32,Consumer,West,10.7,0
C003065,Control,941.13,6,26,Consumer,North,15.7,0
C003066,Control,870.06,2,7,Consumer,East,1.1,0
C003067,Control,1839.63,3,11,Consumer,South,8.3,0
C003068,Control,5473.5,7,43,SMB,South,6.8,0
C003069,Treatment,2432.25,8,31,Consumer,North,4.6,0
C003070,Control,3367.34,6,20,SMB,East,8.1,0
C003071,Control,528.78,6,13,SMB,West,10.8,0
C003072,Treatment,1525.26,11,30,Consumer,West,8.9,0
C003073,Treatment,1570.81,3,12,Consumer,South,1.3,0
C003074,Treatment,2796.35,7,24,Consumer,South,7.9,1
C003075,Treatment,4204.26,7,16,Consumer,North,3.7,1
C003076,Treatment,3223.86,4,20,Enterprise,West,5.0,0
C003077,Control,1252.92,5,14,Consumer,West,4.8,0
C003078,Treatment,1226.97,8,28,Consumer,West,16.8,0
C003079,Treatment,1325.84,1,3,Consumer,South,6.9,1
C003080,Control,1069.9,2,6,SMB,South,6.8,0
C003081,Control,841.31,5,15,Consumer,South,8.9,1
C003082,Control,1827.48,3,19,Consumer,South,6.1,0
C003083,Treatment,1784.65,12,39,Consumer,South,13.4,1
C003084,Treatment,2426.79,13,32,Enterprise,North,11.7,0
C003085,Treatment,2305.96,3,5,Consumer,North,10.7,0
C003086,Control,6391.84,2,20,Consumer,South,8.6,0
C003087,Control,1512.22,4,18,SMB,West,11.8,0
C003088,Control,1056.0,1,4,SMB,East,8.3,0
C003089,Treatment,2597.76,12,23,Consumer,West,12.7,1
C003090,Treatment,1858.68,4,21,Enterprise,South,10.1,0
C003091,Treatment,1116.47,8,32,Consumer,East,6.2,0
C003092,Treatment,2881.67,8,19,SMB,South,8.7,1
C003093,Treatment,2514.0,1,9,SMB,North,12.4,0
C003094,Treatment,1663.69,3,19,Consumer,South,9.5,0
C003095,Control,1314.28,6,7,Consumer,North,5.2,0
C003096,Control,2870.74,8,15,Consumer,West,18.0,0
C003097,Control,1196.77,1,9,Consumer,West,7.0,0
C003098,Control,3199.2,6,38,Consumer,South,9.2,0
C003099,Control,2693.92,6,16,Enterprise,East,8.8,0
C003100,Control,2742.51,5,9,Consumer,South,18.3,0
C003101,Treatment,1365.06,9,45,Consumer,North,8.4,0
C003102,Control,1250.69,6,17,Consumer,East,12.8,0
C003103,Treatment,994.55,1,10,Consumer,West,12.9,0
C003104,Treatment,905.5,6,13,Consumer,West,3.7,1
C003105,Treatment,5439.72,8,28,Enterprise,North,16.3,0
C003106,Treatment,1789.13,1,24,Consumer,South,9.8,0
C003107,Control,1014.13,4,20,Consumer,North,9.1,0
C003108,Treatment,1277.56,2,6,Consumer,North,10.5,0
C003109,Control,830.59,12,43,Consumer,North,18.7,1
C003110,Treatment,1675.44,5,31,Consumer,North,9.1,0
C003111,Control,2968.35,16,58,Consumer,South,10.0,0
C003112,Control,2981.55,5,16,Consumer,South,12.7,0
C003113,Treatment,417.25,8,17,Consumer,East,10.2,0
C003114,Treatment,1079.43,1,2,Consumer,South,14.2,0
C003115,Control,2393.92,5,15,SMB,North,11.0,0
C003116,Treatment,2030.24,3,4,SMB,West,14.2,0
C003117,Control,1037.8,5,14,Consumer,West,12.0,0
C003118,Treatment,1928.33,9,35,Consumer,North,9.8,0
C003119,Control,1398.41,7,24,Consumer,South,13.9,0
C003120,Control,1782.54,2,37,Consumer,North,12.6,0
C003121,Control,2876.82,12,30,Consumer,West,8.4,0
C003122,Control,3027.24,3,15,SMB,South,5.9,0
C003123,Control,837.24,1,7,Consumer,North,10.0,0
C003124,Control,1022.3,8,31,Consumer,East,14.5,1
C003125,Control,1800.36,6,16,Consumer,East,4.4,0
C003126,Control,1015.36,4,34,Consumer,South,8.4,0
C003127,Treatment,1991.08,1,21,Consumer,South,8.8,0
C003128,Control,2997.14,11,24,SMB,South,13.7,0
C003129,Treatment,1533.0,6,29,Consumer,South,4.1,0
C003130,Treatment,2563.61,10,40,SMB,South,13.7,0
C003131,Control,3575.65,2,16,Enterprise,West,6.1,0
C003132,Treatment,4287.2,10,16,Consumer,West,9.2,0
C003133,Control,1937.95,10,28,Consumer,East,12.9,0
C003134,Control,1304.29,2,10,Consumer,East,15.9,0
C003135,Treatment,1046.8,11,27,Consumer,South,14.3,0
C003136,Treatment,1036.65,9,30,SMB,South,6.6,1
C003137,Treatment,2421.59,17,63,SMB,East,4.9,0
C003138,Control,2418.6,9,26,Consumer,North,17.6,0
C003139,Treatment,3054.94,8,38,SMB,North,3.4,1
C003140,Control,1943.86,10,14,Consumer,North,16.8,0
C003141,Control,1947.97,9,13,SMB,East,13.4,0
C003142,Control,2240.9,10,17,SMB,East,13.0,1
C003143,Treatment,1831.52,1,12,SMB,South,12.4,0
C003144,Control,2599.97,7,27,Consumer,South,5.0,0
C003145,Treatment,2218.32,4,9,Consumer,West,7.6,0
C003146,Treatment,2139.8,2,9,SMB,North,17.5,0
C003147,Treatment,1621.48,3,8,Consumer,South,3.5,0
C003148,Treatment,648.7,6,24,Consumer,West,16.0,0
C003149,Treatment,1208.16,7,9,Consumer,East,17.2,0
C003150,Control,1872.2,7,9,SMB,South,5.1,0
C003151,Control,2076.86,4,9,SMB,South,13.4,0
C003152,Treatment,2242.59,3,2,Consumer,West,17.5,0
C003153,Control,1871.78,4,13,SMB,South,17.9,0
C003154,Control,6803.69,13,27,SMB,West,0.0,1
C003155,Control,1490.7,8,25,Consumer,West,13.9,1
C003156,Control,2176.66,12,26,Consumer,West,10.5,1
C003157,Control,2165.72,10,30,SMB,North,15.2,0
C003158,Control,930.91,9,28,Consumer,South,11.4,0
C003159,Treatment,1654.87,1,14,Consumer,South,9.6,0
C003160,Control,1202.35,11,28,Consumer,South,18.8,0
C003161,Treatment,3206.82,1,8,SMB,South,10.3,0
C003162,Treatment,1515.24,5,20,Consumer,South,18.1,0
C003163,Control,914.94,1,8,Consumer,South,12.5,0
C003164,Treatment,2203.58,7,12,Consumer,East,4.6,0
C003165,Treatment,2863.53,8,40,Consumer,South,11.4,0
C003166,Treatment,3060.84,6,14,Consumer,South,16.5,0
C003167,Control,2227.15,1,12,Consumer,South,5.1,0
C003168,Control,1789.76,11,32,Consumer,East,10.4,0
C003169,Control,1616.96,6,11,Consumer,North,0.0,0
C003170,Treatment,1904.75,3,25,Consumer,East,5.1,0
C003171,Treatment,875.31,4,21,Consumer,South,3.3,0
C003172,Treatment,1093.75,9,17,Consumer,South,3.8,1
C003173,Treatment,1274.98,4,10,Consumer,West,14.8,0
C003174,Treatment,2014.29,13,47,Consumer,South,7.1,0
C003175,Treatment,851.48,1,11,Consumer,East,7.0,0
C003176,Control,536.81,9,41,Consumer,West,5.7,0
C003177,Treatment,1678.15,10,26,Consumer,North,12.1,0
C003178,Control,1579.76,6,32,Consumer,South,16.7,0
C003179,Control,1536.97,4,21,Enterprise,West,11.9,0
C003180,Treatment,1250.61,11,48,Consumer,West,12.7,1
C003181,Treatment,2052.69,10,56,SMB,East,14.0,0
C003182,Control,759.21,9,16,Consumer,South,10.0,0
C003183,Control,4021.77,6,12,Consumer,South,1.4,1
C003184,Control,1448.86,5,19,Consumer,West,14.4,1
C003185,Control,924.63,11,15,Consumer,East,7.9,0
C003186,Control,4080.24,9,37,Consumer,South,0.9,1
C003187,Treatment,1782.19,8,27,Consumer,North,11.5,0
C003188,Treatment,953.14,1,7,SMB,West,18.3,0
C003189,Control,706.08,3,7,Consumer,South,14.9,0
C003190,Control,3426.17,8,22,SMB,West,2.3,0
C003191,Control,1577.15,11,37,Consumer,South,8.6,1
C003192,Control,859.95,1,10,Consumer,South,6.1,1
C003193,Treatment,1652.59,3,25,SMB,South,3.3,0
C003194,Treatment,1166.66,8,30,Consumer,South,8.4,0
C003195,Treatment,2652.21,8,26,Consumer,South,8.3,0
C003196,Control,1246.8,1,6,Consumer,North,3.8,0
C003197,Treatment,1908.66,11,14,SMB,South,7.2,0
C003198,Control,3074.4,5,14,SMB,South,7.8,0
C003199,Control,1115.19,1,30,Consumer,West,4.6,0
C003200,Treatment,2124.72,5,13,SMB,South,0.9,0
C003201,Treatment,3359.42,1,8,SMB,South,5.3,1
C003202,Treatment,1407.9,4,29,Consumer,East,1.6,0
C003203,Treatment,942.26,5,9,Consumer,North,10.4,0
C003204,Treatment,1030.6,1,5,SMB,South,8.9,1
C003205,Treatment,1212.47,1,14,Consumer,West,14.7,1
C003206,Control,3787.94,5,5,Enterprise,East,0.0,0
C003207,Control,994.24,2,4,SMB,South,14.9,0
C003208,Control,1187.57,1,2,Consumer,West,3.4,0
C003209,Control,608.04,6,24,Consumer,West,8.6,1
C003210,Control,1888.32,10,19,Consumer,West,7.5,0
C003211,Control,1637.55,16,62,Consumer,South,2.9,0
C003212,Treatment,3209.33,1,12,Enterprise,East,10.2,0
C003213,Treatment,3555.82,15,44,SMB,South,9.2,1
C003214,Treatment,2186.1,5,25,Enterprise,South,17.8,0
C003215,Control,1514.93,4,13,SMB,South,9.6,0
C003216,Treatment,2008.93,1,8,SMB,West,7.5,0
C003217,Control,1255.0,5,22,Consumer,South,5.6,0
C003218,Control,1201.41,4,9,Consumer,West,5.9,0
C003219,Control,3895.96,6,21,Consumer,West,0.0,0
C003220,Control,1172.26,9,9,SMB,South,6.2,0
C003221,Control,3257.1,1,7,Consumer,North,11.2,0
C003222,Treatment,3619.07,2,4,Enterprise,West,5.3,0
C003223,Treatment,1384.06,1,20,Consumer,North,13.4,0
C003224,Treatment,1120.07,3,17,Consumer,West,8.9,0
C003225,Control,1021.62,6,7,Consumer,North,12.3,0
C003226,Treatment,4287.93,9,16,Consumer,South,7.6,0
C003227,Treatment,1032.13,7,5,Consumer,South,5.5,0
C003228,Control,989.71,4,18,Consumer,South,14.8,0
C003229,Treatment,1185.59,4,16,Consumer,West,8.8,0
C003230,Control,1047.04,4,28,Consumer,North,14.1,0
C003231,Control,1266.9,2,5,Consumer,North,7.1,0
C003232,Control,1832.62,5,2,Enterprise,East,0.0,0
C003233,Treatment,1358.49,12,42,Consumer,West,16.8,1
C003234,Control,1349.82,5,23,Consumer,South,4.9,0
C003235,Control,2352.24,3,10,Enterprise,West,2.8,0
C003236,Control,2922.68,9,40,Consumer,North,12.5,0
C003237,Treatment,2402.43,12,61,Enterprise,West,0.7,0
C003238,Control,3744.9,7,24,Enterprise,East,13.4,1
C003239,Control,3211.42,7,16,SMB,West,9.3,1
C003240,Control,1560.43,10,6,Consumer,East,10.2,0
C003241,Treatment,3680.5,4,13,SMB,West,11.0,0
C003242,Treatment,2425.92,5,6,Consumer,South,4.0,0
C003243,Treatment,846.46,3,24,Consumer,East,4.1,1
C003244,Control,967.07,16,72,Consumer,East,13.1,0
C003245,Control,1076.99,6,25,Consumer,South,6.1,0
C003246,Treatment,2291.22,11,40,Consumer,West,7.7,0
C003247,Control,1830.47,6,16,SMB,West,9.6,0
C003248,Treatment,1629.06,8,23,Consumer,West,12.1,0
C003249,Treatment,2275.11,4,14,Consumer,South,1.4,0
C003250,Control,740.33,1,5,Consumer,West,11.1,0
C003251,Treatment,973.29,1,3,Consumer,South,13.7,0
C003252,Treatment,1336.86,16,69,SMB,West,11.0,0
C003253,Control,3948.76,3,11,SMB,North,15.2,1
C003254,Control,2029.1,9,16,SMB,East,7.6,0
C003255,Control,2466.97,2,3,SMB,North,2.1,0
C003256,Treatment,1580.27,3,14,SMB,East,11.4,0
C003257,Control,2613.56,9,29,Consumer,South,9.1,1
C003258,Control,848.06,3,27,Consumer,West,17.4,1
C003259,Treatment,1835.01,6,18,Consumer,West,10.2,1
C003260,Control,1615.51,6,30,Consumer,South,12.9,0
C003261,Control,2656.67,1,12,Enterprise,West,7.5,0
C003262,Treatment,2270.3,10,41,SMB,East,9.2,0
C003263,Control,2802.12,9,72,Consumer,South,14.6,0
C003264,Control,833.12,10,36,Consumer,South,11.9,0
C003265,Control,1433.6,5,16,SMB,South,21.8,0
C003266,Control,3051.65,2,10,Enterprise,North,13.3,0
C003267,Control,5192.68,6,6,Enterprise,South,9.4,0
C003268,Treatment,1588.54,7,18,SMB,South,10.3,0
C003269,Treatment,2567.31,1,6,SMB,South,12.1,0
C003270,Control,1819.1,7,21,Consumer,West,15.3,0
C003271,Treatment,1745.87,6,17,Consumer,North,8.3,0
C003272,Treatment,2679.45,2,10,Consumer,West,1.4,0
C003273,Treatment,1205.96,5,19,Consumer,West,12.8,0
C003274,Treatment,3817.45,11,21,Enterprise,West,14.0,0
C003275,Treatment,2238.23,8,25,SMB,South,7.2,0
C003276,Treatment,2888.28,1,17,Consumer,North,15.5,0
C003277,Control,1142.36,7,24,Consumer,West,13.0,0
C003278,Treatment,1871.16,5,38,Consumer,East,10.5,0
C003279,Control,716.48,4,7,Consumer,West,7.0,1
C003280,Control,1421.96,1,7,SMB,South,5.1,1
C003281,Treatment,4754.14,6,29,SMB,South,11.9,0
C003282,Control,1625.55,1,11,SMB,South,10.7,0
C003283,Control,1453.81,8,39,Consumer,East,7.8,0
C003284,Control,3332.84,9,33,SMB,West,1.6,0
C003285,Control,2219.32,8,40,Enterprise,North,11.9,0
C003286,Treatment,1774.12,1,4,SMB,North,12.1,0
C003287,Treatment,1349.42,5,17,Consumer,North,10.2,0
C003288,Control,1810.46,5,24,Consumer,North,8.7,0
C003289,Control,1909.11,2,8,Consumer,South,4.5,0
C003290,Control,1528.73,3,16,Consumer,North,12.2,0
C003291,Control,681.34,3,22,Consumer,South,17.4,1
C003292,Treatment,1720.16,3,10,SMB,East,5.2,0
C003293,Treatment,1054.35,5,8,Consumer,West,5.5,0
C003294,Control,877.64,4,14,Consumer,South,7.4,0
C003295,Control,512.12,9,41,Consumer,North,14.8,0
C003296,Treatment,1467.21,2,25,SMB,West,15.7,0
C003297,Treatment,3142.9,4,20,Consumer,South,8.8,0
C003298,Control,2105.23,6,32,Consumer,South,9.0,0
C003299,Control,2221.67,5,17,Consumer,South,9.3,0
C003300,Control,1417.32,4,12,Consumer,West,2.6,1
C003301,Treatment,2792.26,10,8,Consumer,South,1.9,0
C003302,Control,1967.71,3,15,SMB,West,10.9,0
C003303,Control,2034.59,10,28,Consumer,South,18.2,0
C003304,Treatment,1152.55,4,2,Consumer,North,20.6,0
C003305,Treatment,1979.36,6,12,SMB,North,8.0,0
C003306,Control,1276.27,5,16,Consumer,West,5.4,0
C003307,Control,2141.02,11,12,Consumer,South,4.5,0
C003308,Control,2224.68,6,33,Consumer,East,19.0,0
C003309,Treatment,1812.31,8,24,Consumer,West,3.9,0
C003310,Control,2020.22,6,13,Consumer,South,9.1,1
C003311,Treatment,1688.85,3,31,Consumer,North,13.7,1
C003312,Treatment,1524.91,1,5,Consumer,East,9.0,0
C003313,Treatment,2797.14,10,25,SMB,South,15.8,0
C003314,Treatment,841.2,4,9,Consumer,East,2.8,0
C003315,Control,1126.72,3,26,Enterprise,West,5.7,1
C003316,Control,2593.38,9,21,Consumer,South,6.8,0
C003317,Treatment,1720.54,5,21,Consumer,South,8.4,0
C003318,Control,1528.12,9,22,Consumer,South,13.7,0
C003319,Control,1280.06,10,16,Consumer,North,0.0,0
C003320,Control,1476.52,5,21,Consumer,South,8.2,1
C003321,Control,2001.55,1,7,Consumer,South,10.8,0
C003322,Control,1628.48,2,16,SMB,South,13.0,0
C003323,Treatment,1320.71,1,6,Consumer,North,6.4,0
C003324,Treatment,1478.64,8,48,Consumer,East,8.6,1
C003325,Treatment,3665.84,7,9,SMB,South,9.8,0
C003326,Treatment,2917.66,8,43,Consumer,South,11.8,0
C003327,Control,7147.75,5,34,Enterprise,West,16.5,0
C003328,Treatment,2018.64,9,14,SMB,North,8.8,0
C003329,Treatment,1391.45,3,11,Consumer,North,11.8,0
C003330,Control,1920.41,5,15,Consumer,West,0.1,0
C003331,Treatment,2597.14,10,58,Enterprise,North,8.0,0
C003332,Control,2660.39,8,13,SMB,West,12.2,0
C003333,Control,2960.21,9,38,Enterprise,East,14.1,0
C003334,Control,3018.84,12,43,Consumer,South,1.3,0
C003335,Control,1135.63,1,11,Consumer,South,8.7,0
C003336,Control,1433.05,9,16,Consumer,South,6.8,0
C003337,Treatment,1446.69,3,4,Consumer,West,14.5,0
C003338,Treatment,1918.14,3,20,Consumer,North,2.0,0
C003339,Control,1629.29,4,20,SMB,West,11.8,0
C003340,Treatment,2237.74,3,17,Consumer,West,10.8,0
C003341,Control,1982.4,5,15,SMB,East,12.5,0
C003342,Treatment,2202.38,8,29,Consumer,North,9.7,0
C003343,Control,1534.7,13,35,Enterprise,East,11.5,0
C003344,Control,768.01,2,31,Consumer,East,12.6,0
C003345,Treatment,1990.52,7,17,Enterprise,North,6.2,1
C003346,Treatment,2849.12,2,27,SMB,West,8.4,0
C003347,Treatment,1816.12,13,18,Consumer,North,13.0,0
C003348,Treatment,3655.59,9,14,SMB,West,10.1,1
C003349,Treatment,1354.84,5,19,Consumer,North,0.0,0
C003350,Control,1684.04,5,13,Consumer,South,2.2,0
C003351,Control,796.12,3,8,Consumer,East,15.6,1
C003352,Control,5134.18,8,40,Enterprise,North,7.0,1
C003353,Control,2391.93,5,29,Enterprise,North,0.0,0
C003354,Control,1988.79,3,9,Consumer,North,6.6,0
C003355,Control,1357.71,1,10,Consumer,West,12.7,0
C003356,Control,1259.22,10,21,Consumer,North,6.5,1
C003357,Treatment,915.68,10,18,Consumer,East,15.3,1
C003358,Control,1662.88,3,12,Consumer,East,4.3,0
C003359,Treatment,1374.7,9,14,Consumer,South,11.2,0
C003360,Treatment,649.9,2,11,Consumer,South,12.8,0
C003361,Control,5350.19,4,22,SMB,South,10.4,0
C003362,Control,3415.37,9,33,Enterprise,West,12.0,1
C003363,Treatment,2030.34,7,19,Consumer,West,17.0,0
C003364,Treatment,1129.76,2,15,Consumer,West,11.7,0
C003365,Control,785.7,4,8,Consumer,East,0.8,0
C003366,Control,1056.23,3,5,Consumer,West,8.8,0
C003367,Treatment,2282.92,1,7,Consumer,West,11.3,0
C003368,Treatment,1145.34,5,22,Consumer,South,14.6,0
C003369,Control,1580.72,5,23,Consumer,West,10.8,0
C003370,Control,1262.1,1,4,SMB,North,10.3,1
C003371,Treatment,1173.3,1,6,Consumer,North,12.3,0
C003372,Control,3494.17,6,13,SMB,South,10.6,0
C003373,Treatment,2351.44,1,13,Consumer,South,5.0,0
C003374,Control,3831.05,18,66,SMB,South,14.3,1
C003375,Treatment,2477.09,2,3,SMB,South,5.7,0
C003376,Control,1502.93,8,15,SMB,South,1.8,0
C003377,Control,2463.83,1,6,Consumer,West,10.4,0
C003378,Treatment,1540.31,9,21,Consumer,South,5.8,0
C003379,Control,3829.96,6,12,Enterprise,South,9.7,1
C003380,Treatment,3107.84,1,13,Consumer,East,2.6,0
C003381,Control,843.89,1,1,Consumer,East,9.6,0
C003382,Treatment,991.59,15,28,Consumer,West,7.4,0
C003383,Treatment,4732.13,16,60,Enterprise,South,8.4,0
C003384,Treatment,1612.08,2,17,Consumer,North,9.6,0
C003385,Control,1726.91,4,18,Consumer,West,8.0,0
C003386,Treatment,2366.12,10,30,Enterprise,North,5.8,0
C003387,Treatment,1237.77,6,18,Consumer,East,3.4,0
C003388,Treatment,1414.38,1,17,Consumer,South,11.1,0
C003389,Control,2599.63,2,28,Consumer,South,5.8,0
C003390,Control,1709.7,4,3,Consumer,West,2.1,0
C003391,Control,1747.92,5,21,Consumer,South,6.8,1
C003392,Treatment,4818.62,7,11,Consumer,North,5.9,1
C003393,Treatment,3202.96,10,39,Consumer,West,6.5,0
C003394,Control,1100.01,3,21,Consumer,North,13.3,0
C003395,Treatment,1484.95,4,11,Consumer,South,4.8,0
C003396,Treatment,3852.54,5,25,Consumer,South,16.8,0
C003397,Control,2517.47,8,30,Enterprise,South,8.9,0
C003398,Control,4575.63,2,18,Consumer,East,7.1,1
C003399,Treatment,3944.89,6,43,Enterprise,South,14.6,0
C003400,Treatment,4863.34,8,37,Enterprise,South,8.3,0
C003401,Control,1687.35,3,20,Consumer,South,6.8,0
C003402,Treatment,767.63,7,12,Consumer,West,8.1,1
C003403,Treatment,2456.62,1,3,SMB,North,25.0,0
C003404,Treatment,1552.16,5,14,SMB,West,0.0,1
C003405,Treatment,2427.96,3,11,SMB,South,9.1,0
C003406,Treatment,2864.09,6,20,Consumer,South,14.0,0
C003407,Treatment,2809.99,7,16,Enterprise,East,10.9,0
C003408,Control,985.78,6,18,Consumer,South,10.9,1
C003409,Treatment,1672.07,1,20,SMB,East,12.8,0
C003410,Control,980.36,7,35,SMB,West,12.5,0
C003411,Treatment,1152.34,10,13,Consumer,West,8.0,0
C003412,Control,1609.1,5,13,Consumer,South,12.7,0
C003413,Treatment,2226.32,6,27,SMB,East,9.5,0
C003414,Control,3635.5,9,44,Enterprise,South,10.4,0
C003415,Control,1411.37,10,23,Consumer,West,4.7,0
C003416,Control,2402.86,16,65,Consumer,North,5.9,0
C003417,Treatment,1109.42,1,17,Consumer,North,6.5,0
C003418,Treatment,1334.71,12,24,Consumer,South,5.2,0
C003419,Control,1169.41,5,13,Consumer,South,4.0,1
C003420,Treatment,8345.24,17,72,Consumer,East,13.0,0
C003421,Treatment,2563.46,12,31,Consumer,North,5.8,0
C003422,Control,3844.68,6,22,Consumer,North,4.0,0
C003423,Treatment,1703.6,17,72,Consumer,East,9.9,0
C003424,Control,1047.64,1,12,Consumer,South,4.9,0
C003425,Control,1247.5,2,3,Enterprise,West,11.7,0
C003426,Treatment,1113.21,1,9,Consumer,South,10.4,0
C003427,Control,1029.31,2,11,Consumer,North,11.0,0
C003428,Treatment,1822.27,7,23,SMB,North,4.9,0
C003429,Treatment,2188.25,1,30,SMB,South,6.7,0
C003430,Treatment,2172.1,4,6,SMB,North,11.3,0
C003431,Treatment,2244.13,9,25,Consumer,West,1.8,0
C003432,Treatment,1804.61,1,3,Consumer,North,10.5,1
C003433,Treatment,4480.64,1,8,Consumer,West,9.1,0
C003434,Control,2173.18,4,33,SMB,South,14.8,1
C003435,Control,3988.29,12,44,Consumer,East,1.8,1
C003436,Treatment,2806.46,7,33,Consumer,North,6.7,0
C003437,Control,2229.22,8,14,Consumer,North,9.6,1
C003438,Control,1666.66,1,10,Consumer,South,14.8,0
C003439,Control,1944.85,9,36,Consumer,South,12.4,0
C003440,Treatment,3429.9,1,9,Consumer,South,6.1,0
C003441,Control,4231.26,7,25,Consumer,South,9.8,0
C003442,Control,1612.87,3,12,Consumer,South,13.0,1
C003443,Control,1395.37,8,24,Consumer,West,12.7,0
C003444,Control,1198.92,3,5,Consumer,South,14.4,0
C003445,Treatment,3181.04,14,47,SMB,North,4.0,0
C003446,Control,833.21,2,6,Consumer,South,17.5,0
C003447,Treatment,739.51,1,9,Consumer,South,4.9,1
C003448,Treatment,1465.97,7,20,Consumer,South,10.0,0
C003449,Control,1380.18,10,42,Consumer,East,6.5,0
C003450,Treatment,987.21,2,7,Consumer,East,8.7,0
C003451,Treatment,1518.42,5,14,Consumer,East,7.5,0
C003452,Treatment,3907.43,3,18,Enterprise,North,16.7,0
C003453,Control,2127.66,14,34,Consumer,North,3.4,1
C003454,Control,1816.11,6,7,Consumer,West,0.9,0
C003455,Treatment,1744.15,8,27,Consumer,South,4.4,0
C003456,Treatment,3065.01,10,39,SMB,South,4.3,0
C003457,Treatment,2901.27,6,21,Consumer,South,11.3,0
C003458,Treatment,1110.87,1,4,SMB,East,8.1,0
C003459,Control,1775.61,9,29,Consumer,North,10.6,0
C003460,Treatment,2005.59,8,41,Consumer,West,10.3,0
C003461,Control,1787.01,9,14,SMB,South,5.3,0
C003462,Treatment,1441.84,7,6,Consumer,West,5.9,0
C003463,Control,2467.43,7,22,Consumer,South,3.9,0
C003464,Control,1259.53,8,17,SMB,East,12.2,0
C003465,Treatment,3911.46,1,7,Enterprise,South,3.1,0
C003466,Treatment,2346.78,8,28,Consumer,West,0.0,0
C003467,Treatment,819.71,1,22,Consumer,South,5.5,0
C003468,Control,936.16,5,17,Consumer,West,15.5,1
C003469,Control,1962.64,2,15,Consumer,West,5.0,0
C003470,Treatment,4049.43,9,22,SMB,East,8.0,0
C003471,Control,1636.51,3,8,Consumer,South,3.8,0
C003472,Control,1937.76,7,34,Consumer,South,2.3,0
C003473,Treatment,1734.6,8,39,Consumer,West,4.9,0
C003474,Control,1924.97,1,16,Consumer,West,11.1,0
C003475,Treatment,1477.68,7,13,SMB,North,0.8,1
C003476,Control,1792.68,7,9,Consumer,South,16.0,0
C003477,Treatment,1238.75,5,6,Consumer,North,1.2,0
C003478,Treatment,841.14,2,12,Consumer,South,5.2,1
C003479,Treatment,1693.14,3,19,SMB,South,3.7,0
C003480,Treatment,1416.74,2,29,Consumer,West,6.3,0
C003481,Control,1158.18,2,7,SMB,North,16.1,1
C003482,Treatment,3220.42,1,16,Consumer,West,7.3,0
C003483,Treatment,1748.7,1,17,SMB,West,6.7,0
C003484,Treatment,1109.54,9,25,Consumer,South,11.6,0
C003485,Treatment,2595.93,9,11,Consumer,South,4.6,0
C003486,Treatment,2264.35,8,43,Enterprise,South,9.2,0
C003487,Treatment,1000.06,10,33,Consumer,South,15.3,1
C003488,Treatment,2717.95,4,20,Consumer,East,12.0,0
C003489,Control,2611.85,13,40,Enterprise,South,10.3,1
C003490,Control,2317.05,7,26,Consumer,North,10.2,0
C003491,Treatment,4801.71,11,37,SMB,West,6.3,0
C003492,Control,933.4,2,31,Consumer,South,2.9,1
C003493,Treatment,1528.04,6,23,SMB,North,11.9,0
C003494,Treatment,2661.98,5,24,Enterprise,West,8.6,0
C003495,Control,2494.59,10,20,Consumer,North,12.0,0
C003496,Treatment,2943.27,13,67,Consumer,North,16.2,0
C003497,Treatment,10021.37,8,34,Consumer,South,15.3,0
C003498,Treatment,2139.15,1,19,Consumer,South,8.9,0
C003499,Control,1476.69,10,42,Consumer,South,9.9,0
C003500,Treatment,1800.72,4,11,Consumer,East,4.3,1
C003501,Control,1549.52,5,21,Consumer,South,5.8,1
C003502,Treatment,3545.9,8,11,Enterprise,South,7.0,0
C003503,Control,1561.81,5,18,SMB,North,10.7,0
C003504,Treatment,1642.78,2,14,Consumer,South,7.6,0
C003505,Treatment,1066.21,3,19,Consumer,West,9.8,1
C003506,Treatment,2059.57,6,11,SMB,West,7.5,0
C003507,Control,1286.0,1,22,Consumer,East,5.5,0
C003508,Treatment,2082.55,1,6,Enterprise,South,11.7,0
C003509,Treatment,1668.61,4,15,Consumer,South,10.2,0
C003510,Control,640.14,3,12,Consumer,West,5.8,0
C003511,Treatment,1929.77,1,1,Consumer,West,10.6,1
C003512,Treatment,1069.87,12,35,Consumer,East,6.8,0
C003513,Treatment,1700.82,11,51,Consumer,South,12.9,0
C003514,Treatment,1221.08,4,25,Consumer,North,16.0,0
C003515,Treatment,727.54,10,18,Consumer,North,6.7,0
C003516,Treatment,2125.74,3,12,Consumer,North,10.2,0
C003517,Treatment,1756.8,7,21,Consumer,South,11.3,0
C003518,Control,1705.34,12,29,Consumer,North,8.3,0
C003519,Treatment,4423.24,6,34,Consumer,South,5.2,1
C003520,Treatment,1225.16,13,29,Consumer,East,9.4,0
C003521,Treatment,1087.39,9,11,Enterprise,East,11.9,0
C003522,Treatment,2001.44,2,13,Consumer,South,2.2,0
C003523,Control,1873.8,1,8,Consumer,South,7.7,0
C003524,Control,953.34,6,10,Enterprise,South,13.5,1
C003525,Treatment,1103.14,11,28,SMB,West,13.2,0
C003526,Control,2086.88,8,18,Consumer,South,3.0,0
C003527,Control,2026.58,7,29,SMB,West,2.0,0
C003528,Control,3347.85,10,32,SMB,South,13.9,0
C003529,Treatment,2093.99,8,20,SMB,East,0.5,1
C003530,Control,2039.93,8,30,Consumer,South,5.6,0
C003531,Control,1578.99,3,15,Consumer,East,12.7,0
C003532,Control,2536.97,8,20,Enterprise,West,14.8,0
C003533,Control,1269.99,2,6,Consumer,South,4.3,0
C003534,Control,1362.49,1,15,SMB,West,10.2,0
C003535,Treatment,2035.31,1,10,Consumer,West,14.1,0
C003536,Treatment,3965.43,6,5,SMB,West,7.3,0
C003537,Control,3950.92,3,23,Enterprise,North,6.8,0
C003538,Treatment,1096.35,5,16,Consumer,North,16.5,0
C003539,Control,882.97,8,14,Consumer,West,8.3,0
C003540,Control,1012.48,5,14,SMB,East,0.0,1
C003541,Treatment,1685.95,10,7,SMB,West,9.6,0
C003542,Treatment,2487.07,6,26,SMB,South,11.5,0
C003543,Treatment,2263.47,4,26,Enterprise,West,13.8,0
C003544,Control,1981.41,1,11,Consumer,West,12.2,1
C003545,Control,1562.76,1,8,SMB,West,10.8,0
C003546,Control,1903.18,11,23,SMB,East,5.2,0
C003547,Control,1242.37,7,44,Consumer,North,16.0,0
C003548,Treatment,1974.74,1,18,Consumer,East,8.4,1
C003549,Control,1682.83,6,29,SMB,East,12.7,0
C003550,Treatment,721.97,2,13,SMB,South,12.9,0
C003551,Treatment,2620.69,4,21,Consumer,South,11.7,0
C003552,Treatment,745.47,6,3,Consumer,West,7.3,0
C003553,Control,1069.71,5,12,SMB,North,15.4,0
C003554,Treatment,819.45,6,7,Consumer,South,9.5,0
C003555,Control,2273.1,20,57,Consumer,East,10.3,0
C003556,Treatment,919.59,3,18,Consumer,West,12.7,1
C003557,Control,2294.82,17,72,Consumer,East,8.6,0
C003558,Treatment,1995.74,1,17,SMB,South,13.8,1
C003559,Treatment,1840.56,11,23,Consumer,North,10.5,0
C003560,Treatment,4146.86,4,16,SMB,South,7.3,0
C003561,Treatment,4644.99,1,13,Enterprise,South,11.5,0
C003562,Treatment,1558.03,2,22,Consumer,West,4.5,0
C003563,Treatment,4634.95,12,28,Consumer,South,9.8,0
C003564,Control,2067.39,1,9,Enterprise,North,8.0,0
C003565,Treatment,853.46,4,13,Consumer,West,12.3,0
C003566,Treatment,1036.28,4,6,SMB,North,12.4,0
C003567,Treatment,1716.84,4,4,Consumer,North,6.3,0
C003568,Control,1069.21,15,28,Consumer,South,5.4,0
C003569,Treatment,2613.42,6,26,SMB,North,15.2,0
C003570,Control,1948.07,2,15,Consumer,North,16.4,0
C003571,Treatment,1686.97,4,26,Consumer,West,20.7,0
C003572,Control,1620.02,11,29,Consumer,West,7.3,0
C003573,Control,2313.76,1,35,SMB,West,6.4,0
C003574,Control,997.15,3,3,Consumer,East,4.4,0
C003575,Control,3223.29,10,18,SMB,North,8.2,0
C003576,Control,1650.02,3,7,Consumer,West,2.2,0
C003577,Treatment,1047.06,7,10,Consumer,South,7.0,0
C003578,Control,511.17,1,9,Consumer,North,9.5,0
C003579,Treatment,3532.98,10,21,Consumer,South,1.5,0
C003580,Control,2183.94,5,12,Consumer,South,9.6,1
C003581,Treatment,1975.6,1,3,Consumer,North,13.8,0
C003582,Treatment,1028.22,5,24,Consumer,South,10.6,1
C003583,Control,916.05,8,7,Consumer,South,12.6,0
C003584,Treatment,2020.4,1,8,Consumer,South,5.4,0
C003585,Treatment,2193.51,14,72,Consumer,North,1.9,0
C003586,Treatment,1892.81,15,41,Consumer,South,13.9,1
C003587,Control,2421.46,5,12,Consumer,North,10.4,0
C003588,Control,2231.95,5,9,Enterprise,East,8.3,0
C003589,Treatment,2008.66,4,27,Consumer,South,8.8,0
C003590,Control,6405.88,13,72,Enterprise,South,4.2,0
C003591,Treatment,1228.14,16,47,Consumer,East,10.4,0
C003592,Control,2256.04,8,29,SMB,East,10.3,0
C003593,Treatment,4575.48,11,47,Consumer,North,10.2,0
C003594,Control,2805.72,5,25,Consumer,South,7.0,0
C003595,Control,1508.88,10,45,Consumer,West,10.8,0
C003596,Treatment,2253.17,1,11,SMB,South,10.4,1
C003597,Treatment,1921.26,10,35,SMB,South,10.3,0
C003598,Treatment,2100.69,3,17,SMB,South,8.8,1
C003599,Treatment,1325.74,6,28,Consumer,West,8.6,0
C003600,Control,1950.87,12,48,Consumer,South,7.8,0
C003601,Control,2624.11,9,14,SMB,West,9.4,0
C003602,Control,925.09,7,10,Consumer,East,2.4,0
C003603,Treatment,3259.81,7,37,Consumer,South,9.1,0
C003604,Control,4576.2,5,21,SMB,South,8.0,0
C003605,Treatment,777.33,1,23,Consumer,East,16.3,1
C003606,Control,1499.44,5,10,Consumer,North,4.1,0
C003607,Control,2532.97,9,27,SMB,South,3.1,0
C003608,Control,4194.12,8,32,Enterprise,South,6.0,0
C003609,Control,1344.29,8,12,Consumer,East,10.2,0
C003610,Control,2349.17,3,17,Enterprise,West,7.9,0
C003611,Treatment,3974.03,4,12,SMB,West,1.2,0
C003612,Control,3086.56,3,25,Consumer,South,3.1,0
C003613,Treatment,2122.89,9,41,SMB,West,14.0,0
C003614,Treatment,2227.4,1,1,Enterprise,West,17.8,0
C003615,Treatment,2432.05,6,13,SMB,West,11.5,0
C003616,Treatment,1171.86,11,56,Consumer,East,8.2,1
C003617,Control,2198.19,8,16,Consumer,South,9.9,0
C003618,Control,790.07,1,21,Consumer,West,5.5,0
C003619,Control,2975.55,18,72,Consumer,East,14.8,0
C003620,Treatment,1577.24,4,52,Consumer,East,16.1,0
C003621,Treatment,1193.54,6,26,Consumer,South,5.7,0
C003622,Control,1645.14,8,16,Consumer,North,11.2,0
C003623,Control,1981.51,8,32,Consumer,South,6.9,0
C003624,Treatment,959.97,7,12,SMB,South,11.5,0
C003625,Treatment,737.24,1,12,Consumer,South,7.6,1
C003626,Treatment,1256.57,3,7,Consumer,West,5.6,0
C003627,Treatment,664.34,1,11,Consumer,North,10.0,1
C003628,Treatment,2198.25,9,16,Enterprise,North,2.8,0
C003629,Treatment,2551.36,4,25,Consumer,South,8.9,0
C003630,Control,1955.4,4,26,Consumer,North,7.9,0
C003631,Control,1218.01,8,15,Consumer,South,11.8,1
C003632,Treatment,1253.58,2,22,Consumer,East,9.9,0
C003633,Treatment,3040.14,8,43,SMB,West,9.1,0
C003634,Control,1352.06,9,31,Consumer,South,13.0,1
C003635,Treatment,728.93,4,10,Consumer,South,12.5,0
C003636,Control,1058.51,3,18,Consumer,West,12.8,0
C003637,Treatment,3288.37,9,39,SMB,South,4.3,0
C003638,Control,705.23,9,11,Consumer,East,12.0,0
C003639,Treatment,1919.27,1,9,Consumer,East,15.9,1
C003640,Treatment,1072.09,4,12,Consumer,West,1.6,0
C003641,Control,3501.01,4,16,Consumer,North,3.4,0
C003642,Control,1049.95,6,10,Consumer,West,17.2,1
C003643,Treatment,2374.76,1,12,Consumer,West,10.9,1
C003644,Control,2548.2,8,44,SMB,North,6.2,0
C003645,Control,1064.04,8,40,Consumer,South,3.4,0
C003646,Treatment,1592.44,1,3,Consumer,South,6.1,0
C003647,Control,810.27,4,5,Consumer,South,0.0,0
C003648,Control,1445.99,10,31,Enterprise,West,10.5,0
C003649,Control,1906.5,5,11,Consumer,North,13.0,0
C003650,Treatment,1741.11,1,9,Consumer,South,15.2,0
C003651,Control,1644.08,5,24,SMB,North,0.7,1
C003652,Control,1399.51,6,28,Consumer,East,11.5,0
C003653,Control,2383.57,4,30,Enterprise,West,9.3,0
C003654,Control,1525.53,5,29,SMB,East,12.4,0
C003655,Control,1570.55,12,25,SMB,East,0.0,0
C003656,Control,1355.09,7,15,Consumer,North,8.9,1
C003657,Control,1430.3,5,34,Consumer,East,4.1,1
C003658,Control,2819.77,10,32,Enterprise,South,4.1,1
C003659,Treatment,2107.84,11,37,Consumer,South,17.1,0
C003660,Control,1974.29,1,9,Consumer,East,16.5,0
C003661,Control,2249.73,5,9,Consumer,West,9.9,0
C003662,Treatment,3115.14,14,72,Consumer,East,0.0,0
C003663,Treatment,2187.48,3,37,Consumer,East,6.0,0
C003664,Treatment,1247.46,2,12,Consumer,South,17.2,0
C003665,Control,965.82,1,15,Consumer,North,8.1,0
C003666,Control,2884.52,5,28,Enterprise,South,3.8,1
C003667,Control,1708.55,9,31,Consumer,East,9.6,0
C003668,Control,917.93,4,4,Consumer,East,8.6,0
C003669,Control,761.73,7,23,Consumer,East,4.1,0
C003670,Treatment,4266.33,9,32,SMB,South,6.1,1
C003671,Control,1920.68,1,12,SMB,South,2.8,0
C003672,Treatment,2070.8,1,4,Consumer,North,20.0,0
C003673,Control,2501.15,11,29,Enterprise,East,5.3,0
C003674,Control,1909.83,8,6,Consumer,West,6.7,0
C003675,Treatment,2515.82,10,41,Consumer,South,7.4,0
C003676,Treatment,2025.63,4,8,Consumer,East,12.2,0
C003677,Control,3368.39,12,21,Enterprise,East,0.2,0
C003678,Treatment,1702.93,1,4,SMB,North,8.6,0
C003679,Control,1532.22,6,21,Consumer,North,9.6,0
C003680,Control,3255.21,3,18,Consumer,South,11.0,0
C003681,Treatment,1292.66,1,15,Consumer,West,9.7,0
C003682,Control,1727.49,2,12,Consumer,North,4.3,0
C003683,Control,1929.7,6,15,Consumer,South,8.5,1
C003684,Control,2643.52,1,12,SMB,South,11.4,0
C003685,Control,1844.98,9,28,SMB,East,9.3,0
C003686,Control,2566.28,2,22,Consumer,South,8.6,0
C003687,Control,2489.44,4,20,Enterprise,West,15.4,0
C003688,Treatment,830.52,5,21,Consumer,South,12.7,0
C003689,Treatment,1509.51,2,14,Consumer,West,6.0,0
C003690,Control,1690.34,6,24,Consumer,East,7.6,0
C003691,Control,2721.49,8,32,Enterprise,South,10.8,0
C003692,Treatment,1601.31,7,26,Consumer,East,4.0,0
C003693,Control,1916.12,12,32,Consumer,South,9.0,0
C003694,Treatment,2731.47,5,28,Consumer,North,10.9,0
C003695,Treatment,3173.61,8,23,Enterprise,East,4.2,0
C003696,Control,2747.97,1,7,Consumer,South,12.7,0
C003697,Control,1326.01,4,11,SMB,South,12.7,0
C003698,Control,1229.91,5,4,SMB,East,0.0,0
C003699,Control,2699.67,11,32,SMB,East,11.2,1
C003700,Control,1820.12,2,7,Consumer,South,15.8,0
C003701,Treatment,2313.01,6,10,Consumer,South,9.0,1
C003702,Control,1371.44,5,14,Consumer,South,3.2,0
C003703,Treatment,1513.58,5,14,SMB,South,11.7,0
C003704,Treatment,1949.31,6,16,SMB,South,6.6,0
C003705,Control,642.64,8,33,Consumer,North,11.5,0
C003706,Control,2157.93,3,23,Consumer,West,12.0,0
C003707,Control,1392.37,6,27,Consumer,South,3.7,1
C003708,Treatment,1001.47,8,9,Consumer,North,10.0,0
C003709,Control,1670.17,5,27,Consumer,West,4.5,0
C003710,Treatment,4047.76,13,9,Enterprise,East,3.2,1
C003711,Treatment,1873.03,2,16,Consumer,West,12.4,0
C003712,Treatment,1403.48,7,12,Consumer,South,9.4,0
C003713,Treatment,1821.52,1,12,Consumer,East,0.0,0
C003714,Treatment,4553.32,16,66,Enterprise,West,11.9,0
C003715,Treatment,3223.11,1,13,Consumer,South,3.7,0
C003716,Treatment,2825.26,5,3,SMB,North,9.1,0
C003717,Treatment,1585.36,8,32,Consumer,North,7.1,0
C003718,Treatment,1487.46,8,17,Consumer,West,13.3,0
C003719,Treatment,1965.79,3,26,Consumer,South,11.3,0
C003720,Control,877.45,4,10,SMB,South,10.2,0
C003721,Treatment,454.85,7,16,Consumer,South,11.6,0
C003722,Treatment,1594.45,7,18,Consumer,West,8.5,0
C003723,Treatment,3061.99,2,18,SMB,South,12.9,0
C003724,Control,5055.73,5,17,Consumer,South,10.3,0
C003725,Treatment,1558.22,6,30,Consumer,West,13.3,0
C003726,Treatment,1689.9,9,33,Consumer,South,15.5,0
C003727,Treatment,2158.2,1,10,Consumer,East,13.9,1
C003728,Control,1458.44,12,32,SMB,North,9.3,0
C003729,Treatment,3315.94,2,10,Consumer,South,16.2,0
C003730,Treatment,1167.31,8,25,Consumer,North,5.8,0
C003731,Treatment,1720.73,1,3,Consumer,South,8.7,0
C003732,Treatment,3354.87,3,30,Enterprise,South,11.4,0
C003733,Treatment,909.58,8,23,Consumer,West,7.8,0
C003734,Treatment,1298.9,6,11,Consumer,South,13.0,1
C003735,Control,1417.16,8,19,SMB,South,9.1,0
C003736,Treatment,2072.79,6,17,Enterprise,East,1.6,1
C003737,Control,2369.05,9,20,Consumer,West,3.2,0
C003738,Treatment,781.63,7,21,Consumer,South,13.1,0
C003739,Treatment,904.43,2,17,SMB,North,4.7,0
C003740,Control,1818.18,18,45,Consumer,North,9.2,0
C003741,Control,1372.82,2,13,Enterprise,West,6.9,0
C003742,Control,2067.1,9,25,Consumer,West,11.2,1
C003743,Treatment,1730.42,7,22,Consumer,South,8.8,0
C003744,Treatment,2254.22,7,14,Consumer,North,5.0,1
C003745,Control,944.89,9,41,Consumer,South,2.3,0
C003746,Treatment,1402.14,4,9,Consumer,East,12.8,0
C003747,Control,5352.59,5,28,Consumer,South,8.1,1
C003748,Treatment,3928.77,8,24,Enterprise,North,2.6,1
C003749,Control,2170.42,2,23,Consumer,South,10.0,0
C003750,Control,2086.4,9,19,Consumer,East,10.5,0
C003751,Control,1311.01,15,32,Consumer,West,7.4,0
C003752,Treatment,1158.49,6,7,Consumer,North,8.6,0
C003753,Control,775.49,1,11,Consumer,West,13.7,1
C003754,Treatment,1932.14,5,24,Consumer,South,9.3,0
C003755,Control,3905.81,7,11,Consumer,East,2.3,0
C003756,Control,2293.24,1,10,SMB,West,9.2,1
C003757,Control,973.38,5,38,Consumer,South,13.4,0
C003758,Control,1877.53,10,39,SMB,North,3.0,0
C003759,Treatment,2388.77,5,25,Consumer,South,12.2,0
C003760,Control,1494.48,2,11,Consumer,West,8.6,0
C003761,Treatment,1519.83,1,13,Consumer,South,2.3,0
C003762,Control,1178.62,11,21,Consumer,South,13.0,0
C003763,Control,1448.78,2,16,Enterprise,East,5.4,1
C003764,Control,1292.09,6,28,SMB,South,8.9,0
C003765,Control,4617.92,4,8,Enterprise,South,10.4,0
C003766,Treatment,2009.09,2,8,SMB,West,9.4,0
C003767,Treatment,4509.19,3,17,Enterprise,South,5.6,1
C003768,Control,2046.32,12,40,Consumer,South,14.3,0
C003769,Treatment,1979.0,7,24,Consumer,South,5.0,0
C003770,Treatment,1443.47,6,20,Consumer,West,7.3,0
C003771,Treatment,1793.62,4,20,SMB,North,12.8,0
C003772,Treatment,1945.28,5,39,Enterprise,North,8.4,0
C003773,Treatment,2222.12,15,51,SMB,South,7.3,0
C003774,Treatment,952.51,1,8,SMB,North,7.4,0
C003775,Treatment,1374.98,2,21,SMB,North,0.5,0
C003776,Control,1562.84,5,23,Consumer,North,13.2,0
C003777,Treatment,1270.74,4,13,Consumer,North,3.4,0
C003778,Control,1625.77,1,10,SMB,East,8.8,0
C003779,Treatment,2342.4,1,4,Consumer,North,0.0,1
C003780,Treatment,2284.87,5,19,Consumer,South,9.3,1
C003781,Control,2020.59,7,49,Consumer,East,3.0,0
C003782,Treatment,1074.52,11,32,Consumer,North,1.1,0
C003783,Treatment,1857.58,1,19,Enterprise,South,4.3,0
C003784,Control,1569.67,8,24,SMB,West,1.2,0
C003785,Treatment,1063.4,6,19,Consumer,East,8.0,0
C003786,Treatment,615.42,13,19,Consumer,East,8.9,1
C003787,Treatment,3646.81,8,32,Consumer,South,8.1,0
C003788,Control,1608.77,1,19,Consumer,West,5.6,0
C003789,Control,1710.72,1,8,Consumer,North,12.4,0
C003790,Treatment,1237.73,2,9,Consumer,North,7.5,0
C003791,Control,1514.59,1,14,Consumer,West,13.7,1
C003792,Control,1556.47,2,23,Consumer,North,0.0,1
C003793,Control,2245.54,5,10,Consumer,South,9.6,0
C003794,Control,2325.51,9,4,SMB,North,9.5,0
C003795,Treatment,1486.8,4,15,Consumer,South,5.0,0
C003796,Treatment,841.54,4,26,Consumer,East,13.5,0
C003797,Treatment,2025.94,11,34,Enterprise,South,8.3,0
C003798,Treatment,1246.9,7,10,Consumer,South,9.1,0
C003799,Control,2043.68,4,17,SMB,North,10.2,0
C003800,Control,843.01,5,8,Consumer,South,16.8,0
C003801,Control,1158.33,8,13,Consumer,East,6.6,0
C003802,Control,1970.78,3,5,Consumer,North,9.2,0
C003803,Control,2953.52,1,7,Enterprise,East,13.8,0
C003804,Control,2086.81,1,6,Enterprise,South,7.9,0
C003805,Control,1817.18,5,35,Consumer,South,13.3,0
C003806,Control,3240.18,1,10,SMB,South,8.4,1
C003807,Treatment,2977.76,9,29,Consumer,West,10.1,0
C003808,Treatment,1717.26,2,7,Consumer,South,7.8,1
C003809,Treatment,2256.54,1,17,Consumer,North,7.1,1
C003810,Treatment,2279.13,7,22,Consumer,West,8.5,0
C003811,Treatment,1544.06,10,24,Consumer,North,4.8,0
C003812,Control,976.33,2,4,Consumer,West,4.9,0
C003813,Treatment,2443.87,6,25,Consumer,North,7.8,0
C003814,Control,3073.33,11,27,Consumer,South,8.7,0
C003815,Control,1031.15,5,2,Consumer,South,11.3,0
C003816,Control,1025.86,5,9,Consumer,North,6.8,0
C003817,Control,1155.19,11,26,Consumer,East,15.2,0
C003818,Control,995.77,15,48,Consumer,South,3.1,0
C003819,Treatment,906.72,6,26,Consumer,South,4.6,1
C003820,Treatment,674.36,3,2,Consumer,West,10.2,0
C003821,Treatment,1374.05,7,25,Consumer,East,14.3,0
C003822,Treatment,1204.15,9,7,Consumer,South,5.3,0
C003823,Treatment,1292.67,7,22,Consumer,South,15.3,0
C003824,Control,1433.31,8,26,Consumer,North,11.9,0
C003825,Treatment,2705.79,11,21,Consumer,West,10.8,1
C003826,Treatment,1774.4,8,31,Consumer,East,10.7,1
C003827,Control,1197.79,2,10,Consumer,East,10.5,0
C003828,Control,2929.84,1,27,SMB,South,6.4,1
C003829,Treatment,1176.53,3,14,Consumer,South,6.4,0
C003830,Treatment,1684.26,7,26,Consumer,North,6.3,0
C003831,Control,1266.76,6,8,SMB,North,6.5,0
C003832,Treatment,703.07,4,11,Consumer,South,11.5,0
C003833,Control,1528.98,5,29,Consumer,South,14.1,1
C003834,Control,1451.88,6,17,Consumer,North,4.0,0
C003835,Control,2093.11,1,10,Enterprise,South,4.5,0
C003836,Control,2778.93,11,30,Consumer,South,14.6,0
C003837,Treatment,1599.45,8,11,Consumer,South,8.3,0
C003838,Control,1896.47,1,24,Consumer,West,11.5,0
C003839,Treatment,774.83,1,11,Consumer,East,6.7,0
C003840,Control,3002.16,12,47,Consumer,North,17.1,0
C003841,Treatment,3165.81,11,20,Enterprise,West,9.0,0
C003842,Treatment,3233.29,5,17,Consumer,South,12.2,0
C003843,Treatment,4075.82,9,33,SMB,South,12.7,0
C003844,Treatment,1105.29,4,10,Enterprise,West,1.3,0
C003845,Treatment,1095.16,2,28,Consumer,North,1.0,1
C003846,Treatment,852.44,2,10,Consumer,East,6.0,0
C003847,Treatment,1774.49,3,17,Consumer,South,8.8,0
C003848,Treatment,2982.16,5,12,SMB,North,8.6,0
C003849,Control,1254.47,1,7,Consumer,South,13.2,1
C003850,Control,1642.7,3,7,Consumer,South,4.3,1
C003851,Control,971.08,4,12,Consumer,North,3.9,0
C003852,Control,1328.06,7,27,Consumer,South,4.5,0
C003853,Control,2856.19,19,72,Consumer,South,13.7,0
C003854,Control,2068.02,4,7,Consumer,South,12.0,0
C003855,Treatment,2635.13,4,16,SMB,North,2.8,0
C003856,Control,1955.88,6,14,Enterprise,South,11.9,0
C003857,Treatment,2344.08,5,28,Enterprise,South,6.2,0
C003858,Control,1495.47,6,39,Consumer,South,2.4,1
C003859,Treatment,1578.06,9,20,Consumer,East,8.4,0
C003860,Control,2555.58,1,8,Consumer,West,8.2,0
C003861,Control,1311.07,1,14,Consumer,North,12.1,0
C003862,Control,3015.59,11,24,Enterprise,South,8.2,0
C003863,Treatment,2916.26,7,15,SMB,West,13.8,0
C003864,Control,1541.48,3,9,Consumer,East,14.3,0
C003865,Treatment,2688.44,8,18,SMB,West,6.1,0
C003866,Control,1339.3,3,15,Consumer,East,7.8,0
C003867,Treatment,2305.12,7,21,SMB,East,13.1,0
C003868,Control,1792.11,7,29,Consumer,North,8.8,0
C003869,Treatment,1409.41,8,38,SMB,South,13.2,0
C003870,Control,2029.67,13,52,Enterprise,East,13.4,0
C003871,Control,2020.23,11,65,Consumer,South,1.3,0
C003872,Control,927.71,1,6,Consumer,West,11.2,0
C003873,Control,1107.0,1,23,Consumer,West,10.6,0
C003874,Control,4254.38,1,4,SMB,South,10.7,0
C003875,Treatment,1968.91,6,21,Consumer,South,10.3,0
C003876,Control,4402.52,3,27,Enterprise,West,10.2,0
C003877,Control,627.52,4,6,SMB,West,16.9,0
C003878,Treatment,4195.55,6,54,Consumer,West,10.6,0
C003879,Control,777.48,1,7,Consumer,East,6.8,0
C003880,Control,2527.76,3,8,Consumer,West,7.0,0
C003881,Treatment,1439.93,7,27,Consumer,South,7.7,0
C003882,Treatment,1005.31,7,23,Consumer,North,14.5,0
C003883,Treatment,2164.09,1,23,Consumer,North,4.1,0
C003884,Control,729.12,2,1,Consumer,South,15.7,0
C003885,Treatment,1441.06,8,24,Consumer,West,9.8,0
C003886,Control,910.33,5,22,Consumer,South,0.0,0
C003887,Treatment,3664.74,3,12,Consumer,East,14.8,0
C003888,Treatment,978.9,1,5,Consumer,South,12.5,0
C003889,Treatment,2551.9,8,18,SMB,East,7.3,1
C003890,Control,1861.67,3,29,Consumer,North,9.8,0
C003891,Control,2367.52,12,36,Consumer,South,13.1,0
C003892,Treatment,2126.59,11,14,Enterprise,North,14.2,1
C003893,Treatment,4084.01,8,39,Enterprise,South,8.3,0
C003894,Treatment,3366.3,1,4,Consumer,South,15.0,0
C003895,Treatment,2078.85,7,29,SMB,East,8.2,0
C003896,Treatment,1273.41,8,17,Consumer,South,14.4,0
C003897,Control,1161.59,1,4,SMB,West,1.8,0
C003898,Control,1774.26,2,35,Consumer,West,15.9,1
C003899,Control,1378.98,8,17,Consumer,South,1.1,0
C003900,Control,2362.37,8,31,Enterprise,North,5.4,0
C003901,Control,1446.8,4,16,Consumer,North,13.6,0
C003902,Treatment,1103.16,5,16,Consumer,North,9.4,1
C003903,Treatment,2658.65,1,12,Enterprise,South,12.2,0
C003904,Treatment,1054.91,5,18,Consumer,West,3.6,1
C003905,Control,2412.01,7,24,Consumer,West,5.2,0
C003906,Treatment,963.03,6,17,Consumer,South,7.7,0
C003907,Treatment,1415.23,3,7,SMB,West,2.0,0
C003908,Treatment,4301.79,1,22,SMB,West,14.1,0
C003909,Treatment,1344.74,5,22,Consumer,South,8.7,0
C003910,Treatment,1059.92,3,6,Consumer,West,3.9,0
C003911,Treatment,1257.62,4,11,Consumer,West,8.7,0
C003912,Control,1745.4,1,6,Consumer,West,9.0,0
C003913,Treatment,728.39,11,18,Consumer,East,11.2,0
C003914,Control,2045.96,6,27,Consumer,South,8.4,0
C003915,Control,1206.75,8,25,SMB,South,5.5,0
C003916,Control,3300.25,1,5,SMB,West,8.0,0
C003917,Treatment,1298.98,6,17,Consumer,South,18.4,0
C003918,Treatment,449.51,1,8,Consumer,South,10.5,1
C003919,Treatment,2949.54,7,6,Consumer,South,4.6,1
C003920,Control,2349.87,6,17,Consumer,South,13.5,0
C003921,Control,985.15,2,12,Consumer,North,19.5,1
C003922,Treatment,1213.06,10,49,Consumer,West,11.4,0
C003923,Control,1327.31,10,52,Consumer,South,8.7,1
C003924,Treatment,1234.9,6,27,Consumer,South,2.3,0
C003925,Control,3100.49,4,11,Enterprise,South,8.6,0
C003926,Treatment,2014.29,1,3,Consumer,South,3.4,0
C003927,Treatment,528.78,6,11,Consumer,West,10.3,0
C003928,Treatment,1540.29,14,29,Consumer,West,0.0,0
C003929,Control,1972.75,3,13,SMB,West,11.6,0
C003930,Treatment,1205.9,1,5,SMB,South,1.0,1
C003931,Treatment,2680.14,9,43,Consumer,West,9.4,1
C003932,Treatment,606.94,3,9,Consumer,South,16.0,0
C003933,Treatment,1033.94,6,10,Consumer,East,4.8,0
C003934,Control,2282.85,7,37,Consumer,East,6.0,0
C003935,Control,1469.75,3,20,Consumer,South,10.6,0
C003936,Control,1058.57,4,21,Consumer,South,6.5,0
C003937,Control,1581.54,2,21,Consumer,East,14.4,0
C003938,Treatment,1219.97,1,8,SMB,South,7.7,0
C003939,Control,3593.1,7,26,Enterprise,East,13.4,0
C003940,Control,1047.7,4,33,Consumer,South,11.2,0
C003941,Control,2957.79,4,18,SMB,East,9.2,0
C003942,Control,3586.49,6,15,Enterprise,West,9.6,0
C003943,Control,4284.63,7,39,Consumer,North,10.6,0
C003944,Treatment,1507.66,11,30,Consumer,South,7.3,0
C003945,Control,2075.92,1,9,SMB,South,14.3,0
C003946,Treatment,1030.77,2,28,Consumer,North,3.2,0
C003947,Control,4735.89,3,16,Enterprise,South,16.2,0
C003948,Control,1313.46,7,21,Consumer,East,3.2,0
C003949,Treatment,6401.22,14,50,Enterprise,North,13.6,0
C003950,Control,1814.91,4,5,Consumer,East,17.7,0
C003951,Control,1518.52,7,3,SMB,North,16.8,0
C003952,Treatment,1520.85,4,11,Consumer,North,0.0,1
C003953,Treatment,1571.02,3,15,Consumer,South,9.2,0
C003954,Treatment,1366.9,3,10,Consumer,West,9.1,1
C003955,Control,1668.53,3,26,Consumer,South,16.3,0
C003956,Treatment,1159.53,9,24,Consumer,South,2.9,0
C003957,Treatment,1815.95,1,18,Consumer,South,8.8,0
C003958,Treatment,2069.09,3,22,Consumer,South,4.8,0
C003959,Control,738.17,5,21,Consumer,East,10.0,0
C003960,Control,3753.49,7,42,Consumer,South,6.5,0
C003961,Control,539.2,4,8,Consumer,North,9.8,0
C003962,Control,2545.58,6,20,SMB,South,7.3,0
C003963,Treatment,1798.44,11,37,SMB,East,2.5,0
C003964,Control,873.18,6,15,Consumer,West,13.4,0
C003965,Control,1634.74,6,18,SMB,East,0.0,0
C003966,Control,1504.6,7,30,SMB,East,9.7,1
C003967,Control,2134.26,4,3,Consumer,South,7.6,0
C003968,Control,767.66,8,33,Consumer,South,12.0,0
C003969,Control,891.42,10,22,Consumer,East,18.8,0
C003970,Control,1838.19,10,28,Consumer,South,0.7,0
C003971,Treatment,1723.55,6,26,Enterprise,West,6.2,0
C003972,Control,1289.35,6,5,Consumer,South,8.0,0
C003973,Treatment,1566.16,7,6,Consumer,East,5.6,0
C003974,Control,815.6,8,2,Consumer,South,12.2,0
C003975,Control,767.12,6,5,Consumer,West,8.9,0
C003976,Control,981.62,1,8,SMB,North,5.7,0
C003977,Control,1142.96,2,18,SMB,West,4.4,0
C003978,Control,4241.37,6,38,Enterprise,North,0.0,0
C003979,Control,1266.52,7,14,Consumer,North,11.8,1
C003980,Treatment,1381.47,13,17,SMB,West,6.1,1
C003981,Control,1346.51,6,16,Enterprise,South,17.4,0
C003982,Control,1406.68,6,24,SMB,East,14.6,0
C003983,Treatment,2161.92,5,11,Enterprise,South,7.7,1
C003984,Control,604.87,7,17,Consumer,West,8.4,0
C003985,Control,1769.7,11,31,Consumer,West,5.0,0
C003986,Control,1264.13,8,39,Consumer,South,8.2,0
C003987,Control,1539.75,10,37,SMB,West,6.9,1
C003988,Control,1669.57,11,34,Consumer,South,8.6,0
C003989,Treatment,2663.84,9,36,SMB,East,12.6,0
C003990,Treatment,680.53,1,18,Consumer,West,17.8,0
C003991,Treatment,1221.98,1,10,SMB,East,5.9,0
C003992,Control,1371.07,2,22,SMB,East,1.8,0
C003993,Control,754.94,10,24,Consumer,West,7.6,0
C003994,Control,2146.37,9,14,Consumer,South,9.3,1
C003995,Control,1651.67,1,11,Consumer,West,11.3,0
C003996,Control,2381.21,11,36,Enterprise,North,13.9,0
C003997,Control,1353.02,1,17,Consumer,South,2.4,0
C003998,Control,2398.51,2,14,Consumer,West,10.2,0
C003999,Control,1263.46,6,15,SMB,South,17.4,1
C004000,Control,974.72,8,20,Consumer,South,10.5,0
C004001,Treatment,1713.26,2,11,Consumer,West,3.9,0
C004002,Control,1430.45,6,23,SMB,South,2.0,0
C004003,Treatment,1796.13,1,1,SMB,North,8.1,0
C004004,Control,882.9,1,6,Consumer,North,16.0,0
C004005,Treatment,2126.56,7,13,Enterprise,South,8.4,0
C004006,Control,2083.12,7,25,SMB,South,5.5,0
C004007,Control,703.37,2,13,Consumer,North,3.6,0
C004008,Control,2761.69,8,32,Consumer,West,18.1,0
C004009,Control,2930.37,13,39,SMB,South,0.0,0
C004010,Treatment,1501.62,2,16,SMB,West,7.1,0
C004011,Control,779.82,1,9,Consumer,West,3.8,1
C004012,Control,657.95,1,16,Consumer,South,8.2,1
C004013,Treatment,2414.5,15,32,Consumer,West,8.5,0
C004014,Control,1271.92,6,8,Consumer,North,12.8,0
C004015,Treatment,591.09,4,26,Consumer,East,2.3,0
C004016,Treatment,2276.85,5,16,SMB,West,8.9,0
C004017,Control,1695.2,8,27,Consumer,West,1.3,0
C004018,Control,3662.3,6,23,Consumer,South,1.1,0
C004019,Control,4195.71,2,12,Consumer,South,7.5,0
C004020,Treatment,2467.38,1,16,SMB,South,11.0,0
C004021,Control,2895.53,4,24,Consumer,West,12.2,0
C004022,Control,2192.37,6,31,Consumer,South,11.3,0
C004023,Control,1638.25,7,16,Consumer,South,8.8,0
C004024,Treatment,1273.72,8,32,Consumer,South,10.4,0
C004025,Treatment,4039.68,14,53,SMB,South,7.0,0
C004026,Treatment,2051.42,5,33,Consumer,South,4.8,0
C004027,Treatment,1601.43,4,17,Consumer,South,5.0,0
C004028,Treatment,2408.54,8,17,SMB,East,7.9,0
C004029,Control,1237.1,1,6,Consumer,South,5.4,0
C004030,Treatment,851.54,10,15,Consumer,South,16.5,1
C004031,Treatment,1194.76,7,26,Consumer,South,6.1,1
C004032,Control,2192.01,10,31,SMB,South,0.2,0
C004033,Treatment,2136.19,1,8,Enterprise,West,12.1,0
C004034,Treatment,2052.29,8,23,Consumer,South,12.3,0
C004035,Control,1686.73,6,35,Consumer,South,9.4,0
C004036,Control,1863.2,3,8,Consumer,South,9.1,0
C004037,Control,1915.2,2,21,Consumer,North,7.9,0
C004038,Treatment,2041.17,7,12,Consumer,West,7.6,0
C004039,Control,495.3,1,7,Consumer,West,8.1,1
C004040,Treatment,1918.7,6,16,Consumer,South,9.1,0
C004041,Control,2571.97,4,5,Consumer,South,7.9,1
C004042,Treatment,1864.46,5,12,Consumer,South,0.5,0
C004043,Control,1908.05,5,18,Enterprise,East,4.1,0
C004044,Treatment,2520.4,9,31,Consumer,North,9.7,0
C004045,Control,4190.44,3,8,Enterprise,West,3.9,0
C004046,Control,2063.9,4,15,Consumer,North,4.9,0
C004047,Control,609.12,10,31,Consumer,West,12.1,0
C004048,Control,1914.58,10,10,Consumer,North,1.2,0
C004049,Control,2800.05,3,7,Enterprise,South,4.1,1
C004050,Treatment,2007.79,5,38,SMB,South,11.5,1
C004051,Treatment,3094.94,4,17,Consumer,South,5.3,0
C004052,Treatment,952.95,10,32,Consumer,West,8.4,0
C004053,Treatment,2066.11,3,11,Consumer,South,0.0,0
C004054,Control,2039.25,3,27,Consumer,North,13.1,0
C004055,Treatment,1469.62,9,32,Consumer,West,13.1,0
C004056,Treatment,3210.75,3,12,Enterprise,South,8.7,0
C004057,Control,4958.25,5,26,SMB,North,3.7,0
C004058,Treatment,1886.61,5,11,SMB,North,15.8,0
C004059,Control,1733.57,12,38,Consumer,South,19.0,0
C004060,Treatment,1245.89,2,11,Consumer,West,16.4,0
C004061,Treatment,1197.97,12,39,Consumer,North,12.7,0
C004062,Treatment,2095.14,6,23,SMB,East,9.5,0
C004063,Control,3412.14,1,15,Consumer,South,7.2,1
C004064,Treatment,1805.07,4,42,Consumer,South,14.8,0
C004065,Control,1640.8,5,12,Consumer,East,8.3,0
C004066,Treatment,2053.38,12,53,Consumer,East,0.0,0
C004067,Control,939.97,5,26,Consumer,South,8.9,0
C004068,Treatment,1386.57,1,7,Consumer,South,8.0,0
C004069,Treatment,2698.14,1,13,SMB,North,5.9,1
C004070,Control,1301.63,5,15,SMB,East,12.6,0
C004071,Control,3140.93,9,54,SMB,East,5.9,1
C004072,Treatment,1950.26,8,36,SMB,South,9.9,0
C004073,Control,3352.24,6,31,Consumer,South,0.0,1
C004074,Control,1326.45,1,12,Consumer,West,4.2,1
C004075,Control,2189.4,7,16,Consumer,North,7.5,0
C004076,Control,1940.83,6,26,Consumer,East,0.0,0
C004077,Treatment,4432.3,14,27,SMB,East,4.6,0
C004078,Treatment,3453.47,2,17,SMB,South,12.2,0
C004079,Control,1785.85,10,16,Consumer,South,7.0,0
C004080,Control,1546.66,7,27,Consumer,South,15.3,0
C004081,Control,1061.92,8,42,Consumer,East,10.3,0
C004082,Control,717.7,1,1,Consumer,West,3.2,0
C004083,Treatment,1022.32,1,5,Consumer,South,14.9,1
C004084,Control,1558.35,5,27,Enterprise,North,11.9,0
C004085,Treatment,1226.27,2,13,Consumer,South,10.1,0
C004086,Treatment,1675.04,2,10,Enterprise,East,13.4,0
C004087,Treatment,2079.94,1,6,Consumer,South,4.6,0
C004088,Treatment,1957.53,6,10,Consumer,West,10.0,0
C004089,Control,905.17,2,19,Consumer,North,5.5,0
C004090,Control,695.65,2,16,Consumer,North,12.3,1
C004091,Control,1239.25,4,17,Consumer,South,3.5,0
C004092,Treatment,1681.72,2,17,Consumer,West,9.5,0
C004093,Treatment,647.42,9,25,Consumer,East,13.9,0
C004094,Control,15490.53,4,26,Consumer,South,7.6,1
C004095,Control,1635.64,2,8,Consumer,South,14.8,0
C004096,Control,1251.4,3,14,Consumer,West,6.2,0
C004097,Treatment,1630.56,11,51,SMB,West,3.6,0
C004098,Treatment,2124.71,9,8,Consumer,South,10.1,1
C004099,Treatment,1222.17,9,21,Consumer,West,8.4,0
C004100,Treatment,1093.46,9,28,SMB,West,14.2,1
C004101,Control,1542.76,9,35,Consumer,South,5.1,0
C004102,Treatment,2829.6,12,25,SMB,South,13.3,0
C004103,Treatment,1843.0,4,15,Consumer,South,9.3,0
C004104,Control,3255.09,3,12,SMB,South,13.3,0
C004105,Treatment,1280.28,6,24,Consumer,West,5.4,1
C004106,Control,1852.23,7,30,SMB,South,7.4,0
C004107,Treatment,2520.71,10,41,SMB,South,9.2,0
C004108,Treatment,1499.64,9,37,Consumer,South,14.3,1
C004109,Treatment,1887.86,1,32,Consumer,East,11.2,1
C004110,Treatment,1362.59,3,6,SMB,North,2.5,0
C004111,Control,1007.9,4,8,Consumer,South,5.2,0
C004112,Treatment,3193.73,16,68,SMB,North,8.4,0
C004113,Treatment,1719.42,3,17,Consumer,West,5.7,0
C004114,Treatment,1029.71,2,23,Consumer,North,16.6,0
C004115,Treatment,1708.05,5,3,SMB,North,5.8,1
C004116,Control,2670.09,7,33,Consumer,West,3.7,0
C004117,Treatment,4361.3,4,20,Consumer,North,6.6,0
C004118,Treatment,2238.27,3,19,Consumer,East,11.7,0
C004119,Control,2848.27,16,65,SMB,South,7.5,0
C004120,Control,1307.06,9,25,Consumer,West,16.1,0
C004121,Treatment,2171.84,6,16,Consumer,North,2.7,0
C004122,Treatment,1883.6,6,19,Consumer,North,7.8,1
C004123,Treatment,1482.96,3,12,Consumer,South,20.7,1
C004124,Control,644.56,2,9,Consumer,West,11.5,0
C004125,Treatment,1735.88,4,17,Consumer,West,5.7,0
C004126,Control,1557.48,4,5,Consumer,South,1.5,1
C004127,Treatment,2353.15,3,14,Enterprise,South,4.8,0
C004128,Control,2250.93,4,2,SMB,North,9.0,0
C004129,Treatment,3468.65,10,32,SMB,South,14.1,0
C004130,Treatment,1920.26,14,55,SMB,South,4.0,0
C004131,Treatment,7423.9,4,17,Consumer,West,3.9,0
C004132,Treatment,3285.01,1,10,SMB,North,8.3,0
C004133,Control,1729.48,6,21,Consumer,West,16.9,0
C004134,Treatment,3230.56,7,35,SMB,North,14.1,0
C004135,Treatment,1876.81,2,11,Enterprise,West,0.8,1
C004136,Control,1487.46,6,27,Consumer,South,8.3,1
C004137,Treatment,1562.37,4,6,Consumer,North,10.9,0
C004138,Treatment,1727.58,3,21,Consumer,West,8.7,0
C004139,Treatment,2039.52,12,28,Enterprise,South,3.8,0
C004140,Treatment,1446.19,4,5,Consumer,West,13.2,0
C004141,Control,1701.21,6,29,Consumer,West,12.0,0
C004142,Treatment,1239.01,7,16,SMB,West,15.3,0
C004143,Control,2274.45,8,45,Consumer,West,9.8,0
C004144,Control,1188.38,6,20,Consumer,South,7.0,0
C004145,Control,1919.25,9,30,Consumer,South,11.0,0
C004146,Control,1337.04,14,52,Consumer,East,5.4,1
C004147,Control,1341.55,4,16,Consumer,South,12.9,0
C004148,Treatment,1254.2,1,4,Consumer,South,16.6,0
C004149,Control,1505.31,3,9,Consumer,South,4.3,1
C004150,Control,660.3,9,19,Consumer,East,5.4,0
C004151,Control,5011.04,14,71,Enterprise,South,16.2,1
C004152,Treatment,3903.83,8,44,SMB,North,12.7,0
C004153,Control,705.31,3,11,Consumer,West,9.0,1
C004154,Control,2468.52,6,15,Consumer,West,2.3,1
C004155,Treatment,6382.35,4,28,Enterprise,South,7.8,0
C004156,Control,623.61,7,39,Consumer,North,7.7,0
C004157,Treatment,1147.9,1,5,Enterprise,East,6.5,0
C004158,Control,5950.99,11,28,Enterprise,South,9.7,0
C004159,Control,1916.97,2,19,Enterprise,East,0.6,0
C004160,Control,765.1,3,4,Consumer,West,9.5,0
C004161,Treatment,2033.54,2,14,Consumer,South,10.3,0
C004162,Control,988.87,5,12,Consumer,South,6.9,0
C004163,Treatment,1576.98,7,12,Consumer,North,14.5,0
C004164,Control,3832.82,9,39,Consumer,South,5.4,0
C004165,Treatment,739.33,8,23,Consumer,East,11.2,1
C004166,Control,1984.73,6,14,SMB,North,15.0,0
C004167,Control,808.69,5,12,Consumer,West,11.8,1
C004168,Control,2289.94,8,21,Consumer,East,2.9,0
C004169,Treatment,1592.75,11,13,Consumer,South,17.1,0
C004170,Control,2205.4,11,29,Consumer,South,8.5,0
C004171,Treatment,1871.53,1,16,SMB,South,13.1,0
C004172,Treatment,3229.93,1,3,SMB,South,9.9,0
C004173,Treatment,1122.65,2,5,SMB,South,14.4,0
C004174,Control,2642.88,1,11,SMB,North,13.1,0
C004175,Treatment,3255.86,4,16,Consumer,South,7.6,0
C004176,Treatment,3831.11,2,23,SMB,North,7.5,0
C004177,Treatment,2902.4,6,22,Consumer,North,11.5,0
C004178,Treatment,1970.86,12,47,SMB,East,7.3,1
C004179,Treatment,1454.52,1,2,Consumer,West,13.3,0
C004180,Treatment,3718.8,1,1,SMB,East,15.6,1
C004181,Treatment,2245.63,1,5,Consumer,West,10.9,0
C004182,Control,2250.62,4,9,Consumer,South,7.4,0
C004183,Treatment,2234.38,4,30,Consumer,South,13.0,0
C004184,Control,771.13,3,21,Consumer,West,14.6,0
C004185,Treatment,573.01,4,5,Consumer,North,7.6,0
C004186,Treatment,2937.14,2,9,SMB,North,5.2,0
C004187,Control,1106.55,2,9,Consumer,West,4.2,0
C004188,Control,2434.55,6,8,SMB,East,4.9,0
C004189,Control,1606.54,4,13,SMB,West,9.9,0
C004190,Control,1218.94,2,11,Consumer,North,13.3,0
C004191,Control,1526.96,6,12,Enterprise,West,2.9,0
C004192,Treatment,793.95,1,5,Consumer,South,12.5,0
C004193,Treatment,4850.76,1,23,Consumer,South,13.0,0
C004194,Treatment,1280.75,9,16,Consumer,West,16.8,0
C004195,Control,2149.18,1,10,SMB,South,7.2,0
C004196,Treatment,2296.5,8,6,Consumer,East,16.2,0
C004197,Control,2390.33,2,12,Consumer,West,9.9,0
C004198,Treatment,1070.79,1,3,Consumer,West,7.5,1
C004199,Control,1936.67,3,21,SMB,North,5.5,0
C004200,Control,1750.37,7,23,SMB,North,8.4,1
C004201,Control,1298.16,9,16,Consumer,West,4.3,0
C004202,Treatment,2370.83,13,46,Consumer,South,7.7,0
C004203,Control,2514.96,9,23,SMB,South,6.1,0
C004204,Treatment,3629.02,3,28,SMB,North,0.9,1
C004205,Treatment,1248.1,8,22,Consumer,North,11.1,0
C004206,Treatment,1541.12,5,22,SMB,West,10.6,0
C004207,Control,1208.14,10,18,Consumer,South,7.4,0
C004208,Control,2425.97,8,27,Consumer,West,11.2,0
C004209,Control,1618.99,6,17,Consumer,South,11.0,0
C004210,Control,3865.02,1,7,SMB,South,3.0,1
C004211,Treatment,2740.64,9,29,SMB,South,10.5,0
C004212,Control,2278.17,4,22,Consumer,West,10.4,1
C004213,Control,3037.7,5,7,SMB,South,7.7,0
C004214,Control,1516.49,4,15,Consumer,South,1.0,0
C004215,Treatment,1466.79,1,4,Consumer,South,23.2,0
C004216,Control,1838.43,11,38,SMB,North,6.9,0
C004217,Treatment,1336.65,6,21,Consumer,South,6.6,1
C004218,Control,2278.44,1,6,Enterprise,South,10.2,0
C004219,Treatment,2484.48,9,14,SMB,North,7.2,0
C004220,Treatment,1487.59,2,7,SMB,East,5.4,0
C004221,Control,1336.84,6,11,Consumer,North,14.1,0
C004222,Control,1336.9,6,22,SMB,East,2.3,0
C004223,Control,2272.31,5,29,Consumer,West,5.0,0
C004224,Control,866.47,2,6,Consumer,West,6.0,0
C004225,Control,2772.02,11,38,Consumer,East,10.6,0
C004226,Treatment,1428.08,15,33,Consumer,South,15.2,0
C004227,Treatment,2719.49,7,12,SMB,South,3.8,1
C004228,Control,1368.75,2,9,Consumer,South,9.0,0
C004229,Treatment,1502.48,2,26,Consumer,North,1.1,0
C004230,Control,1844.79,14,64,Consumer,East,5.0,0
C004231,Treatment,3457.96,5,16,Enterprise,North,8.2,0
C004232,Control,1331.64,7,11,SMB,South,10.0,0
C004233,Treatment,1340.85,7,10,Consumer,South,0.0,0
C004234,Treatment,5371.99,4,1,Enterprise,East,3.0,0
C004235,Control,4472.92,6,8,SMB,South,11.4,0
C004236,Control,2208.34,1,1,SMB,South,12.2,0
C004237,Control,1470.04,10,30,Consumer,East,6.0,0
C004238,Treatment,2658.85,10,36,Consumer,West,6.5,0
C004239,Treatment,1044.56,10,12,Consumer,East,5.8,0
C004240,Treatment,4305.72,5,15,SMB,South,14.8,0
C004241,Treatment,3021.76,3,8,Consumer,West,12.1,0
C004242,Treatment,2858.81,6,9,SMB,North,16.0,0
C004243,Control,9407.48,9,16,SMB,South,14.7,0
C004244,Treatment,1097.32,8,20,Consumer,North,8.5,1
C004245,Treatment,1334.95,12,47,Consumer,South,7.9,1
C004246,Control,1656.55,2,4,Consumer,East,9.6,0
C004247,Treatment,2517.52,2,14,SMB,South,8.7,0
C004248,Control,2177.69,9,19,Consumer,West,11.9,1
C004249,Control,1882.9,8,13,Consumer,South,11.0,0
C004250,Treatment,4071.28,1,23,Consumer,South,14.0,0
C004251,Control,2429.63,5,31,Consumer,South,5.5,0
C004252,Control,904.13,6,13,Consumer,East,10.8,0
C004253,Control,1254.23,3,15,Consumer,South,6.9,0
C004254,Treatment,2957.63,5,11,Consumer,South,13.4,1
C004255,Treatment,2060.72,3,24,Consumer,South,0.0,0
C004256,Control,1625.09,1,8,Consumer,South,12.0,0
C004257,Control,1414.86,4,30,SMB,South,4.4,0
C004258,Control,1026.55,3,10,Consumer,West,8.7,0
C004259,Treatment,4093.16,6,21,Consumer,South,9.7,1
C004260,Control,2130.69,2,20,Consumer,North,5.6,0
C004261,Treatment,2510.45,6,39,Consumer,East,6.8,0
C004262,Treatment,970.99,1,4,Consumer,West,10.2,0
C004263,Control,1422.0,7,32,SMB,East,7.9,0
C004264,Treatment,1386.7,1,8,Consumer,South,10.4,0
C004265,Treatment,3389.59,9,31,Enterprise,West,13.4,1
C004266,Treatment,1505.97,2,7,SMB,South,8.1,0
C004267,Control,1463.62,5,17,Consumer,South,13.3,0
C004268,Treatment,1496.74,5,11,Consumer,East,4.5,0
C004269,Treatment,874.09,5,29,Consumer,South,18.5,0
C004270,Treatment,2702.38,4,7,SMB,South,3.2,0
C004271,Treatment,856.42,3,5,Consumer,West,5.6,0
C004272,Control,4246.25,6,19,Enterprise,South,14.0,1
C004273,Treatment,1069.77,1,7,Consumer,North,12.1,0
C004274,Treatment,1300.39,9,22,SMB,South,10.9,0
C004275,Control,925.33,1,21,Consumer,South,8.8,0
C004276,Control,952.37,4,16,SMB,East,5.4,0
C004277,Control,871.8,2,17,Consumer,West,2.8,1
C004278,Treatment,1181.49,5,22,Consumer,East,11.5,0
C004279,Control,2026.81,1,15,Consumer,West,12.2,0
C004280,Treatment,525.29,1,10,Consumer,South,11.2,0
C004281,Control,1002.67,1,14,Consumer,South,8.1,1
C004282,Control,4868.93,1,14,SMB,South,16.7,1
C004283,Treatment,1599.74,6,17,SMB,West,11.3,0
C004284,Control,3410.62,11,56,SMB,North,9.7,1
C004285,Treatment,1866.39,4,14,Consumer,North,10.6,0
C004286,Control,1377.82,10,39,Consumer,South,18.0,0
C004287,Treatment,2116.47,9,32,SMB,South,5.5,1
C004288,Control,3331.66,3,8,Enterprise,East,5.6,0
C004289,Treatment,2512.14,1,7,Consumer,West,9.7,1
C004290,Treatment,821.03,4,19,Consumer,North,8.8,0
C004291,Control,2886.74,8,31,Consumer,South,12.5,1
C004292,Control,665.37,8,15,Consumer,North,9.4,0
C004293,Control,3186.88,1,19,SMB,South,12.4,0
C004294,Treatment,2621.29,6,18,Consumer,South,14.3,0
C004295,Treatment,3255.94,7,45,SMB,South,8.4,1
C004296,Control,1633.5,6,29,Consumer,South,16.7,0
C004297,Control,2440.58,3,12,Consumer,East,8.8,0
C004298,Treatment,1062.89,2,5,Consumer,West,12.0,0
C004299,Treatment,1760.34,3,16,Consumer,North,8.7,1
C004300,Treatment,1081.87,8,15,Consumer,East,4.2,0
C004301,Control,3831.59,18,72,Consumer,East,7.6,0
C004302,Treatment,1521.38,3,17,Consumer,North,16.6,0
C004303,Treatment,3917.11,10,17,Enterprise,South,2.5,1
C004304,Control,714.0,2,13,SMB,North,14.5,1
C004305,Control,1206.97,2,13,Consumer,North,1.0,0
C004306,Control,2130.47,8,29,Enterprise,South,10.1,0
C004307,Treatment,1223.87,5,27,Consumer,South,14.5,0
C004308,Control,1938.5,5,14,Consumer,West,2.1,0
C004309,Treatment,1062.74,6,25,Consumer,West,5.6,1
C004310,Treatment,2834.67,6,18,Enterprise,South,15.0,0
C004311,Treatment,4851.45,3,19,SMB,East,6.5,0
C004312,Treatment,2271.25,9,9,Enterprise,West,8.1,0
C004313,Control,958.18,5,26,Consumer,South,7.7,0
C004314,Treatment,4565.07,9,14,Enterprise,South,3.3,0
C004315,Control,1752.06,5,36,SMB,East,10.1,0
C004316,Treatment,1600.31,8,6,SMB,West,15.1,0
C004317,Treatment,1367.31,4,13,Enterprise,West,9.9,0
C004318,Treatment,2463.92,2,6,Consumer,North,14.7,0
C004319,Treatment,2676.96,1,30,Consumer,East,7.8,1
C004320,Control,2273.46,2,21,Consumer,South,10.3,0
C004321,Treatment,3585.65,1,6,SMB,South,13.4,0
C004322,Treatment,2062.87,2,18,Consumer,South,9.9,0
C004323,Treatment,946.08,6,14,Consumer,East,4.3,0
C004324,Control,942.69,3,13,Consumer,North,5.7,0
C004325,Control,1561.13,5,17,Consumer,South,9.4,0
C004326,Treatment,1946.91,12,51,Consumer,East,12.8,0
C004327,Control,1926.45,2,51,Consumer,North,8.3,0
C004328,Treatment,1088.99,4,19,Enterprise,West,13.5,1
C004329,Treatment,1793.86,11,15,Consumer,South,17.4,0
C004330,Treatment,1167.49,6,5,Enterprise,East,14.2,0
C004331,Control,2188.7,7,19,Consumer,North,7.0,0
C004332,Treatment,1184.41,12,52,Consumer,West,7.7,1
C004333,Control,3770.25,10,22,Enterprise,West,15.1,0
C004334,Control,2073.71,6,14,SMB,North,10.3,0
C004335,Treatment,895.44,2,8,Consumer,East,9.2,0
C004336,Control,2299.83,6,17,SMB,West,8.2,0
C004337,Control,3547.58,13,48,Consumer,North,5.2,1
C004338,Control,1784.27,8,14,Consumer,South,4.7,0
C004339,Treatment,1512.25,4,35,SMB,West,7.0,0
C004340,Treatment,1814.34,5,15,SMB,South,7.0,0
C004341,Control,1357.86,5,3,SMB,West,11.7,1
C004342,Control,936.35,1,4,Consumer,North,7.5,0
C004343,Treatment,782.22,6,26,Consumer,West,9.1,0
C004344,Control,3181.88,10,18,Consumer,West,7.1,0
C004345,Treatment,1325.06,8,32,Consumer,North,7.5,0
C004346,Treatment,795.0,2,16,Consumer,South,10.3,0
C004347,Treatment,1342.18,4,34,SMB,East,0.0,0
C004348,Treatment,1907.38,6,25,Enterprise,West,15.0,0
C004349,Treatment,616.09,1,6,Enterprise,North,8.3,0
C004350,Treatment,3027.28,8,14,SMB,South,4.6,1
C004351,Control,1716.84,1,11,Consumer,West,3.9,0
C004352,Control,1561.42,6,8,Consumer,South,9.3,0
C004353,Treatment,1473.85,4,15,Enterprise,East,0.0,0
C004354,Control,2518.14,7,34,Consumer,South,14.7,0
C004355,Treatment,1256.46,3,12,Consumer,West,5.3,0
C004356,Treatment,2428.67,7,7,Consumer,North,14.8,0
C004357,Treatment,673.47,10,30,Consumer,West,11.6,0
C004358,Control,1855.58,6,18,Enterprise,South,8.6,0
C004359,Control,763.41,1,4,Consumer,West,12.4,0
C004360,Treatment,983.01,8,23,Consumer,North,6.1,0
C004361,Control,1804.23,7,24,Consumer,East,7.7,0
C004362,Treatment,3124.95,3,16,SMB,West,17.2,0
C004363,Treatment,1796.07,1,6,Consumer,West,11.8,0
C004364,Treatment,1449.34,2,11,Consumer,North,12.8,0
C004365,Treatment,3073.77,1,13,Enterprise,South,8.9,0
C004366,Control,3228.3,2,16,Enterprise,North,4.9,1
C004367,Control,914.16,11,7,Consumer,North,8.3,0
C004368,Treatment,1755.53,2,28,Consumer,East,3.7,0
C004369,Control,3185.29,15,53,Enterprise,West,2.3,0
C004370,Control,1021.19,5,8,Enterprise,East,9.2,0
C004371,Control,3521.32,1,10,Consumer,North,5.6,0
C004372,Control,1704.0,6,10,Consumer,South,11.0,0
C004373,Treatment,1698.6,22,72,Consumer,South,6.2,0
C004374,Control,1728.11,5,20,SMB,North,0.9,0
C004375,Treatment,2145.2,11,35,Consumer,West,12.1,0
C004376,Control,1710.22,5,22,Consumer,North,11.9,0
C004377,Treatment,1708.91,4,6,SMB,North,11.3,0
C004378,Control,2320.71,1,8,Consumer,East,7.2,0
C004379,Treatment,2136.72,3,10,Enterprise,North,14.2,1
C004380,Control,2065.46,4,11,Consumer,South,8.4,0
C004381,Treatment,2850.16,6,28,Consumer,South,9.4,0
C004382,Control,5549.17,19,67,Enterprise,North,11.3,0
C004383,Control,1383.39,4,15,Consumer,South,3.4,0
C004384,Control,931.86,5,19,Consumer,South,9.0,0
C004385,Treatment,562.51,4,17,Consumer,East,8.6,0
C004386,Treatment,1464.65,1,5,Consumer,South,11.3,0
C004387,Control,2147.39,9,41,Consumer,South,10.7,0
C004388,Control,1792.51,6,25,Enterprise,East,14.4,0
C004389,Treatment,2674.88,6,15,Enterprise,North,16.1,0
C004390,Treatment,3312.5,15,57,Consumer,North,7.6,0
C004391,Control,910.59,7,4,Consumer,South,0.4,1
C004392,Treatment,1325.31,6,29,Consumer,North,0.0,0
C004393,Treatment,1308.34,2,16,Enterprise,North,14.0,0
C004394,Treatment,1174.1,4,12,Consumer,West,4.3,0
C004395,Control,1941.64,4,12,Consumer,South,7.5,1
C004396,Control,1248.4,7,15,Consumer,South,13.6,0
C004397,Control,2481.56,1,14,Enterprise,South,10.0,0
C004398,Treatment,954.31,6,23,Consumer,North,18.9,0
C004399,Control,2526.45,9,20,Consumer,West,13.1,0
C004400,Treatment,2524.68,12,39,Consumer,East,6.5,0
C004401,Treatment,943.46,8,14,Consumer,West,6.1,1
C004402,Treatment,2105.34,10,47,Consumer,North,13.2,1
C004403,Control,2307.67,4,44,Consumer,North,7.5,0
C004404,Control,2915.21,5,12,Consumer,East,12.2,0
C004405,Control,2881.95,13,49,Consumer,South,17.1,0
C004406,Treatment,2384.64,1,9,Consumer,North,3.5,0
C004407,Treatment,2450.63,8,29,SMB,South,4.4,1
C004408,Control,2150.79,6,22,SMB,North,2.4,0
C004409,Treatment,1623.92,1,11,Consumer,West,2.8,0
C004410,Control,1262.29,9,22,Consumer,West,5.6,0
C004411,Control,2022.11,1,11,Consumer,East,7.6,1
C004412,Control,1453.14,8,20,Consumer,South,6.8,1
C004413,Treatment,2392.22,2,18,SMB,West,9.8,1
C004414,Control,748.38,4,12,Consumer,East,7.8,0
C004415,Control,1633.78,12,49,SMB,West,13.2,0
C004416,Treatment,2143.69,12,51,SMB,South,22.9,1
C004417,Treatment,2948.52,8,14,Enterprise,West,8.3,0
C004418,Control,4300.7,12,42,SMB,South,6.8,0
C004419,Control,757.36,1,10,Consumer,East,5.3,1
C004420,Treatment,1044.84,2,4,Consumer,West,1.6,0
C004421,Control,1599.35,7,16,Consumer,West,6.2,0
C004422,Control,1578.45,6,15,Consumer,West,9.5,1
C004423,Treatment,2798.77,5,7,Consumer,South,8.5,0
C004424,Control,2685.14,4,10,Enterprise,East,16.8,0
C004425,Treatment,2195.65,13,43,Consumer,South,11.1,0
C004426,Control,1863.7,8,19,SMB,East,14.4,0
C004427,Control,2605.83,11,44,Consumer,North,7.1,0
C004428,Control,6211.58,5,23,Consumer,South,2.0,0
C004429,Control,2171.99,12,28,Consumer,West,12.6,0
C004430,Control,2621.03,5,24,Consumer,West,13.0,0
C004431,Control,2635.73,3,22,Consumer,South,4.4,0
C004432,Treatment,2794.28,3,14,Enterprise,North,0.2,0
C004433,Treatment,864.06,7,26,Consumer,South,1.3,0
C004434,Control,1350.08,6,27,Consumer,North,13.5,0
C004435,Treatment,1860.3,5,32,Consumer,North,9.5,0
C004436,Treatment,3873.07,8,36,Enterprise,West,8.4,1
C004437,Treatment,2930.16,14,46,Consumer,South,12.2,0
C004438,Control,2106.29,2,22,Consumer,North,7.8,0
C004439,Control,709.12,7,24,SMB,East,1.3,0
C004440,Control,1516.88,2,21,Consumer,North,6.3,0
C004441,Control,1715.38,7,45,Consumer,South,21.8,0
C004442,Control,1375.95,1,23,SMB,South,14.6,0
C004443,Treatment,1851.97,6,23,Consumer,North,10.6,0
C004444,Treatment,2216.42,1,25,Consumer,South,5.8,0
C004445,Control,1024.59,7,25,Consumer,East,11.1,0
C004446,Control,3119.22,5,21,SMB,South,13.9,0
C004447,Control,684.75,5,12,Consumer,West,10.9,0
C004448,Control,931.89,1,12,Consumer,West,9.0,0
C004449,Treatment,1948.84,1,7,Consumer,West,7.4,0
C004450,Control,1839.12,3,16,Consumer,West,14.1,0
C004451,Treatment,3255.36,3,6,Enterprise,West,9.1,0
C004452,Treatment,1558.82,5,3,Consumer,West,8.1,0
C004453,Treatment,1900.94,8,34,Consumer,South,8.2,0
C004454,Treatment,1470.76,1,12,SMB,North,6.4,0
C004455,Treatment,1095.67,5,2,Consumer,East,9.9,0
C004456,Control,3741.05,7,37,Consumer,West,1.1,0
C004457,Control,3885.72,1,9,SMB,West,6.4,0
C004458,Treatment,1665.58,5,15,SMB,East,5.6,0
C004459,Control,3460.01,8,34,Consumer,West,12.3,0
C004460,Treatment,4772.4,9,26,Consumer,East,10.8,1
C004461,Control,651.9,1,5,Consumer,East,19.9,0
C004462,Control,1738.16,3,7,SMB,North,7.9,0
C004463,Control,1392.06,3,18,SMB,South,12.4,0
C004464,Treatment,3154.94,4,8,Consumer,North,0.1,0
C004465,Control,1381.45,4,23,SMB,North,8.9,0
C004466,Control,1462.42,6,20,Consumer,South,6.2,0
C004467,Control,2317.48,15,50,Consumer,North,3.4,0
C004468,Treatment,1969.39,5,19,SMB,West,10.0,0
C004469,Treatment,973.0,3,12,Consumer,South,16.8,0
C004470,Control,893.59,8,9,Consumer,East,10.6,0
C004471,Treatment,1139.81,3,11,Consumer,North,2.5,1
C004472,Control,1068.81,10,37,Consumer,West,0.0,1
C004473,Treatment,2978.36,8,19,SMB,South,9.8,0
C004474,Control,2645.94,4,15,SMB,South,6.3,0
C004475,Control,1231.18,6,22,Consumer,East,3.1,0
C004476,Treatment,2239.33,2,6,Enterprise,South,11.9,0
C004477,Treatment,1403.94,7,22,Consumer,South,14.8,0
C004478,Control,1032.27,12,16,SMB,East,1.8,1
C004479,Treatment,1439.33,8,15,Consumer,West,13.4,0
C004480,Treatment,2643.91,14,45,Consumer,South,5.9,0
C004481,Control,1321.18,2,15,Enterprise,West,8.5,0
C004482,Treatment,1169.0,4,17,Consumer,South,13.7,0
C004483,Treatment,2944.07,5,11,Consumer,South,5.2,1
C004484,Control,2345.49,1,28,Consumer,South,8.5,0
C004485,Treatment,2622.16,14,72,Consumer,South,4.6,0
C004486,Control,1954.92,6,7,SMB,South,10.5,1
C004487,Treatment,1368.75,8,17,Consumer,West,11.0,0
C004488,Control,2306.84,4,10,Consumer,South,2.4,0
C004489,Control,1292.34,11,35,Consumer,West,5.3,0
C004490,Treatment,1427.57,15,35,Consumer,North,15.3,1
C004491,Treatment,1183.37,3,12,Consumer,East,11.7,0
C004492,Treatment,2493.84,12,22,SMB,North,9.9,0
C004493,Treatment,3107.1,7,18,Consumer,South,13.4,0
C004494,Control,727.71,4,13,Consumer,South,5.4,1
C004495,Control,2600.26,12,31,Enterprise,East,7.3,0
C004496,Control,854.34,2,12,Consumer,East,4.9,1
C004497,Control,2535.71,6,23,Consumer,South,2.1,0
C004498,Control,1538.53,3,9,Enterprise,North,5.6,0
C004499,Treatment,4570.19,19,63,Consumer,South,8.7,1
C004500,Treatment,2062.78,4,18,Consumer,South,11.6,0
C004501,Control,2375.52,3,12,Consumer,East,14.4,1
C004502,Control,1489.84,4,13,Consumer,South,9.4,1
C004503,Treatment,1568.75,1,16,SMB,West,11.7,0
C004504,Control,1666.41,8,16,Consumer,West,13.1,0
C004505,Control,2302.74,3,6,Enterprise,South,13.3,0
C004506,Control,1658.44,7,35,Consumer,West,6.2,1
C004507,Control,2407.58,6,12,Consumer,West,5.9,0
C004508,Control,1346.89,12,54,Consumer,North,9.1,0
C004509,Treatment,2495.11,7,22,SMB,West,18.3,0
C004510,Control,2383.42,1,12,Consumer,South,13.1,0
C004511,Treatment,1363.82,5,27,Consumer,East,7.1,0
C004512,Treatment,3106.76,6,18,Consumer,East,9.1,0
C004513,Treatment,1028.48,11,55,Consumer,West,10.3,0
C004514,Control,1308.89,1,22,Consumer,West,3.5,0
C004515,Control,2094.24,13,35,Enterprise,West,5.6,1
C004516,Control,777.41,3,27,Consumer,South,11.1,0
C004517,Control,1823.81,6,9,Consumer,West,12.3,0
C004518,Control,3318.04,12,53,Consumer,East,8.4,0
C004519,Treatment,1729.9,6,6,Consumer,West,6.9,0
C004520,Control,2797.72,5,17,SMB,West,10.7,0
C004521,Control,2866.68,6,23,Enterprise,North,4.5,0
C004522,Control,746.36,4,3,Consumer,South,4.9,0
C004523,Treatment,1406.91,4,11,SMB,West,22.1,0
C004524,Treatment,2082.95,6,21,SMB,West,5.5,0
C004525,Treatment,1288.63,6,22,Consumer,West,12.9,1
C004526,Treatment,3320.27,16,59,Consumer,South,7.3,1
C004527,Treatment,786.41,7,38,Consumer,South,11.8,0
C004528,Treatment,8815.14,8,13,Enterprise,South,13.2,0
C004529,Control,1416.06,3,3,SMB,South,2.0,1
C004530,Treatment,2016.87,6,5,Consumer,West,8.6,0
C004531,Treatment,1711.98,3,18,Consumer,South,3.6,0
C004532,Control,1653.51,13,29,SMB,South,4.8,1
C004533,Treatment,1909.95,6,11,SMB,South,15.2,1
C004534,Control,3823.43,19,58,Enterprise,West,5.4,0
C004535,Treatment,5884.51,4,18,SMB,East,5.8,0
C004536,Control,1137.43,1,15,Consumer,South,11.9,0
C004537,Treatment,2419.39,14,63,Consumer,South,22.0,1
C004538,Treatment,1702.11,15,56,Consumer,South,7.0,0
C004539,Control,2472.94,13,36,Consumer,South,5.5,0
C004540,Control,889.93,3,14,Consumer,East,8.2,0
C004541,Control,4452.46,17,59,Enterprise,South,12.2,0
C004542,Control,1721.37,10,39,SMB,South,13.7,0
C004543,Treatment,1814.94,8,18,Consumer,South,3.2,0
C004544,Control,1396.0,8,49,Consumer,South,16.9,0
C004545,Control,1654.64,2,13,Consumer,South,11.6,0
C004546,Control,1031.16,1,6,SMB,East,5.4,0
C004547,Treatment,3784.19,4,15,Consumer,North,8.0,1
C004548,Control,1385.94,6,6,Consumer,South,11.1,0
C004549,Treatment,634.14,9,19,Consumer,West,9.0,0
C004550,Control,3575.3,3,18,SMB,West,8.3,1
C004551,Control,1017.32,5,12,Consumer,North,18.3,0
C004552,Treatment,3620.49,11,39,Consumer,North,11.4,0
C004553,Control,1517.06,1,22,SMB,West,7.0,0
C004554,Treatment,802.32,5,13,Consumer,North,7.4,0
C004555,Control,1133.74,1,16,Consumer,West,16.8,0
C004556,Treatment,2401.78,7,31,SMB,West,10.6,0
C004557,Treatment,1010.88,7,38,Consumer,North,4.2,0
C004558,Treatment,1687.7,7,21,Consumer,North,8.0,0
C004559,Control,2293.83,6,10,Enterprise,West,8.9,0
C004560,Treatment,1028.45,9,16,Consumer,South,4.4,0
C004561,Treatment,1617.06,7,28,Enterprise,South,16.4,0
C004562,Control,2029.96,11,43,Consumer,South,3.4,0
C004563,Control,2108.01,2,14,Consumer,East,16.4,0
C004564,Treatment,1212.73,1,9,Consumer,West,3.7,0
C004565,Control,2644.08,6,32,SMB,East,10.4,0
C004566,Treatment,3036.18,10,42,Enterprise,North,14.6,0
C004567,Treatment,1597.35,12,20,Consumer,East,8.4,0
C004568,Control,3894.53,4,11,Enterprise,East,5.3,1
C004569,Treatment,2182.16,9,15,SMB,South,9.7,1
C004570,Treatment,3124.11,7,21,Enterprise,West,10.8,0
C004571,Control,801.08,6,12,SMB,East,15.1,0
C004572,Treatment,1255.86,3,7,SMB,North,3.6,0
C004573,Control,1300.12,4,12,Enterprise,West,4.9,0
C004574,Control,2293.11,5,14,SMB,South,18.2,0
C004575,Treatment,1550.61,2,14,SMB,South,10.0,0
C004576,Control,1651.73,1,2,Consumer,North,10.9,0
C004577,Treatment,1714.12,16,72,Consumer,South,12.3,1
C004578,Control,1525.5,4,13,SMB,South,9.6,0
C004579,Control,1973.72,1,8,Consumer,South,14.6,0
C004580,Control,1406.01,2,16,Consumer,West,12.0,0
C004581,Treatment,1994.45,11,40,SMB,East,9.3,1
C004582,Treatment,2085.28,12,39,Consumer,North,2.3,0
C004583,Treatment,3741.35,3,34,Enterprise,East,13.6,1
C004584,Treatment,1180.23,12,51,Consumer,East,17.5,0
C004585,Treatment,1137.55,14,10,Consumer,South,14.5,0
C004586,Treatment,1850.56,6,7,Consumer,West,0.0,1
C004587,Treatment,1885.55,4,28,Enterprise,South,14.6,0
C004588,Treatment,2563.54,5,14,Consumer,North,12.0,1
C004589,Treatment,3051.43,9,34,Enterprise,North,9.3,1
C004590,Treatment,2123.23,8,38,Consumer,South,3.1,0
C004591,Control,2384.37,9,23,Consumer,South,5.6,0
C004592,Control,2027.52,8,17,SMB,North,11.1,0
C004593,Treatment,1158.45,9,47,Consumer,South,7.0,1
C004594,Control,1304.91,8,22,Consumer,West,18.3,1
C004595,Control,1532.29,2,13,Consumer,West,1.8,0
C004596,Treatment,2037.58,5,18,Consumer,East,8.6,0
C004597,Control,1148.84,10,20,SMB,East,1.7,0
C004598,Control,825.18,1,4,Consumer,East,1.6,1
C004599,Control,1246.44,15,54,Consumer,South,3.9,0
C004600,Control,1441.37,1,11,Consumer,South,1.0,0
C004601,Treatment,1302.77,1,5,Consumer,South,11.5,0
C004602,Treatment,1511.07,4,21,SMB,North,5.4,0
C004603,Treatment,2593.9,4,24,SMB,South,4.1,0
C004604,Treatment,1124.39,1,11,Enterprise,South,8.8,0
C004605,Treatment,1306.36,1,14,Consumer,North,8.1,0
C004606,Control,2224.42,1,21,Consumer,South,7.9,0
C004607,Treatment,2034.9,3,21,Consumer,West,7.1,0
C004608,Control,4284.48,5,33,SMB,South,10.7,0
C004609,Control,2448.58,6,21,Consumer,South,11.8,0
C004610,Treatment,1512.19,6,4,Consumer,North,4.4,0
C004611,Treatment,884.1,6,17,Consumer,North,16.4,0
C004612,Control,2172.45,8,27,Enterprise,West,8.9,1
C004613,Treatment,1193.65,2,12,Consumer,North,14.2,0
C004614,Control,2679.99,6,17,Consumer,South,9.4,0
C004615,Control,2388.01,9,31,Consumer,West,12.7,0
C004616,Control,1105.43,4,21,Consumer,South,2.2,0
C004617,Control,4015.86,10,27,Consumer,East,3.8,0
C004618,Treatment,1429.04,5,23,Consumer,East,6.3,0
C004619,Control,1161.01,4,16,Consumer,North,3.2,0
C004620,Treatment,1917.26,15,64,Consumer,South,10.2,0
C004621,Control,794.34,1,9,Consumer,South,8.9,0
C004622,Treatment,1081.71,1,5,Consumer,South,4.5,0
C004623,Treatment,4799.19,5,19,SMB,South,11.4,0
C004624,Treatment,2180.02,3,16,Consumer,East,12.5,0
C004625,Control,2274.86,7,19,SMB,North,0.0,0
C004626,Treatment,3012.83,6,35,Consumer,North,13.6,0
C004627,Treatment,1322.8,2,10,Consumer,South,11.8,0
C004628,Control,2274.21,5,2,SMB,South,1.9,0
C004629,Control,2792.73,16,72,Consumer,East,5.8,0
C004630,Control,2955.52,7,16,Consumer,North,6.0,0
C004631,Control,3650.63,9,27,Enterprise,East,4.6,0
C004632,Control,1301.56,10,17,Enterprise,West,15.9,0
C004633,Control,3641.51,3,14,SMB,South,6.7,0
C004634,Control,1343.21,1,17,Consumer,West,0.0,0
C004635,Treatment,1427.55,2,28,Consumer,South,7.6,0
C004636,Control,578.95,6,34,Consumer,North,6.2,0
C004637,Control,1013.65,14,46,Consumer,South,5.8,0
C004638,Treatment,2158.1,9,30,Consumer,South,10.4,0
C004639,Control,1483.37,4,17,SMB,West,2.6,0
C004640,Control,1436.86,21,63,Consumer,South,17.0,0
C004641,Control,3348.68,3,27,Enterprise,South,8.4,1
C004642,Control,1593.72,10,30,Consumer,West,9.1,0
C004643,Control,1778.54,9,46,Consumer,South,7.0,0
C004644,Control,569.38,11,19,Consumer,East,16.0,0
C004645,Control,2112.17,9,44,SMB,South,5.9,1
C004646,Treatment,761.08,6,5,Consumer,West,9.9,0
C004647,Treatment,1821.99,4,18,Consumer,North,10.6,0
C004648,Control,1827.38,19,50,SMB,East,8.0,0
C004649,Control,1339.04,10,38,Consumer,South,11.5,1
C004650,Control,3517.72,6,24,Consumer,West,12.9,0
C004651,Treatment,1269.89,4,8,SMB,West,12.3,0
C004652,Treatment,2732.64,4,4,Enterprise,West,8.5,0
C004653,Control,677.77,10,18,Consumer,North,7.8,1
C004654,Control,2234.15,9,17,SMB,South,9.6,0
C004655,Control,2072.42,2,34,Consumer,West,7.2,0
C004656,Treatment,1057.39,5,21,Consumer,East,4.3,0
C004657,Treatment,1680.73,7,37,Consumer,West,9.7,0
C004658,Control,2484.84,9,24,Enterprise,West,15.6,0
C004659,Treatment,1867.56,2,9,Consumer,South,11.3,0
C004660,Control,3685.63,13,26,Enterprise,North,3.0,0
C004661,Treatment,2070.75,3,20,Consumer,South,9.4,1
C004662,Treatment,1511.21,1,19,Consumer,East,13.1,0
C004663,Control,1196.69,6,21,Consumer,South,8.2,0
C004664,Control,871.7,9,24,Consumer,North,9.8,0
C004665,Treatment,3217.57,2,19,Consumer,East,25.0,0
C004666,Control,1485.98,7,6,Consumer,North,17.4,0
C004667,Treatment,1247.18,1,7,SMB,South,9.1,0
C004668,Control,4137.99,3,14,SMB,South,12.3,0
C004669,Treatment,2086.48,10,42,Enterprise,South,8.1,0
C004670,Control,1535.65,4,22,Consumer,North,7.7,0
C004671,Control,1564.02,11,19,SMB,East,13.4,1
C004672,Control,2748.5,10,62,Consumer,West,13.4,0
C004673,Control,1322.81,2,23,Consumer,East,12.1,0
C004674,Control,1214.58,3,19,Consumer,West,8.2,1
C004675,Treatment,3890.86,1,15,Enterprise,South,17.5,0
C004676,Control,962.29,1,14,Consumer,North,4.2,0
C004677,Control,954.14,3,5,Consumer,North,9.6,1
C004678,Control,1162.25,2,19,Consumer,East,4.0,0
C004679,Control,1222.29,2,7,Consumer,North,9.7,0
C004680,Treatment,563.44,2,11,Consumer,West,7.9,0
C004681,Treatment,1857.47,7,7,SMB,East,15.3,0
C004682,Control,1636.68,10,59,Consumer,West,9.2,0
C004683,Treatment,4244.57,7,23,Consumer,South,15.5,0
C004684,Treatment,875.5,10,43,Consumer,East,8.4,0
C004685,Treatment,1443.33,6,32,Consumer,South,7.0,0
C004686,Control,777.99,4,16,Consumer,South,11.1,0
C004687,Control,1517.28,5,12,Consumer,West,0.0,1
C004688,Control,2284.58,1,16,Consumer,South,7.7,0
C004689,Treatment,2390.25,4,10,Consumer,West,10.2,1
C004690,Treatment,1834.33,2,3,Consumer,East,19.4,0
C004691,Control,920.43,5,5,Consumer,East,12.1,0
C004692,Control,2539.42,9,29,SMB,South,1.1,0
C004693,Treatment,935.79,8,6,Consumer,North,6.2,0
C004694,Treatment,2629.19,7,11,Consumer,North,4.2,0
C004695,Control,1229.88,4,15,Consumer,East,11.3,0
C004696,Treatment,2566.11,7,8,Consumer,North,13.4,0
C004697,Control,2612.99,8,27,Enterprise,West,2.5,1
C004698,Control,2644.78,12,36,SMB,West,14.4,0
C004699,Treatment,1108.98,2,6,Consumer,North,5.2,0
C004700,Treatment,1422.93,4,6,Consumer,East,5.3,0
C004701,Treatment,2243.45,1,12,Consumer,South,3.8,0
C004702,Control,1589.45,8,30,Consumer,South,6.6,0
C004703,Control,1370.54,9,30,Consumer,South,9.3,0
C004704,Control,1496.35,4,5,SMB,West,14.6,0
C004705,Control,2168.61,1,24,Enterprise,West,3.4,0
C004706,Control,3065.13,4,16,Enterprise,North,3.6,0
C004707,Control,4191.11,7,39,Consumer,South,13.2,1
C004708,Control,1148.65,3,9,Enterprise,South,7.7,0
C004709,Control,1090.2,1,7,SMB,South,6.1,0
C004710,Control,1693.68,5,31,Consumer,North,10.2,0
C004711,Treatment,2827.66,3,5,Enterprise,West,6.7,1
C004712,Control,1425.04,4,20,Enterprise,West,5.0,0
C004713,Treatment,2601.66,10,17,Consumer,South,7.8,0
C004714,Treatment,2787.06,3,13,SMB,West,10.2,0
C004715,Treatment,3543.26,4,15,SMB,East,4.1,0
C004716,Control,1600.86,1,20,Consumer,East,13.7,0
C004717,Control,2071.45,1,3,Consumer,West,8.4,0
C004718,Treatment,2190.14,6,9,Consumer,South,8.3,0
C004719,Treatment,4793.16,1,4,Enterprise,South,6.5,0
C004720,Control,1083.24,2,2,Consumer,South,7.3,0
C004721,Control,1677.89,1,5,Consumer,East,5.7,0
C004722,Treatment,1262.65,7,17,Consumer,North,14.2,0
C004723,Control,1693.89,3,27,Consumer,South,9.8,1
C004724,Treatment,593.35,7,36,Consumer,South,6.9,0
C004725,Control,1640.57,10,34,Consumer,South,5.2,0
C004726,Control,3167.15,5,21,Enterprise,South,6.9,0
C004727,Treatment,1363.08,1,2,Consumer,North,11.2,0
C004728,Control,2682.42,2,5,Enterprise,West,7.4,0
C004729,Treatment,2867.92,2,26,SMB,East,8.0,0
C004730,Control,1057.68,3,8,Consumer,South,9.6,0
C004731,Control,3207.35,11,35,Consumer,West,6.5,0
C004732,Treatment,684.49,2,10,Consumer,West,8.5,0
C004733,Control,3018.67,9,25,Enterprise,North,18.3,0
C004734,Control,531.93,8,25,Consumer,South,9.8,0
C004735,Treatment,4976.78,12,41,SMB,South,10.0,0
C004736,Treatment,2160.68,1,17,Enterprise,South,5.7,0
C004737,Treatment,2873.01,4,18,Consumer,East,12.9,0
C004738,Control,1181.46,7,19,Enterprise,North,6.1,0
C004739,Control,5328.62,7,34,SMB,South,10.5,0
C004740,Treatment,1490.48,1,9,Consumer,South,0.0,0
C004741,Control,2207.83,7,15,Enterprise,South,5.4,0
C004742,Control,1320.48,8,18,Consumer,North,6.5,0
C004743,Treatment,2349.93,6,5,Consumer,West,7.6,0
C004744,Control,774.6,1,14,Consumer,South,7.1,0
C004745,Control,2927.0,6,24,SMB,South,14.5,0
C004746,Control,2532.24,1,6,SMB,West,8.7,0
C004747,Control,1598.76,4,30,Consumer,North,14.5,0
C004748,Treatment,1262.16,6,19,Consumer,East,4.8,0
C004749,Treatment,1988.46,10,38,Consumer,South,3.5,0
C004750,Control,1453.33,8,38,Consumer,North,15.7,0
C004751,Control,1329.23,16,48,Consumer,South,4.9,1
C004752,Treatment,2680.77,1,19,SMB,North,10.3,0
C004753,Control,2017.68,8,27,Consumer,East,7.8,0
C004754,Control,1321.27,2,21,Consumer,East,3.9,0
C004755,Treatment,1385.11,5,15,Consumer,North,2.8,0
C004756,Treatment,3313.98,6,17,Enterprise,North,5.3,0
C004757,Control,1416.4,8,12,Consumer,West,7.0,0
C004758,Treatment,1013.56,2,7,Consumer,South,10.9,0
C004759,Control,676.55,5,18,Consumer,South,9.3,0
C004760,Treatment,1383.39,1,22,Consumer,East,7.5,1
C004761,Treatment,1559.81,7,12,SMB,North,13.7,0
C004762,Treatment,828.38,6,13,Consumer,West,15.0,0
C004763,Treatment,4278.74,12,49,SMB,North,9.7,0
C004764,Treatment,814.7,5,14,Consumer,West,6.8,0
C004765,Control,1007.83,1,6,Consumer,South,8.9,0
C004766,Control,2187.44,4,18,Consumer,North,10.2,0
C004767,Treatment,2474.05,3,17,Consumer,South,2.4,0
C004768,Treatment,679.8,2,17,Consumer,West,8.7,0
C004769,Control,1537.28,6,19,Consumer,South,9.2,0
C004770,Treatment,1503.88,8,13,SMB,North,4.5,0
C004771,Treatment,3040.0,2,10,Consumer,West,6.5,1
C004772,Control,2760.45,2,3,Consumer,North,5.6,0
C004773,Control,973.59,2,7,Consumer,North,14.4,0
C004774,Control,1255.28,6,25,Consumer,North,3.5,0
C004775,Control,2514.84,10,48,SMB,West,10.7,1
C004776,Control,2775.45,8,10,SMB,North,16.3,0
C004777,Control,1847.32,4,13,Consumer,North,8.6,1
C004778,Control,1153.54,8,17,SMB,West,15.2,0
C004779,Control,2999.18,13,58,Consumer,East,9.5,0
C004780,Treatment,1436.71,10,17,Consumer,South,11.2,1
C004781,Control,1195.75,18,62,Consumer,East,2.8,0
C004782,Treatment,3607.36,4,3,SMB,South,14.8,0
C004783,Treatment,2515.02,4,4,Consumer,South,7.6,0
C004784,Treatment,1318.92,12,44,Consumer,South,8.7,0
C004785,Treatment,3023.28,2,8,Enterprise,East,7.4,0
C004786,Treatment,4400.23,5,15,Enterprise,West,5.6,0
C004787,Control,3090.02,11,14,SMB,South,12.7,0
C004788,Treatment,1064.98,4,4,Consumer,North,7.3,1
C004789,Control,1016.45,3,15,Consumer,South,5.4,1
C004790,Treatment,1915.1,12,72,Consumer,West,5.7,0
C004791,Control,1287.66,7,33,Consumer,West,4.7,1
C004792,Control,378.75,1,5,Consumer,West,15.7,0
C004793,Control,1922.09,3,4,SMB,West,9.6,0
C004794,Treatment,959.83,3,26,Consumer,West,5.4,0
C004795,Control,1622.94,7,50,Consumer,West,5.3,1
C004796,Control,2708.31,14,61,Consumer,East,13.7,0
C004797,Control,2454.09,2,24,Consumer,South,10.2,0
C004798,Control,2205.04,3,5,SMB,East,2.3,0
C004799,Treatment,2564.8,11,24,Consumer,North,0.0,0
C004800,Treatment,2739.55,4,8,SMB,North,9.6,0
C004801,Control,2519.08,8,22,Consumer,South,15.2,0
C004802,Control,1628.49,9,29,Consumer,South,5.5,0
C004803,Control,1128.25,1,10,Consumer,East,11.7,0
C004804,Control,922.83,3,41,Consumer,South,17.0,0
C004805,Treatment,2475.54,6,16,Enterprise,North,3.1,0
C004806,Treatment,1000.37,7,15,SMB,West,4.6,0
C004807,Control,840.42,5,10,Consumer,East,7.4,0
C004808,Treatment,5896.42,7,25,Enterprise,South,10.7,0
C004809,Control,1492.53,5,28,SMB,South,10.5,0
C004810,Treatment,1523.78,3,1,Consumer,North,8.4,0
C004811,Treatment,1440.87,13,43,Enterprise,West,20.6,0
C004812,Treatment,3949.66,3,14,SMB,South,12.7,0
C004813,Treatment,3811.34,3,21,SMB,West,7.5,0
C004814,Treatment,842.77,1,15,Consumer,South,8.2,0
C004815,Control,2415.83,2,23,Consumer,West,7.3,0
C004816,Control,1618.46,6,31,SMB,North,14.6,0
C004817,Control,1370.29,6,18,SMB,South,2.2,0
C004818,Treatment,1826.9,8,14,SMB,South,7.9,0
C004819,Treatment,2184.06,3,17,SMB,South,0.5,1
C004820,Treatment,4818.8,2,23,Enterprise,West,10.4,0
C004821,Treatment,1265.77,6,18,Consumer,East,11.3,0
C004822,Control,2130.75,4,23,Consumer,South,2.6,0
C004823,Treatment,1730.13,9,20,Consumer,West,1.8,0
C004824,Treatment,1188.31,7,18,Consumer,North,9.1,0
C004825,Control,902.06,7,17,Consumer,West,10.6,0
C004826,Control,2381.31,1,17,Consumer,South,2.5,0
C004827,Control,3928.7,2,14,Consumer,North,7.8,0
C004828,Control,1274.17,7,11,Consumer,South,12.0,1
C004829,Treatment,1007.32,4,15,Consumer,North,11.2,0
C004830,Treatment,1431.26,1,18,Consumer,West,7.1,0
C004831,Treatment,2947.65,12,28,Consumer,South,5.9,0
C004832,Control,1415.9,6,29,Consumer,North,0.0,0
C004833,Treatment,1728.51,12,46,SMB,West,5.5,0
C004834,Treatment,1510.93,7,22,Consumer,South,10.5,1
C004835,Control,1185.49,2,2,Consumer,North,8.8,0
C004836,Treatment,1325.33,8,16,Consumer,East,12.4,0
C004837,Control,2245.95,4,17,Consumer,North,17.5,1
C004838,Control,2520.57,3,14,SMB,West,9.0,0
C004839,Control,2558.28,9,3,Enterprise,South,0.0,0
C004840,Control,829.17,2,28,Consumer,South,6.7,0
C004841,Treatment,642.62,6,20,Consumer,South,14.2,1
C004842,Control,1864.94,5,13,SMB,South,14.5,0
C004843,Control,1900.07,5,7,SMB,South,1.5,0
C004844,Control,2219.62,11,17,Consumer,South,5.1,1
C004845,Control,5979.55,16,68,SMB,West,8.0,0
C004846,Control,2448.33,2,20,Enterprise,South,13.1,0
C004847,Control,1120.15,6,18,Consumer,West,5.0,0
C004848,Treatment,1039.66,3,8,SMB,North,11.6,0
C004849,Control,3443.13,10,25,SMB,West,0.0,0
C004850,Treatment,1208.07,6,12,Consumer,North,8.3,0
C004851,Control,2475.69,6,25,Enterprise,West,3.6,0
C004852,Treatment,3406.56,1,4,Enterprise,South,7.7,0
C004853,Treatment,1161.33,5,9,SMB,North,2.1,0
C004854,Control,996.9,5,12,Consumer,South,9.1,0
C004855,Control,1092.26,1,15,Consumer,West,11.5,0
C004856,Treatment,1528.59,6,44,SMB,West,10.0,0
C004857,Control,839.79,10,37,Consumer,East,14.0,0
C004858,Treatment,1890.83,3,23,Consumer,South,9.5,1
C004859,Control,1454.16,1,8,Consumer,East,9.7,0
C004860,Control,1839.82,4,8,Consumer,South,6.3,0
C004861,Treatment,3407.98,5,34,SMB,East,10.9,0
C004862,Treatment,3503.37,3,14,SMB,South,6.6,0
C004863,Control,1221.17,6,10,Consumer,West,7.5,1
C004864,Treatment,1503.17,1,13,Consumer,East,13.8,0
C004865,Treatment,2208.33,6,16,Consumer,South,16.7,0
C004866,Control,1521.21,8,21,Consumer,East,7.5,0
C004867,Control,3135.06,2,16,SMB,South,10.8,0
C004868,Control,901.37,7,3,Consumer,North,5.6,0
C004869,Control,1741.25,3,19,Consumer,South,6.1,0
C004870,Treatment,3985.21,7,22,Consumer,South,0.0,0
C004871,Control,1990.71,3,22,Enterprise,South,11.5,0
C004872,Control,1594.17,2,16,Enterprise,East,6.9,0
C004873,Treatment,1141.59,7,7,Consumer,East,16.5,0
C004874,Treatment,1940.08,8,5,Consumer,South,5.7,0
C004875,Treatment,568.61,7,13,Consumer,West,8.9,0
C004876,Treatment,877.66,6,28,Consumer,West,12.3,0
C004877,Control,2865.79,1,11,Consumer,North,20.3,0
C004878,Treatment,5172.45,10,72,Consumer,South,5.1,0
C004879,Control,2209.0,8,32,Consumer,West,6.9,0
C004880,Control,3782.29,1,13,Enterprise,South,9.7,0
C004881,Control,1867.29,3,12,SMB,South,7.6,0
C004882,Treatment,1823.44,6,15,SMB,West,12.1,0
C004883,Treatment,1809.29,2,18,SMB,West,9.7,1
C004884,Control,841.38,2,6,Consumer,West,14.6,0
C004885,Treatment,1150.68,2,11,SMB,West,7.9,0
C004886,Treatment,2976.2,12,44,SMB,North,12.8,1
C004887,Control,916.79,6,24,Consumer,East,8.9,0
C004888,Treatment,1154.54,2,14,Consumer,West,11.6,0
C004889,Control,1725.5,2,22,Consumer,South,10.0,0
C004890,Treatment,873.93,10,15,Consumer,North,8.7,0
C004891,Control,4224.27,5,30,SMB,North,5.7,0
C004892,Control,1824.58,10,54,SMB,East,12.8,0
C004893,Control,1895.75,8,17,SMB,East,4.3,0
C004894,Control,1526.61,2,7,Consumer,West,11.9,0
C004895,Treatment,2575.3,6,8,Consumer,South,11.8,0
C004896,Control,4325.51,8,34,Enterprise,East,18.9,0
C004897,Control,5268.48,13,53,Enterprise,North,12.8,0
C004898,Treatment,990.15,5,11,Consumer,West,0.6,0
C004899,Treatment,2079.26,3,10,Enterprise,South,4.7,0
C004900,Treatment,1252.57,3,25,SMB,East,8.9,0
C004901,Control,1797.2,1,6,Consumer,South,7.2,0
C004902,Control,1200.74,1,25,Consumer,North,10.6,0
C004903,Control,1597.32,9,27,Enterprise,North,3.4,0
C004904,Treatment,947.71,1,10,SMB,West,0.9,0
C004905,Treatment,2380.67,1,4,Consumer,North,4.7,0
C004906,Treatment,789.59,5,10,Enterprise,West,18.7,0
C004907,Treatment,6204.97,7,29,SMB,South,13.9,0
C004908,Control,2565.47,9,23,Consumer,South,6.5,0
C004909,Treatment,1144.1,1,16,Consumer,South,9.8,0
C004910,Control,2727.89,8,36,Enterprise,North,4.5,0
C004911,Control,1698.87,4,22,Consumer,South,12.8,0
C004912,Control,1665.82,8,20,Consumer,South,4.3,0
C004913,Control,1604.66,3,5,SMB,South,7.2,0
C004914,Treatment,1892.06,11,23,SMB,East,5.6,0
C004915,Control,3071.03,12,28,Consumer,South,7.9,0
C004916,Treatment,3691.96,14,52,Consumer,South,10.3,0
C004917,Treatment,2799.05,5,11,SMB,East,8.9,0
C004918,Treatment,2267.57,1,16,Consumer,North,13.5,0
C004919,Treatment,1448.39,11,40,Consumer,South,4.5,0
C004920,Control,2070.48,13,27,Enterprise,North,0.0,1
C004921,Control,1997.32,10,25,SMB,North,9.8,0
C004922,Control,1246.87,1,8,Consumer,North,16.3,0
C004923,Control,1039.06,4,16,Consumer,East,4.4,0
C004924,Treatment,2169.52,12,28,Consumer,North,11.6,1
C004925,Control,1752.43,1,10,Consumer,West,6.9,0
C004926,Control,1480.32,6,19,Enterprise,West,5.4,0
C004927,Control,2241.54,3,15,Consumer,North,5.4,0
C004928,Control,1765.64,5,26,Consumer,South,11.2,0
C004929,Treatment,2005.07,7,22,Consumer,North,15.1,0
C004930,Control,2038.27,4,3,Consumer,North,14.4,1
C004931,Treatment,2088.7,3,16,Consumer,West,12.9,0
C004932,Treatment,2841.44,14,48,Consumer,South,9.6,0
C004933,Treatment,2812.67,10,33,Consumer,North,6.1,0
C004934,Control,1543.82,7,15,SMB,West,13.2,0
C004935,Treatment,3310.6,8,30,SMB,West,15.0,0
C004936,Control,998.69,9,13,Consumer,South,7.1,0
C004937,Control,1241.78,4,26,Consumer,East,7.0,0
C004938,Treatment,650.72,4,11,Consumer,West,10.9,0
C004939,Treatment,3599.33,12,56,Consumer,East,4.4,0
C004940,Control,1911.21,6,15,SMB,South,10.0,0
C004941,Treatment,1644.09,9,19,SMB,West,0.1,0
C004942,Control,1974.13,5,36,Consumer,South,13.6,0
C004943,Treatment,2318.91,5,18,SMB,South,9.6,0
C004944,Treatment,674.4,4,20,Consumer,North,9.6,0
C004945,Treatment,1913.67,9,20,Consumer,South,11.4,0
C004946,Treatment,3022.25,11,23,Consumer,North,6.8,0
C004947,Treatment,1566.42,1,8,Consumer,North,13.3,0
C004948,Treatment,1450.97,8,24,Consumer,South,14.3,0
C004949,Treatment,1297.98,14,13,Consumer,West,12.4,0
C004950,Treatment,1517.74,4,11,Consumer,North,12.4,0
C004951,Control,1895.9,4,15,Consumer,South,23.4,1
C004952,Treatment,1436.21,4,6,Consumer,West,16.2,0
C004953,Control,893.31,7,15,Consumer,South,6.2,0
C004954,Treatment,1302.15,7,7,Consumer,West,9.8,0
C004955,Control,2041.5,7,3,Consumer,South,1.4,0
C004956,Control,1639.57,5,30,Consumer,East,12.3,0
C004957,Treatment,791.34,8,15,Consumer,North,6.5,0
C004958,Control,1875.78,6,21,SMB,South,17.0,0
C004959,Control,1062.42,6,26,Consumer,East,12.1,1
C004960,Treatment,2556.36,9,40,SMB,North,6.9,0
C004961,Control,1610.98,7,15,Consumer,North,9.4,0
C004962,Control,1912.22,4,18,SMB,South,13.9,0
C004963,Control,1185.02,11,25,Consumer,East,12.6,0
C004964,Control,4301.67,2,5,Enterprise,South,5.9,0
C004965,Control,1007.52,7,13,Consumer,East,15.3,0
C004966,Control,2402.14,7,17,Enterprise,East,0.0,0
C004967,Control,676.94,1,12,Consumer,North,2.8,1
C004968,Control,2712.93,1,12,SMB,West,8.7,0
C004969,Control,1132.85,6,10,Consumer,West,7.2,0
C004970,Treatment,1819.65,12,72,Consumer,South,10.3,0
C004971,Treatment,948.6,5,17,Consumer,South,3.9,0
C004972,Control,1367.93,2,9,Consumer,South,5.7,0
C004973,Control,2507.4,3,15,Consumer,West,4.1,0
C004974,Treatment,2138.82,4,9,Consumer,South,3.8,0
C004975,Treatment,1559.4,9,19,Consumer,South,8.6,0
C004976,Control,1153.71,7,21,Consumer,West,4.2,0
C004977,Control,3037.69,6,41,Consumer,East,6.8,0
C004978,Control,1233.94,3,6,SMB,North,7.0,1
C004979,Treatment,2362.62,11,33,SMB,East,8.9,0
C004980,Treatment,1462.25,4,18,Consumer,West,1.3,0
C004981,Treatment,4769.82,7,29,SMB,South,10.8,0
C004982,Control,1758.75,7,34,Consumer,South,6.1,0
C004983,Control,4417.37,12,38,Consumer,East,10.3,0
C004984,Control,2139.37,1,7,SMB,South,8.3,0
C004985,Control,1188.98,5,26,SMB,West,10.4,1
C004986,Control,2229.15,1,9,Consumer,South,9.9,1
C004987,Treatment,2386.18,6,9,Consumer,East,16.9,0
C004988,Control,1685.93,3,23,Consumer,West,2.3,0
C004989,Treatment,2331.89,4,24,Consumer,North,16.7,0
C004990,Control,6612.72,6,28,Enterprise,North,14.5,1
C004991,Control,2402.91,4,13,SMB,West,7.4,0
C004992,Treatment,770.05,5,22,Consumer,East,12.5,0
C004993,Treatment,1134.8,6,23,Consumer,South,18.9,0
C004994,Control,1488.52,1,15,Consumer,North,2.7,0
C004995,Treatment,2234.84,11,36,SMB,North,10.0,0
C004996,Control,937.99,3,4,Consumer,North,3.9,1
C004997,Control,3248.21,4,9,SMB,South,10.7,0
C004998,Control,1590.25,1,35,Consumer,South,13.4,0
C004999,Control,3891.17,6,23,Consumer,North,4.5,0
C005000,Treatment,1885.72,12,64,Consumer,East,6.5,0
C005001,Control,2778.92,5,27,SMB,West,8.8,0
C005002,Treatment,3670.72,4,11,SMB,West,13.2,0
C005003,Treatment,2366.5,12,33,Consumer,West,13.9,1
C005004,Control,2295.67,15,38,Consumer,South,11.4,0
C005005,Control,2529.64,10,22,Consumer,South,10.5,0
C005006,Control,2310.31,3,8,Consumer,South,9.2,0
C005007,Treatment,1943.97,11,22,Consumer,North,13.3,0
C005008,Treatment,1775.79,9,14,Consumer,West,11.6,0
C005009,Treatment,2815.21,4,12,SMB,East,12.6,1
C005010,Control,1316.28,1,20,Consumer,East,10.1,1
C005011,Control,1336.3,1,4,SMB,South,3.4,1
C005012,Treatment,6199.6,1,16,Enterprise,North,4.0,0
C005013,Control,1322.8,2,11,Consumer,West,11.4,0
C005014,Treatment,1718.14,3,8,Enterprise,North,7.0,0
C005015,Control,2355.58,1,14,SMB,North,11.3,0
C005016,Control,870.17,7,13,SMB,East,7.1,0
C005017,Treatment,2164.61,9,33,Consumer,East,5.6,0
C005018,Control,1769.73,1,17,SMB,North,12.3,0
C005019,Treatment,800.27,7,23,Consumer,South,3.2,0
C005020,Control,1767.89,4,40,Consumer,West,11.7,0
C005021,Treatment,1640.7,10,11,Enterprise,West,7.4,1
C005022,Treatment,3233.13,1,18,Enterprise,South,5.7,0
C005023,Treatment,1422.78,4,25,Consumer,West,7.3,0
C005024,Treatment,1163.63,4,19,Consumer,South,9.7,0
C005025,Treatment,2895.42,5,16,Enterprise,East,17.0,0
C005026,Treatment,868.69,3,15,Consumer,South,11.3,0
C005027,Control,1024.51,1,23,Consumer,West,14.0,0
C005028,Control,1338.02,4,10,Consumer,West,12.3,0
C005029,Treatment,1499.85,2,9,Consumer,South,10.0,0
C005030,Control,1550.69,9,45,Consumer,North,7.2,0
C005031,Control,1141.18,7,4,SMB,West,7.2,0
C005032,Treatment,998.52,2,10,Consumer,North,8.2,0
C005033,Control,1885.02,6,27,Consumer,East,13.8,0
C005034,Treatment,1989.93,9,34,Consumer,South,19.5,0
C005035,Treatment,2789.32,4,6,SMB,North,7.6,0
C005036,Control,883.14,9,36,Consumer,East,10.0,0
C005037,Treatment,4463.04,9,72,SMB,South,9.4,0
C005038,Control,2324.39,9,41,SMB,West,7.2,0
C005039,Treatment,2025.95,4,17,SMB,South,0.2,0
C005040,Treatment,1603.47,1,17,Consumer,North,15.4,0
C005041,Control,2225.02,2,21,SMB,North,11.5,0
C005042,Control,1454.96,7,9,Consumer,South,11.7,1
C005043,Control,796.83,4,13,Consumer,East,6.8,0
C005044,Control,1544.23,3,16,SMB,South,12.0,0
C005045,Control,1919.32,8,29,Consumer,North,3.9,0
C005046,Treatment,1702.15,11,28,Consumer,West,10.5,0
C005047,Control,1679.57,5,8,Enterprise,North,4.5,0
C005048,Treatment,2402.57,9,15,Consumer,South,4.7,0
C005049,Control,1720.8,4,7,SMB,West,8.8,0
C005050,Treatment,2022.24,11,37,Consumer,East,7.6,0
C005051,Control,2736.7,4,15,Consumer,South,16.3,0
C005052,Control,1743.5,9,22,Consumer,West,1.4,0
C005053,Treatment,1400.26,10,18,Consumer,South,11.4,0
C005054,Control,1012.52,7,27,SMB,North,13.8,0
C005055,Treatment,1160.33,1,8,SMB,North,6.0,0
C005056,Control,710.04,3,5,Consumer,West,7.8,0
C005057,Treatment,1012.06,2,6,SMB,South,12.3,0
C005058,Treatment,1333.7,5,8,Consumer,West,4.9,0
C005059,Treatment,708.46,2,7,SMB,North,9.1,0
C005060,Control,1281.48,4,10,Consumer,North,8.4,0
C005061,Control,1307.27,6,12,Consumer,West,10.7,0
C005062,Control,1347.87,1,4,Consumer,West,9.8,0
C005063,Control,1868.79,6,18,Consumer,North,8.6,0
C005064,Control,1801.56,7,23,Consumer,North,8.8,0
C005065,Treatment,1670.1,1,7,Consumer,East,7.0,0
C005066,Treatment,2017.03,5,19,Enterprise,South,12.6,0
C005067,Treatment,1192.05,1,9,Consumer,South,9.9,0
C005068,Control,6001.3,13,35,Consumer,North,9.6,0
C005069,Control,2106.15,4,22,Consumer,West,15.9,0
C005070,Treatment,2888.29,8,39,Consumer,North,12.7,0
C005071,Control,1050.65,13,45,Consumer,South,6.7,0
C005072,Control,3687.64,1,3,Enterprise,South,18.9,1
C005073,Control,671.35,1,17,Consumer,North,7.3,1
C005074,Treatment,1578.93,13,37,Enterprise,South,20.7,0
C005075,Treatment,2804.6,8,32,Consumer,South,0.0,1
C005076,Control,3263.83,1,10,SMB,East,6.8,0
C005077,Control,894.32,2,12,Consumer,South,8.5,0
C005078,Control,900.43,1,17,Consumer,North,8.2,0
C005079,Control,1843.47,7,40,SMB,West,7.7,0
C005080,Treatment,659.66,7,32,Consumer,South,11.3,0
C005081,Control,2173.21,15,43,Consumer,South,6.7,0
C005082,Treatment,3061.43,5,35,SMB,North,9.4,0
C005083,Control,999.27,1,18,Consumer,East,10.4,0
C005084,Control,694.55,12,57,Consumer,West,23.5,0
C005085,Treatment,1535.39,3,6,Enterprise,East,16.2,0
C005086,Control,3169.34,3,15,SMB,West,11.8,0
C005087,Treatment,3604.39,4,16,Enterprise,North,15.7,0
C005088,Control,2245.65,13,35,SMB,West,0.0,0
C005089,Treatment,2083.64,1,13,SMB,South,2.4,0
C005090,Control,1813.51,11,50,Consumer,South,8.1,1
C005091,Control,2489.69,11,26,Consumer,South,4.2,0
C005092,Treatment,2730.65,9,14,SMB,North,11.5,0
C005093,Control,1053.41,4,8,SMB,South,13.1,0
C005094,Control,1493.12,1,2,SMB,North,8.1,0
C005095,Treatment,1365.43,4,3,SMB,East,5.6,0
C005096,Treatment,2304.3,7,16,Consumer,West,15.3,0
C005097,Treatment,3554.62,17,70,Consumer,East,0.7,0
C005098,Treatment,1288.33,5,25,Consumer,South,7.7,0
C005099,Treatment,3169.79,5,30,SMB,South,4.5,0
C005100,Treatment,1828.74,6,10,Consumer,West,8.8,0
C005101,Treatment,1492.63,5,10,Consumer,South,7.5,0
C005102,Control,1385.19,5,3,Consumer,South,8.1,0
C005103,Control,3085.51,8,36,Consumer,North,10.3,0
C005104,Treatment,1100.56,3,2,Consumer,South,17.7,0
C005105,Treatment,2794.93,2,20,Consumer,South,13.9,1
C005106,Control,2150.69,10,17,Consumer,East,7.7,0
C005107,Control,1588.59,10,18,Consumer,West,6.6,0
C005108,Control,1216.75,9,40,Consumer,West,11.0,0
C005109,Treatment,2162.8,1,19,Consumer,South,2.1,0
C005110,Treatment,1792.23,7,9,Consumer,South,0.0,0
C005111,Control,1378.12,14,32,Enterprise,West,9.7,0
C005112,Treatment,2525.55,8,35,Consumer,South,8.6,0
C005113,Treatment,1139.09,2,10,Consumer,South,15.4,0
C005114,Treatment,2158.92,2,9,SMB,East,8.4,0
C005115,Control,2645.0,3,13,Consumer,South,12.6,0
C005116,Treatment,722.33,7,12,Consumer,South,11.2,0
C005117,Treatment,1540.44,8,26,SMB,South,8.9,0
C005118,Treatment,976.6,1,13,Consumer,South,4.0,0
C005119,Control,1845.91,5,20,Enterprise,South,8.7,0
C005120,Treatment,2704.16,16,68,Consumer,South,3.7,0
C005121,Treatment,1735.46,3,16,SMB,North,5.9,0
C005122,Control,1226.09,5,12,Enterprise,West,3.2,1
C005123,Control,1144.29,10,42,SMB,West,14.5,0
C005124,Treatment,811.23,19,71,Consumer,West,8.5,0
C005125,Treatment,2468.09,13,44,Consumer,West,4.5,0
C005126,Control,1112.48,4,17,Consumer,North,3.4,0
C005127,Control,956.33,8,31,Consumer,North,13.5,0
C005128,Control,1961.85,9,48,SMB,South,12.4,0
C005129,Treatment,1586.71,10,12,Consumer,South,3.2,0
C005130,Treatment,1131.68,8,21,Consumer,East,11.6,0
C005131,Control,2131.76,1,11,Consumer,South,6.2,0
C005132,Control,1417.73,2,7,Consumer,West,12.5,0
C005133,Control,1563.01,2,28,Consumer,South,2.0,0
C005134,Control,936.58,3,15,Consumer,South,9.0,0
C005135,Treatment,2080.52,3,8,Consumer,West,10.5,0
C005136,Treatment,1940.06,6,8,Consumer,South,15.9,0
C005137,Control,930.22,11,34,SMB,West,5.8,0
C005138,Control,2165.74,3,28,Consumer,East,4.5,1
C005139,Control,2664.94,8,29,SMB,West,3.5,1
C005140,Treatment,1721.73,5,12,Consumer,West,4.9,0
C005141,Treatment,2678.53,10,41,Consumer,South,14.8,1
C005142,Treatment,2979.36,4,36,SMB,South,4.4,0
C005143,Control,4333.29,7,42,SMB,West,10.1,0
C005144,Treatment,1344.86,2,7,Consumer,South,10.1,0
C005145,Control,547.26,9,24,SMB,East,3.7,1
C005146,Treatment,2140.42,4,24,Consumer,South,11.3,0
C005147,Treatment,3061.01,2,11,SMB,South,13.0,1
C005148,Control,2111.13,4,17,SMB,South,6.5,0
C005149,Treatment,1602.83,1,22,SMB,West,8.1,0
C005150,Control,12173.51,9,41,Consumer,South,7.2,0
C005151,Treatment,1932.94,7,20,Consumer,South,3.6,0
C005152,Control,693.93,4,27,Consumer,North,10.8,0
C005153,Control,1193.02,1,5,Consumer,South,8.7,0
C005154,Control,1191.66,3,14,SMB,South,9.9,0
C005155,Control,1870.88,6,15,SMB,East,0.0,0
C005156,Control,1594.77,4,38,SMB,North,10.5,0
C005157,Control,2684.17,1,6,Consumer,South,14.7,0
C005158,Treatment,1105.47,14,38,SMB,North,6.2,0
C005159,Control,3390.28,6,7,Consumer,North,5.0,1
C005160,Control,3478.08,7,11,Consumer,West,12.2,0
C005161,Treatment,1202.31,10,24,Consumer,West,3.4,0
C005162,Treatment,1135.38,2,16,Consumer,West,0.0,1
C005163,Control,1808.08,8,14,Consumer,West,9.7,0
C005164,Control,3257.84,1,13,SMB,North,6.3,0
C005165,Treatment,1050.75,4,22,Consumer,West,11.8,0
C005166,Treatment,1407.32,8,22,Consumer,South,9.2,0
C005167,Control,2539.76,4,12,Consumer,West,11.9,0
C005168,Treatment,1804.1,5,13,Consumer,East,9.6,0
C005169,Control,1445.54,2,17,Consumer,South,12.7,0
C005170,Control,1822.59,1,19,SMB,South,23.1,1
C005171,Treatment,2798.85,3,2,Consumer,North,7.1,0
C005172,Treatment,1382.3,7,10,Consumer,South,8.1,1
C005173,Treatment,1130.3,4,12,Consumer,South,3.9,0
C005174,Control,1564.68,5,16,Consumer,West,7.8,0
C005175,Control,2066.29,7,22,Consumer,North,9.0,0
C005176,Control,840.22,1,11,Consumer,East,7.1,1
C005177,Control,2225.21,4,15,SMB,South,9.4,0
C005178,Control,1658.23,1,3,SMB,North,9.5,0
C005179,Treatment,2503.89,13,43,Consumer,South,10.0,0
C005180,Treatment,2464.75,1,6,Consumer,South,7.1,1
C005181,Treatment,2666.85,12,55,Consumer,South,1.7,0
C005182,Control,3085.87,11,21,SMB,South,12.0,0
C005183,Control,1251.61,9,31,Consumer,North,7.5,0
C005184,Treatment,1720.6,1,17,Consumer,South,12.4,0
C005185,Control,1670.35,7,22,Enterprise,West,7.2,0
C005186,Treatment,992.35,8,22,Consumer,West,2.6,0
C005187,Control,4128.18,9,33,Enterprise,North,7.5,0
C005188,Treatment,1525.81,8,24,Consumer,East,0.4,0
C005189,Treatment,1711.23,1,6,Consumer,West,4.6,0
C005190,Treatment,1234.31,1,4,Consumer,North,7.6,1
C005191,Treatment,1317.48,4,8,SMB,North,3.4,0
C005192,Treatment,4111.99,4,18,Consumer,North,7.9,0
C005193,Control,1190.85,7,34,Consumer,North,4.6,1
C005194,Treatment,1199.64,1,11,Consumer,West,11.5,0
C005195,Treatment,3420.07,7,6,Consumer,West,0.0,0
C005196,Treatment,1842.93,3,8,SMB,South,10.1,0
C005197,Control,1953.64,16,57,Consumer,South,8.3,0
C005198,Control,1457.74,2,33,Consumer,West,5.7,1
C005199,Treatment,878.36,6,8,SMB,North,8.1,0
C005200,Treatment,1061.63,1,14,Consumer,North,10.6,0
C005201,Control,2874.41,4,19,SMB,North,0.0,0
C005202,Control,1124.53,7,24,Consumer,West,11.6,1
C005203,Control,1102.31,22,72,SMB,East,16.2,0
C005204,Control,779.33,11,18,Consumer,East,2.8,0
C005205,Control,1507.06,3,10,Consumer,East,16.9,0
C005206,Control,2300.79,12,44,SMB,North,13.0,0
C005207,Control,7660.19,12,61,SMB,South,5.6,0
C005208,Treatment,808.94,5,16,Consumer,West,9.4,0
C005209,Control,1542.63,6,25,Consumer,West,6.3,0
C005210,Control,1660.22,6,17,SMB,South,9.6,0
C005211,Control,1883.15,5,26,SMB,North,16.5,1
C005212,Control,823.67,9,30,Consumer,West,11.4,1
C005213,Treatment,1210.11,7,22,Consumer,South,7.6,0
C005214,Treatment,3268.76,6,40,Consumer,South,10.7,0
C005215,Control,2459.68,6,22,Enterprise,North,2.7,0
C005216,Control,2127.04,2,9,Consumer,North,16.1,1
C005217,Control,1874.05,15,38,SMB,East,8.0,0
C005218,Control,2030.01,13,40,Consumer,East,7.9,0
C005219,Control,1437.26,5,2,SMB,South,10.0,0
C005220,Control,2012.19,13,65,Consumer,North,6.8,1
C005221,Control,971.03,9,9,Consumer,South,5.2,0
C005222,Treatment,1713.15,4,16,Consumer,South,10.5,0
C005223,Control,4306.83,2,14,SMB,South,7.4,1
C005224,Control,2137.1,10,10,SMB,South,3.8,0
C005225,Control,2868.52,8,23,Consumer,West,13.4,0
C005226,Control,2969.84,1,7,Enterprise,West,0.0,0
C005227,Control,1744.89,4,20,Consumer,South,3.6,0
C005228,Control,1301.41,10,32,SMB,East,12.6,1
C005229,Control,1171.09,4,18,Consumer,West,7.7,0
C005230,Control,2646.82,10,44,Consumer,North,14.5,1
C005231,Treatment,743.94,8,6,Consumer,West,14.1,0
C005232,Treatment,2388.33,2,14,Enterprise,South,13.3,1
C005233,Control,2497.68,2,9,SMB,South,15.8,0
C005234,Control,1942.76,16,30,Consumer,South,7.9,0
C005235,Treatment,9940.71,7,19,Enterprise,South,8.4,0
C005236,Treatment,2463.46,6,14,SMB,West,9.2,1
C005237,Control,2053.04,13,32,SMB,East,13.5,0
C005238,Control,1596.81,13,51,Consumer,North,6.4,0
C005239,Control,1329.1,10,25,Consumer,South,13.1,1
C005240,Treatment,1455.67,4,36,Consumer,West,9.4,1
C005241,Control,1379.63,3,2,Consumer,West,13.5,0
C005242,Control,4647.21,6,26,Consumer,East,13.1,0
C005243,Control,2104.5,17,72,Consumer,North,8.4,0
C005244,Control,1702.98,1,26,Consumer,South,16.4,0
C005245,Control,1421.24,2,26,Consumer,North,13.2,0
C005246,Treatment,1879.2,6,23,SMB,West,0.9,0
C005247,Treatment,800.01,7,17,Consumer,West,0.0,0
C005248,Control,1028.93,1,15,Consumer,West,4.4,0
C005249,Control,1170.55,3,18,Consumer,North,8.9,1
C005250,Treatment,3068.49,8,25,Consumer,West,14.1,0
C005251,Control,752.85,3,8,Consumer,West,7.5,1
C005252,Control,1420.13,8,18,Consumer,East,7.5,0
C005253,Control,2185.55,12,35,Consumer,West,10.3,1
C005254,Treatment,1782.43,2,18,Consumer,South,15.7,1
C005255,Treatment,1736.72,4,14,Enterprise,South,10.7,0
C005256,Treatment,1603.49,5,25,Consumer,North,7.9,0
C005257,Treatment,443.06,6,5,Consumer,North,3.9,0
C005258,Control,3084.3,7,16,SMB,North,3.3,0
C005259,Control,1523.61,1,8,Consumer,East,2.3,0
C005260,Control,1361.56,10,21,SMB,South,11.2,1
C005261,Treatment,3072.25,1,13,SMB,North,10.5,0
C005262,Treatment,1520.33,5,25,Consumer,North,11.7,0
C005263,Control,1531.54,2,17,Consumer,East,13.0,0
C005264,Treatment,1645.72,6,27,Consumer,West,9.8,1
C005265,Control,2399.21,1,20,Enterprise,South,4.7,0
C005266,Control,1280.18,3,7,SMB,West,6.0,0
C005267,Control,2894.8,1,8,SMB,West,9.5,0
C005268,Treatment,1214.38,1,6,Consumer,East,7.2,1
C005269,Treatment,1209.49,10,23,Consumer,East,0.7,1
C005270,Control,1566.0,5,14,SMB,East,5.8,1
C005271,Treatment,1606.81,11,14,Consumer,West,15.3,0
C005272,Treatment,3565.36,11,33,Enterprise,South,10.0,0
C005273,Treatment,4447.05,12,36,Enterprise,West,9.5,0
C005274,Treatment,2068.9,4,20,Consumer,South,5.4,0
C005275,Control,1471.29,2,7,Consumer,North,2.5,0
C005276,Treatment,1733.35,7,20,Consumer,East,9.3,0
C005277,Treatment,2386.84,8,39,Consumer,West,10.7,0
C005278,Treatment,774.39,4,10,Consumer,West,2.5,0
C005279,Control,1841.63,11,33,SMB,West,12.8,0
C005280,Treatment,970.43,9,37,Consumer,East,6.8,0
C005281,Treatment,1460.56,5,41,Consumer,South,10.6,1
C005282,Control,1369.18,8,22,Consumer,West,9.2,0
C005283,Treatment,1636.17,5,25,Consumer,South,8.6,0
C005284,Control,1106.3,2,11,Consumer,North,20.9,0
C005285,Control,2099.48,11,12,Enterprise,South,11.5,0
C005286,Control,802.58,5,17,Consumer,East,9.1,1
C005287,Treatment,1095.14,8,3,SMB,East,11.8,0
C005288,Treatment,574.51,1,6,Consumer,West,7.2,0
C005289,Control,1581.87,4,25,SMB,North,12.6,0
C005290,Treatment,1619.22,8,38,Consumer,West,10.2,0
C005291,Control,1168.45,4,12,Consumer,East,8.3,0
C005292,Control,1724.46,2,5,Consumer,West,7.7,1
C005293,Treatment,3451.53,3,23,SMB,South,8.3,0
C005294,Treatment,1179.71,7,13,Consumer,East,9.0,1
C005295,Treatment,1171.83,5,15,Consumer,West,14.4,0
C005296,Treatment,3143.28,7,16,Consumer,South,10.9,0
C005297,Treatment,1956.67,5,11,SMB,North,0.0,0
C005298,Control,1113.02,11,9,Consumer,North,16.4,0
C005299,Control,2216.8,13,55,Consumer,North,11.5,0
C005300,Control,3415.57,11,31,SMB,South,20.3,0
C005301,Treatment,2037.82,11,29,Consumer,East,8.7,0
C005302,Treatment,1627.33,1,1,Consumer,South,14.2,1
C005303,Treatment,1236.56,1,8,Consumer,East,12.4,0
C005304,Control,1369.7,4,28,Consumer,North,9.9,0
C005305,Control,6077.56,1,5,Enterprise,North,15.0,1
C005306,Treatment,748.85,4,18,SMB,West,8.2,0
C005307,Treatment,1708.19,6,18,SMB,West,9.6,0
C005308,Control,1409.79,9,13,Consumer,East,4.1,0
C005309,Control,1163.66,1,23,Consumer,East,8.0,0
C005310,Control,1516.97,1,11,Enterprise,West,5.0,0
C005311,Control,975.13,2,11,Consumer,West,9.2,0
C005312,Control,1234.63,1,7,SMB,East,11.8,0
C005313,Control,2601.39,5,41,Consumer,South,10.8,0
C005314,Treatment,1340.74,2,8,Consumer,North,10.0,0
C005315,Control,1840.75,5,12,Enterprise,East,12.3,0
C005316,Control,2281.79,5,17,SMB,South,20.0,0
C005317,Control,907.44,2,13,SMB,North,7.0,1
C005318,Treatment,2155.5,10,42,SMB,South,20.0,0
C005319,Control,1148.28,3,32,Consumer,West,2.7,0
C005320,Control,1300.95,7,16,Consumer,North,0.0,0
C005321,Control,806.8,5,16,Consumer,West,14.5,0
C005322,Treatment,1927.34,5,10,Consumer,West,9.4,0
C005323,Treatment,834.64,2,2,Consumer,East,2.1,0
C005324,Control,712.43,1,5,Consumer,North,9.2,0
C005325,Control,2459.7,8,41,Enterprise,West,7.2,0
C005326,Control,1593.64,11,25,SMB,East,10.8,1
C005327,Treatment,1752.53,6,11,Consumer,South,7.9,1
C005328,Treatment,3421.63,6,23,SMB,East,14.9,0
C005329,Control,2881.54,17,65,SMB,North,9.8,1
C005330,Control,2426.49,10,27,SMB,East,10.3,0
C005331,Treatment,997.62,7,7,Consumer,West,8.2,0
C005332,Treatment,912.3,7,15,Consumer,South,12.1,0
C005333,Control,1831.97,11,24,Consumer,West,8.5,0
C005334,Control,4863.05,9,38,SMB,South,13.5,0
C005335,Control,1594.9,8,18,SMB,West,2.8,0
C005336,Treatment,1268.61,2,15,Consumer,West,9.6,0
C005337,Treatment,2096.86,6,11,Consumer,North,6.4,0
C005338,Treatment,1759.24,3,6,Consumer,West,4.6,0
C005339,Treatment,1384.9,9,29,Consumer,West,3.1,0
C005340,Control,2568.59,8,15,Consumer,South,5.1,0
C005341,Control,1117.95,1,5,SMB,West,10.6,0
C005342,Control,1509.05,8,10,Consumer,South,11.0,0
C005343,Treatment,976.45,8,21,Consumer,North,12.6,0
C005344,Treatment,2229.74,6,18,SMB,South,7.0,0
C005345,Control,2719.41,3,26,SMB,South,13.6,0
C005346,Control,1126.12,2,12,Consumer,North,8.7,0
C005347,Treatment,1886.78,8,17,SMB,North,12.0,0
C005348,Treatment,1808.59,2,4,SMB,West,9.5,0
C005349,Treatment,1759.41,7,11,Consumer,South,5.7,1
C005350,Control,1286.64,11,33,Consumer,West,2.7,0
C005351,Treatment,4639.12,3,20,SMB,South,3.6,1
C005352,Treatment,1550.64,4,14,Consumer,North,4.7,0
C005353,Treatment,2000.11,7,28,Consumer,West,6.8,0
C005354,Treatment,990.52,9,22,Consumer,South,11.9,0
C005355,Treatment,3701.6,9,34,Enterprise,South,13.5,0
C005356,Treatment,1080.7,3,7,SMB,West,13.8,1
C005357,Treatment,3674.63,8,23,SMB,South,0.0,0
C005358,Control,1795.16,5,20,Consumer,South,6.9,1
C005359,Control,1578.48,10,32,SMB,East,7.8,0
C005360,Treatment,1391.11,4,10,Consumer,North,7.1,0
C005361,Treatment,3707.17,10,24,Enterprise,East,1.3,0
C005362,Control,1236.64,4,1,Consumer,South,13.6,0
C005363,Control,1332.95,8,31,Consumer,North,17.2,1
C005364,Treatment,3816.18,11,26,Enterprise,South,7.5,0
C005365,Treatment,2485.95,1,8,Enterprise,South,19.0,0
C005366,Treatment,2566.14,5,17,Consumer,East,0.0,0
C005367,Control,2452.7,3,7,Consumer,West,4.0,1
C005368,Treatment,834.7,7,20,Consumer,West,7.8,0
C005369,Treatment,1619.35,6,30,Consumer,South,11.9,1
C005370,Control,4357.21,8,28,Consumer,West,9.4,0
C005371,Control,1902.73,4,22,Consumer,West,4.1,0
C005372,Treatment,1922.04,1,5,Consumer,North,12.3,0
C005373,Control,1790.85,6,25,Consumer,North,11.6,0
C005374,Treatment,2027.51,7,24,Consumer,South,6.6,0
C005375,Treatment,650.38,4,28,Consumer,North,7.3,0
C005376,Treatment,1987.36,2,9,Consumer,South,3.9,0
C005377,Control,4927.54,6,12,Enterprise,South,11.4,0
C005378,Treatment,1326.73,15,58,Consumer,West,3.7,1
C005379,Control,1394.8,5,7,SMB,South,3.1,0
C005380,Treatment,2757.73,3,21,Enterprise,South,16.3,0
C005381,Control,642.39,10,9,Consumer,West,9.4,0
C005382,Treatment,1854.6,1,15,SMB,South,5.8,0
C005383,Treatment,976.6,4,17,Consumer,North,0.3,0
C005384,Control,1916.82,1,24,Consumer,North,9.5,0
C005385,Control,1474.03,2,18,Consumer,East,9.1,0
C005386,Treatment,1216.93,1,3,Consumer,South,14.0,0
C005387,Control,1849.21,7,10,Enterprise,East,0.0,0
C005388,Control,1433.74,9,14,Consumer,West,5.6,0
C005389,Control,2349.84,8,30,Consumer,East,11.5,1
C005390,Treatment,1487.32,2,12,SMB,West,8.3,0
C005391,Treatment,1435.05,1,17,Consumer,East,12.2,0
C005392,Control,2478.84,3,20,Consumer,East,10.2,0
C005393,Treatment,1132.5,1,20,Consumer,North,10.0,0
C005394,Control,2436.89,3,18,Consumer,South,11.8,0
C005395,Control,1310.74,2,8,Consumer,South,3.5,0
C005396,Control,3209.78,5,12,Consumer,South,10.5,0
C005397,Control,578.98,7,29,Consumer,South,10.7,0
C005398,Control,1105.48,7,33,Consumer,East,18.5,1
C005399,Treatment,2235.45,7,35,Consumer,South,0.0,0
C005400,Control,1640.86,3,11,Consumer,South,7.2,0
C005401,Treatment,2219.06,7,13,Consumer,South,11.4,0
C005402,Control,1368.61,8,22,Consumer,West,13.0,0
C005403,Control,3608.47,9,49,Consumer,South,8.0,0
C005404,Control,3827.5,14,69,SMB,East,7.5,0
C005405,Treatment,888.42,10,11,Consumer,East,8.0,1
C005406,Treatment,2470.92,2,10,Consumer,South,15.4,1
C005407,Control,1459.11,5,6,Consumer,West,8.8,0
C005408,Control,2052.26,9,25,Consumer,West,5.8,0
C005409,Control,3010.0,3,5,SMB,West,6.3,1
C005410,Treatment,1014.85,4,23,SMB,West,5.6,0
C005411,Control,829.18,1,24,Consumer,South,12.8,0
C005412,Treatment,2328.48,12,45,Consumer,West,13.9,0
C005413,Control,478.97,4,9,Consumer,West,1.4,0
C005414,Control,1523.3,1,3,SMB,West,6.7,1
C005415,Treatment,2437.47,4,6,Enterprise,West,11.5,0
C005416,Control,1107.05,5,14,Consumer,East,10.2,0
C005417,Control,2402.04,1,9,Consumer,South,7.7,0
C005418,Treatment,1690.2,1,12,Consumer,South,12.8,0
C005419,Control,4779.96,6,29,Consumer,South,15.3,0
C005420,Control,816.54,8,13,Consumer,East,5.8,0
C005421,Control,2857.76,6,13,SMB,South,1.8,0
C005422,Control,1876.97,7,20,Consumer,East,8.6,1
C005423,Treatment,2557.83,5,11,Enterprise,South,4.1,0
C005424,Control,2037.69,4,24,Consumer,South,12.2,0
C005425,Treatment,1768.29,6,30,Consumer,North,4.4,0
C005426,Treatment,816.91,3,9,Consumer,South,17.9,1
C005427,Treatment,1975.48,10,42,Consumer,East,3.8,0
C005428,Treatment,3006.45,1,5,Consumer,South,8.5,0
C005429,Treatment,2779.59,1,6,Consumer,North,9.9,0
C005430,Treatment,1080.5,4,13,Consumer,South,6.1,0
C005431,Control,1483.66,1,7,Consumer,South,8.2,0
C005432,Control,5120.07,5,20,Enterprise,South,9.9,0
C005433,Treatment,1891.77,14,65,SMB,South,17.7,0
C005434,Control,1836.65,8,13,SMB,East,10.6,0
C005435,Treatment,941.75,3,13,Consumer,East,9.3,0
C005436,Control,1867.87,4,6,Consumer,West,14.6,0
C005437,Treatment,3560.94,13,72,SMB,North,12.1,0
C005438,Control,1390.99,14,42,Consumer,South,14.6,0
C005439,Treatment,1521.91,13,32,Consumer,North,5.2,0
C005440,Control,2142.35,3,15,Consumer,East,2.5,0
C005441,Control,1560.18,5,35,Consumer,North,16.8,1
C005442,Treatment,1228.99,1,25,Consumer,South,11.3,0
C005443,Treatment,1805.68,4,11,Consumer,East,6.6,0
C005444,Treatment,3949.83,15,72,SMB,South,4.1,0
C005445,Treatment,1414.21,6,3,Consumer,South,7.1,0
C005446,Control,1075.01,5,14,Consumer,East,17.5,0
C005447,Treatment,1599.99,1,10,Consumer,West,3.5,0
C005448,Control,2372.94,4,1,SMB,South,17.4,0
C005449,Treatment,987.38,1,1,Consumer,South,6.4,0
C005450,Control,1345.26,2,3,SMB,South,9.0,0
C005451,Control,2233.06,12,49,Consumer,North,9.1,0
C005452,Treatment,1435.48,5,12,Consumer,North,9.7,0
C005453,Treatment,1673.05,3,15,Consumer,South,2.2,0
C005454,Control,1048.02,3,12,Consumer,South,20.2,0
C005455,Treatment,1928.97,3,13,Consumer,North,12.3,0
C005456,Treatment,842.95,4,3,Consumer,East,12.7,0
C005457,Control,2362.23,8,22,Consumer,West,9.5,0
C005458,Treatment,2807.63,4,24,Consumer,North,10.2,0
C005459,Control,2671.64,6,11,Consumer,South,11.1,0
C005460,Control,3776.42,4,30,Consumer,West,10.6,0
C005461,Treatment,2520.24,11,50,SMB,South,5.0,0
C005462,Control,2673.14,5,3,SMB,East,6.1,0
C005463,Control,1100.03,3,15,Consumer,North,13.4,0
C005464,Treatment,1448.42,4,22,Enterprise,West,15.4,0
C005465,Control,797.87,3,4,Consumer,North,5.5,0
C005466,Treatment,1977.92,1,42,SMB,South,8.0,0
C005467,Treatment,1433.48,5,27,Enterprise,West,7.8,0
C005468,Control,3444.84,6,28,Consumer,East,13.0,0
C005469,Treatment,1909.06,9,42,Consumer,South,8.4,0
C005470,Control,4010.64,5,15,Enterprise,West,7.6,0
C005471,Treatment,2549.07,4,15,Consumer,West,5.5,1
C005472,Control,1142.42,9,18,Consumer,South,13.3,0
C005473,Treatment,2992.51,11,23,Enterprise,North,8.7,0
C005474,Control,948.58,6,24,Consumer,South,7.6,0
C005475,Treatment,1605.93,1,8,Consumer,West,8.7,0
C005476,Control,1625.56,6,6,Consumer,North,16.3,0
C005477,Control,5974.18,6,26,Enterprise,South,10.3,0
C005478,Control,1469.38,4,24,Consumer,North,15.8,0
C005479,Treatment,3592.16,11,36,SMB,North,4.8,0
C005480,Treatment,1465.59,8,32,Consumer,South,9.7,0
C005481,Control,2723.03,5,5,Consumer,South,8.6,0
C005482,Control,1664.63,1,6,Consumer,North,21.1,0
C005483,Control,758.28,2,9,Consumer,North,9.1,0
C005484,Control,977.82,8,20,Consumer,North,5.2,0
C005485,Treatment,1983.24,3,40,Consumer,North,10.7,1
C005486,Treatment,1750.07,4,20,Consumer,North,11.6,0
C005487,Treatment,1491.38,8,16,SMB,East,16.1,1
C005488,Control,1445.25,2,6,Consumer,North,7.4,0
C005489,Control,821.13,8,16,SMB,South,15.1,1
C005490,Treatment,1659.95,5,27,SMB,South,9.9,0
C005491,Control,1197.91,5,13,SMB,East,11.4,0
C005492,Treatment,2841.82,3,12,SMB,East,12.2,1
C005493,Control,1156.78,3,34,Consumer,West,8.8,0
C005494,Control,1325.43,5,24,Enterprise,South,2.7,0
C005495,Treatment,3267.84,6,31,SMB,North,10.1,0
C005496,Control,2035.01,1,9,Consumer,North,6.9,0
C005497,Treatment,1456.78,8,48,SMB,North,4.0,0
C005498,Control,1667.57,8,11,SMB,West,10.0,0
C005499,Control,1108.62,2,14,SMB,South,4.9,0
C005500,Control,1352.01,8,26,Consumer,West,9.9,0
C005501,Control,1131.36,3,11,Consumer,West,9.4,0
C005502,Treatment,3710.72,8,21,SMB,West,8.4,1
C005503,Control,4720.49,11,22,Enterprise,South,4.9,0
C005504,Treatment,1174.69,9,15,Consumer,West,2.9,0
C005505,Treatment,2098.81,5,23,Consumer,South,10.0,0
C005506,Control,1139.13,6,13,Consumer,North,14.7,0
C005507,Control,2765.16,10,24,SMB,South,12.7,0
C005508,Control,1606.1,6,28,Consumer,West,3.4,1
C005509,Treatment,2164.55,8,18,Enterprise,West,7.3,1
C005510,Treatment,2985.13,8,30,Consumer,South,7.9,0
C005511,Control,1264.93,1,10,Consumer,West,3.5,0
C005512,Treatment,3621.31,11,18,Consumer,South,6.5,1
C005513,Control,1477.21,7,52,Consumer,East,4.8,0
C005514,Control,2032.64,1,18,Consumer,South,16.2,0
C005515,Control,1291.45,3,15,SMB,North,10.0,0
C005516,Treatment,1905.82,6,7,Consumer,South,15.7,1
C005517,Control,2624.41,5,10,Consumer,West,10.3,0
C005518,Control,1873.33,11,17,Consumer,West,15.5,0
C005519,Control,3915.78,11,34,Consumer,South,2.8,1
C005520,Treatment,1116.55,8,29,Consumer,North,14.8,0
C005521,Control,1796.26,7,9,Consumer,North,8.6,0
C005522,Control,1848.76,5,22,SMB,West,8.5,0
C005523,Control,974.48,5,18,Consumer,South,13.7,0
C005524,Treatment,2210.76,4,19,SMB,South,8.8,0
C005525,Control,2774.04,10,28,Consumer,North,11.3,1
C005526,Treatment,1687.66,6,26,Consumer,North,5.0,0
C005527,Control,1902.03,3,25,Consumer,West,17.7,0
C005528,Control,1222.22,3,26,Consumer,South,5.5,0
C005529,Treatment,2120.78,1,3,Consumer,South,4.2,1
C005530,Treatment,3127.47,14,53,SMB,South,5.1,1
C005531,Control,1607.61,5,19,Consumer,South,3.5,0
C005532,Treatment,2011.71,7,28,Consumer,North,0.9,0
C005533,Treatment,10653.05,17,72,Enterprise,North,9.4,0
C005534,Control,2945.88,10,34,Consumer,East,3.6,0
C005535,Treatment,1073.57,3,12,Consumer,South,5.9,0
C005536,Treatment,2629.8,4,16,SMB,South,0.0,0
C005537,Control,1542.84,7,34,Consumer,South,16.1,0
C005538,Treatment,2081.92,11,41,Consumer,South,11.3,0
C005539,Control,1831.01,5,18,SMB,South,0.0,0
C005540,Control,1382.34,1,5,Consumer,West,8.2,0
C005541,Treatment,2915.79,4,9,Consumer,South,8.1,1
C005542,Treatment,823.15,6,13,Consumer,West,8.3,0
C005543,Treatment,1511.49,11,22,Consumer,South,10.6,0
C005544,Treatment,2072.39,3,23,SMB,North,2.2,0
C005545,Treatment,1725.71,3,29,SMB,North,4.6,0
C005546,Control,1737.17,4,33,SMB,East,6.7,0
C005547,Treatment,861.31,1,2,Consumer,South,11.3,1
C005548,Treatment,3683.44,4,14,Enterprise,West,7.4,0
C005549,Treatment,1310.63,7,33,SMB,North,9.9,0
C005550,Control,4463.22,6,45,Consumer,East,3.4,0
C005551,Control,1956.84,11,24,SMB,North,5.7,0
C005552,Control,1294.16,1,8,SMB,South,12.2,0
C005553,Control,3044.67,11,20,Consumer,East,11.4,0
C005554,Control,2267.8,11,37,Consumer,North,10.3,0
C005555,Treatment,1285.5,7,6,Consumer,South,12.5,0
C005556,Treatment,3566.27,1,8,Consumer,South,11.6,0
C005557,Control,1056.29,2,8,Consumer,East,6.7,0
C005558,Control,2248.46,6,26,Consumer,East,11.5,0
C005559,Treatment,1303.74,2,10,Consumer,North,9.6,1
C005560,Control,1187.7,2,1,SMB,North,7.8,1
C005561,Treatment,3702.78,10,37,SMB,South,7.3,0
C005562,Control,2848.39,2,17,Consumer,South,13.8,1
C005563,Control,1331.58,18,54,Consumer,South,12.4,0
C005564,Control,949.16,4,28,Consumer,South,6.9,1
C005565,Treatment,1510.05,7,18,Consumer,South,6.0,0
C005566,Control,670.64,8,31,SMB,South,6.6,0
C005567,Treatment,1483.13,4,9,Consumer,North,12.4,0
C005568,Control,1824.35,1,22,Enterprise,South,4.6,0
C005569,Control,1336.65,5,22,Consumer,South,8.5,0
C005570,Treatment,2158.4,4,16,SMB,South,11.9,0
C005571,Control,2491.33,4,6,Consumer,West,10.9,0
C005572,Control,1830.39,2,22,Consumer,South,11.1,0
C005573,Treatment,3981.98,7,21,Consumer,North,2.3,0
C005574,Treatment,2125.13,6,11,Consumer,West,10.8,0
C005575,Control,1681.25,5,6,Consumer,South,5.6,1
C005576,Control,3405.28,4,10,Consumer,North,7.0,1
C005577,Treatment,2436.79,14,47,Consumer,West,1.9,0
C005578,Treatment,1514.53,7,12,Consumer,East,13.4,0
C005579,Treatment,2051.26,4,21,Consumer,West,11.5,1
C005580,Treatment,4459.81,6,21,Consumer,West,6.0,0
C005581,Treatment,1639.01,8,16,Consumer,East,10.8,1
C005582,Control,1900.06,16,49,Consumer,North,12.6,0
C005583,Control,801.25,5,27,Consumer,South,14.7,0
C005584,Treatment,1967.52,4,25,Consumer,North,11.5,1
C005585,Treatment,1119.61,2,18,Consumer,South,6.9,0
C005586,Treatment,700.37,1,12,Consumer,West,4.2,0
C005587,Treatment,1374.03,5,18,Consumer,North,18.7,0
C005588,Control,2960.29,5,27,Consumer,West,7.5,0
C005589,Control,2743.49,9,31,Consumer,South,8.9,0
C005590,Treatment,2343.86,5,27,Consumer,North,10.9,1
C005591,Control,1933.16,1,3,Consumer,West,13.0,0
C005592,Treatment,702.43,5,5,Consumer,South,8.3,0
C005593,Treatment,1188.69,4,15,Consumer,South,13.4,0
C005594,Control,1473.28,5,4,Consumer,South,20.6,0
C005595,Treatment,1200.14,2,9,SMB,North,7.9,1
C005596,Treatment,2172.14,8,7,SMB,North,11.7,0
C005597,Treatment,1182.35,6,15,Consumer,East,5.1,0
C005598,Control,3681.91,2,18,SMB,West,7.5,0
C005599,Treatment,862.79,1,6,SMB,East,5.7,0
C005600,Control,1377.5,10,40,Enterprise,West,4.5,0
C005601,Treatment,2487.25,7,23,Consumer,West,4.6,0
C005602,Control,2064.6,7,17,SMB,North,15.4,0
C005603,Treatment,2678.29,2,30,Consumer,West,16.9,0
C005604,Treatment,976.1,1,17,Consumer,West,15.0,0
C005605,Treatment,4211.45,1,24,Consumer,South,8.7,0
C005606,Treatment,2185.88,1,12,Consumer,South,13.0,0
C005607,Control,1168.24,5,9,Consumer,East,3.0,0
C005608,Treatment,1389.12,3,7,Consumer,West,0.0,0
C005609,Control,1690.54,1,19,SMB,West,7.7,0
C005610,Treatment,1233.69,1,22,Consumer,South,10.1,0
C005611,Control,1780.43,14,59,Consumer,West,8.0,1
C005612,Treatment,1561.11,6,3,Consumer,South,10.1,1
C005613,Control,1314.88,6,17,Consumer,West,9.5,0
C005614,Treatment,810.93,12,30,Consumer,East,7.1,0
C005615,Treatment,2701.39,5,9,SMB,West,7.2,0
C005616,Control,563.57,13,35,Consumer,West,10.8,1
C005617,Control,1354.49,15,30,Enterprise,South,17.2,0
C005618,Treatment,2213.27,8,37,Consumer,West,7.4,0
C005619,Treatment,1324.75,8,24,Consumer,East,15.0,0
C005620,Control,2009.89,1,9,Consumer,South,6.2,0
C005621,Control,1844.25,7,18,SMB,North,5.9,0
C005622,Control,3778.79,5,32,SMB,East,13.1,1
C005623,Treatment,1347.49,5,10,SMB,South,16.3,1
C005624,Treatment,1820.43,1,5,Consumer,South,4.7,0
C005625,Control,2629.8,4,6,Consumer,South,0.6,0
C005626,Treatment,2063.51,3,27,Consumer,North,7.4,0
C005627,Treatment,3863.88,3,11,Enterprise,South,14.9,0
C005628,Treatment,1797.18,8,22,Consumer,West,10.8,0
C005629,Control,2437.5,9,30,Consumer,North,1.6,0
C005630,Control,814.49,1,13,Consumer,East,6.4,1
C005631,Control,1510.99,3,8,Consumer,North,10.3,0
C005632,Control,1968.02,1,8,Enterprise,West,14.2,0
C005633,Control,2533.25,9,54,SMB,South,7.8,0
C005634,Control,564.97,1,9,Consumer,West,12.1,0
C005635,Control,2628.76,8,23,SMB,East,12.5,0
C005636,Treatment,3044.26,7,3,Enterprise,West,9.7,0
C005637,Control,3831.0,10,31,SMB,South,8.1,0
C005638,Treatment,1432.4,4,22,Consumer,South,12.2,0
C005639,Control,1278.03,5,15,SMB,North,7.2,0
C005640,Treatment,3341.58,5,17,SMB,South,6.4,0
C005641,Control,1727.12,8,20,SMB,South,2.5,0
C005642,Treatment,1407.04,3,5,SMB,East,0.0,0
C005643,Treatment,1976.17,9,26,Consumer,North,2.9,0
C005644,Control,1382.12,11,49,Consumer,South,8.9,0
C005645,Treatment,1023.63,3,1,Consumer,South,14.8,0
C005646,Control,1200.83,6,10,Consumer,East,10.9,0
C005647,Treatment,3149.24,2,17,SMB,East,14.8,0
C005648,Control,2465.48,9,39,Enterprise,South,8.1,1
C005649,Control,1778.82,10,47,Consumer,South,10.5,0
C005650,Control,2546.18,4,2,Consumer,South,6.8,0
C005651,Treatment,2395.71,7,29,SMB,West,0.0,0
C005652,Control,2093.84,8,44,Consumer,West,3.5,0
C005653,Treatment,1913.78,1,4,Consumer,South,6.3,0
C005654,Control,1759.26,7,24,SMB,South,10.2,0
C005655,Control,3154.93,12,44,Consumer,East,2.4,0
C005656,Control,2269.75,2,14,SMB,West,10.6,0
C005657,Treatment,1630.62,4,22,Consumer,North,10.8,0
C005658,Treatment,1933.38,2,13,SMB,South,2.3,0
C005659,Control,1124.62,5,24,Consumer,South,12.1,1
C005660,Treatment,1757.05,7,34,Consumer,West,8.1,0
C005661,Control,1901.87,10,38,Consumer,North,2.6,1
C005662,Control,1129.72,6,11,Consumer,West,8.9,0
C005663,Treatment,1984.34,1,6,Consumer,East,3.7,0
C005664,Control,2027.27,1,24,SMB,West,14.1,0
C005665,Control,2074.93,8,27,Consumer,West,0.8,0
C005666,Treatment,1861.36,1,6,SMB,South,13.3,0
C005667,Control,2397.21,8,15,SMB,East,16.3,0
C005668,Treatment,1694.11,10,43,Consumer,East,15.3,1
C005669,Treatment,1766.78,5,14,Consumer,West,14.4,0
C005670,Treatment,994.11,12,36,Consumer,South,7.0,0
C005671,Treatment,1655.04,3,11,SMB,North,8.8,0
C005672,Treatment,1686.04,10,36,Consumer,West,9.7,0
C005673,Control,2071.28,6,18,Consumer,North,3.3,1
C005674,Treatment,1792.04,10,15,SMB,West,12.4,0
C005675,Treatment,1364.59,11,18,Consumer,South,11.9,0
C005676,Treatment,1846.14,3,10,Consumer,South,10.5,1
C005677,Control,1145.11,7,6,Consumer,West,1.8,1
C005678,Treatment,2325.05,1,14,Consumer,East,12.4,1
C005679,Treatment,2489.06,6,27,SMB,East,10.8,0
C005680,Control,1893.66,4,4,SMB,South,5.2,0
C005681,Treatment,1462.33,5,38,Consumer,South,9.2,0
C005682,Control,1121.64,11,15,SMB,North,16.0,0
C005683,Control,1251.22,12,28,Consumer,East,11.8,0
C005684,Treatment,1993.89,3,14,Consumer,South,14.9,0
C005685,Control,2088.25,13,26,Consumer,South,16.7,0
C005686,Control,2116.73,9,27,Consumer,South,7.6,0
C005687,Control,2168.67,11,42,SMB,West,7.5,0
C005688,Control,1812.24,4,4,Consumer,West,9.1,0
C005689,Treatment,1448.76,3,17,Consumer,South,0.0,1
C005690,Treatment,1093.97,9,34,Consumer,West,13.3,0
C005691,Treatment,1629.76,2,17,SMB,South,10.8,1
C005692,Control,1693.01,5,15,Consumer,South,5.5,0
C005693,Treatment,2208.45,5,14,SMB,South,7.9,1
C005694,Treatment,2796.36,6,19,Consumer,West,2.8,0
C005695,Treatment,2760.13,7,27,Consumer,South,13.8,0
C005696,Control,1304.72,12,15,SMB,South,9.0,0
C005697,Control,1279.03,3,34,Consumer,West,11.5,0
C005698,Treatment,1477.51,1,21,Consumer,East,9.2,0
C005699,Treatment,841.39,2,16,Consumer,West,16.6,0
C005700,Control,1152.1,5,19,Consumer,East,4.3,0
C005701,Treatment,2078.94,7,34,Consumer,East,4.6,0
C005702,Control,2284.1,1,11,SMB,North,3.2,0
C005703,Control,1609.51,10,14,Consumer,West,12.8,0
C005704,Treatment,2213.79,6,12,SMB,South,0.0,0
C005705,Treatment,2829.35,4,15,Consumer,North,0.8,0
C005706,Control,1096.93,2,18,SMB,West,6.1,0
C005707,Treatment,3535.35,7,33,SMB,North,13.3,0
C005708,Treatment,3529.57,5,27,Enterprise,North,12.6,0
C005709,Control,2363.51,6,18,SMB,South,3.9,0
C005710,Treatment,2068.34,1,17,SMB,West,0.4,0
C005711,Treatment,2747.45,4,24,Enterprise,West,16.7,0
C005712,Treatment,897.42,7,14,SMB,North,6.6,0
C005713,Treatment,1801.94,2,11,SMB,South,12.8,0
C005714,Treatment,2039.02,8,24,Consumer,East,12.9,0
C005715,Control,948.35,3,11,SMB,East,4.2,0
C005716,Control,2314.03,3,9,Consumer,South,7.0,1
C005717,Treatment,4967.38,12,62,Enterprise,South,12.7,1
C005718,Treatment,3339.96,2,3,SMB,East,8.1,0
C005719,Control,1173.51,1,3,Consumer,North,2.5,1
C005720,Control,1422.01,1,17,Consumer,West,8.5,0
C005721,Treatment,1632.8,10,26,Consumer,South,6.9,0
C005722,Control,794.21,6,16,Consumer,West,13.3,0
C005723,Control,1881.33,1,14,SMB,East,12.3,1
C005724,Treatment,2550.38,11,52,Consumer,East,4.4,0
C005725,Treatment,3285.2,3,11,Consumer,West,9.6,0
C005726,Treatment,1556.59,2,18,Consumer,North,0.9,0
C005727,Treatment,1501.64,6,15,SMB,South,4.7,0
C005728,Control,1421.31,10,20,Consumer,South,16.3,0
C005729,Treatment,1230.74,3,15,Consumer,West,9.4,0
C005730,Control,3027.39,5,23,Consumer,West,15.3,0
C005731,Control,1197.65,2,18,Consumer,South,10.4,0
C005732,Treatment,2825.04,1,13,SMB,West,11.8,0
C005733,Treatment,2251.09,4,6,SMB,South,9.4,1
C005734,Treatment,2225.08,7,1,Consumer,North,0.0,1
C005735,Control,1939.25,6,25,SMB,South,10.9,0
C005736,Treatment,1088.35,3,9,SMB,West,14.7,1
C005737,Treatment,3781.69,5,18,Consumer,South,12.7,0
C005738,Treatment,1889.4,1,6,Consumer,South,0.0,0
C005739,Treatment,3173.47,4,30,Consumer,East,12.9,0
C005740,Control,3426.9,15,29,Consumer,North,8.4,0
C005741,Treatment,1167.93,5,10,Consumer,North,7.1,1
C005742,Treatment,3830.81,9,27,Enterprise,North,7.5,0
C005743,Treatment,2415.93,14,30,Consumer,North,9.2,0
C005744,Treatment,3639.87,10,40,Enterprise,South,5.4,0
C005745,Treatment,2167.82,1,7,Consumer,South,9.0,0
C005746,Control,2275.7,1,14,Consumer,West,11.9,1
C005747,Control,1392.04,11,17,SMB,West,10.7,0
C005748,Treatment,4014.7,7,15,SMB,West,11.5,0
C005749,Treatment,3635.68,10,44,Enterprise,North,15.7,0
C005750,Treatment,1718.64,5,24,Consumer,South,9.1,1
C005751,Control,1191.73,2,9,Consumer,North,11.7,0
C005752,Control,1293.21,13,52,Consumer,South,6.8,0
C005753,Treatment,2961.59,12,26,Consumer,East,10.7,0
C005754,Treatment,1544.17,4,14,Consumer,South,10.7,0
C005755,Control,1011.73,1,5,SMB,East,4.8,1
C005756,Treatment,2159.89,1,15,Consumer,West,6.8,0
C005757,Control,1553.4,11,38,SMB,North,4.4,0
C005758,Control,1588.93,8,18,SMB,West,9.7,0
C005759,Control,1520.28,10,15,Consumer,North,8.7,0
C005760,Control,598.66,14,24,Consumer,West,13.8,0
C005761,Control,2381.54,1,16,SMB,East,12.3,0
C005762,Treatment,1956.01,7,28,Consumer,North,10.2,0
C005763,Treatment,1180.05,7,31,Consumer,South,12.4,0
C005764,Treatment,4006.9,3,10,Consumer,South,11.5,0
C005765,Control,1228.94,6,35,Consumer,West,13.4,0
C005766,Control,592.65,4,9,Consumer,South,13.7,0
C005767,Control,1227.7,2,20,Consumer,West,17.9,0
C005768,Treatment,1618.84,12,45,Consumer,South,13.0,0
C005769,Control,2231.6,9,19,SMB,West,4.3,0
C005770,Treatment,1076.59,1,5,Consumer,South,15.2,0
C005771,Treatment,1464.53,9,21,Consumer,East,6.5,0
C005772,Treatment,2190.29,8,29,Consumer,West,17.7,0
C005773,Control,1676.29,10,29,Consumer,South,7.8,1
C005774,Treatment,1243.12,9,34,Consumer,North,16.6,0
C005775,Control,1778.76,3,20,Consumer,South,4.6,0
C005776,Control,1667.18,8,31,SMB,East,16.2,0
C005777,Treatment,1695.87,2,9,Consumer,West,17.3,1
C005778,Treatment,1537.83,9,27,SMB,South,18.2,0
C005779,Treatment,1192.47,3,13,Consumer,West,16.0,0
C005780,Control,2012.96,13,40,Consumer,West,10.9,0
C005781,Treatment,2408.25,7,20,SMB,West,9.9,0
C005782,Treatment,2982.52,5,14,SMB,North,10.8,0
C005783,Control,1309.14,9,32,Consumer,North,4.9,0
C005784,Treatment,881.35,8,19,Consumer,West,8.8,0
C005785,Control,2386.1,5,5,Consumer,East,14.1,0
C005786,Treatment,1122.3,6,8,SMB,East,17.5,1
C005787,Treatment,1665.61,10,57,Consumer,West,8.2,0
C005788,Treatment,2033.82,4,23,Consumer,North,8.3,0
C005789,Treatment,1602.28,6,21,Consumer,West,16.9,0
C005790,Control,1959.75,4,16,SMB,East,8.9,1
C005791,Treatment,1081.97,3,23,Consumer,West,6.0,0
C005792,Treatment,1176.37,10,25,Consumer,West,15.0,0
C005793,Control,2045.67,1,6,SMB,South,9.7,0
C005794,Control,2594.48,7,14,SMB,North,11.4,0
C005795,Treatment,1307.08,9,10,SMB,West,8.7,1
C005796,Treatment,1190.17,1,6,Consumer,West,11.9,0
C005797,Treatment,1369.48,1,3,Consumer,South,4.3,0
C005798,Treatment,1819.04,12,60,Consumer,West,8.2,0
C005799,Treatment,2097.88,14,72,SMB,South,9.7,1
C005800,Control,2692.93,9,59,Consumer,South,7.0,0
C005801,Control,1060.3,9,32,Consumer,West,12.7,1
C005802,Treatment,2789.85,7,22,SMB,East,17.3,0
C005803,Treatment,1016.26,5,13,Consumer,West,12.4,0
C005804,Treatment,5322.44,2,14,Enterprise,West,8.8,0
C005805,Treatment,1829.45,6,7,Consumer,South,7.3,0
C005806,Treatment,958.1,3,17,Consumer,South,0.8,0
C005807,Treatment,1277.19,1,4,Consumer,West,5.5,1
C005808,Treatment,1627.67,2,20,Consumer,South,7.6,0
C005809,Control,2222.94,1,7,Enterprise,South,12.6,0
C005810,Treatment,5114.22,8,33,SMB,South,5.9,0
C005811,Treatment,3041.38,1,13,Consumer,North,11.8,0
C005812,Control,1524.46,7,39,Consumer,North,14.8,0
C005813,Treatment,3332.95,14,39,Consumer,East,6.5,0
C005814,Treatment,1712.35,5,27,SMB,West,10.5,0
C005815,Treatment,1285.58,13,43,Consumer,South,14.8,0
C005816,Treatment,2388.61,6,19,Consumer,North,9.3,1
C005817,Control,1528.06,12,37,Consumer,South,9.1,0
C005818,Control,1949.2,7,23,Consumer,West,7.3,0
C005819,Control,2161.21,9,39,Consumer,North,6.4,0
C005820,Control,2285.89,5,21,Enterprise,South,3.5,0
C005821,Treatment,2838.7,6,36,SMB,East,6.3,0
C005822,Treatment,6415.34,9,34,Enterprise,South,8.4,0
C005823,Treatment,1358.55,4,21,Consumer,East,10.7,0
C005824,Control,1504.33,1,10,Consumer,West,14.4,0
C005825,Control,2547.95,10,36,Enterprise,South,3.3,1
C005826,Control,2133.7,5,21,Consumer,North,3.8,0
C005827,Treatment,1988.36,10,38,Enterprise,North,15.2,0
C005828,Control,1490.43,4,13,Consumer,East,7.4,0
C005829,Treatment,1244.51,5,4,SMB,West,11.8,1
C005830,Treatment,1397.26,4,4,SMB,East,13.6,0
C005831,Treatment,841.03,3,10,SMB,West,11.4,1
C005832,Control,1405.23,10,37,SMB,East,9.1,0
C005833,Control,802.42,8,14,Consumer,South,12.5,0
C005834,Treatment,1440.33,4,26,Consumer,South,9.8,1
C005835,Treatment,1771.91,1,25,Consumer,East,7.1,0
C005836,Control,1374.4,5,3,Enterprise,East,9.1,0
C005837,Treatment,1123.97,9,27,Consumer,South,8.0,1
C005838,Treatment,1378.85,15,27,Consumer,South,10.1,0
C005839,Control,1669.5,4,10,Consumer,South,4.8,0
C005840,Control,1233.85,5,23,SMB,South,14.0,0
C005841,Control,2517.85,11,43,Enterprise,East,8.8,0
C005842,Control,4338.16,8,19,Enterprise,East,4.8,0
C005843,Control,1405.67,10,32,Consumer,West,6.2,0
C005844,Treatment,3154.48,4,17,SMB,South,5.3,0
C005845,Control,1265.86,17,58,Consumer,West,4.5,0
C005846,Treatment,3736.64,1,9,SMB,South,16.2,0
C005847,Treatment,879.88,4,21,SMB,South,14.6,1
C005848,Control,454.32,7,5,Consumer,West,4.3,0
C005849,Control,1842.45,9,25,Consumer,West,4.9,0
C005850,Treatment,1164.81,1,3,Consumer,West,4.9,0
C005851,Treatment,1587.53,6,18,Consumer,North,11.2,0
C005852,Treatment,1598.29,17,47,Consumer,South,9.9,0
C005853,Control,2095.59,7,32,Consumer,West,10.8,0
C005854,Control,686.54,1,6,Consumer,West,4.7,0
C005855,Control,3081.63,10,40,Consumer,South,3.8,0
C005856,Treatment,3721.82,8,17,Consumer,North,6.6,0
C005857,Treatment,714.68,6,16,Consumer,South,12.4,0
C005858,Treatment,3301.2,8,15,Enterprise,North,19.4,0
C005859,Treatment,3615.01,2,14,Consumer,South,3.5,0
C005860,Control,1858.95,1,8,SMB,East,14.6,1
C005861,Treatment,2087.56,7,13,Enterprise,North,11.9,1
C005862,Control,938.2,1,17,Consumer,East,5.0,0
C005863,Treatment,1869.89,1,3,SMB,East,11.2,0
C005864,Treatment,3460.38,2,11,Enterprise,South,9.9,0
C005865,Treatment,1600.61,5,29,SMB,South,10.1,0
C005866,Control,1984.19,3,17,Consumer,West,12.4,0
C005867,Treatment,2000.84,3,32,Consumer,South,17.2,0
C005868,Treatment,496.31,7,5,Consumer,West,12.2,0
C005869,Control,2287.58,1,5,SMB,South,9.7,0
C005870,Control,828.68,13,22,SMB,East,6.5,0
C005871,Treatment,1116.91,6,10,Consumer,West,8.7,1
C005872,Control,2278.45,12,10,Consumer,North,10.3,0
C005873,Control,1717.86,2,13,Consumer,South,7.7,1
C005874,Control,1260.03,3,11,SMB,West,12.7,0
C005875,Control,1958.8,8,14,Consumer,South,17.0,0
C005876,Control,1416.96,3,24,Consumer,South,2.3,0
C005877,Treatment,3572.65,18,72,Consumer,West,6.5,0
C005878,Control,997.83,4,11,Consumer,North,16.8,0
C005879,Treatment,1860.24,12,37,SMB,East,9.5,0
C005880,Control,1335.31,6,2,Consumer,West,14.4,0
C005881,Control,2543.35,3,16,Consumer,West,4.5,1
C005882,Control,2222.35,3,19,SMB,South,11.0,0
C005883,Treatment,1765.21,1,11,Consumer,North,7.9,0
C005884,Treatment,1443.11,1,15,Consumer,West,8.9,0
C005885,Control,4319.02,3,17,Enterprise,West,7.6,0
C005886,Control,892.55,3,8,SMB,South,16.4,0
C005887,Control,893.53,5,23,Consumer,South,6.8,0
C005888,Control,1438.7,7,21,SMB,South,14.1,0
C005889,Treatment,2263.44,7,16,Consumer,North,9.3,0
C005890,Control,1605.39,3,15,Consumer,West,17.1,0
C005891,Treatment,3467.46,6,29,SMB,West,11.9,0
C005892,Treatment,2187.89,11,27,Consumer,South,3.1,0
C005893,Treatment,2175.06,5,11,Consumer,West,9.6,0
C005894,Treatment,2207.69,9,38,Consumer,West,8.3,0
C005895,Control,1818.61,4,22,Consumer,East,11.9,0
C005896,Treatment,710.41,7,15,Consumer,West,9.8,0
C005897,Control,5972.76,8,38,Enterprise,South,2.2,0
C005898,Treatment,1369.44,1,4,Consumer,West,7.5,0
C005899,Treatment,3404.7,1,11,SMB,North,7.0,0
C005900,Control,3260.47,7,39,Consumer,South,9.0,0
C005901,Treatment,1888.78,3,22,Consumer,South,10.5,0
C005902,Control,1614.51,7,24,SMB,North,12.3,1
C005903,Control,2124.91,1,17,Consumer,East,11.6,0
C005904,Treatment,1866.37,3,9,Enterprise,South,0.0,0
C005905,Control,2370.44,2,16,SMB,South,11.4,0
C005906,Treatment,1124.28,10,28,Enterprise,East,15.2,0
C005907,Treatment,1804.04,3,17,Consumer,North,9.8,0
C005908,Treatment,2685.62,10,28,Consumer,South,6.3,0
C005909,Control,2123.38,6,23,Consumer,North,5.1,0
C005910,Control,1886.99,2,10,Enterprise,West,13.0,0
C005911,Treatment,1186.4,2,23,Consumer,West,10.6,0
C005912,Control,3252.54,5,30,SMB,South,6.5,0
C005913,Treatment,2183.23,7,8,Consumer,East,9.8,0
C005914,Control,781.27,4,14,SMB,East,7.2,0
C005915,Control,2457.43,2,16,Enterprise,South,7.1,0
C005916,Treatment,2200.37,7,21,SMB,North,9.2,1
C005917,Treatment,1575.28,10,50,Consumer,South,9.9,0
C005918,Treatment,3359.43,1,10,SMB,South,5.7,0
C005919,Treatment,1647.15,3,15,Consumer,West,7.4,0
C005920,Control,1932.62,6,10,SMB,South,16.7,0
C005921,Control,1189.74,2,4,Consumer,South,4.9,1
C005922,Control,2637.47,9,26,SMB,South,10.0,0
C005923,Treatment,1597.78,10,48,Consumer,East,11.7,0
C005924,Control,1458.18,5,28,SMB,West,6.4,0
C005925,Treatment,1234.72,8,9,Consumer,South,6.6,1
C005926,Control,975.45,1,9,Consumer,North,5.8,0
C005927,Treatment,1371.3,4,15,Consumer,East,4.5,0
C005928,Treatment,2055.16,7,11,Consumer,North,15.5,0
C005929,Treatment,1326.56,2,9,Enterprise,North,7.0,1
C005930,Control,2205.78,13,32,SMB,East,9.0,0
C005931,Treatment,4767.69,5,33,Consumer,North,5.0,0
C005932,Control,1718.53,6,13,Consumer,North,10.7,1
C005933,Control,2688.86,13,33,SMB,South,6.4,1
C005934,Control,3551.02,9,33,Consumer,South,12.3,0
C005935,Control,523.82,4,8,Consumer,West,4.9,0
C005936,Treatment,4315.49,7,17,SMB,South,16.3,0
C005937,Control,995.07,1,5,Consumer,South,6.4,0
C005938,Control,1442.42,8,10,Consumer,East,10.4,1
C005939,Treatment,1028.14,10,39,Consumer,West,10.6,0
C005940,Treatment,1532.18,11,47,SMB,South,12.9,0
C005941,Treatment,1366.26,7,23,Consumer,East,2.5,0
C005942,Treatment,1759.21,2,33,Consumer,East,4.8,0
C005943,Control,2864.28,7,12,Enterprise,South,7.3,1
C005944,Treatment,3334.52,5,11,SMB,North,14.0,0
C005945,Control,1093.18,4,25,Enterprise,East,8.1,1
C005946,Control,1786.73,6,15,SMB,South,16.6,0
C005947,Control,654.91,4,3,Consumer,South,18.2,1
C005948,Treatment,1637.96,3,15,Consumer,South,8.8,0
C005949,Control,4232.62,13,36,Consumer,North,18.6,0
C005950,Treatment,2926.14,5,17,Consumer,South,7.4,0
C005951,Control,1161.29,7,34,Consumer,South,10.1,0
C005952,Control,1288.27,4,4,Consumer,West,10.6,0
C005953,Control,1087.14,2,18,Consumer,West,15.3,1
C005954,Control,2940.08,3,13,Consumer,South,13.9,0
C005955,Control,2483.12,1,6,SMB,South,8.8,0
C005956,Treatment,1544.33,4,17,Enterprise,West,6.4,1
C005957,Treatment,1571.18,3,14,Consumer,East,10.8,0
C005958,Control,1856.94,10,43,Consumer,East,11.9,0
C005959,Treatment,2080.39,12,37,Consumer,North,14.6,0
C005960,Control,1987.99,7,15,SMB,North,16.4,1
C005961,Control,2471.27,5,16,Consumer,South,7.8,0
C005962,Control,2407.19,8,11,SMB,West,6.6,0
C005963,Control,1370.47,1,7,Consumer,West,11.2,0
C005964,Control,1776.43,7,20,SMB,North,3.2,0
C005965,Treatment,1572.63,5,4,SMB,East,16.0,0
C005966,Control,1152.6,10,13,Consumer,West,5.3,0
C005967,Treatment,1640.44,3,7,Enterprise,West,9.5,0
C005968,Control,1053.48,5,24,Consumer,South,3.0,0
C005969,Treatment,2266.04,8,30,Consumer,South,5.8,0
C005970,Treatment,2558.1,5,16,Consumer,West,11.9,0
C005971,Control,1855.45,2,14,Consumer,South,4.7,0
C005972,Control,2052.44,8,32,Enterprise,South,7.3,0
C005973,Treatment,1028.74,9,11,Consumer,South,16.6,1
C005974,Treatment,3440.18,3,31,SMB,South,11.2,1
C005975,Treatment,1682.45,1,22,SMB,North,7.3,1
C005976,Control,2071.44,1,17,SMB,South,2.8,0
C005977,Treatment,1583.86,7,42,Consumer,West,14.6,1
C005978,Control,964.81,4,31,Consumer,South,16.7,0
C005979,Control,2152.73,1,6,SMB,West,0.0,0
C005980,Treatment,1175.37,1,13,Consumer,West,2.7,0
C005981,Treatment,1225.77,4,8,Enterprise,West,12.8,1
C005982,Treatment,1490.07,2,15,Consumer,East,6.0,1
C005983,Treatment,1731.7,5,35,Consumer,West,13.3,0
C005984,Control,6097.84,1,28,Enterprise,South,6.5,0
C005985,Treatment,1875.14,6,6,SMB,South,15.1,0
C005986,Control,560.42,8,11,Consumer,West,2.8,0
C005987,Control,3563.02,5,13,SMB,South,7.8,0
C005988,Control,1907.88,6,22,Consumer,West,7.8,0
C005989,Treatment,1281.55,8,23,Consumer,South,12.1,0
C005990,Control,3709.81,5,4,Consumer,South,9.0,0
C005991,Control,2418.56,5,36,Enterprise,West,7.8,0
C005992,Treatment,4437.72,4,14,Enterprise,East,7.3,1
C005993,Treatment,2891.74,11,33,SMB,South,0.3,0
C005994,Treatment,2504.2,1,6,Consumer,West,7.0,1
C005995,Treatment,1472.56,3,5,SMB,South,5.4,0
C005996,Control,1421.69,10,23,Consumer,North,11.2,0
C005997,Treatment,1172.39,11,12,Consumer,East,6.1,0
C005998,Treatment,1203.46,7,15,SMB,North,12.2,0
C005999,Treatment,1051.0,1,14,Consumer,South,6.8,0
C006000,Treatment,753.43,4,21,Consumer,North,8.2,0
C006001,Control,3024.74,9,20,SMB,South,8.9,0
C006002,Control,3048.34,4,26,SMB,West,6.1,1
C006003,Treatment,3064.37,12,40,Consumer,North,9.5,0
C006004,Control,2127.77,18,57,SMB,West,2.1,0
C006005,Control,1468.73,12,34,Enterprise,East,11.1,0
C006006,Control,1043.48,13,29,Consumer,North,9.7,0
C006007,Treatment,2317.15,1,17,SMB,West,11.2,0
C006008,Treatment,1122.89,1,2,Consumer,South,14.2,1
C006009,Treatment,903.78,2,12,Consumer,South,17.8,0
C006010,Treatment,3009.1,6,23,Consumer,West,7.7,0
C006011,Treatment,943.93,1,4,Consumer,West,5.6,0
C006012,Treatment,4481.15,4,25,SMB,South,7.1,1
C006013,Control,924.94,2,5,Consumer,West,15.7,0
C006014,Treatment,1138.33,2,11,Consumer,West,4.6,0
C006015,Control,1393.77,7,14,Consumer,South,20.5,1
C006016,Control,1589.92,3,9,SMB,East,9.6,0
C006017,Control,1850.2,2,11,Consumer,South,10.6,0
C006018,Treatment,1968.76,9,24,Consumer,South,16.0,1
C006019,Treatment,4888.53,15,27,Enterprise,South,7.4,0
C006020,Treatment,992.85,8,27,Consumer,North,10.8,0
C006021,Treatment,1343.74,5,26,SMB,East,14.6,0
C006022,Treatment,2694.49,3,33,Consumer,North,4.7,0
C006023,Control,1150.16,7,32,Consumer,North,1.7,0
C006024,Treatment,1852.54,5,36,Consumer,South,10.0,0
C006025,Treatment,1318.76,8,23,SMB,North,3.7,1
C006026,Treatment,3708.29,13,34,SMB,South,10.9,0
C006027,Control,1086.9,8,46,Consumer,South,8.2,0
C006028,Control,1480.19,1,8,SMB,North,13.6,0
C006029,Treatment,1550.25,9,27,SMB,South,13.1,0
C006030,Control,1557.8,1,6,Consumer,North,1.9,0
C006031,Control,1669.45,1,22,Consumer,East,7.2,0
C006032,Control,2633.1,7,10,Consumer,South,3.7,0
C006033,Control,1758.98,4,34,Consumer,East,10.8,0
C006034,Control,1443.14,6,25,SMB,East,3.7,0
C006035,Treatment,2520.32,7,28,SMB,South,13.7,0
C006036,Treatment,2610.67,3,14,SMB,North,1.7,0
C006037,Treatment,3987.86,12,43,SMB,South,8.5,0
C006038,Control,2097.7,1,16,SMB,South,5.5,0
C006039,Control,2934.73,5,10,SMB,South,7.0,0
C006040,Control,2279.45,1,13,Enterprise,West,6.7,0
C006041,Control,860.38,3,9,Consumer,North,9.1,0
C006042,Control,1361.03,1,12,SMB,South,4.0,0
C006043,Treatment,1811.66,5,15,SMB,West,6.9,0
C006044,Treatment,1599.52,12,39,Consumer,West,16.8,0
C006045,Treatment,1438.19,2,5,Consumer,South,9.3,0
C006046,Control,3768.04,3,12,SMB,South,16.2,0
C006047,Control,1709.11,4,27,Consumer,North,8.6,0
C006048,Control,2067.12,6,19,Consumer,West,6.6,0
C006049,Control,1835.27,10,27,Consumer,East,3.8,0
C006050,Treatment,2877.42,11,48,Consumer,South,11.2,0
C006051,Control,1016.91,9,17,Consumer,South,15.9,0
C006052,Treatment,1751.45,2,9,Consumer,South,13.9,1
C006053,Treatment,3469.2,11,17,SMB,East,12.0,0
C006054,Control,1065.49,1,13,Consumer,North,15.0,0
C006055,Control,1172.73,2,13,Consumer,South,12.4,0
C006056,Control,1100.34,1,9,Consumer,North,13.3,0
C006057,Control,2334.73,8,36,Consumer,West,12.8,0
C006058,Treatment,1034.07,4,5,Consumer,South,13.1,0
C006059,Treatment,1895.71,15,31,SMB,West,4.3,0
C006060,Treatment,1454.64,7,27,Consumer,South,6.5,1
C006061,Treatment,946.24,5,4,Consumer,South,17.3,0
C006062,Control,941.67,3,22,Consumer,South,6.3,0
C006063,Control,2413.89,2,7,Enterprise,South,4.3,0
C006064,Control,3922.89,7,17,Enterprise,South,11.5,1
C006065,Control,1113.39,1,16,SMB,South,8.2,1
C006066,Treatment,1528.91,1,11,Consumer,North,16.0,0
C006067,Control,3818.82,5,16,Consumer,South,2.8,0
C006068,Control,1405.92,9,40,Consumer,West,3.7,1
C006069,Control,1583.3,3,6,Consumer,South,17.8,0
C006070,Control,2186.01,1,15,SMB,West,5.0,0
C006071,Treatment,908.98,2,6,Consumer,West,6.4,0
C006072,Control,3381.49,12,57,Enterprise,East,7.7,0
C006073,Control,1060.74,4,11,SMB,North,0.0,0
C006074,Control,2447.49,6,10,Enterprise,South,11.3,0
C006075,Treatment,6726.67,14,63,SMB,West,2.9,1
C006076,Treatment,4555.54,3,25,Consumer,South,11.7,0
C006077,Treatment,1427.84,9,33,SMB,South,2.1,0
C006078,Control,1056.74,1,3,SMB,South,12.2,1
C006079,Control,2682.06,8,31,Consumer,South,8.1,0
C006080,Treatment,1458.65,5,12,Consumer,North,8.3,1
C006081,Control,2307.89,7,27,Consumer,South,11.8,1
C006082,Control,1705.54,9,29,Consumer,East,13.0,0
C006083,Treatment,1082.16,1,4,Consumer,South,9.4,0
C006084,Control,2567.84,10,6,Consumer,South,8.9,1
C006085,Control,658.68,1,7,Consumer,West,6.7,1
C006086,Treatment,2179.52,1,29,SMB,South,10.8,0
C006087,Control,1586.56,1,6,SMB,North,15.3,0
C006088,Control,852.02,11,4,Consumer,North,11.4,0
C006089,Control,1641.04,6,8,SMB,South,3.9,1
C006090,Treatment,2700.39,1,3,Enterprise,South,9.1,1
C006091,Control,1642.27,8,17,Consumer,North,6.1,0
C006092,Control,1889.34,8,11,Consumer,West,4.0,0
C006093,Treatment,3124.01,1,8,Consumer,West,7.8,0
C006094,Treatment,2843.25,13,38,SMB,South,10.8,1
C006095,Treatment,1824.83,4,17,SMB,West,12.0,0
C006096,Control,1295.99,8,20,Consumer,East,11.2,0
C006097,Control,1064.13,8,16,SMB,West,5.9,1
C006098,Treatment,2355.6,9,23,Consumer,South,4.9,0
C006099,Treatment,1843.65,8,35,SMB,East,3.2,0
C006100,Control,2842.33,3,18,Consumer,North,8.4,0
C006101,Treatment,1238.82,8,26,Consumer,North,11.5,0
C006102,Control,2616.89,8,18,Enterprise,West,11.1,0
C006103,Treatment,12688.87,5,12,Consumer,South,4.8,0
C006104,Treatment,1809.38,6,22,Consumer,South,16.4,0
C006105,Control,3159.59,12,43,SMB,South,10.0,0
C006106,Treatment,2282.72,3,31,Consumer,West,12.4,0
C006107,Treatment,1939.76,5,6,Enterprise,South,11.4,1
C006108,Control,3690.43,5,23,Consumer,North,2.6,0
C006109,Control,586.75,6,8,Consumer,East,12.3,0
C006110,Treatment,1580.59,6,20,Consumer,South,15.6,0
C006111,Control,1336.81,4,5,Consumer,South,4.6,0
C006112,Control,2169.26,7,19,Consumer,East,4.8,0
C006113,Control,1155.8,2,9,Consumer,West,10.9,0
C006114,Treatment,1134.59,3,18,SMB,West,9.4,0
C006115,Control,1436.32,7,13,Consumer,North,11.3,1
C006116,Treatment,2679.4,5,15,SMB,South,4.4,0
C006117,Control,1322.28,11,44,Consumer,West,12.1,0
C006118,Control,1554.61,8,20,SMB,South,2.0,0
C006119,Treatment,1821.27,7,16,SMB,East,7.5,0
C006120,Control,1489.68,13,38,SMB,South,10.4,0
C006121,Control,1934.75,7,32,Consumer,West,5.8,1
C006122,Control,1746.66,5,10,SMB,South,9.3,0
C006123,Treatment,1966.18,14,43,SMB,West,13.8,0
C006124,Control,3883.32,1,5,Enterprise,South,5.4,1
C006125,Control,1737.36,1,9,Consumer,East,7.3,0
C006126,Control,1324.93,6,22,SMB,North,0.0,0
C006127,Control,1477.89,6,23,Consumer,South,9.7,0
C006128,Control,2983.4,10,41,Enterprise,South,14.9,1
C006129,Treatment,2372.07,7,16,Consumer,North,4.4,0
C006130,Control,2006.02,11,42,Consumer,South,6.8,0
C006131,Control,3064.8,23,66,SMB,North,13.6,0
C006132,Treatment,1337.54,8,11,Consumer,West,15.5,0
C006133,Treatment,2514.8,3,17,SMB,West,8.7,0
C006134,Control,651.3,6,10,Consumer,East,4.9,0
C006135,Control,4257.89,3,10,Enterprise,South,7.0,0
C006136,Control,1723.43,7,19,Consumer,South,11.4,0
C006137,Treatment,960.37,5,13,Consumer,South,6.0,0
C006138,Control,1083.88,1,10,SMB,South,6.8,0
C006139,Control,1582.41,2,12,Consumer,South,5.7,0
C006140,Control,1176.39,4,11,Consumer,West,13.2,0
C006141,Control,1814.88,8,21,SMB,North,9.7,0
C006142,Control,1423.49,1,7,Consumer,North,6.5,0
C006143,Control,2292.85,11,29,Consumer,North,9.4,0
C006144,Treatment,1387.95,10,31,Consumer,South,11.1,0
C006145,Treatment,572.09,1,2,Consumer,North,1.7,0
C006146,Treatment,3275.41,7,30,Enterprise,South,10.9,0
C006147,Treatment,1958.83,7,12,SMB,North,14.8,1
C006148,Control,2042.44,8,13,SMB,North,5.7,0
C006149,Treatment,1564.62,2,21,SMB,East,5.7,0
C006150,Treatment,1907.93,2,12,SMB,West,14.0,0
C006151,Treatment,2900.88,9,20,Consumer,North,0.5,0
C006152,Treatment,1759.17,2,19,SMB,South,19.2,0
C006153,Control,2235.16,7,17,Enterprise,South,4.2,0
C006154,Control,2203.25,7,28,SMB,West,6.9,0
C006155,Control,4357.24,5,19,Enterprise,South,4.7,0
C006156,Control,1373.28,1,7,SMB,South,3.7,0
C006157,Control,1878.99,10,26,Consumer,South,10.6,0
C006158,Control,763.11,1,5,Consumer,West,11.2,0
C006159,Control,3208.41,9,47,Consumer,North,5.9,0
C006160,Treatment,1224.03,5,9,SMB,North,2.5,0
C006161,Treatment,1798.87,3,9,Enterprise,South,6.9,0
C006162,Treatment,1554.14,10,44,Consumer,South,11.1,0
C006163,Control,1377.89,4,16,Consumer,North,8.9,1
C006164,Treatment,765.36,3,14,Consumer,West,10.1,0
C006165,Treatment,2326.48,2,13,Consumer,East,7.5,0
C006166,Treatment,1456.92,6,16,Consumer,West,0.0,0
C006167,Treatment,2729.85,7,41,Enterprise,West,1.7,0
C006168,Control,1541.78,2,12,Consumer,South,13.8,0
C006169,Control,3037.47,10,42,SMB,West,10.1,0
C006170,Treatment,1471.94,8,21,SMB,East,4.2,0
C006171,Treatment,4445.59,6,36,SMB,South,8.6,0
C006172,Control,1201.06,2,13,Consumer,East,17.0,1
C006173,Control,1110.64,7,34,Consumer,West,6.3,0
C006174,Control,670.45,1,9,Consumer,West,9.0,0
C006175,Control,1072.8,5,21,Consumer,East,11.8,1
C006176,Treatment,766.64,1,8,Consumer,South,6.1,0
C006177,Treatment,730.74,8,11,Consumer,West,20.6,0
C006178,Control,1281.48,3,8,SMB,South,8.3,0
C006179,Control,2841.26,3,35,Consumer,East,14.3,0
C006180,Control,2374.4,4,20,Consumer,East,12.5,0
C006181,Control,1799.66,7,29,Consumer,South,12.6,1
C006182,Treatment,1306.08,7,29,Consumer,North,12.1,0
C006183,Treatment,1862.16,1,7,Consumer,East,1.9,0
C006184,Treatment,2073.24,10,24,Consumer,South,2.8,0
C006185,Control,2381.86,14,52,Consumer,South,16.1,1
C006186,Treatment,1742.38,1,16,Consumer,North,4.7,0
C006187,Treatment,2206.64,7,22,Consumer,East,17.3,0
C006188,Control,1458.7,6,37,Consumer,North,2.8,0
C006189,Treatment,1722.8,1,14,Consumer,South,7.3,0
C006190,Treatment,2042.35,5,31,Consumer,West,9.8,0
C006191,Treatment,1648.07,9,26,SMB,South,7.4,0
C006192,Control,3491.82,2,19,SMB,West,12.5,0
C006193,Control,1530.02,7,22,SMB,South,17.9,0
C006194,Control,1243.88,1,8,Consumer,North,5.7,0
C006195,Control,2148.67,15,59,Consumer,West,4.6,0
C006196,Control,1461.31,4,16,Consumer,South,10.9,1
C006197,Treatment,967.64,7,22,Consumer,West,11.2,0
C006198,Control,2262.07,1,7,SMB,South,4.6,0
C006199,Control,1201.68,13,26,SMB,West,16.7,0
C006200,Treatment,2929.43,11,17,SMB,South,5.4,0
C006201,Treatment,4317.96,1,21,SMB,West,12.3,0
C006202,Control,2415.08,8,13,SMB,North,9.2,0
C006203,Treatment,1710.33,7,26,SMB,East,13.7,0
C006204,Control,5453.11,9,29,Enterprise,North,4.5,0
C006205,Control,814.63,5,13,Consumer,West,11.8,0
C006206,Treatment,1262.58,6,9,Consumer,South,0.0,0
C006207,Control,2148.99,1,9,Consumer,South,8.5,1
C006208,Control,1838.5,5,38,Consumer,East,6.2,0
C006209,Control,1931.11,2,12,Consumer,South,10.9,1
C006210,Treatment,1598.07,6,34,SMB,West,17.4,1
C006211,Control,812.03,5,19,Consumer,East,5.4,0
C006212,Treatment,1368.5,4,14,Consumer,North,10.2,0
C006213,Control,1043.86,1,4,Consumer,West,6.8,0
C006214,Treatment,2323.91,10,51,Consumer,South,15.3,0
C006215,Control,1982.44,7,18,Consumer,East,10.8,1
C006216,Control,1173.36,1,14,Consumer,South,7.3,1
C006217,Treatment,1491.3,8,19,Consumer,South,12.6,1
C006218,Treatment,1848.89,6,21,Consumer,West,4.2,0
C006219,Control,954.05,2,11,Enterprise,West,10.2,0
C006220,Control,1902.76,1,15,Consumer,West,8.1,0
C006221,Control,551.76,7,8,Consumer,East,12.2,1
C006222,Control,946.32,1,12,Consumer,North,0.3,0
C006223,Treatment,3345.44,6,17,Consumer,South,5.5,1
C006224,Control,2163.22,2,7,SMB,North,7.7,0
C006225,Treatment,2023.75,4,16,Consumer,East,2.0,0
C006226,Control,1029.3,1,15,Consumer,North,1.0,0
C006227,Control,1783.45,2,12,Enterprise,West,14.2,1
C006228,Control,1453.06,15,31,Consumer,North,8.2,0
C006229,Control,1556.84,6,8,Consumer,North,15.2,0
C006230,Control,3326.14,8,19,Enterprise,West,8.9,0
C006231,Treatment,1967.9,6,12,Consumer,South,14.3,0
C006232,Control,1646.47,6,20,Consumer,North,4.0,1
C006233,Treatment,1720.98,10,19,Consumer,South,12.1,0
C006234,Control,3442.28,14,61,Enterprise,West,2.6,0
C006235,Control,2706.23,23,72,SMB,South,10.9,0
C006236,Control,761.46,8,11,Consumer,South,19.2,1
C006237,Control,1293.92,6,17,Consumer,South,7.5,1
C006238,Treatment,3101.77,5,10,Consumer,South,10.4,0
C006239,Treatment,1509.76,5,19,Consumer,South,7.8,0
C006240,Treatment,1993.88,9,11,Enterprise,East,10.7,1
C006241,Treatment,1388.02,2,10,Consumer,South,8.7,0
C006242,Control,1050.59,6,13,Consumer,West,19.8,0
C006243,Control,1156.66,5,14,Consumer,East,10.7,0
C006244,Treatment,1157.99,1,3,SMB,East,5.1,0
C006245,Control,2177.75,6,14,SMB,South,6.2,0
C006246,Control,3677.18,4,53,SMB,South,15.2,0
C006247,Treatment,1408.91,6,11,SMB,South,7.7,0
C006248,Treatment,3413.06,12,31,SMB,South,14.7,0
C006249,Treatment,3273.38,5,24,Enterprise,North,13.4,0
C006250,Control,1127.37,3,13,SMB,North,7.4,0
C006251,Treatment,2278.9,3,10,Consumer,South,6.3,0
C006252,Control,2597.34,6,8,Enterprise,North,11.4,0
C006253,Control,984.42,8,10,Consumer,South,4.2,0
C006254,Control,1224.06,7,6,Consumer,South,14.3,0
C006255,Treatment,2625.08,6,4,SMB,West,6.3,0
C006256,Treatment,2784.55,4,9,Enterprise,South,8.4,0
C006257,Treatment,1381.09,2,33,Consumer,West,10.6,1
C006258,Control,1749.86,6,26,Consumer,North,10.8,0
C006259,Control,1403.83,7,12,SMB,West,4.6,0
C006260,Control,1722.92,11,35,Consumer,South,0.1,1
C006261,Treatment,1535.25,3,10,Consumer,South,6.3,1
C006262,Control,2347.72,1,6,Consumer,East,10.4,1
C006263,Control,1495.63,14,50,Consumer,South,13.4,0
C006264,Treatment,2888.91,3,20,Consumer,South,2.6,1
C006265,Control,543.35,4,24,Consumer,South,8.7,0
C006266,Treatment,1777.62,7,10,SMB,West,1.5,0
C006267,Control,1564.74,4,11,Consumer,West,0.0,0
C006268,Treatment,2144.73,7,12,Consumer,South,18.9,0
C006269,Control,1908.61,3,26,Consumer,West,6.7,0
C006270,Control,423.69,3,8,Consumer,North,9.7,0
C006271,Control,4137.39,1,9,Enterprise,South,12.5,0
C006272,Control,1110.88,10,28,Consumer,South,17.0,0
C006273,Treatment,2394.35,18,72,SMB,South,8.0,0
C006274,Control,723.51,2,15,Consumer,West,5.7,0
C006275,Control,2807.91,2,8,Enterprise,West,6.3,1
C006276,Treatment,1621.22,5,7,Consumer,West,7.8,1
C006277,Control,2015.38,2,19,Enterprise,East,8.9,0
C006278,Treatment,1280.74,4,39,Consumer,South,9.0,0
C006279,Treatment,2483.92,7,30,SMB,West,6.2,0
C006280,Control,766.63,8,22,Consumer,North,4.0,0
C006281,Treatment,4313.21,1,7,Consumer,West,16.4,0
C006282,Control,1573.38,9,19,Consumer,North,8.8,0
C006283,Control,3002.02,4,5,SMB,West,5.0,0
C006284,Control,2377.41,14,43,Consumer,East,0.2,0
C006285,Treatment,1768.58,1,10,SMB,North,9.9,1
C006286,Treatment,1119.0,1,13,Consumer,North,7.8,1
C006287,Treatment,3018.66,7,36,Consumer,South,5.0,0
C006288,Treatment,2119.76,8,13,SMB,South,12.5,0
C006289,Control,2819.21,11,44,Consumer,West,3.5,1
C006290,Treatment,1254.23,1,1,Consumer,North,9.4,1
C006291,Treatment,5436.39,7,9,Enterprise,South,11.2,0
C006292,Treatment,2241.59,3,26,Consumer,South,4.1,1
C006293,Treatment,1683.6,8,29,SMB,North,9.5,0
C006294,Treatment,2358.61,3,10,Consumer,South,7.8,0
C006295,Control,1885.26,8,6,SMB,West,11.6,0
C006296,Treatment,1175.43,9,22,Consumer,East,12.3,0
C006297,Treatment,1776.09,3,16,SMB,West,0.0,0
C006298,Treatment,1347.22,7,2,SMB,South,11.0,0
C006299,Control,1024.45,3,7,Consumer,South,11.0,0
C006300,Treatment,2195.12,9,27,Consumer,North,17.0,1
C006301,Control,2999.45,7,21,Consumer,South,12.2,0
C006302,Control,1655.56,9,11,Consumer,North,9.8,0
C006303,Treatment,1318.41,1,6,Consumer,North,7.2,0
C006304,Control,1365.03,8,25,Consumer,East,3.8,0
C006305,Treatment,1987.91,15,33,Consumer,North,10.8,0
C006306,Control,1984.05,2,22,Consumer,South,6.2,1
C006307,Treatment,994.89,1,8,Consumer,South,5.8,0
C006308,Treatment,2096.42,4,11,Enterprise,East,8.2,1
C006309,Control,4302.37,16,53,Enterprise,South,10.6,0
C006310,Treatment,956.01,6,18,Consumer,East,13.6,0
C006311,Control,7202.17,12,58,Enterprise,South,10.0,0
C006312,Treatment,6013.89,4,11,SMB,North,10.2,0
C006313,Treatment,2586.75,3,15,Consumer,South,7.3,0
C006314,Control,907.03,1,6,Consumer,North,6.9,0
C006315,Treatment,1918.25,1,7,Consumer,South,7.8,0
C006316,Treatment,2202.97,9,6,SMB,East,9.9,0
C006317,Treatment,1760.13,4,8,Enterprise,West,3.6,0
C006318,Treatment,1399.16,3,24,Consumer,South,4.6,0
C006319,Control,1392.16,15,52,Consumer,North,13.4,0
C006320,Treatment,1775.61,1,18,SMB,North,9.3,0
C006321,Control,762.27,1,3,Consumer,West,0.0,0
C006322,Control,1230.93,5,15,Consumer,South,11.2,0
C006323,Treatment,2106.18,4,13,Consumer,South,9.2,1
C006324,Control,1536.53,9,28,SMB,North,9.9,1
C006325,Treatment,2629.95,1,6,SMB,West,8.9,0
C006326,Control,963.1,3,15,Consumer,South,16.6,0
C006327,Treatment,2498.19,8,37,Consumer,North,8.9,0
C006328,Treatment,2976.54,10,54,Consumer,South,0.0,0
C006329,Control,1777.91,2,19,SMB,East,15.3,0
C006330,Control,1444.73,11,23,Consumer,South,13.6,0
C006331,Control,1574.92,3,24,Consumer,West,6.0,0
C006332,Treatment,3414.52,3,11,Enterprise,West,6.6,0
C006333,Treatment,1599.94,4,27,SMB,South,13.3,1
C006334,Control,1253.5,2,10,Consumer,West,21.1,1
C006335,Treatment,1635.81,1,17,SMB,West,11.4,1
C006336,Control,1430.63,1,3,Consumer,South,5.8,0
C006337,Control,1079.23,2,6,Consumer,West,11.9,0
C006338,Control,2177.59,3,13,Consumer,South,5.8,0
C006339,Control,871.73,5,15,Consumer,South,5.5,0
C006340,Treatment,1896.82,10,11,SMB,South,8.2,0
C006341,Treatment,1459.16,5,15,Consumer,West,12.6,0
C006342,Treatment,1156.43,1,4,SMB,West,13.6,0
C006343,Treatment,761.54,1,3,Consumer,South,2.9,0
C006344,Control,2243.82,3,29,Consumer,East,6.1,0
C006345,Control,2276.75,13,29,Enterprise,East,1.5,0
C006346,Treatment,925.01,5,9,Consumer,West,13.8,0
C006347,Treatment,1745.67,6,17,Consumer,South,10.7,0
C006348,Treatment,1122.54,5,11,Consumer,North,10.7,0
C006349,Control,1124.67,1,12,Consumer,South,9.0,0
C006350,Treatment,1906.29,6,16,SMB,North,10.2,1
C006351,Treatment,1273.74,3,13,Consumer,North,10.3,0
C006352,Treatment,5570.37,11,31,Enterprise,South,10.5,0
C006353,Treatment,1956.34,6,23,Consumer,North,5.2,1
C006354,Control,930.17,2,13,Consumer,West,13.0,0
C006355,Control,2714.95,6,19,Consumer,South,14.5,0
C006356,Control,1537.06,6,27,Consumer,South,10.1,0
C006357,Control,2610.15,5,10,Consumer,West,8.0,0
C006358,Treatment,1271.26,9,35,Consumer,South,17.6,0
C006359,Treatment,1043.9,7,12,Consumer,East,12.3,0
C006360,Control,1333.0,8,48,SMB,West,1.7,0
C006361,Control,1671.25,10,20,SMB,South,12.0,0
C006362,Treatment,6392.13,4,5,Consumer,South,14.1,1
C006363,Treatment,1373.1,3,8,Consumer,South,8.3,0
C006364,Control,1833.27,6,7,Consumer,South,3.2,0
C006365,Treatment,1121.42,8,23,Consumer,East,14.6,0
C006366,Control,1348.62,5,9,Consumer,South,10.4,0
C006367,Control,2855.03,7,20,Enterprise,South,14.6,0
C006368,Control,2358.15,8,22,Consumer,South,10.0,1
C006369,Treatment,1387.0,4,15,Consumer,North,1.4,0
C006370,Treatment,2917.92,11,39,Consumer,North,12.3,0
C006371,Treatment,1245.01,4,20,Consumer,South,12.1,0
C006372,Control,1637.8,1,3,SMB,North,4.7,1
C006373,Treatment,1212.24,4,21,Consumer,East,20.4,0
C006374,Treatment,1744.71,1,15,Consumer,West,4.9,1
C006375,Control,1381.57,1,2,Consumer,West,5.7,1
C006376,Control,4662.15,7,34,SMB,South,16.1,0
C006377,Control,2586.33,1,24,Consumer,South,3.0,0
C006378,Treatment,1408.89,3,13,Consumer,East,8.6,0
C006379,Control,1032.9,6,10,Consumer,East,5.9,0
C006380,Control,1428.56,7,32,Consumer,West,8.9,0
C006381,Treatment,2342.85,4,20,Enterprise,South,4.5,0
C006382,Treatment,1302.22,1,1,Consumer,South,18.0,0
C006383,Treatment,3748.15,3,45,Consumer,South,5.0,0
C006384,Treatment,3987.71,5,16,Enterprise,West,12.4,0
C006385,Control,5305.21,11,37,Enterprise,East,2.5,0
C006386,Treatment,968.64,8,17,Consumer,West,8.2,0
C006387,Control,1854.94,2,12,Consumer,East,15.0,0
C006388,Control,1713.65,9,18,Enterprise,West,9.7,0
C006389,Treatment,2606.23,13,52,Consumer,South,15.0,1
C006390,Control,1222.07,7,14,Consumer,West,8.2,0
C006391,Control,1556.91,2,8,Consumer,West,12.0,0
C006392,Treatment,3405.46,9,18,SMB,West,9.9,1
C006393,Control,1601.02,8,39,Consumer,West,4.7,0
C006394,Control,1108.56,5,12,Consumer,South,14.3,1
C006395,Treatment,2342.69,16,72,SMB,East,5.3,0
C006396,Treatment,3123.65,1,3,SMB,South,11.1,0
C006397,Treatment,1811.27,11,22,Consumer,West,8.2,0
C006398,Control,931.24,4,16,Consumer,West,10.4,0
C006399,Treatment,2170.77,1,10,SMB,West,9.2,0
C006400,Treatment,2896.43,8,47,Consumer,South,18.3,0
C006401,Control,6141.61,8,21,SMB,West,12.2,1
C006402,Control,1116.95,15,42,Consumer,West,7.4,0
C006403,Control,1748.12,1,9,SMB,East,8.1,1
C006404,Treatment,1227.54,6,16,Consumer,South,9.0,1
C006405,Control,2138.2,1,6,Consumer,West,7.2,0
C006406,Treatment,1461.74,2,40,Consumer,West,3.3,1
C006407,Treatment,1182.7,6,10,Consumer,South,18.3,1
C006408,Control,1635.22,1,7,Consumer,South,13.2,0
C006409,Treatment,1403.8,10,34,Consumer,East,6.1,0
C006410,Control,3964.42,12,42,SMB,East,10.0,0
C006411,Control,3583.72,3,15,Consumer,South,14.7,0
C006412,Treatment,1243.22,10,36,Consumer,South,7.0,0
C006413,Control,2824.94,8,21,SMB,West,0.9,0
C006414,Treatment,2586.37,1,23,Consumer,West,5.3,0
C006415,Treatment,1623.28,4,7,SMB,South,3.7,1
C006416,Control,1727.47,5,8,Consumer,West,8.8,0
C006417,Control,3067.19,7,30,Consumer,South,3.1,1
C006418,Control,1036.94,9,13,Consumer,North,12.8,0
C006419,Treatment,1567.66,3,3,Enterprise,East,9.9,0
C006420,Treatment,1471.24,13,22,Consumer,North,12.1,0
C006421,Control,1440.8,9,16,Consumer,North,11.7,0
C006422,Treatment,1157.27,9,11,Consumer,West,4.1,1
C006423,Treatment,3475.12,5,4,Consumer,South,0.0,0
C006424,Treatment,1764.42,8,15,Consumer,South,12.8,0
C006425,Control,1247.71,4,15,Consumer,South,5.8,0
C006426,Control,2044.38,11,17,Consumer,South,12.1,0
C006427,Control,1201.45,1,1,SMB,East,8.4,0
C006428,Control,1228.39,12,26,Consumer,South,9.9,0
C006429,Control,1871.23,5,21,Consumer,South,13.2,0
C006430,Control,745.47,1,4,Consumer,South,5.5,0
C006431,Control,1362.03,8,25,Consumer,East,5.7,1
C006432,Control,941.45,6,23,Consumer,West,15.1,0
C006433,Control,1954.37,8,21,Consumer,South,13.2,0
C006434,Treatment,1286.81,10,11,Consumer,West,10.9,0
C006435,Treatment,2138.59,4,30,SMB,West,2.9,1
C006436,Control,1118.92,15,44,Consumer,South,8.0,0
C006437,Treatment,2499.17,7,15,Consumer,North,4.3,0
C006438,Control,1079.46,5,6,Consumer,East,6.1,1
C006439,Treatment,1210.66,1,8,Consumer,West,5.3,0
C006440,Treatment,699.64,5,7,Consumer,North,4.3,0
C006441,Control,2580.27,9,20,Consumer,North,8.9,0
C006442,Treatment,1331.41,12,21,Consumer,East,5.0,0
C006443,Treatment,1112.84,1,2,Consumer,West,6.9,0
C006444,Treatment,2847.92,3,10,Consumer,North,5.2,0
C006445,Control,1125.7,14,21,Consumer,South,14.9,0
C006446,Control,2869.16,1,20,Enterprise,South,10.1,0
C006447,Treatment,2718.04,7,10,SMB,West,11.3,0
C006448,Control,2495.6,6,17,Enterprise,East,8.4,0
C006449,Treatment,3413.12,14,72,SMB,South,8.8,1
C006450,Treatment,3056.99,4,17,Enterprise,West,10.1,0
C006451,Control,1651.21,11,7,Consumer,South,15.8,0
C006452,Control,1218.61,7,13,Consumer,West,14.0,0
C006453,Control,3146.29,8,34,SMB,South,9.5,0
C006454,Control,2180.18,2,12,Consumer,North,4.8,0
C006455,Treatment,1452.98,7,15,Consumer,South,12.1,1
C006456,Treatment,3792.14,9,41,SMB,South,6.9,0
C006457,Control,5497.35,1,7,Enterprise,West,7.0,0
C006458,Treatment,2433.05,5,19,Consumer,South,8.2,0
C006459,Treatment,1561.62,6,13,Consumer,South,9.7,0
C006460,Treatment,1032.12,6,22,Consumer,West,13.4,0
C006461,Control,1265.61,10,13,Consumer,South,4.5,0
C006462,Treatment,1387.62,5,5,SMB,South,11.5,0
C006463,Treatment,1211.11,2,7,Consumer,North,7.6,0
C006464,Control,2788.8,12,38,Consumer,West,22.7,0
C006465,Treatment,3260.43,4,18,SMB,East,8.4,0
C006466,Treatment,3169.58,4,15,Consumer,West,13.8,0
C006467,Control,1696.33,11,45,SMB,West,16.8,1
C006468,Treatment,2240.78,5,23,SMB,South,4.5,0
C006469,Treatment,966.55,7,12,SMB,North,8.9,1
C006470,Treatment,3851.37,9,21,Enterprise,East,11.3,0
C006471,Control,6781.25,6,38,Enterprise,North,5.0,0
C006472,Treatment,1098.19,13,29,Consumer,West,7.2,1
C006473,Treatment,3817.1,6,12,Consumer,South,7.7,0
C006474,Treatment,3277.33,1,19,Enterprise,South,12.6,0
C006475,Control,2857.44,5,15,SMB,South,16.3,0
C006476,Control,1483.57,17,68,Consumer,South,8.2,0
C006477,Treatment,2862.47,5,29,SMB,East,4.7,0
C006478,Control,2110.01,11,9,Consumer,West,18.8,0
C006479,Control,1182.02,5,30,Consumer,West,11.6,0
C006480,Control,1469.52,4,4,Consumer,West,12.6,0
C006481,Treatment,2284.13,1,4,SMB,South,1.5,1
C006482,Control,2303.48,4,20,SMB,South,1.7,0
C006483,Treatment,4813.35,6,19,Enterprise,West,7.4,0
C006484,Treatment,2300.13,3,20,SMB,South,11.6,0
C006485,Treatment,2573.57,6,26,Consumer,South,9.1,0
C006486,Treatment,2469.18,2,14,Consumer,North,6.2,0
C006487,Control,740.25,3,31,Consumer,East,4.0,0
C006488,Treatment,1331.88,3,13,Consumer,East,12.8,1
C006489,Control,1729.58,12,20,SMB,South,11.3,1
C006490,Treatment,1260.5,2,10,Consumer,North,6.1,0
C006491,Control,1093.98,4,15,Consumer,North,8.6,1
C006492,Treatment,1761.92,4,12,SMB,South,5.3,0
C006493,Treatment,970.3,10,15,SMB,North,5.2,0
C006494,Control,1196.07,8,27,Consumer,West,9.9,0
C006495,Treatment,1010.35,5,31,Consumer,West,18.1,0
C006496,Control,1175.72,3,33,Consumer,West,10.4,0
C006497,Control,1807.38,1,13,Consumer,West,11.6,0
C006498,Control,3455.75,6,22,SMB,West,7.8,0
C006499,Control,1531.71,1,10,Consumer,East,8.0,1
C006500,Treatment,2212.94,11,26,Consumer,South,11.7,0
C006501,Treatment,1241.2,1,5,SMB,West,10.1,0
C006502,Control,1507.14,16,50,Consumer,South,11.4,1
C006503,Treatment,2077.68,2,10,SMB,South,3.7,1
C006504,Treatment,1634.94,4,23,Consumer,North,8.5,0
C006505,Treatment,2858.2,13,72,Consumer,East,9.0,1
C006506,Control,1632.38,6,14,Consumer,West,11.7,0
C006507,Treatment,1797.05,10,23,Consumer,East,10.6,1
C006508,Control,3069.87,4,5,Consumer,South,5.8,0
C006509,Treatment,1480.03,2,22,Consumer,East,14.1,0
C006510,Treatment,2297.87,3,7,SMB,West,15.1,0
C006511,Treatment,2862.92,4,16,Consumer,West,6.4,1
C006512,Control,1583.67,1,4,Consumer,South,4.6,1
C006513,Control,1570.29,6,21,Consumer,South,5.9,0
C006514,Treatment,1015.57,7,15,Consumer,South,6.0,0
C006515,Control,819.38,9,14,Consumer,West,9.0,0
C006516,Control,1769.47,5,4,Consumer,North,13.7,0
C006517,Treatment,1680.58,1,19,Consumer,West,8.6,0
C006518,Treatment,3562.88,2,14,Enterprise,North,14.4,1
C006519,Control,1184.24,6,10,Consumer,West,16.5,0
C006520,Control,1424.72,1,8,SMB,South,13.6,0
C006521,Treatment,1301.42,8,25,SMB,East,13.4,0
C006522,Control,1498.88,4,20,Consumer,East,13.0,1
C006523,Control,1155.09,5,18,Consumer,West,9.3,0
C006524,Control,1629.7,10,59,Consumer,West,4.1,0
C006525,Control,3903.79,9,33,Consumer,North,14.2,1
C006526,Treatment,2975.77,5,25,Consumer,South,12.9,0
C006527,Control,1327.42,10,18,Consumer,South,2.7,0
C006528,Control,2250.02,5,24,Consumer,East,8.1,1
C006529,Treatment,1523.54,18,46,Consumer,East,9.0,0
C006530,Control,1948.81,4,5,Consumer,South,7.2,0
C006531,Control,2006.16,5,21,Consumer,West,13.3,0
C006532,Treatment,672.45,4,23,Consumer,South,12.7,0
C006533,Treatment,1852.51,2,7,SMB,South,12.2,0
C006534,Control,1774.37,4,18,Consumer,South,8.1,0
C006535,Control,1191.17,7,27,Consumer,East,5.6,0
C006536,Control,1735.86,6,25,SMB,North,14.7,1
C006537,Control,1310.53,10,17,Consumer,West,5.0,0
C006538,Treatment,1384.84,8,20,Consumer,East,2.6,1
C006539,Treatment,947.25,8,18,Consumer,East,8.2,1
C006540,Treatment,1378.43,6,6,Consumer,South,8.3,0
C006541,Treatment,931.81,3,13,Consumer,West,10.0,0
C006542,Control,2420.61,12,72,Consumer,West,12.7,0
C006543,Treatment,951.09,6,18,Consumer,South,13.2,0
C006544,Treatment,921.35,4,12,Consumer,South,12.1,0
C006545,Control,5975.84,6,27,Enterprise,South,6.6,0
C006546,Treatment,4331.53,10,5,Enterprise,South,9.4,1
C006547,Control,2662.26,6,13,Consumer,South,8.9,0
C006548,Treatment,2201.03,1,14,SMB,East,16.0,0
C006549,Treatment,2569.88,8,27,Consumer,South,4.6,0
C006550,Control,5609.43,7,18,SMB,West,6.7,0
C006551,Treatment,989.44,3,19,SMB,South,17.5,0
C006552,Control,1601.86,7,17,Consumer,East,15.2,0
C006553,Treatment,2528.12,1,9,Consumer,West,9.2,0
C006554,Control,1013.74,3,19,Consumer,South,8.2,0
C006555,Control,1260.39,5,20,Consumer,North,13.2,0
C006556,Control,1010.75,3,14,Consumer,South,13.8,0
C006557,Treatment,1467.66,6,23,SMB,South,9.0,0
C006558,Control,617.16,1,10,Consumer,West,17.8,0
C006559,Treatment,1666.75,6,14,Consumer,West,8.4,0
C006560,Control,2507.69,10,37,Consumer,East,9.9,0
C006561,Control,2025.01,1,11,SMB,West,15.8,0
C006562,Control,1346.83,8,13,Consumer,South,8.4,0
C006563,Control,1584.39,7,21,Consumer,South,17.2,0
C006564,Treatment,2598.99,9,42,SMB,South,12.5,0
C006565,Control,2829.6,5,29,Consumer,East,6.3,0
C006566,Treatment,1385.37,8,20,Consumer,South,15.7,0
C006567,Treatment,2182.02,3,17,Consumer,North,6.8,0
C006568,Treatment,7802.22,1,4,SMB,West,3.9,1
C006569,Treatment,2447.32,4,19,SMB,South,9.1,0
C006570,Treatment,1066.19,2,10,SMB,South,6.3,0
C006571,Treatment,5662.32,3,9,SMB,South,7.9,0
C006572,Treatment,887.17,1,7,Consumer,North,7.0,0
C006573,Treatment,3772.12,9,29,SMB,North,5.2,0
C006574,Treatment,3117.43,1,12,SMB,South,1.6,1
C006575,Control,1583.62,2,6,SMB,South,12.7,0
C006576,Treatment,1275.42,3,15,SMB,West,11.8,0
C006577,Control,3639.71,9,39,Consumer,South,11.8,0
C006578,Treatment,1175.25,3,8,Consumer,East,10.2,0
C006579,Treatment,1380.94,9,42,SMB,East,5.1,0
C006580,Treatment,2309.98,6,22,Consumer,West,10.9,0
C006581,Treatment,2313.17,13,42,Consumer,West,6.3,0
C006582,Treatment,1365.7,5,15,Enterprise,South,5.7,0
C006583,Treatment,4519.53,10,28,Enterprise,North,0.2,0
C006584,Control,2185.65,15,51,Consumer,North,13.5,0
C006585,Control,1984.33,2,11,Consumer,North,5.6,1
C006586,Control,3853.36,10,16,Consumer,West,11.8,0
C006587,Control,1088.22,4,19,Consumer,South,3.0,0
C006588,Treatment,1832.86,2,21,Consumer,North,5.7,0
C006589,Treatment,1263.79,2,1,Consumer,North,14.2,0
C006590,Treatment,2876.45,8,23,SMB,West,12.9,0
C006591,Control,1232.8,11,20,Consumer,South,14.7,1
C006592,Treatment,1794.35,7,13,Consumer,North,6.9,0
C006593,Control,3952.04,19,69,Consumer,West,4.3,0
C006594,Treatment,3691.64,12,32,Consumer,East,11.0,1
C006595,Treatment,4603.94,8,43,Enterprise,South,1.9,0
C006596,Control,943.53,6,14,Consumer,South,6.3,1
C006597,Control,2069.09,2,11,Consumer,East,5.6,0
C006598,Control,829.28,7,24,Consumer,South,15.8,1
C006599,Control,636.13,6,19,Consumer,West,6.1,0
C006600,Control,978.17,5,12,Consumer,West,9.8,0
C006601,Control,1529.81,9,13,Enterprise,East,3.1,0
C006602,Control,1742.01,7,6,SMB,East,13.8,0
C006603,Control,4308.59,8,33,Enterprise,West,12.2,1
C006604,Control,2727.51,6,29,SMB,North,7.1,1
C006605,Treatment,611.54,6,2,Consumer,North,13.5,0
C006606,Control,1427.37,8,29,Enterprise,West,15.4,0
C006607,Treatment,2840.4,16,53,SMB,South,7.0,1
C006608,Control,1469.82,1,30,Consumer,East,14.1,0
C006609,Control,2828.04,4,11,SMB,South,9.0,0
C006610,Control,2363.02,10,21,Consumer,South,2.9,1
C006611,Treatment,2388.51,1,4,SMB,South,10.7,0
C006612,Control,1179.11,1,9,SMB,West,6.7,1
C006613,Treatment,944.76,3,29,Enterprise,North,3.2,0
C006614,Control,1064.04,3,8,SMB,North,10.0,0
C006615,Treatment,4792.37,2,15,Enterprise,South,10.8,1
C006616,Control,4209.72,6,16,Consumer,North,17.9,0
C006617,Control,701.99,10,28,Consumer,East,8.4,0
C006618,Treatment,1100.46,3,15,SMB,West,3.4,0
C006619,Control,2448.62,5,9,Consumer,East,7.0,0
C006620,Control,1421.87,6,21,Consumer,East,13.7,1
C006621,Treatment,2087.61,1,6,Consumer,South,17.6,0
C006622,Control,1011.29,7,40,Consumer,West,13.0,0
C006623,Control,1212.3,4,6,Consumer,West,10.9,0
C006624,Control,4657.37,9,30,SMB,West,7.1,1
C006625,Control,2131.17,2,24,SMB,South,6.7,0
C006626,Treatment,1709.12,7,30,Consumer,North,11.3,0
C006627,Treatment,2620.2,1,8,SMB,North,10.0,0
C006628,Treatment,3080.06,3,10,Consumer,South,2.0,0
C006629,Control,1792.05,6,11,Consumer,North,3.4,0
C006630,Treatment,2355.26,1,15,SMB,West,7.9,0
C006631,Treatment,1802.29,1,6,Enterprise,North,9.3,1
C006632,Control,2214.07,1,17,Consumer,South,6.2,0
C006633,Treatment,2544.43,5,17,SMB,West,10.6,1
C006634,Treatment,3117.12,10,29,SMB,West,10.2,0
C006635,Treatment,2537.8,10,16,Consumer,South,10.8,0
C006636,Control,2132.27,1,4,Consumer,South,13.0,0
C006637,Control,2109.61,2,5,SMB,West,4.1,0
C006638,Treatment,1025.31,6,9,Consumer,West,9.6,1
C006639,Treatment,1975.37,5,14,Consumer,East,9.9,0
C006640,Control,3244.51,6,45,Consumer,South,12.1,0
C006641,Control,1825.94,8,33,Consumer,East,9.0,0
C006642,Treatment,1257.08,7,13,Consumer,West,5.2,0
C006643,Control,1690.47,4,10,Consumer,North,8.7,0
C006644,Control,1250.41,7,17,Consumer,South,8.9,0
C006645,Treatment,1437.35,8,17,SMB,West,9.3,1
C006646,Control,1382.7,1,16,Consumer,East,15.5,1
C006647,Control,1398.71,1,6,Consumer,North,6.4,0
C006648,Control,1280.61,2,12,SMB,West,10.2,0
C006649,Treatment,1840.1,4,12,Consumer,East,0.7,0
C006650,Control,1980.05,5,20,Consumer,South,5.2,0
C006651,Treatment,1302.39,11,33,Consumer,South,6.7,0
C006652,Treatment,2082.8,2,12,Consumer,South,7.4,0
C006653,Treatment,1259.35,10,19,Consumer,West,13.6,1
C006654,Treatment,2854.84,6,1,SMB,North,13.6,1
C006655,Treatment,1747.2,8,19,Enterprise,West,0.1,0
C006656,Control,1327.51,7,2,Consumer,South,8.0,0
C006657,Treatment,1378.26,2,7,Consumer,West,13.5,0
C006658,Treatment,1923.14,1,10,SMB,West,10.1,0
C006659,Treatment,4598.18,2,20,SMB,West,8.4,0
C006660,Control,2100.9,5,17,Consumer,West,6.9,0
C006661,Control,2181.1,1,3,SMB,South,0.0,0
C006662,Treatment,3094.04,3,20,Enterprise,South,9.1,0
C006663,Control,3178.19,13,44,Consumer,South,1.3,0
C006664,Treatment,748.27,2,6,Consumer,East,8.0,0
C006665,Control,2863.76,1,11,SMB,South,14.7,0
C006666,Treatment,1366.54,1,14,Consumer,South,11.7,0
C006667,Treatment,965.51,7,13,Consumer,North,4.9,0
C006668,Control,2272.85,3,28,SMB,West,9.5,0
C006669,Control,1802.4,2,24,SMB,North,14.9,0
C006670,Treatment,3359.49,9,19,SMB,South,7.8,0
C006671,Control,1216.87,7,15,Consumer,East,11.0,0
C006672,Control,2494.56,11,24,Consumer,South,10.9,0
C006673,Treatment,2197.1,5,3,SMB,West,9.6,0
C006674,Control,1976.61,13,48,SMB,East,7.4,0
C006675,Treatment,1576.5,8,29,SMB,West,19.1,0
C006676,Control,2452.02,8,31,Consumer,South,15.9,0
C006677,Control,3378.12,16,57,SMB,North,9.5,0
C006678,Treatment,1904.58,5,29,SMB,East,7.6,0
C006679,Control,1893.24,2,7,Consumer,North,11.1,0
C006680,Control,1053.49,2,18,Consumer,West,17.9,0
C006681,Treatment,1678.75,8,28,Consumer,West,10.5,0
C006682,Treatment,1191.81,7,18,Consumer,South,13.9,0
C006683,Treatment,1387.0,7,19,Consumer,West,5.3,0
C006684,Treatment,2298.8,5,34,Consumer,South,11.3,0
C006685,Control,861.21,8,14,Consumer,South,16.1,0
C006686,Control,2450.04,7,39,Consumer,South,13.7,0
C006687,Treatment,1639.5,3,10,Consumer,East,15.0,0
C006688,Treatment,3200.0,8,19,SMB,West,8.2,0
C006689,Treatment,2528.08,2,4,Consumer,South,6.8,1
C006690,Control,2115.23,2,4,SMB,East,13.7,0
C006691,Control,3290.62,22,64,Consumer,South,5.9,0
C006692,Control,1267.79,6,18,SMB,South,15.8,0
C006693,Treatment,2451.19,4,14,SMB,East,13.6,0
C006694,Treatment,3489.31,5,20,SMB,West,17.8,0
C006695,Control,3373.9,5,24,SMB,East,6.9,0
C006696,Control,1615.43,3,7,Consumer,West,4.8,1
C006697,Control,2688.23,5,29,Consumer,North,12.2,0
C006698,Control,4701.8,1,12,SMB,South,10.3,0
C006699,Treatment,2135.71,13,62,Consumer,South,4.8,0
C006700,Treatment,2472.06,7,19,Consumer,West,12.7,0
C006701,Control,1808.69,5,2,Consumer,North,17.0,0
C006702,Treatment,1048.45,1,12,Consumer,North,17.1,1
C006703,Treatment,3293.32,6,19,Enterprise,West,8.7,0
C006704,Control,2591.0,2,5,SMB,South,3.4,0
C006705,Control,1160.72,14,22,Consumer,East,6.2,0
C006706,Control,1056.79,6,25,Consumer,West,4.9,0
C006707,Control,2859.98,1,15,SMB,South,5.6,0
C006708,Treatment,2008.07,4,2,SMB,South,10.1,0
C006709,Treatment,1681.29,14,50,Consumer,West,5.3,0
C006710,Control,657.7,2,4,Consumer,East,1.5,0
C006711,Control,2715.99,5,12,Enterprise,North,4.7,0
C006712,Treatment,1365.51,10,27,Consumer,West,15.7,0
C006713,Control,1014.96,10,23,Consumer,South,12.4,1
C006714,Treatment,1766.65,5,9,Consumer,West,4.3,0
C006715,Treatment,2120.17,1,9,SMB,East,11.4,0
C006716,Treatment,1150.28,1,18,Consumer,South,9.1,0
C006717,Treatment,914.14,1,7,Consumer,West,7.8,0
C006718,Treatment,1069.48,8,18,Consumer,North,7.7,0
C006719,Treatment,3391.32,9,29,Enterprise,West,15.1,0
C006720,Control,1911.93,1,11,Consumer,West,5.0,0
C006721,Control,567.79,1,15,Consumer,West,9.9,0
C006722,Control,1337.2,1,22,Consumer,North,6.9,0
C006723,Control,1905.05,10,38,Consumer,South,3.4,0
C006724,Control,11399.8,5,23,Enterprise,North,13.7,0
C006725,Control,1462.33,3,11,Consumer,South,14.8,1
C006726,Control,1434.31,8,32,Consumer,South,9.4,0
C006727,Control,2419.87,6,28,Consumer,East,13.1,0
C006728,Control,1094.73,6,31,Consumer,South,6.8,0
C006729,Treatment,760.18,8,13,Consumer,West,12.4,0
C006730,Treatment,4586.75,11,35,Enterprise,South,8.9,1
C006731,Treatment,1992.24,7,12,Consumer,South,5.7,0
C006732,Treatment,922.43,8,9,Consumer,East,8.5,1
C006733,Treatment,2521.3,12,36,Consumer,South,9.0,0
C006734,Treatment,2175.3,2,17,Enterprise,East,11.2,0
C006735,Control,1624.54,7,17,Enterprise,East,0.0,0
C006736,Treatment,3925.89,1,7,Enterprise,East,7.1,0
C006737,Control,932.96,1,8,Consumer,East,14.5,0
C006738,Treatment,2038.77,6,9,SMB,West,8.5,0
C006739,Treatment,3658.09,2,12,SMB,West,3.3,1
C006740,Control,2058.37,5,13,Consumer,North,13.6,0
C006741,Treatment,1436.74,7,4,SMB,South,11.6,0
C006742,Control,3842.47,7,27,SMB,West,5.5,0
C006743,Control,2377.69,11,49,SMB,North,3.0,0
C006744,Control,979.79,2,7,Consumer,South,12.2,0
C006745,Control,1371.93,4,16,Consumer,East,7.3,1
C006746,Control,1236.72,6,30,Consumer,North,0.0,0
C006747,Treatment,1332.74,8,34,Consumer,South,3.6,0
C006748,Treatment,1020.15,5,12,Consumer,West,7.3,0
C006749,Control,6525.4,7,32,SMB,North,17.1,0
C006750,Treatment,1905.18,2,6,Consumer,North,12.2,0
C006751,Control,614.65,2,1,Consumer,West,2.0,0
C006752,Control,1981.54,1,12,Consumer,West,5.8,0
C006753,Treatment,2875.1,11,52,Consumer,East,15.5,0
C006754,Treatment,1127.28,7,17,Consumer,South,3.8,0
C006755,Control,2446.5,11,64,SMB,North,12.2,0
C006756,Control,708.11,4,6,SMB,West,5.1,0
C006757,Treatment,1361.08,6,11,Consumer,South,7.3,0
C006758,Treatment,776.73,12,27,Consumer,West,0.9,0
C006759,Control,1832.83,10,36,Consumer,West,7.7,0
C006760,Control,3029.51,4,23,Consumer,North,7.6,0
C006761,Control,2533.65,4,12,SMB,East,7.3,0
C006762,Treatment,4493.51,13,63,Enterprise,West,17.9,0
C006763,Treatment,1685.6,4,15,Consumer,West,12.8,0
C006764,Treatment,3788.9,1,12,SMB,East,5.1,0
C006765,Control,2544.28,6,22,Consumer,North,4.6,0
C006766,Treatment,979.61,11,29,SMB,East,12.7,0
C006767,Treatment,1339.73,8,11,Consumer,East,4.0,1
C006768,Control,790.62,5,7,Consumer,East,6.9,0
C006769,Treatment,4104.77,5,31,SMB,South,13.6,0
C006770,Control,2042.01,3,1,SMB,West,7.1,0
C006771,Control,1800.77,3,8,Enterprise,South,5.9,1
C006772,Treatment,2857.05,2,7,Consumer,South,5.8,0
C006773,Control,3339.33,7,11,Enterprise,South,5.0,1
C006774,Treatment,7751.11,7,30,SMB,South,13.8,0
C006775,Treatment,1428.83,7,33,Consumer,South,9.8,0
C006776,Control,1457.54,6,16,Consumer,South,7.7,0
C006777,Control,1895.37,5,39,Enterprise,South,8.2,0
C006778,Treatment,1645.83,11,48,Consumer,North,12.2,0
C006779,Control,1194.65,8,14,Consumer,South,6.7,1
C006780,Treatment,2002.19,11,25,Consumer,North,9.0,0
C006781,Control,1130.88,1,9,Consumer,South,4.8,1
C006782,Control,1157.4,1,3,Consumer,South,16.0,1
C006783,Treatment,1332.14,3,16,Consumer,South,10.9,0
C006784,Control,1721.34,1,19,SMB,East,3.2,0
C006785,Treatment,2310.86,11,24,Consumer,South,6.4,0
C006786,Treatment,566.46,7,16,Consumer,East,6.1,0
C006787,Control,1685.84,1,4,Consumer,North,8.1,0
C006788,Treatment,1556.39,1,12,Consumer,South,17.2,0
C006789,Treatment,1485.07,9,35,Consumer,North,6.9,0
C006790,Treatment,1439.55,4,5,Consumer,South,8.1,0
C006791,Control,2789.2,11,16,Enterprise,East,5.6,0
C006792,Control,1999.82,2,11,Consumer,West,9.6,1
C006793,Treatment,1944.34,5,13,SMB,South,5.8,0
C006794,Treatment,3543.74,7,32,Consumer,South,5.5,0
C006795,Treatment,6251.56,12,55,SMB,South,6.7,0
C006796,Treatment,1941.11,9,10,SMB,West,9.3,0
C006797,Treatment,5436.16,11,6,Enterprise,North,8.1,0
C006798,Control,1030.33,5,8,SMB,North,8.7,1
C006799,Treatment,1581.64,1,8,Enterprise,North,12.7,0
C006800,Control,2980.8,8,17,SMB,West,3.3,0
C006801,Control,5878.96,8,31,Enterprise,West,9.6,0
C006802,Treatment,1022.96,5,13,Consumer,South,14.1,0
C006803,Control,1947.59,3,9,Consumer,North,13.9,0
C006804,Control,3083.51,6,32,Consumer,West,9.6,1
C006805,Treatment,1913.72,4,6,Enterprise,South,11.8,1
C006806,Treatment,1707.7,3,17,Enterprise,North,14.5,0
C006807,Treatment,3383.83,6,24,Enterprise,South,5.4,0
C006808,Treatment,1101.19,3,7,Consumer,South,7.2,0
C006809,Control,833.13,6,17,SMB,South,6.3,1
C006810,Treatment,2400.2,4,32,Consumer,East,7.9,0
C006811,Control,1752.49,5,12,SMB,East,5.1,0
C006812,Control,1368.3,5,24,Consumer,South,6.9,0
C006813,Control,1772.15,4,4,Consumer,North,11.3,0
C006814,Control,1344.36,10,9,Consumer,North,7.2,0
C006815,Treatment,2157.07,1,7,Consumer,West,9.6,0
C006816,Control,1859.65,4,14,Consumer,North,5.5,0
C006817,Treatment,1303.09,2,9,SMB,South,12.5,0
C006818,Control,3013.08,9,43,Consumer,North,2.0,0
C006819,Control,3481.4,2,21,SMB,South,7.9,0
C006820,Treatment,1405.64,3,7,Consumer,South,13.2,0
C006821,Treatment,3281.76,1,11,Consumer,South,7.5,1
C006822,Treatment,1571.48,9,12,Consumer,East,5.1,0
C006823,Control,2339.1,9,32,Consumer,South,14.0,0
C006824,Control,2023.33,2,23,SMB,West,5.6,0
C006825,Treatment,916.32,6,16,SMB,East,7.6,0
C006826,Treatment,3610.27,6,23,SMB,South,7.4,0
C006827,Control,2349.4,5,35,SMB,West,6.8,0
C006828,Treatment,1672.1,14,61,SMB,West,14.0,0
C006829,Treatment,3509.95,12,49,SMB,North,2.2,0
C006830,Treatment,1782.01,12,18,Consumer,East,5.9,1
C006831,Control,1410.84,1,13,Consumer,East,8.4,0
C006832,Treatment,1856.56,7,21,SMB,East,11.3,0
C006833,Control,1762.73,4,28,Consumer,North,3.8,0
C006834,Treatment,2135.62,2,10,Enterprise,North,11.8,0
C006835,Control,3011.38,2,19,Enterprise,South,10.8,0
C006836,Control,1308.84,10,21,Consumer,North,2.9,0
C006837,Control,2695.89,14,44,Enterprise,South,6.3,0
C006838,Treatment,1151.29,7,9,Consumer,West,7.8,1
C006839,Treatment,2853.49,1,4,SMB,South,14.0,0
C006840,Treatment,1618.51,1,4,SMB,South,14.7,0
C006841,Treatment,2614.91,8,32,SMB,South,12.4,0
C006842,Treatment,1101.75,15,39,Consumer,South,6.5,0
C006843,Treatment,1595.99,7,12,Consumer,West,10.1,0
C006844,Control,2263.65,14,28,Consumer,West,10.3,0
C006845,Treatment,2539.76,8,36,Consumer,South,3.7,1
C006846,Control,1262.6,6,22,Consumer,South,8.2,0
C006847,Control,2234.47,15,55,Consumer,North,15.8,0
C006848,Control,1130.41,4,15,Consumer,West,4.0,0
C006849,Control,2027.55,7,28,Consumer,South,10.4,0
C006850,Treatment,997.49,1,1,Consumer,South,9.1,0
C006851,Treatment,3549.92,8,47,Consumer,South,4.9,1
C006852,Control,4475.15,12,20,Enterprise,North,12.2,0
C006853,Treatment,2189.47,4,21,SMB,South,6.5,0
C006854,Control,1182.84,10,28,Consumer,West,14.4,0
C006855,Control,888.71,3,34,Consumer,North,19.4,0
C006856,Control,4278.76,5,17,Consumer,South,9.3,0
C006857,Control,2127.73,5,32,Consumer,South,17.2,0
C006858,Control,1836.75,4,14,SMB,South,9.6,0
C006859,Control,1483.32,12,40,Consumer,West,0.0,0
C006860,Control,979.64,6,29,Consumer,East,7.7,0
C006861,Control,1851.21,9,8,Consumer,West,8.7,0
C006862,Treatment,2083.59,4,7,SMB,West,16.9,0
C006863,Control,1280.51,9,34,Consumer,East,9.5,0
C006864,Control,2242.43,1,3,SMB,South,0.0,0
C006865,Treatment,3613.52,2,14,Enterprise,South,10.9,0
C006866,Control,3006.72,5,30,Enterprise,East,9.5,1
C006867,Treatment,2900.64,5,11,Consumer,East,8.2,0
C006868,Control,1225.12,3,20,Consumer,East,9.0,0
C006869,Treatment,831.74,3,11,Consumer,South,14.2,1
C006870,Treatment,2639.66,2,7,Enterprise,East,9.7,0
C006871,Treatment,2255.18,14,38,SMB,North,9.9,0
C006872,Treatment,2671.2,4,9,Enterprise,South,6.7,0
C006873,Control,1926.62,4,10,Consumer,South,3.3,0
C006874,Control,987.34,2,14,Consumer,South,9.9,0
C006875,Control,833.41,2,14,Consumer,South,6.5,0
C006876,Treatment,3539.8,1,15,Enterprise,West,9.7,0
C006877,Control,1918.36,9,37,Consumer,West,0.0,0
C006878,Control,3157.97,1,20,Consumer,South,9.5,1
C006879,Treatment,2310.61,6,12,Consumer,South,8.7,0
C006880,Control,1613.57,6,15,Consumer,North,9.3,0
C006881,Control,949.56,3,25,Consumer,North,10.1,0
C006882,Treatment,3185.8,1,2,Consumer,South,11.2,0
C006883,Control,1002.97,8,14,Enterprise,West,11.5,0
C006884,Treatment,1822.04,10,42,Consumer,West,8.2,0
C006885,Treatment,1392.68,1,17,SMB,South,13.2,0
C006886,Treatment,1545.76,9,19,Consumer,West,8.6,0
C006887,Control,1724.82,8,15,Consumer,South,2.9,0
C006888,Control,1191.25,13,37,Consumer,West,12.2,0
C006889,Treatment,1364.6,8,45,Consumer,South,8.1,0
C006890,Treatment,1021.25,11,1,Consumer,East,7.3,0
C006891,Treatment,2241.72,13,52,Consumer,South,15.6,0
C006892,Control,1667.61,2,6,Consumer,North,8.0,0
C006893,Control,2910.51,9,31,SMB,South,10.3,0
C006894,Control,1651.88,10,31,SMB,East,13.7,0
C006895,Control,1617.93,8,7,Enterprise,West,6.6,1
C006896,Control,3138.18,2,14,SMB,East,12.3,0
C006897,Treatment,823.51,5,20,Consumer,West,9.8,1
C006898,Control,2699.36,10,54,Consumer,North,14.9,0
C006899,Treatment,1965.71,1,20,Enterprise,West,6.5,0
C006900,Treatment,1764.2,7,22,Consumer,West,6.1,0
C006901,Control,3247.32,11,35,Consumer,South,10.3,0
C006902,Treatment,1585.56,1,11,Consumer,South,4.6,0
C006903,Treatment,1804.6,2,10,Consumer,North,14.6,0
C006904,Control,2360.36,5,28,SMB,North,7.7,1
C006905,Control,1692.75,9,23,Consumer,North,16.8,0
C006906,Treatment,1453.04,3,14,Consumer,East,4.5,0
C006907,Treatment,2751.79,2,34,SMB,West,13.7,0
C006908,Treatment,2171.62,11,46,SMB,North,7.9,1
C006909,Treatment,2547.14,7,34,Enterprise,West,6.3,0
C006910,Control,1328.55,1,13,SMB,West,11.0,0
C006911,Treatment,2428.17,5,19,Consumer,South,9.6,0
C006912,Treatment,3726.14,4,11,Consumer,West,11.5,0
C006913,Treatment,2972.98,9,42,Consumer,West,5.8,0
C006914,Treatment,2407.2,5,18,Consumer,South,2.0,0
C006915,Treatment,1716.7,1,5,Enterprise,West,11.9,1
C006916,Treatment,1143.12,4,27,SMB,South,6.0,0
C006917,Control,588.92,6,19,Consumer,North,9.2,0
C006918,Treatment,535.34,7,17,Consumer,South,11.8,0
C006919,Control,2077.61,1,5,Enterprise,East,9.7,0
C006920,Treatment,1026.05,9,11,Consumer,West,8.1,1
C006921,Treatment,1961.81,5,20,Consumer,South,6.5,0
C006922,Treatment,2380.86,5,30,Consumer,South,13.9,1
C006923,Control,1400.72,7,24,Consumer,South,12.5,0
C006924,Treatment,978.27,4,9,Consumer,West,14.2,0
C006925,Control,3306.99,4,12,SMB,North,4.0,0
C006926,Control,1590.21,3,9,Consumer,East,6.1,0
C006927,Control,1388.92,6,15,Consumer,East,7.3,0
C006928,Treatment,1911.17,12,30,Consumer,North,10.5,0
C006929,Control,1935.61,1,13,Consumer,West,16.6,0
C006930,Treatment,1206.31,2,15,Consumer,West,9.3,0
C006931,Control,2454.36,5,17,Consumer,South,7.1,0
C006932,Treatment,1684.39,5,6,Consumer,East,10.1,0
C006933,Treatment,3046.45,1,21,Consumer,West,2.9,0
C006934,Treatment,5608.54,6,19,Enterprise,North,0.0,0
C006935,Treatment,2230.93,10,20,Consumer,North,3.7,1
C006936,Treatment,2928.19,4,9,SMB,East,7.1,0
C006937,Treatment,3903.0,13,51,Enterprise,South,10.9,1
C006938,Treatment,2675.36,12,53,Consumer,East,14.0,0
C006939,Control,876.81,5,14,Consumer,South,15.0,0
C006940,Control,2019.21,4,3,Consumer,East,13.1,1
C006941,Treatment,1966.29,1,1,SMB,North,3.1,0
C006942,Control,929.79,1,8,Consumer,South,8.0,1
C006943,Treatment,2154.4,5,8,Consumer,South,15.4,0
C006944,Treatment,2792.88,5,15,Consumer,South,2.7,1
C006945,Control,1481.92,9,11,Consumer,West,9.0,1
C006946,Treatment,1295.47,1,12,Consumer,West,9.1,1
C006947,Treatment,1148.74,11,34,SMB,South,12.6,0
C006948,Treatment,1396.86,1,12,Consumer,East,0.0,0
C006949,Treatment,4130.83,11,42,Consumer,South,11.7,0
C006950,Treatment,1855.61,7,18,SMB,South,3.5,0
C006951,Treatment,1620.21,5,19,SMB,West,12.9,0
C006952,Treatment,3186.3,8,31,Consumer,South,3.3,1
C006953,Control,1198.41,8,34,SMB,West,9.5,0
C006954,Treatment,1871.43,6,24,SMB,North,0.2,0
C006955,Treatment,2347.2,1,18,Consumer,South,4.3,0
C006956,Control,1823.78,1,13,Consumer,East,11.1,0
C006957,Control,771.93,2,4,Consumer,West,5.9,1
C006958,Treatment,2362.05,8,32,Consumer,East,11.7,0
C006959,Control,2221.3,7,27,Consumer,West,10.4,0
C006960,Treatment,1461.1,1,12,SMB,West,8.3,0
C006961,Control,1819.47,7,12,SMB,East,0.0,1
C006962,Control,3713.36,9,35,SMB,South,9.7,0
C006963,Treatment,1696.37,3,1,SMB,South,12.1,0
C006964,Control,1226.04,5,18,Enterprise,East,11.3,0
C006965,Control,2512.67,2,16,SMB,East,5.2,0
C006966,Treatment,5655.83,3,32,Enterprise,South,10.0,0
C006967,Treatment,3600.34,7,26,Enterprise,South,8.1,1
C006968,Control,1139.47,1,7,Consumer,North,9.6,0
C006969,Treatment,2530.13,2,11,Enterprise,North,14.4,1
C006970,Treatment,1665.96,4,2,Enterprise,South,10.2,0
C006971,Treatment,706.42,5,19,Consumer,West,6.6,0
C006972,Control,1904.18,6,12,Consumer,West,11.4,0
C006973,Control,1914.86,1,6,Consumer,West,9.4,1
C006974,Treatment,1846.4,2,8,Consumer,East,13.4,0
C006975,Treatment,2324.31,10,47,Consumer,South,4.0,1
C006976,Control,2469.83,1,13,Consumer,East,3.7,0
C006977,Treatment,2209.78,4,22,SMB,West,7.9,0
C006978,Control,1274.75,6,3,Consumer,East,1.2,1
C006979,Treatment,491.17,5,30,Consumer,South,7.0,1
C006980,Treatment,1806.14,7,23,SMB,East,9.8,0
C006981,Treatment,1306.95,5,31,Enterprise,North,13.9,0
C006982,Treatment,2676.94,1,6,Consumer,South,7.3,0
C006983,Control,2038.29,13,53,Consumer,North,12.8,0
C006984,Treatment,3504.76,5,37,Consumer,South,9.9,0
C006985,Control,774.48,5,5,Consumer,West,8.3,0
C006986,Treatment,1521.99,6,11,Consumer,North,4.5,0
C006987,Treatment,1406.92,8,23,Consumer,North,6.3,0
C006988,Control,654.06,1,6,SMB,West,6.5,0
C006989,Control,3182.39,11,45,Consumer,West,7.5,0
C006990,Control,3598.28,13,29,SMB,South,6.5,0
C006991,Control,1655.4,1,12,Consumer,South,12.7,1
C006992,Control,3988.99,12,26,Enterprise,South,8.3,0
C006993,Treatment,948.82,1,12,Consumer,East,16.3,1
C006994,Treatment,1185.66,13,47,Consumer,West,4.9,1
C006995,Treatment,1148.44,1,19,Consumer,North,12.5,0
C006996,Treatment,1139.88,6,22,Consumer,West,3.8,0
C006997,Treatment,2012.52,6,8,Enterprise,East,7.8,0
C006998,Control,1462.85,1,14,Consumer,East,7.8,0
C006999,Treatment,1675.39,15,35,Consumer,North,8.0,0
C007000,Treatment,3835.06,1,14,SMB,West,13.7,0
C007001,Treatment,759.93,4,7,Consumer,South,9.3,0
C007002,Treatment,2531.48,1,5,SMB,South,16.4,0
C007003,Treatment,1215.88,9,21,Consumer,South,14.6,1
C007004,Treatment,1668.2,7,4,SMB,South,8.5,0
C007005,Treatment,3587.37,1,4,SMB,North,13.3,0
C007006,Control,1035.35,7,2,Consumer,North,3.5,0
C007007,Treatment,1349.75,6,21,Consumer,South,8.6,0
C007008,Control,1432.97,1,2,SMB,South,8.2,0
C007009,Control,1657.89,2,19,SMB,East,10.8,1
C007010,Treatment,1432.57,3,17,Consumer,East,11.6,0
C007011,Control,1213.0,6,11,Consumer,East,5.1,0
C007012,Treatment,722.91,3,17,Consumer,North,10.7,0
C007013,Control,1500.36,9,25,SMB,South,14.5,0
C007014,Treatment,2678.03,9,41,Consumer,East,12.0,0
C007015,Control,1917.54,9,15,Consumer,East,10.6,0
C007016,Treatment,1864.83,3,20,Consumer,South,12.7,0
C007017,Control,1087.61,1,7,Consumer,West,0.0,0
C007018,Control,2018.34,1,19,SMB,West,0.9,0
C007019,Control,967.16,6,15,Consumer,West,16.0,1
C007020,Treatment,2512.16,6,23,Consumer,East,11.6,0
C007021,Treatment,4008.65,3,7,Enterprise,South,10.1,1
C007022,Treatment,2209.55,15,55,Consumer,West,9.4,0
C007023,Control,1393.45,1,13,SMB,West,8.7,0
C007024,Control,2310.27,4,21,SMB,West,10.7,0
C007025,Control,2026.88,1,1,SMB,West,10.1,0
C007026,Treatment,1560.56,5,17,Consumer,West,7.2,0
C007027,Treatment,1018.99,3,21,Consumer,East,9.9,0
C007028,Control,2803.65,7,33,Consumer,South,9.8,0
C007029,Treatment,2319.75,4,23,Consumer,South,6.3,1
C007030,Treatment,1148.96,6,44,Consumer,East,13.6,0
C007031,Control,1763.67,7,35,Consumer,West,6.3,0
C007032,Control,973.77,4,5,Consumer,South,5.8,0
C007033,Control,1799.93,7,45,Consumer,South,7.0,0
C007034,Control,1260.31,1,14,Consumer,West,2.8,0
C007035,Control,954.94,4,17,Consumer,South,8.3,1
C007036,Treatment,1260.95,1,4,SMB,North,7.2,0
C007037,Control,4413.79,2,32,Enterprise,East,11.5,0
C007038,Treatment,766.55,1,15,Consumer,South,8.5,0
C007039,Treatment,3741.7,7,15,Enterprise,South,2.0,0
C007040,Treatment,1580.95,3,18,Consumer,East,7.0,0
C007041,Treatment,3457.52,10,29,SMB,West,3.0,0
C007042,Control,1104.8,11,41,Consumer,South,13.2,1
C007043,Control,1612.4,7,4,Consumer,South,13.4,0
C007044,Control,3192.21,5,13,SMB,South,10.6,0
C007045,Treatment,5336.6,1,8,SMB,East,11.9,0
C007046,Treatment,2275.14,10,33,Consumer,South,9.3,0
C007047,Control,2018.17,1,27,Consumer,South,10.1,0
C007048,Control,1694.23,9,23,SMB,East,6.3,1
C007049,Treatment,2695.37,10,16,Consumer,West,7.4,0
C007050,Control,1273.91,4,29,Consumer,South,12.1,0
C007051,Treatment,1368.28,5,19,Consumer,East,5.2,0
C007052,Control,738.73,7,25,Consumer,West,9.6,0
C007053,Control,948.54,8,39,Consumer,South,6.4,1
C007054,Control,1189.69,6,25,Consumer,West,6.2,0
C007055,Control,1421.26,2,15,Consumer,South,13.6,0
C007056,Control,1878.6,2,10,SMB,North,11.2,0
C007057,Treatment,719.32,12,10,SMB,North,10.1,1
C007058,Control,2015.81,4,12,Consumer,North,4.8,1
C007059,Treatment,676.69,1,22,Consumer,West,9.0,0
C007060,Control,1400.12,8,41,SMB,East,7.7,1
C007061,Control,2049.99,2,9,Enterprise,West,3.8,1
C007062,Control,3259.47,14,38,Enterprise,West,11.2,0
C007063,Control,1711.31,8,11,SMB,South,10.9,0
C007064,Control,2981.37,10,42,Enterprise,West,0.6,0
C007065,Control,512.65,1,11,Consumer,West,8.2,0
C007066,Treatment,2044.07,4,10,Consumer,South,16.0,0
C007067,Treatment,793.75,1,5,Consumer,West,9.9,0
C007068,Treatment,1585.45,5,13,Consumer,West,16.0,0
C007069,Control,2347.53,7,12,Consumer,South,10.5,0
C007070,Treatment,1226.94,5,25,Consumer,North,11.3,0
C007071,Treatment,1204.78,4,9,Consumer,South,8.1,0
C007072,Control,2137.03,8,20,Consumer,West,5.4,0
C007073,Control,1816.23,5,12,SMB,East,5.1,1
C007074,Treatment,2849.64,3,30,SMB,West,13.5,0
C007075,Treatment,1973.29,7,28,Consumer,West,8.0,0
C007076,Control,1786.66,1,26,Consumer,South,6.9,0
C007077,Control,1045.29,3,2,Consumer,West,16.6,0
C007078,Treatment,1519.3,6,9,Consumer,South,17.6,0
C007079,Control,2512.51,9,32,Consumer,East,9.8,0
C007080,Treatment,2736.24,5,11,SMB,South,2.0,0
C007081,Treatment,1966.45,8,30,Enterprise,South,8.6,0
C007082,Treatment,797.88,4,5,Consumer,South,4.8,1
C007083,Treatment,2262.15,4,24,Consumer,South,4.0,0
C007084,Control,493.45,4,22,Consumer,North,14.6,0
C007085,Treatment,1277.99,6,23,SMB,South,3.9,0
C007086,Treatment,1199.37,14,44,Consumer,East,6.2,0
C007087,Treatment,2357.92,5,8,SMB,West,8.2,0
C007088,Control,2655.05,10,31,Consumer,North,4.3,0
C007089,Control,1448.7,5,20,Consumer,North,6.6,1
C007090,Control,1814.09,12,51,SMB,East,4.4,0
C007091,Control,1233.64,4,13,Consumer,East,3.7,0
C007092,Treatment,8153.6,5,35,SMB,East,8.5,0
C007093,Treatment,2782.82,12,48,Consumer,West,8.8,0
C007094,Treatment,1487.11,3,8,SMB,South,3.3,0
C007095,Treatment,2487.95,7,12,Enterprise,South,3.6,0
C007096,Control,875.71,3,31,Consumer,West,3.6,0
C007097,Control,1496.3,5,25,Consumer,East,3.6,0
C007098,Control,1639.76,1,15,SMB,South,8.4,0
C007099,Control,1365.9,7,21,Consumer,West,10.1,0
C007100,Control,862.57,7,15,Consumer,South,7.0,0
C007101,Control,1674.15,6,15,Consumer,North,14.3,0
C007102,Control,2044.73,10,11,SMB,North,14.6,0
C007103,Treatment,2696.81,9,27,Consumer,West,1.3,0
C007104,Control,794.67,1,12,Consumer,West,9.4,0
C007105,Control,1423.52,6,5,SMB,South,1.4,0
C007106,Control,3132.38,11,18,SMB,South,9.4,0
C007107,Treatment,1817.96,8,22,Consumer,East,13.2,0
C007108,Treatment,1660.3,1,7,Consumer,North,10.4,1
C007109,Control,1826.44,4,20,Consumer,West,5.3,0
C007110,Control,2542.2,4,7,SMB,South,13.8,0
C007111,Treatment,3031.4,2,9,Consumer,West,5.6,0
C007112,Treatment,2863.75,7,10,Consumer,West,9.9,0
C007113,Treatment,1536.31,6,26,Consumer,South,4.9,1
C007114,Treatment,1790.37,6,8,Consumer,East,10.3,0
C007115,Treatment,812.06,10,34,Consumer,East,7.7,0
C007116,Treatment,2464.95,5,37,Consumer,South,1.3,0
C007117,Control,1701.83,3,9,Consumer,South,7.2,0
C007118,Treatment,1832.35,10,25,Consumer,West,12.0,1
C007119,Control,5565.16,5,22,SMB,East,14.3,0
C007120,Treatment,2972.43,7,21,SMB,East,7.2,0
C007121,Control,2580.72,10,38,SMB,South,13.6,0
C007122,Control,615.12,2,14,Consumer,East,6.6,0
C007123,Treatment,2809.83,11,20,Enterprise,East,18.2,0
C007124,Treatment,3847.15,4,24,Consumer,South,5.8,0
C007125,Control,682.37,1,3,SMB,South,9.3,0
C007126,Treatment,3324.9,10,29,SMB,South,3.6,0
C007127,Control,1529.38,10,49,Consumer,East,8.0,0
C007128,Control,1812.29,2,3,Consumer,North,11.7,1
C007129,Treatment,1436.68,7,21,SMB,West,21.7,0
C007130,Control,1315.38,8,16,Consumer,South,6.0,0
C007131,Control,3768.26,1,22,Enterprise,West,0.0,1
C007132,Treatment,2373.13,7,29,SMB,North,14.2,0
C007133,Control,2963.76,3,11,Enterprise,East,9.2,0
C007134,Control,2267.59,6,23,Consumer,South,15.0,0
C007135,Control,1707.95,11,38,Consumer,East,3.9,0
C007136,Treatment,8068.09,12,32,Enterprise,West,18.0,0
C007137,Control,1741.56,8,27,SMB,North,6.3,0
C007138,Control,1799.01,2,14,Consumer,North,8.1,0
C007139,Treatment,3508.44,5,13,Consumer,North,9.5,0
C007140,Control,1087.13,7,21,Consumer,South,3.9,0
C007141,Control,2498.67,7,22,Enterprise,West,7.4,0
C007142,Treatment,3137.72,11,32,SMB,North,1.3,0
C007143,Treatment,631.57,4,21,Consumer,West,11.8,0
C007144,Control,2479.72,5,29,Enterprise,South,7.0,0
C007145,Treatment,1784.9,3,4,Consumer,West,0.0,1
C007146,Treatment,2913.48,10,27,Consumer,South,7.3,1
C007147,Control,1583.45,12,27,Consumer,West,10.3,1
C007148,Treatment,2934.97,11,37,Consumer,South,10.4,0
C007149,Treatment,1274.36,3,3,Consumer,West,16.7,1
C007150,Treatment,1313.44,7,43,Consumer,East,9.8,0
C007151,Treatment,1481.37,7,17,Consumer,South,7.9,0
C007152,Treatment,2220.34,1,13,Enterprise,West,8.4,1
C007153,Treatment,2131.85,11,30,Consumer,South,16.3,0
C007154,Treatment,1853.64,5,15,Consumer,South,4.8,0
C007155,Treatment,1192.73,2,2,Consumer,South,7.0,1
C007156,Treatment,888.69,10,24,Consumer,West,12.3,0
C007157,Treatment,3948.82,7,24,SMB,East,9.9,1
C007158,Treatment,5674.35,14,70,Enterprise,North,4.1,1
C007159,Control,2226.08,15,64,Consumer,West,10.1,0
C007160,Control,2590.61,6,35,Consumer,South,17.0,0
C007161,Treatment,2163.08,4,10,Consumer,North,8.6,0
C007162,Control,1880.33,6,25,Consumer,North,7.1,0
C007163,Treatment,1012.98,1,8,Consumer,North,9.0,0
C007164,Treatment,1166.49,12,18,Consumer,East,8.1,0
C007165,Treatment,3745.96,4,15,SMB,South,18.9,0
C007166,Control,1578.88,10,52,SMB,North,13.0,0
C007167,Treatment,1497.1,1,16,Consumer,South,0.0,0
C007168,Control,2414.85,6,33,Consumer,West,15.0,0
C007169,Treatment,1454.39,8,20,SMB,East,6.9,0
C007170,Control,1812.37,3,33,Consumer,South,10.1,0
C007171,Treatment,945.83,1,3,Consumer,East,13.3,0
C007172,Treatment,1824.27,8,17,Consumer,North,15.6,0
C007173,Treatment,1007.46,7,33,Consumer,West,10.9,0
C007174,Treatment,2581.54,7,33,Consumer,North,9.2,0
C007175,Control,2499.44,7,28,SMB,North,7.3,0
C007176,Control,1046.13,8,13,Consumer,South,9.1,0
C007177,Control,3158.0,4,29,SMB,North,17.3,0
C007178,Treatment,2694.46,13,26,Consumer,North,2.5,0
C007179,Treatment,1381.08,6,21,Consumer,East,8.2,0
C007180,Control,1186.38,8,31,Enterprise,South,12.3,0
C007181,Control,1034.42,5,9,Consumer,North,18.8,0
C007182,Control,2931.37,1,17,Consumer,East,17.6,0
C007183,Treatment,946.75,3,5,SMB,East,10.5,0
C007184,Control,2165.32,3,6,Enterprise,West,12.6,0
C007185,Control,1909.58,9,10,Consumer,North,13.5,0
C007186,Control,1438.73,18,47,Consumer,West,7.8,1
C007187,Control,1146.7,9,33,SMB,East,13.0,0
C007188,Control,2692.32,4,11,Enterprise,South,7.0,0
C007189,Control,2428.53,4,15,Enterprise,South,3.4,0
C007190,Treatment,1222.64,4,14,Consumer,South,12.2,1
C007191,Treatment,2667.57,6,26,SMB,North,9.2,0
C007192,Control,2403.87,6,10,Consumer,East,13.4,0
C007193,Treatment,1320.69,16,52,Consumer,East,10.8,0
C007194,Control,2775.58,16,54,SMB,North,5.7,0
C007195,Treatment,2148.86,10,23,Consumer,South,15.3,0
C007196,Treatment,2021.9,6,14,SMB,West,12.4,0
C007197,Control,1004.85,12,40,Consumer,South,12.9,0
C007198,Treatment,2001.19,10,31,SMB,South,4.3,0
C007199,Treatment,1200.45,1,9,Consumer,West,6.3,1
C007200,Treatment,1510.13,4,18,Consumer,South,7.1,0
C007201,Control,2676.48,3,18,Consumer,East,9.3,0
C007202,Control,661.22,2,2,SMB,West,18.7,0
C007203,Control,3600.22,7,30,Consumer,South,3.3,0
C007204,Treatment,1387.72,6,15,SMB,South,9.6,1
C007205,Treatment,1346.45,5,22,SMB,West,4.9,0
C007206,Control,1381.19,2,38,Consumer,North,5.3,1
C007207,Treatment,2448.35,6,20,Consumer,North,7.8,0
C007208,Control,2606.16,7,31,Consumer,South,11.4,0
C007209,Control,1282.01,6,17,Consumer,West,0.0,0
C007210,Treatment,1286.02,1,5,Consumer,South,2.5,0
C007211,Treatment,1976.04,12,44,Consumer,South,6.8,0
C007212,Treatment,2080.85,8,46,Consumer,South,8.1,0
C007213,Treatment,1482.72,1,8,Consumer,South,4.9,1
C007214,Treatment,3157.74,11,55,Consumer,East,7.5,0
C007215,Treatment,2895.57,1,16,Enterprise,West,7.3,1
C007216,Control,3001.3,3,19,SMB,South,11.6,0
C007217,Treatment,1119.68,8,29,Consumer,East,10.3,0
C007218,Treatment,824.3,2,24,Consumer,East,8.8,0
C007219,Control,1149.43,3,4,Consumer,West,14.4,0
C007220,Control,2835.05,5,40,Consumer,South,12.9,1
C007221,Control,1593.05,2,17,Consumer,North,7.9,0
C007222,Control,2422.13,1,13,Enterprise,East,3.1,0
C007223,Treatment,1609.0,9,28,Consumer,East,8.2,0
C007224,Control,1168.5,6,22,Consumer,East,2.5,0
C007225,Treatment,3453.99,9,45,Consumer,South,11.7,0
C007226,Control,2218.39,4,43,Consumer,North,17.8,1
C007227,Control,1976.27,4,13,Enterprise,North,10.9,0
C007228,Control,2439.47,1,16,Consumer,South,13.1,1
C007229,Control,1038.81,1,8,Consumer,North,4.8,1
C007230,Treatment,1943.6,12,43,Consumer,South,9.9,0
C007231,Control,866.66,6,35,Consumer,North,8.3,0
C007232,Control,1931.12,4,13,Consumer,South,5.1,1
C007233,Control,1598.1,5,33,Consumer,West,8.3,0
C007234,Control,1407.7,6,10,SMB,South,3.9,1
C007235,Treatment,5452.95,8,24,Consumer,South,13.0,0
C007236,Treatment,2002.34,9,25,Consumer,East,6.9,0
C007237,Control,3540.88,10,23,Consumer,South,5.2,1
C007238,Treatment,1734.72,1,6,Consumer,North,9.9,0
C007239,Control,1685.59,14,31,Consumer,South,12.2,0
C007240,Treatment,913.08,1,11,Consumer,South,13.6,0
C007241,Treatment,1899.12,1,7,SMB,South,5.9,0
C007242,Control,3782.7,6,30,Consumer,North,9.0,0
C007243,Treatment,2028.77,5,46,Consumer,South,13.8,0
C007244,Treatment,1409.09,1,6,Consumer,North,4.3,1
C007245,Control,1912.52,5,2,SMB,South,9.4,0
C007246,Treatment,3495.96,4,13,Consumer,East,9.4,0
C007247,Treatment,1564.9,1,24,SMB,South,4.6,0
C007248,Control,1373.6,2,10,Consumer,South,14.1,0
C007249,Treatment,2761.51,9,24,SMB,North,7.7,0
C007250,Treatment,1967.26,1,12,Consumer,East,14.9,1
C007251,Treatment,2136.05,2,8,SMB,South,4.3,0
C007252,Treatment,679.28,3,3,Consumer,West,0.0,0
C007253,Treatment,5479.46,12,39,Enterprise,South,6.5,0
C007254,Treatment,2344.71,9,26,SMB,West,10.9,1
C007255,Treatment,2621.58,6,30,Consumer,South,6.8,0
C007256,Control,1222.16,1,1,SMB,East,9.5,0
C007257,Control,2882.86,5,15,Consumer,South,8.9,0
C007258,Treatment,3886.56,6,43,Enterprise,South,5.0,1
C007259,Treatment,1607.42,15,72,Consumer,East,21.6,0
C007260,Control,3679.67,6,34,Consumer,West,8.5,0
C007261,Treatment,1346.5,5,19,Consumer,West,6.1,0
C007262,Treatment,2249.14,7,11,SMB,South,21.0,0
C007263,Treatment,3870.41,7,25,Enterprise,South,4.9,0
C007264,Control,1847.41,6,4,Consumer,South,9.6,0
C007265,Treatment,777.97,1,8,Consumer,East,6.5,0
C007266,Control,6515.27,6,16,SMB,South,3.6,0
C007267,Control,2407.97,5,34,Consumer,South,13.3,0
C007268,Treatment,5201.08,5,20,Enterprise,North,9.2,0
C007269,Treatment,1110.26,9,29,Consumer,West,3.5,0
C007270,Control,1460.75,1,24,Consumer,North,18.1,0
C007271,Treatment,1649.0,4,13,Consumer,South,9.3,0
C007272,Treatment,2560.5,4,5,Enterprise,North,15.1,0
C007273,Control,3237.68,2,11,Consumer,South,15.4,0
C007274,Control,4626.98,8,22,Enterprise,North,2.2,1
C007275,Treatment,927.99,3,11,Consumer,East,12.6,0
C007276,Treatment,3829.29,2,22,Consumer,South,14.0,0
C007277,Control,1159.58,13,52,Consumer,North,9.9,0
C007278,Treatment,1958.01,3,5,SMB,South,14.0,0
C007279,Treatment,1190.23,7,29,Consumer,South,7.1,1
C007280,Treatment,1951.0,2,4,Consumer,East,16.5,0
C007281,Treatment,1987.64,9,25,SMB,South,7.0,1
C007282,Control,1117.5,7,29,Consumer,East,16.4,0
C007283,Control,2784.01,5,11,SMB,South,11.4,0
C007284,Control,2957.2,13,38,SMB,North,11.1,1
C007285,Treatment,1549.53,9,26,Consumer,South,3.5,0
C007286,Treatment,2612.21,13,58,Consumer,South,16.1,0
C007287,Treatment,1618.83,4,13,Consumer,South,5.2,0
C007288,Control,1914.28,3,13,Consumer,South,17.1,0
C007289,Treatment,1436.99,3,5,SMB,West,11.0,1
C007290,Control,2935.42,16,69,Consumer,North,11.3,0
C007291,Control,2994.84,7,39,Enterprise,South,7.0,0
C007292,Control,1858.66,1,7,Consumer,South,7.6,0
C007293,Treatment,871.72,5,29,Consumer,South,1.7,0
C007294,Control,1679.0,13,49,Consumer,South,13.1,0
C007295,Treatment,970.97,5,13,Consumer,South,11.1,0
C007296,Treatment,1298.05,4,12,Enterprise,East,16.6,0
C007297,Treatment,1766.65,1,4,SMB,East,8.1,1
C007298,Control,2066.66,10,36,Consumer,North,18.6,0
C007299,Treatment,4328.72,2,11,Enterprise,South,4.7,1
C007300,Treatment,1813.49,1,6,Consumer,West,10.7,0
C007301,Control,1126.55,9,27,Consumer,South,12.5,0
C007302,Treatment,1805.23,1,5,SMB,East,11.7,0
C007303,Treatment,1522.03,7,23,Consumer,East,7.7,0
C007304,Control,1004.59,1,7,Consumer,South,3.2,0
C007305,Treatment,1968.88,7,29,SMB,North,9.5,0
C007306,Control,1783.06,3,8,Consumer,East,7.0,0
C007307,Control,1710.55,7,12,Consumer,South,18.0,0
C007308,Treatment,1354.64,6,19,SMB,North,11.8,0
C007309,Control,1145.73,6,13,Consumer,South,10.0,0
C007310,Control,3149.73,17,71,SMB,North,15.9,0
C007311,Control,791.24,6,9,SMB,South,12.9,0
C007312,Control,1033.44,8,6,Consumer,North,0.8,0
C007313,Control,2162.57,13,51,Consumer,West,13.9,0
C007314,Treatment,1410.7,2,15,SMB,West,11.5,1
C007315,Control,1786.13,8,28,Consumer,West,11.3,0
C007316,Control,574.13,7,10,Consumer,South,9.3,0
C007317,Treatment,2128.05,1,14,Consumer,South,7.1,0
C007318,Treatment,1109.17,11,23,Consumer,West,4.6,1
C007319,Control,1774.09,8,22,Consumer,East,13.1,1
C007320,Control,4345.93,10,39,SMB,South,7.2,0
C007321,Control,1480.1,2,6,Consumer,West,6.3,0
C007322,Control,1236.63,4,21,Consumer,South,23.2,0
C007323,Control,3520.62,5,3,Enterprise,East,7.2,0
C007324,Treatment,1265.45,1,16,Consumer,West,6.4,0
C007325,Treatment,1443.67,15,35,Consumer,West,12.1,1
C007326,Control,3418.29,19,72,Enterprise,South,7.9,1
C007327,Treatment,1371.63,8,24,Consumer,North,15.9,0
C007328,Control,981.93,10,37,Consumer,East,11.6,0
C007329,Control,1160.2,2,13,SMB,East,9.9,0
C007330,Control,2567.19,5,13,Consumer,South,12.8,0
C007331,Control,3157.07,1,18,Consumer,South,11.1,0
C007332,Treatment,1539.68,2,18,SMB,East,5.8,0
C007333,Control,2233.97,1,22,Consumer,South,10.8,0
C007334,Treatment,2373.7,3,6,Enterprise,West,3.9,0
C007335,Control,1405.08,9,46,Consumer,West,3.6,0
C007336,Treatment,3294.04,5,20,SMB,South,6.4,0
C007337,Treatment,1622.65,8,30,Consumer,South,8.1,0
C007338,Control,2995.82,13,38,Consumer,South,9.6,0
C007339,Control,1325.77,1,8,Consumer,South,0.0,0
C007340,Treatment,2573.11,14,43,Consumer,North,7.2,0
C007341,Treatment,1426.62,7,25,Consumer,East,2.2,0
C007342,Control,2569.37,6,27,SMB,East,11.7,1
C007343,Treatment,1353.21,6,17,SMB,South,7.0,1
C007344,Control,1140.68,13,52,Consumer,West,8.0,0
C007345,Control,3386.59,14,43,SMB,West,4.3,1
C007346,Treatment,1475.39,3,11,Consumer,West,11.7,1
C007347,Control,1218.11,1,16,Consumer,West,2.5,0
C007348,Control,1915.45,2,23,Consumer,South,7.6,0
C007349,Control,1125.61,7,17,SMB,West,6.6,0
C007350,Control,2629.19,11,40,Consumer,West,16.7,0
C007351,Control,1247.27,16,43,Consumer,East,0.4,1
C007352,Control,1344.81,1,14,Consumer,North,16.1,0
C007353,Treatment,1364.69,5,12,Consumer,North,7.6,0
C007354,Treatment,3120.92,8,18,Consumer,South,8.0,0
C007355,Control,662.64,7,23,Consumer,East,14.6,1
C007356,Control,858.45,6,24,Consumer,South,13.1,0
C007357,Treatment,608.63,2,9,Consumer,West,9.9,1
C007358,Control,1376.48,2,7,Consumer,West,11.6,0
C007359,Control,1701.23,10,38,Consumer,South,1.1,0
C007360,Treatment,5233.4,7,12,Enterprise,North,4.0,0
C007361,Control,1625.85,1,16,Consumer,East,11.5,0
C007362,Treatment,1072.4,7,34,Consumer,South,4.4,0
C007363,Treatment,1398.97,10,21,Consumer,West,9.2,1
C007364,Treatment,1976.45,1,16,Consumer,West,7.3,0
C007365,Control,1433.28,4,8,Consumer,South,3.1,1
C007366,Control,1100.51,1,12,Consumer,East,13.8,0
C007367,Control,1034.49,2,10,Consumer,West,12.4,0
C007368,Treatment,2462.78,2,15,Enterprise,West,8.4,0
C007369,Treatment,960.85,7,10,Consumer,South,16.5,0
C007370,Treatment,1862.14,1,7,SMB,West,2.3,0
C007371,Control,1891.01,2,17,Consumer,South,5.1,0
C007372,Treatment,2010.64,4,26,SMB,North,5.7,0
C007373,Treatment,2022.96,1,4,SMB,South,7.8,0
C007374,Treatment,1381.53,2,8,Consumer,West,8.3,0
C007375,Treatment,1396.28,5,28,Consumer,West,13.0,1
C007376,Control,2319.9,7,22,Consumer,North,19.2,1
C007377,Control,876.8,3,24,SMB,South,11.9,0
C007378,Treatment,857.41,8,28,Consumer,East,9.3,0
C007379,Control,1960.01,6,32,Consumer,West,15.8,0
C007380,Control,1878.99,1,15,Consumer,East,9.9,0
C007381,Control,1797.05,5,18,SMB,South,9.4,0
C007382,Control,1830.38,4,7,Consumer,West,10.6,1
C007383,Treatment,1079.76,2,17,Consumer,East,10.6,0
C007384,Control,1142.02,7,27,Consumer,West,13.3,1
C007385,Control,1666.79,3,15,Consumer,West,0.0,1
C007386,Treatment,1968.57,3,15,Consumer,North,11.5,0
C007387,Treatment,1793.25,5,8,SMB,West,10.1,0
C007388,Control,5200.46,6,13,Enterprise,South,8.2,0
C007389,Control,2426.54,1,17,SMB,West,13.4,0
C007390,Control,553.68,5,30,Consumer,North,12.7,0
C007391,Control,1361.72,6,10,Consumer,West,6.6,0
C007392,Control,1906.68,1,12,Consumer,South,9.4,0
C007393,Control,2565.19,5,29,Consumer,North,11.8,0
C007394,Treatment,3814.68,1,2,Enterprise,West,8.4,1
C007395,Treatment,3210.74,6,32,SMB,South,5.2,0
C007396,Treatment,2762.42,3,14,Enterprise,North,9.7,0
C007397,Control,2053.26,3,13,SMB,West,15.6,1
C007398,Control,2025.25,7,32,Consumer,South,8.1,0
C007399,Treatment,568.59,6,21,Consumer,South,11.5,0
C007400,Treatment,2424.72,5,18,SMB,West,19.9,0
C007401,Treatment,911.72,9,13,Consumer,South,0.0,0
C007402,Control,4165.44,4,5,SMB,North,12.9,0
C007403,Control,1123.23,3,9,Consumer,East,5.4,0
C007404,Treatment,2047.71,13,32,Consumer,East,6.2,0
C007405,Treatment,2264.51,3,23,Consumer,North,7.8,0
C007406,Control,2064.64,8,6,Consumer,South,5.7,0
C007407,Treatment,2409.79,16,35,Consumer,South,11.8,0
C007408,Treatment,1483.34,5,3,Consumer,North,3.5,0
C007409,Treatment,4319.83,3,10,Consumer,South,12.7,0
C007410,Control,2138.19,6,8,Consumer,West,13.9,0
C007411,Treatment,999.19,6,4,Consumer,South,1.8,0
C007412,Treatment,2066.05,2,18,SMB,South,2.3,0
C007413,Control,4114.23,6,12,Consumer,West,6.6,0
C007414,Treatment,779.43,3,13,SMB,South,13.9,0
C007415,Treatment,1379.5,4,23,Consumer,West,5.7,0
C007416,Treatment,1124.79,4,7,SMB,West,9.9,0
C007417,Control,1188.4,6,22,Consumer,South,2.4,0
C007418,Treatment,1527.64,9,56,SMB,South,5.3,0
C007419,Control,1842.62,8,11,Consumer,North,4.3,0
C007420,Control,3271.1,14,62,Consumer,North,5.4,0
C007421,Control,2474.7,9,26,SMB,South,8.5,0
C007422,Control,1747.57,10,29,Consumer,South,9.8,0
C007423,Control,1238.27,3,18,Consumer,South,10.4,0
C007424,Control,2057.76,10,8,Consumer,West,3.5,0
C007425,Treatment,3372.54,11,15,SMB,South,15.3,0
C007426,Control,3370.82,4,26,Consumer,South,7.7,0
C007427,Treatment,1425.69,3,9,Enterprise,North,14.3,1
C007428,Control,1263.9,6,20,Consumer,South,12.5,0
C007429,Treatment,1667.42,6,34,Consumer,West,11.8,0
C007430,Treatment,1803.72,2,10,Consumer,East,15.3,0
C007431,Treatment,2387.33,16,37,SMB,South,5.7,0
C007432,Treatment,2052.9,2,10,Consumer,South,11.5,0
C007433,Treatment,1077.77,17,47,Consumer,South,0.0,0
C007434,Control,3466.67,10,26,Enterprise,West,10.3,1
C007435,Control,1208.07,7,19,Consumer,South,11.3,0
C007436,Control,1009.13,13,38,Consumer,East,5.4,0
C007437,Control,1738.48,10,29,Consumer,South,9.6,0
C007438,Control,2224.82,8,23,Consumer,South,1.1,0
C007439,Control,898.86,7,10,Consumer,South,4.1,0
C007440,Treatment,2997.31,4,20,Consumer,North,8.9,0
C007441,Treatment,1147.62,6,23,Consumer,East,3.3,0
C007442,Treatment,5073.49,4,31,Consumer,South,17.9,0
C007443,Treatment,941.8,6,13,Consumer,North,11.5,0
C007444,Control,912.86,2,11,Consumer,West,8.6,0
C007445,Control,1602.63,1,12,Enterprise,North,10.1,0
C007446,Treatment,1617.24,9,29,Consumer,West,10.9,0
C007447,Treatment,2666.03,3,12,Consumer,South,3.8,0
C007448,Control,1811.07,12,29,SMB,South,11.3,0
C007449,Control,1953.0,9,23,SMB,North,10.8,0
C007450,Control,1175.24,11,25,Consumer,East,6.3,0
C007451,Control,2348.62,11,49,Consumer,West,11.2,0
C007452,Control,2312.17,9,32,SMB,East,7.9,0
C007453,Control,8341.38,12,39,SMB,South,11.4,0
C007454,Treatment,1666.2,1,12,Consumer,North,14.5,0
C007455,Treatment,1651.57,1,7,Consumer,West,8.9,0
C007456,Treatment,1844.84,3,9,Consumer,West,17.4,0
C007457,Treatment,716.81,1,7,Consumer,South,7.1,0
C007458,Treatment,965.7,1,10,Consumer,West,4.3,0
C007459,Control,1586.95,7,16,Consumer,East,10.0,0
C007460,Treatment,5343.63,6,15,Enterprise,South,4.4,0
C007461,Control,1695.78,9,27,SMB,East,10.9,0
C007462,Treatment,1381.26,1,11,Consumer,North,3.8,0
C007463,Control,1155.68,7,13,Consumer,North,12.3,0
C007464,Treatment,1747.77,4,25,Consumer,East,8.0,0
C007465,Treatment,2936.6,7,20,Consumer,West,17.0,0
C007466,Control,1675.57,7,15,SMB,South,16.1,0
C007467,Control,5581.35,17,44,Enterprise,North,13.9,1
C007468,Control,734.58,14,35,Consumer,North,4.5,0
C007469,Treatment,3578.25,15,58,Consumer,South,5.3,0
C007470,Treatment,3680.08,11,51,Enterprise,East,9.6,0
C007471,Control,1190.14,3,5,Consumer,North,11.7,0
C007472,Treatment,2361.93,7,22,Consumer,North,9.0,1
C007473,Control,1805.83,3,17,SMB,East,8.1,0
C007474,Control,706.06,9,28,Consumer,North,11.6,1
C007475,Control,1968.12,15,55,Consumer,South,15.5,0
C007476,Treatment,2036.48,10,28,SMB,East,17.4,0
C007477,Control,1307.4,2,19,Consumer,North,16.9,0
C007478,Control,1394.74,5,17,Consumer,South,1.1,0
C007479,Control,1526.62,12,36,Consumer,North,0.0,1
C007480,Treatment,1620.21,10,31,Consumer,South,11.9,1
C007481,Treatment,1419.08,4,16,SMB,West,13.8,0
C007482,Treatment,1891.61,3,6,Enterprise,East,13.5,0
C007483,Treatment,3347.25,4,20,Enterprise,North,13.4,0
C007484,Treatment,618.15,6,12,Consumer,North,13.8,0
C007485,Control,2251.68,1,11,Enterprise,South,9.1,0
C007486,Treatment,1256.2,1,4,Consumer,West,10.8,1
C007487,Control,1755.74,9,47,Consumer,East,12.2,1
C007488,Control,1174.3,15,60,Consumer,East,12.4,1
C007489,Control,2230.86,9,15,SMB,North,7.8,0
C007490,Control,1419.53,6,17,Consumer,West,4.4,0
C007491,Treatment,1655.34,2,21,SMB,West,2.1,0
C007492,Treatment,1568.56,4,15,SMB,South,7.3,0
C007493,Treatment,2108.71,4,24,Consumer,South,3.5,0
C007494,Control,1189.73,6,25,SMB,South,8.9,0
C007495,Treatment,2048.8,8,45,Consumer,East,12.8,0
C007496,Treatment,1725.51,2,8,Consumer,South,10.5,0
C007497,Control,807.34,4,23,Consumer,South,8.8,0
C007498,Treatment,1899.58,11,16,SMB,East,11.5,1
C007499,Treatment,889.75,6,15,Consumer,East,4.7,0
C007500,Control,3726.74,1,3,SMB,South,12.6,0
C007501,Treatment,927.02,4,11,Consumer,South,10.1,1
C007502,Treatment,4271.77,12,26,SMB,North,6.5,0
C007503,Control,1307.2,6,11,Consumer,South,12.8,0
C007504,Control,1722.62,5,21,Consumer,West,0.0,0
C007505,Treatment,1606.91,3,16,Consumer,East,9.2,0
C007506,Treatment,796.13,7,20,Consumer,West,7.1,0
C007507,Treatment,1064.93,2,10,Consumer,East,5.7,0
C007508,Treatment,1230.98,8,15,Consumer,West,6.7,0
C007509,Treatment,881.9,14,22,Consumer,South,11.4,0
C007510,Treatment,1369.32,5,13,Consumer,North,7.4,0
C007511,Treatment,1589.49,7,25,Consumer,West,14.7,0
C007512,Treatment,1393.36,1,12,Enterprise,East,3.0,0
C007513,Control,2812.95,12,30,Consumer,West,9.7,0
C007514,Treatment,888.2,4,5,Consumer,East,4.4,0
C007515,Treatment,897.43,1,17,Consumer,South,15.5,0
C007516,Treatment,2568.05,8,25,Consumer,North,11.6,0
C007517,Treatment,1072.6,5,18,Consumer,South,4.3,0
C007518,Treatment,1155.91,8,30,Consumer,East,12.0,1
C007519,Control,3362.73,3,14,Enterprise,West,14.5,0
C007520,Control,1761.39,5,15,Enterprise,West,8.2,1
C007521,Control,2137.2,1,4,Consumer,South,8.9,0
C007522,Control,2347.13,8,30,SMB,South,10.6,0
C007523,Control,1752.19,11,34,SMB,North,9.0,0
C007524,Control,3544.14,7,31,Enterprise,South,14.5,0
C007525,Control,1008.05,2,13,Consumer,West,10.1,0
C007526,Control,2538.19,7,5,SMB,East,11.1,0
C007527,Treatment,2136.91,15,49,Consumer,South,11.8,0
C007528,Treatment,1945.17,2,17,Consumer,West,10.5,1
C007529,Control,710.14,2,6,Consumer,North,9.4,1
C007530,Control,1666.46,10,40,SMB,West,7.6,0
C007531,Control,1094.7,3,3,Enterprise,East,10.6,1
C007532,Control,3388.79,13,46,Consumer,North,10.9,0
C007533,Control,1014.13,2,5,Consumer,East,10.9,0
C007534,Control,986.65,2,16,Consumer,North,1.2,0
C007535,Control,1041.22,6,16,Consumer,East,11.5,0
C007536,Treatment,1227.61,4,21,Consumer,South,10.5,0
C007537,Treatment,4890.59,8,25,SMB,South,12.0,0
C007538,Treatment,2243.88,6,12,SMB,East,3.4,0
C007539,Control,1208.2,10,15,SMB,South,8.7,0
C007540,Control,1121.64,8,12,Consumer,North,10.7,1
C007541,Treatment,1871.56,11,36,Consumer,West,9.8,0
C007542,Control,2550.44,5,23,SMB,South,12.3,0
C007543,Treatment,1671.5,6,35,Consumer,East,8.7,0
C007544,Treatment,906.57,8,14,Consumer,East,2.5,1
C007545,Treatment,1984.14,6,14,Consumer,North,0.0,0
C007546,Control,1693.52,1,6,SMB,West,4.5,0
C007547,Treatment,2272.62,8,29,Consumer,South,4.9,0
C007548,Control,839.3,5,19,SMB,South,13.8,0
C007549,Control,1672.27,4,17,Consumer,South,14.2,0
C007550,Control,2087.03,4,12,Consumer,East,13.2,0
C007551,Treatment,1462.08,3,14,Consumer,North,8.7,0
C007552,Treatment,1634.43,3,24,Consumer,South,1.8,0
C007553,Control,2113.6,13,28,Enterprise,South,6.8,0
C007554,Control,506.08,3,11,Consumer,East,16.7,0
C007555,Treatment,1806.28,9,27,Consumer,South,4.5,0
C007556,Treatment,1287.55,1,18,Consumer,South,11.5,0
C007557,Control,2767.6,2,22,Consumer,South,8.9,0
C007558,Control,918.79,2,15,Consumer,South,7.4,0
C007559,Treatment,1403.23,2,14,Consumer,East,8.1,0
C007560,Treatment,3169.8,2,15,Enterprise,South,13.2,0
C007561,Treatment,1736.81,1,7,Consumer,South,1.7,0
C007562,Control,1378.63,7,13,SMB,South,9.9,0
C007563,Control,1754.97,1,4,Enterprise,East,0.0,1
C007564,Control,3460.06,1,28,Enterprise,South,7.7,0
C007565,Control,1656.02,3,6,SMB,South,11.8,0
C007566,Treatment,2258.75,5,25,SMB,East,12.3,0
C007567,Control,607.64,8,8,Consumer,East,10.8,0
C007568,Treatment,1643.49,9,39,Consumer,North,8.2,0
C007569,Treatment,2434.98,6,3,SMB,South,11.5,0
C007570,Treatment,1441.17,4,16,Consumer,South,17.0,1
C007571,Treatment,737.55,8,40,Consumer,West,11.4,0
C007572,Treatment,1948.73,8,25,Consumer,South,0.0,1
C007573,Control,1352.07,1,13,Consumer,South,10.6,0
C007574,Control,1445.75,16,54,Consumer,South,13.9,0
C007575,Control,3034.23,4,16,SMB,South,9.8,1
C007576,Treatment,2744.45,1,15,SMB,West,5.8,0
C007577,Treatment,1450.73,9,32,Consumer,South,14.6,0
C007578,Control,1676.45,4,15,Consumer,South,8.5,0
C007579,Control,1314.97,1,15,Consumer,East,3.4,0
C007580,Control,926.17,5,11,Consumer,East,9.0,1
C007581,Control,2438.06,5,24,Consumer,West,13.1,0
C007582,Treatment,2107.71,9,27,Enterprise,East,9.1,0
C007583,Control,1831.7,3,11,SMB,South,6.2,1
C007584,Treatment,1567.29,10,37,Consumer,North,11.7,0
C007585,Treatment,1521.34,3,11,Consumer,West,12.0,0
C007586,Control,4260.49,1,9,Enterprise,East,4.8,0
C007587,Control,2052.39,5,7,Consumer,North,7.4,0
C007588,Treatment,4515.5,6,34,Consumer,South,5.4,0
C007589,Treatment,2142.46,1,8,Consumer,South,9.9,0
C007590,Control,2510.68,10,49,Consumer,South,16.6,0
C007591,Control,694.42,1,7,Enterprise,East,15.5,0
C007592,Treatment,2223.12,7,16,SMB,East,9.2,0
C007593,Treatment,2142.81,1,8,Enterprise,South,1.9,0
C007594,Treatment,1215.65,4,12,SMB,West,9.2,0
C007595,Treatment,2110.34,7,17,Enterprise,West,8.0,1
C007596,Treatment,2489.4,11,47,SMB,South,4.5,0
C007597,Control,1041.12,10,29,Consumer,South,13.4,0
C007598,Treatment,1078.32,5,3,Consumer,West,13.3,0
C007599,Control,6660.06,2,16,Enterprise,South,9.2,0
C007600,Treatment,804.47,6,17,Consumer,West,8.2,0
C007601,Treatment,1862.96,9,13,Consumer,South,4.8,0
C007602,Treatment,1676.67,3,20,Consumer,East,10.6,0
C007603,Treatment,3170.5,10,61,SMB,East,12.2,0
C007604,Treatment,1568.81,6,12,Consumer,South,11.6,0
C007605,Treatment,1876.43,4,25,Consumer,East,9.9,0
C007606,Treatment,999.82,9,6,SMB,North,17.0,0
C007607,Treatment,1171.48,1,4,Consumer,South,10.9,0
C007608,Control,1432.35,2,16,Consumer,South,7.7,0
C007609,Control,3799.75,6,28,Consumer,North,6.4,0
C007610,Treatment,1312.07,9,15,Consumer,North,4.2,0
C007611,Treatment,1564.41,3,27,SMB,South,18.7,0
C007612,Treatment,4285.94,6,27,Enterprise,South,12.7,0
C007613,Treatment,3598.65,15,72,Consumer,North,14.9,0
C007614,Control,1586.36,1,23,Consumer,North,9.7,0
C007615,Control,658.81,3,16,Consumer,West,10.2,0
C007616,Treatment,2295.84,6,24,SMB,North,5.0,0
C007617,Control,974.83,1,11,Consumer,East,7.7,0
C007618,Treatment,1854.4,9,27,Consumer,North,7.6,0
C007619,Treatment,1253.92,9,25,Consumer,North,4.5,1
C007620,Treatment,2625.22,10,41,SMB,South,11.3,1
C007621,Control,1038.52,1,9,Consumer,South,25.0,0
C007622,Treatment,764.12,3,19,Consumer,South,3.2,0
C007623,Control,2746.64,15,49,Consumer,East,11.4,0
C007624,Control,1302.71,11,12,SMB,South,6.7,0
C007625,Control,1301.43,5,2,Consumer,North,10.3,0
C007626,Control,2743.38,7,19,Consumer,West,16.5,0
C007627,Treatment,1150.66,2,17,Consumer,North,1.3,0
C007628,Treatment,1885.28,5,17,Consumer,West,3.9,0
C007629,Control,925.39,2,21,Consumer,East,7.6,0
C007630,Treatment,2283.66,9,28,Consumer,South,9.1,0
C007631,Treatment,2786.96,15,72,SMB,South,6.1,0
C007632,Treatment,1169.71,1,12,Enterprise,South,7.8,0
C007633,Treatment,1716.63,2,10,Consumer,East,13.1,1
C007634,Treatment,1520.16,8,27,Consumer,West,3.8,1
C007635,Control,2281.46,4,10,SMB,South,6.2,0
C007636,Control,1415.28,4,13,Consumer,West,5.8,0
C007637,Control,1089.81,5,15,Consumer,South,14.3,1
C007638,Treatment,2891.52,6,39,Consumer,North,7.4,0
C007639,Treatment,2409.97,7,43,Consumer,South,6.5,0
C007640,Control,915.08,1,3,Consumer,West,7.9,0
C007641,Control,1331.29,1,4,Consumer,South,9.2,0
C007642,Treatment,2767.85,5,18,Consumer,West,14.8,1
C007643,Control,2818.95,4,34,Enterprise,South,11.0,0
C007644,Treatment,1721.5,12,50,Consumer,West,17.7,0
C007645,Treatment,2729.42,1,19,Consumer,West,6.7,0
C007646,Control,4476.82,12,42,Consumer,East,13.0,1
C007647,Control,1448.23,4,11,Enterprise,East,15.4,0
C007648,Control,1506.65,1,15,Consumer,South,3.4,1
C007649,Control,1893.72,7,20,SMB,West,2.7,1
C007650,Treatment,2413.33,4,13,Consumer,South,7.1,0
C007651,Treatment,4232.34,14,48,Consumer,South,17.2,1
C007652,Control,2119.88,4,14,Enterprise,West,9.8,0
C007653,Treatment,925.11,1,22,SMB,East,10.4,0
C007654,Control,1475.7,3,12,Consumer,South,7.9,1
C007655,Control,1223.09,3,12,Consumer,East,11.2,1
C007656,Treatment,2311.31,2,9,Consumer,South,9.6,0
C007657,Treatment,1139.43,9,32,Consumer,South,2.8,0
C007658,Treatment,1432.63,10,27,Consumer,North,0.0,0
C007659,Control,3294.03,9,29,SMB,West,14.7,0
C007660,Treatment,1692.16,1,13,Consumer,East,0.0,0
C007661,Control,1967.9,6,15,SMB,West,6.8,0
C007662,Treatment,2182.16,6,25,Consumer,South,6.4,0
C007663,Treatment,1729.68,1,9,SMB,West,8.0,0
C007664,Treatment,1738.55,9,16,Enterprise,South,8.7,1
C007665,Control,2845.32,7,26,Enterprise,South,15.2,0
C007666,Control,1370.48,1,11,Consumer,West,10.5,0
C007667,Treatment,4314.72,12,54,Consumer,East,14.9,0
C007668,Control,1341.81,7,24,Consumer,West,7.1,0
C007669,Treatment,1785.71,10,17,Consumer,East,8.2,1
C007670,Treatment,2553.98,6,14,SMB,South,3.7,0
C007671,Treatment,2887.06,5,27,Consumer,South,7.1,1
C007672,Control,1297.19,6,11,Consumer,West,11.0,0
C007673,Treatment,1317.28,7,27,Consumer,South,0.0,0
C007674,Control,8703.94,1,8,Enterprise,East,10.5,0
C007675,Control,786.26,1,17,Consumer,North,3.1,0
C007676,Treatment,2445.63,5,30,Enterprise,South,5.7,0
C007677,Control,2028.05,1,11,Enterprise,West,13.6,0
C007678,Treatment,3032.36,1,11,Consumer,West,4.5,0
C007679,Treatment,1798.57,6,18,SMB,South,5.3,0
C007680,Treatment,1008.65,8,20,Consumer,North,12.4,0
C007681,Treatment,2111.47,4,34,Consumer,North,9.5,0
C007682,Treatment,2996.61,6,27,Consumer,North,1.6,0
C007683,Control,1363.4,8,15,Enterprise,West,7.4,1
C007684,Treatment,2074.35,7,16,Consumer,South,7.2,0
C007685,Control,2017.56,6,28,Consumer,South,8.9,0
C007686,Treatment,915.23,1,7,Consumer,West,9.5,0
C007687,Control,780.99,8,9,Consumer,West,6.1,0
C007688,Treatment,1646.94,8,13,Consumer,South,22.7,0
C007689,Control,861.67,7,5,Consumer,West,7.4,0
C007690,Control,1629.07,7,33,Consumer,South,10.8,0
C007691,Control,2498.9,2,7,Consumer,South,0.2,1
C007692,Control,3050.59,11,64,SMB,West,6.2,0
C007693,Control,1843.45,7,25,SMB,North,9.1,0
C007694,Control,3345.37,3,13,Consumer,West,3.3,0
C007695,Control,2112.14,5,15,SMB,East,7.1,0
C007696,Treatment,1450.73,4,45,Consumer,West,9.9,0
C007697,Control,1865.91,3,14,Consumer,North,2.7,0
C007698,Treatment,4247.67,8,12,Enterprise,South,6.0,1
C007699,Control,2388.64,5,15,SMB,West,9.1,0
C007700,Treatment,2130.38,1,14,Consumer,West,11.9,0
C007701,Control,2326.49,7,19,Consumer,West,11.9,1
C007702,Treatment,1501.66,8,14,Consumer,South,9.0,1
C007703,Treatment,3081.99,5,40,Consumer,East,8.3,0
C007704,Treatment,4131.41,6,17,SMB,South,15.3,0
C007705,Control,2058.14,3,10,SMB,South,16.8,1
C007706,Treatment,3667.43,4,6,Consumer,South,16.9,0
C007707,Control,1016.6,5,7,Consumer,East,10.0,0
C007708,Control,1537.21,7,29,Consumer,South,7.9,0
C007709,Control,985.53,7,25,Consumer,South,9.4,0
C007710,Treatment,2179.18,11,21,SMB,West,4.1,0
C007711,Control,1280.97,19,29,Consumer,West,6.2,0
C007712,Treatment,2027.68,10,29,SMB,South,7.7,0
C007713,Control,1929.74,7,25,Consumer,West,10.5,0
C007714,Control,944.59,1,6,Consumer,West,12.4,0
C007715,Control,1123.03,2,5,Consumer,South,15.5,0
C007716,Control,2252.97,5,16,Consumer,East,16.5,0
C007717,Treatment,1100.29,9,36,Consumer,West,7.4,0
C007718,Treatment,2978.93,1,16,SMB,East,9.7,0
C007719,Treatment,4983.67,3,17,SMB,North,14.7,1
C007720,Control,3773.1,6,27,SMB,East,9.8,1
C007721,Control,909.06,1,2,Consumer,West,4.1,0
C007722,Treatment,700.01,6,17,Consumer,East,13.5,0
C007723,Control,1255.04,10,15,Consumer,North,6.6,0
C007724,Control,1238.86,7,18,Consumer,North,2.7,1
C007725,Treatment,900.75,13,49,Consumer,West,5.4,0
C007726,Control,1756.15,7,14,Enterprise,South,11.2,0
C007727,Control,1365.53,11,27,Consumer,West,10.0,0
C007728,Control,3529.15,13,14,Enterprise,South,6.8,1
C007729,Treatment,1971.5,5,10,SMB,West,20.1,0
C007730,Control,1421.6,5,15,Consumer,North,3.8,0
C007731,Treatment,2357.5,10,38,Consumer,West,6.3,0
C007732,Control,1706.93,9,32,Consumer,West,7.7,0
C007733,Control,1465.56,2,14,Consumer,South,2.9,1
C007734,Control,1111.3,3,7,Enterprise,South,7.3,0
C007735,Treatment,1260.5,6,31,Consumer,West,1.9,0
C007736,Control,1700.47,11,30,Consumer,West,11.8,0
C007737,Treatment,741.77,15,17,Consumer,East,10.0,0
C007738,Control,2248.8,4,7,Consumer,South,9.9,0
C007739,Control,1649.97,11,32,Consumer,West,14.8,0
C007740,Control,4109.74,9,19,SMB,East,8.8,0
C007741,Treatment,1887.66,2,19,Consumer,South,1.6,1
C007742,Control,2438.67,13,45,Consumer,South,7.2,0
C007743,Treatment,4776.03,7,19,Consumer,North,12.5,0
C007744,Treatment,3162.78,3,30,Consumer,West,5.4,0
C007745,Treatment,2293.74,9,40,Consumer,West,9.6,0
C007746,Treatment,1630.75,1,13,Consumer,South,5.5,0
C007747,Treatment,2023.6,1,9,Consumer,South,5.2,0
C007748,Treatment,1715.43,2,22,Consumer,South,9.2,0
C007749,Control,1414.82,9,58,Consumer,North,13.7,0
C007750,Treatment,1173.66,9,17,Consumer,West,6.4,0
C007751,Treatment,1498.28,1,9,Consumer,West,14.8,0
C007752,Control,2998.08,4,10,Consumer,South,8.3,0
C007753,Treatment,1228.86,4,14,Consumer,North,6.9,0
C007754,Treatment,2854.43,5,17,SMB,North,4.9,1
C007755,Control,980.53,6,27,Consumer,East,9.3,0
C007756,Treatment,2244.3,4,24,Consumer,South,9.2,0
C007757,Control,3242.12,12,42,SMB,South,7.2,1
C007758,Control,1844.5,1,19,Enterprise,West,4.4,0
C007759,Control,3351.92,10,26,Enterprise,East,0.0,0
C007760,Treatment,1086.66,9,44,Consumer,West,7.5,0
C007761,Control,1530.64,6,21,Consumer,North,8.9,0
C007762,Treatment,1636.69,4,2,SMB,South,15.4,0
C007763,Control,3197.75,9,16,SMB,West,9.1,0
C007764,Control,2128.06,3,18,Enterprise,West,13.8,0
C007765,Treatment,2278.57,2,10,Consumer,East,6.2,0
C007766,Control,2061.24,1,6,Consumer,East,4.7,1
C007767,Treatment,3663.45,4,7,Consumer,South,0.0,0
C007768,Control,611.34,17,45,Consumer,East,7.5,0
C007769,Treatment,2560.58,6,28,SMB,North,13.6,0
C007770,Treatment,4707.35,2,6,Enterprise,South,0.0,0
C007771,Control,1823.01,6,14,Consumer,South,8.5,0
C007772,Control,1255.38,2,2,Consumer,North,12.1,0
C007773,Control,1940.75,7,16,Consumer,South,3.6,1
C007774,Treatment,1012.47,2,5,Consumer,North,11.4,0
C007775,Treatment,6948.01,12,38,Enterprise,South,5.6,1
C007776,Control,1724.11,10,48,Consumer,West,16.4,0
C007777,Control,1654.62,12,49,Consumer,West,3.6,0
C007778,Treatment,529.34,1,8,Consumer,North,13.2,0
C007779,Control,2015.81,1,6,Consumer,South,0.0,0
C007780,Treatment,1105.83,5,15,SMB,West,13.0,0
C007781,Treatment,2799.1,4,14,Consumer,North,8.0,0
C007782,Control,3112.74,5,3,Enterprise,East,10.8,1
C007783,Treatment,1371.94,5,10,Consumer,North,1.7,1
C007784,Control,585.57,4,16,Consumer,East,6.9,0
C007785,Control,1001.75,1,5,Consumer,South,12.3,1
C007786,Treatment,1387.21,4,8,Consumer,East,8.6,1
C007787,Treatment,1817.64,9,21,Consumer,South,5.7,0
C007788,Treatment,1176.35,4,21,Consumer,North,15.4,0
C007789,Treatment,3786.15,17,34,Consumer,South,9.2,0
C007790,Control,907.97,1,3,Consumer,South,12.7,0
C007791,Treatment,672.01,3,19,Consumer,West,2.1,0
C007792,Treatment,3378.23,6,27,SMB,South,7.8,0
C007793,Control,2616.98,14,46,Consumer,North,5.2,0
C007794,Control,1370.09,8,13,Consumer,South,6.5,0
C007795,Treatment,1428.24,4,16,Consumer,South,19.4,0
C007796,Treatment,2228.09,1,13,Enterprise,West,12.5,0
C007797,Control,1217.25,2,18,Consumer,West,8.5,0
C007798,Treatment,2607.74,11,35,Consumer,North,7.4,1
C007799,Control,1705.18,4,32,Consumer,East,2.6,0
C007800,Control,922.51,4,9,Consumer,East,3.9,0
C007801,Control,2295.91,6,17,Consumer,South,11.9,1
C007802,Treatment,4046.43,5,13,Enterprise,East,8.0,0
C007803,Control,2125.18,2,13,SMB,South,6.9,0
C007804,Control,2339.46,3,25,SMB,South,0.0,1
C007805,Control,4027.15,4,13,Enterprise,South,8.0,0
C007806,Treatment,3619.88,9,26,Consumer,South,20.8,0
C007807,Treatment,1531.25,3,14,SMB,East,11.8,0
C007808,Control,2659.43,6,12,Enterprise,South,6.9,1
C007809,Treatment,1487.99,4,16,Consumer,East,9.8,0
C007810,Control,3760.88,16,64,Enterprise,South,6.0,0
C007811,Control,1703.4,1,9,SMB,East,17.3,1
C007812,Treatment,5694.55,3,10,Consumer,South,13.2,0
C007813,Treatment,1251.24,7,4,Consumer,South,10.2,0
C007814,Control,3207.66,2,11,SMB,South,6.0,0
C007815,Treatment,1022.02,3,4,Consumer,South,12.2,1
C007816,Control,1079.92,2,4,Consumer,North,11.0,0
C007817,Treatment,472.52,4,22,Consumer,South,11.4,0
C007818,Treatment,1699.03,10,28,Consumer,North,11.5,1
C007819,Treatment,1287.09,10,52,Consumer,South,8.6,1
C007820,Control,1656.89,7,9,Consumer,South,1.6,1
C007821,Treatment,1131.44,5,9,Consumer,East,9.6,1
C007822,Treatment,907.94,5,36,Consumer,West,6.7,0
C007823,Control,2419.05,8,19,Enterprise,West,2.9,1
C007824,Control,1177.53,4,9,Consumer,West,1.0,0
C007825,Treatment,6857.53,4,29,Enterprise,West,8.0,1
C007826,Control,1670.03,3,17,Consumer,North,3.3,0
C007827,Treatment,994.48,2,17,Consumer,South,1.2,0
C007828,Control,3046.09,11,44,SMB,South,13.0,1
C007829,Treatment,3373.3,12,23,Enterprise,North,14.0,1
C007830,Control,1658.07,6,24,SMB,West,12.5,0
C007831,Treatment,2511.65,5,28,Enterprise,West,14.2,1
C007832,Treatment,1956.76,5,17,Consumer,East,3.3,0
C007833,Control,1017.02,7,28,Consumer,West,8.2,0
C007834,Treatment,5208.15,12,45,SMB,East,9.0,0
C007835,Treatment,2614.0,4,17,Consumer,South,10.6,0
C007836,Control,1868.15,1,22,Consumer,North,9.3,0
C007837,Control,803.53,4,9,Consumer,West,1.6,0
C007838,Treatment,3073.43,3,11,SMB,East,6.2,1
C007839,Treatment,993.0,1,15,Consumer,South,9.4,0
C007840,Control,1614.53,4,16,Consumer,North,7.1,0
C007841,Treatment,1183.37,6,5,Consumer,West,12.0,0
C007842,Control,2409.68,8,47,Consumer,West,11.0,1
C007843,Control,1518.47,7,29,Consumer,South,16.8,0
C007844,Treatment,946.04,4,20,Consumer,West,11.4,0
C007845,Control,1457.71,1,9,SMB,South,14.3,0
C007846,Control,1277.2,6,21,Consumer,West,5.5,0
C007847,Treatment,2848.05,4,14,SMB,East,15.6,0
C007848,Control,1446.74,13,25,Consumer,East,14.8,0
C007849,Control,794.82,5,7,Consumer,West,7.9,0
C007850,Treatment,2518.16,12,38,Consumer,West,7.1,0
C007851,Treatment,2106.53,2,16,Consumer,South,7.7,0
C007852,Treatment,1313.36,11,36,Consumer,West,2.0,0
C007853,Treatment,1781.18,17,69,Consumer,South,4.9,0
C007854,Control,1202.61,1,9,Consumer,North,11.2,1
C007855,Control,1019.81,8,15,Consumer,East,14.5,0
C007856,Treatment,2786.21,3,7,SMB,South,12.8,0
C007857,Control,1554.87,1,11,Consumer,South,4.5,0
C007858,Control,1040.13,5,20,Consumer,South,14.4,0
C007859,Treatment,1412.37,1,6,Consumer,North,13.4,0
C007860,Treatment,2012.2,11,43,Consumer,North,10.2,0
C007861,Treatment,929.15,3,13,Consumer,West,14.7,0
C007862,Control,1347.09,12,25,Consumer,South,19.8,0
C007863,Control,1989.66,16,45,Consumer,East,8.1,1
C007864,Control,2450.21,4,7,Consumer,South,7.3,0
C007865,Treatment,2470.92,8,26,Consumer,South,6.5,0
C007866,Control,2247.91,13,30,Enterprise,South,7.3,0
C007867,Control,2526.64,2,6,Consumer,South,12.8,0
C007868,Control,1449.94,3,8,SMB,West,2.3,0
C007869,Treatment,2002.95,7,20,Consumer,West,2.2,0
C007870,Treatment,3432.67,10,42,Consumer,South,10.9,0
C007871,Control,2114.73,9,33,Consumer,North,8.2,0
C007872,Control,983.47,3,10,Consumer,East,13.9,0
C007873,Control,2061.3,4,29,Consumer,South,2.8,0
C007874,Control,3985.17,7,44,Enterprise,South,7.0,0
C007875,Treatment,998.07,7,11,Consumer,South,8.0,0
C007876,Control,1101.19,5,12,Consumer,East,12.2,0
C007877,Treatment,2649.09,5,5,SMB,South,8.4,0
C007878,Treatment,1149.99,1,9,Consumer,West,5.2,1
C007879,Treatment,1648.23,7,19,SMB,South,10.8,0
C007880,Treatment,930.27,6,11,SMB,South,9.0,1
C007881,Control,839.33,1,5,SMB,West,6.7,0
C007882,Control,3762.01,2,11,Consumer,South,3.3,0
C007883,Control,1401.92,18,59,Consumer,North,13.2,0
C007884,Treatment,1480.46,9,43,Consumer,North,7.6,0
C007885,Control,2300.02,8,23,Consumer,East,9.0,0
C007886,Control,1449.06,3,22,SMB,South,11.6,0
C007887,Control,1647.75,14,42,Consumer,South,4.6,0
C007888,Control,2316.44,5,24,Consumer,North,11.8,0
C007889,Treatment,1634.93,5,19,Consumer,North,12.3,0
C007890,Treatment,1039.22,8,26,Consumer,South,5.8,0
C007891,Treatment,1224.15,12,10,Consumer,South,7.0,1
C007892,Treatment,2572.18,4,19,Consumer,South,5.2,0
C007893,Control,1455.27,6,22,Consumer,South,7.7,0
C007894,Control,1315.81,9,16,Consumer,East,11.5,0
C007895,Control,1876.14,6,20,SMB,East,3.1,1
C007896,Treatment,2276.69,4,13,Consumer,East,9.0,0
C007897,Treatment,1054.36,10,8,Consumer,South,10.0,0
C007898,Control,1020.74,8,12,SMB,South,11.2,1
C007899,Treatment,2903.34,12,21,SMB,East,3.4,1
C007900,Control,850.25,4,19,Consumer,North,6.4,0
C007901,Control,789.29,9,21,Consumer,East,8.6,1
C007902,Treatment,3283.18,5,15,SMB,South,5.4,1
C007903,Treatment,1064.13,2,4,Consumer,East,1.8,0
C007904,Treatment,1633.16,7,25,Consumer,West,14.2,0
C007905,Treatment,687.67,7,17,Consumer,South,7.5,0
C007906,Control,2766.79,7,25,SMB,North,7.8,0
C007907,Treatment,994.19,3,20,Consumer,West,9.1,0
C007908,Treatment,2394.7,2,12,Consumer,South,14.7,0
C007909,Treatment,2155.46,2,18,SMB,South,13.0,0
C007910,Control,3161.41,14,63,Consumer,South,10.4,1
C007911,Treatment,2418.38,11,35,Consumer,South,0.9,0
C007912,Control,1501.51,9,22,Consumer,South,16.7,0
C007913,Control,2232.54,18,72,SMB,West,9.0,0
C007914,Treatment,1733.26,5,11,Enterprise,East,0.0,0
C007915,Treatment,4442.21,8,15,Enterprise,South,13.0,0
C007916,Treatment,985.25,1,19,SMB,West,4.5,0
C007917,Treatment,786.48,5,9,Consumer,West,5.7,0
C007918,Control,2427.3,14,55,SMB,North,5.3,0
C007919,Treatment,831.41,10,58,Consumer,East,0.0,1
C007920,Control,1879.02,2,28,SMB,North,7.3,0
C007921,Treatment,1401.37,2,3,Consumer,South,13.4,0
C007922,Control,1798.17,5,5,Consumer,West,8.8,0
C007923,Treatment,2864.39,2,23,Consumer,West,6.5,1
C007924,Treatment,971.02,8,43,Consumer,West,6.0,0
C007925,Treatment,1708.23,4,13,Consumer,South,7.2,0
C007926,Control,2347.09,10,24,Consumer,North,3.5,0
C007927,Control,2101.58,11,40,Consumer,North,10.9,1
C007928,Control,2388.1,5,10,SMB,South,12.7,0
C007929,Control,2059.02,8,38,SMB,South,12.9,1
C007930,Treatment,1352.28,9,15,Consumer,South,12.1,0
C007931,Control,1286.34,6,16,SMB,East,11.1,0
C007932,Treatment,1958.64,4,22,Consumer,North,7.6,1
C007933,Control,2243.17,2,8,Consumer,North,11.5,0
C007934,Control,3399.0,6,25,Enterprise,North,10.3,0
C007935,Treatment,941.6,3,11,Consumer,West,1.9,0
C007936,Control,1327.2,1,9,SMB,South,6.5,1
C007937,Control,857.35,3,14,Consumer,North,10.9,0
C007938,Control,1483.11,4,7,Enterprise,South,10.3,1
C007939,Control,2048.26,1,8,SMB,South,6.1,0
C007940,Treatment,1175.33,8,31,Consumer,South,7.7,1
C007941,Control,1126.0,3,24,Consumer,West,7.4,0
C007942,Control,2268.31,1,16,Consumer,South,9.1,1
C007943,Treatment,1205.54,2,9,Consumer,North,13.4,0
C007944,Treatment,2115.71,8,27,SMB,South,16.5,1
C007945,Treatment,1764.72,7,37,Consumer,North,10.8,0
C007946,Control,2684.06,13,72,Consumer,West,0.0,1
C007947,Treatment,1511.41,11,39,Consumer,East,4.5,0
C007948,Control,634.9,4,13,Consumer,South,8.7,0
C007949,Control,1799.75,5,8,SMB,South,14.8,0
C007950,Treatment,1244.21,11,17,Consumer,South,15.5,0
C007951,Treatment,5409.62,10,37,SMB,South,14.6,0
C007952,Treatment,1246.09,6,13,SMB,South,6.5,0
C007953,Treatment,1677.44,1,5,Consumer,West,7.9,0
C007954,Control,1269.02,6,24,Consumer,East,13.4,1
C007955,Treatment,4525.32,1,14,Consumer,South,0.0,0
C007956,Treatment,3000.62,1,9,Enterprise,West,6.1,0
C007957,Control,3526.09,10,40,Consumer,North,15.9,0
C007958,Control,469.6,2,9,Consumer,South,10.7,0
C007959,Control,1333.66,2,13,Consumer,North,8.6,0
C007960,Treatment,1164.37,4,12,Consumer,South,10.1,0
C007961,Control,1834.69,1,5,Consumer,South,18.2,0
C007962,Control,1608.61,4,16,Consumer,West,10.8,0
C007963,Treatment,1839.33,3,4,Consumer,South,13.3,0
C007964,Treatment,1474.31,2,8,Consumer,South,13.9,0
C007965,Control,2567.07,1,9,SMB,North,21.3,0
C007966,Treatment,2419.44,6,6,Enterprise,North,9.0,0
C007967,Treatment,1356.56,12,23,Consumer,South,11.1,0
C007968,Treatment,1641.14,5,20,Consumer,North,12.3,0
C007969,Control,2892.52,6,25,Consumer,South,4.7,0
C007970,Control,1557.85,3,5,Consumer,North,17.1,1
C007971,Treatment,2102.08,6,32,Consumer,North,7.8,0
C007972,Control,2010.9,12,33,Consumer,East,5.0,0
C007973,Treatment,1941.63,12,36,Consumer,West,10.2,0
C007974,Control,1269.82,4,18,Consumer,North,3.1,0
C007975,Treatment,1504.86,4,17,Consumer,East,7.4,0
C007976,Treatment,793.41,8,25,SMB,East,10.8,0
C007977,Treatment,1111.95,13,39,Enterprise,East,1.4,1
C007978,Treatment,2549.17,6,17,SMB,East,9.9,0
C007979,Treatment,1049.71,6,15,Consumer,South,3.7,0
C007980,Control,888.87,7,21,Consumer,West,9.6,0
C007981,Control,1593.87,6,17,Consumer,North,9.9,0
C007982,Treatment,1813.81,3,4,SMB,South,8.9,0
C007983,Treatment,2040.75,7,15,SMB,East,8.8,0
C007984,Treatment,950.21,6,19,Consumer,West,14.5,0
C007985,Treatment,2177.02,6,23,Consumer,South,0.1,0
C007986,Control,1217.55,13,24,Consumer,West,8.4,0
C007987,Treatment,2408.37,1,20,Consumer,East,11.5,0
C007988,Treatment,2156.54,10,29,Enterprise,East,17.1,0
C007989,Treatment,4206.09,11,53,Enterprise,West,6.4,0
C007990,Treatment,1021.6,1,17,Consumer,East,9.0,1
C007991,Treatment,5110.86,1,23,SMB,South,15.5,0
C007992,Treatment,1739.92,9,42,Consumer,West,8.1,0
C007993,Control,1611.21,11,17,Consumer,North,13.9,1
C007994,Treatment,2829.44,11,19,SMB,West,12.9,0
C007995,Control,1404.21,1,4,SMB,West,15.1,1
C007996,Control,3513.98,3,15,Consumer,East,6.3,0
C007997,Control,3092.52,5,22,SMB,North,6.6,0
C007998,Control,949.93,6,21,Consumer,South,1.1,0
C007999,Control,1876.03,11,17,Consumer,South,6.5,0
C008000,Treatment,3605.3,7,13,Enterprise,South,10.3,0
C008001,Treatment,2576.44,8,21,SMB,East,14.4,0
C008002,Treatment,1145.15,10,38,Consumer,West,10.2,1
C008003,Control,1165.26,1,14,Consumer,East,11.3,0
C008004,Control,2907.86,1,8,SMB,South,4.5,0
C008005,Treatment,2492.36,6,36,Enterprise,West,0.0,0
C008006,Treatment,1021.84,2,22,Consumer,West,14.7,0
C008007,Treatment,860.16,1,7,Consumer,East,12.1,0
C008008,Treatment,1338.16,10,27,Consumer,South,13.0,0
C008009,Treatment,733.57,7,30,Consumer,East,2.0,1
C008010,Treatment,1002.97,1,6,Consumer,South,5.8,0
C008011,Treatment,1981.34,3,25,Consumer,North,4.8,0
C008012,Treatment,2620.45,10,33,Consumer,East,7.3,0
C008013,Treatment,1889.62,3,10,Enterprise,East,12.0,0
C008014,Control,1547.49,1,13,Consumer,South,13.0,0
C008015,Control,2123.68,7,36,SMB,West,11.7,0
C008016,Control,2502.78,14,32,Enterprise,West,6.0,0
C008017,Treatment,862.66,8,16,Consumer,East,8.7,0
C008018,Treatment,952.48,7,25,Consumer,North,11.0,1
C008019,Control,4136.01,5,14,Enterprise,North,3.3,0
C008020,Treatment,1629.95,8,37,Consumer,East,7.0,1
C008021,Control,1647.9,2,7,Consumer,West,8.5,0
C008022,Control,1397.64,1,6,Consumer,South,10.2,0
C008023,Treatment,2741.01,4,21,Consumer,North,10.7,0
C008024,Control,889.04,7,19,Consumer,North,1.7,0
C008025,Control,2955.92,20,72,SMB,South,3.2,0
C008026,Control,2086.0,7,24,Enterprise,East,3.4,0
C008027,Control,1002.75,6,8,Consumer,South,12.3,1
C008028,Treatment,573.6,1,13,Consumer,North,4.8,0
C008029,Treatment,1581.7,5,11,Consumer,South,6.1,0
C008030,Treatment,1735.24,5,10,Consumer,West,1.2,0
C008031,Treatment,3137.62,4,22,Consumer,South,12.1,0
C008032,Control,1221.73,5,16,Consumer,North,8.7,0
C008033,Treatment,931.19,8,13,Consumer,South,17.4,0
C008034,Control,1164.1,12,44,Consumer,West,0.0,0
C008035,Control,1121.49,5,20,Consumer,North,2.9,0
C008036,Treatment,1360.7,7,1,Consumer,North,10.7,1
C008037,Control,1551.68,9,35,SMB,South,17.0,0
C008038,Control,2377.36,19,67,Consumer,South,3.2,0
C008039,Control,1423.8,2,9,Enterprise,West,0.0,0
C008040,Treatment,2112.1,9,39,SMB,East,8.5,0
C008041,Control,4105.75,7,7,SMB,North,5.7,0
C008042,Control,1329.49,1,4,Consumer,West,10.1,1
C008043,Treatment,810.56,10,8,Consumer,East,16.7,0
C008044,Control,5006.71,2,16,Consumer,South,6.6,0
C008045,Treatment,2850.89,9,28,Consumer,South,7.8,1
C008046,Control,1654.79,5,10,Consumer,East,7.6,0
C008047,Treatment,1223.08,1,11,Consumer,West,11.5,0
C008048,Treatment,2167.24,1,18,Consumer,North,8.4,0
C008049,Treatment,2915.5,1,15,SMB,South,4.7,0
C008050,Treatment,1250.55,10,48,Consumer,West,13.8,0
C008051,Control,2648.9,8,23,Consumer,South,2.9,0
C008052,Treatment,2203.11,4,16,Consumer,North,6.8,0
C008053,Treatment,2482.84,8,40,SMB,North,7.7,0
C008054,Treatment,1825.59,7,38,SMB,East,2.6,0
C008055,Treatment,3212.27,4,16,SMB,East,13.9,0
C008056,Treatment,1596.56,8,39,Consumer,North,6.0,1
C008057,Treatment,1945.02,7,32,Consumer,South,4.4,0
C008058,Control,1073.65,4,30,Consumer,South,15.7,1
C008059,Treatment,812.21,1,9,Consumer,East,10.0,0
C008060,Treatment,3318.95,7,16,Consumer,North,5.8,0
C008061,Treatment,4156.1,3,20,SMB,South,8.4,0
C008062,Control,2461.05,7,14,Consumer,South,9.6,0
C008063,Treatment,1770.54,5,18,Consumer,North,9.4,0
C008064,Treatment,952.57,12,22,Consumer,South,10.6,0
C008065,Treatment,1507.79,3,4,Consumer,West,9.4,0
C008066,Control,1649.35,7,18,Consumer,West,16.6,0
C008067,Control,1840.19,6,38,Consumer,South,10.7,0
C008068,Control,2266.58,6,41,Consumer,West,10.8,0
C008069,Control,2638.61,8,4,Consumer,East,4.0,1
C008070,Treatment,1441.56,12,41,Consumer,West,8.9,1
C008071,Control,1465.07,1,8,Consumer,West,2.4,0
C008072,Treatment,1004.18,9,28,Consumer,East,12.2,1
C008073,Control,2065.04,8,22,Consumer,South,10.0,0
C008074,Control,2464.73,18,57,SMB,North,9.8,0
C008075,Treatment,1520.08,1,6,Consumer,South,13.1,0
C008076,Control,1688.43,15,72,Consumer,South,14.5,1
C008077,Control,1169.79,6,30,Consumer,East,1.4,0
C008078,Control,536.15,7,23,Consumer,North,6.8,0
C008079,Treatment,1822.7,2,10,SMB,West,9.4,0
C008080,Treatment,1601.5,6,10,SMB,West,3.9,0
C008081,Control,2674.78,5,39,SMB,South,11.1,0
C008082,Treatment,1457.01,7,23,Consumer,East,11.8,0
C008083,Control,2131.16,1,4,SMB,West,7.3,0
C008084,Treatment,3298.01,8,17,Consumer,South,12.0,0
C008085,Control,1598.35,9,42,SMB,West,8.9,0
C008086,Treatment,1979.87,2,5,Consumer,South,4.3,0
C008087,Treatment,1194.04,10,28,Consumer,South,8.3,0
C008088,Control,1932.27,7,26,SMB,South,1.9,0
C008089,Control,2324.81,9,36,SMB,South,8.9,1
C008090,Control,2149.43,4,19,Consumer,South,11.9,0
C008091,Control,1295.24,3,11,Enterprise,West,11.9,0
C008092,Control,888.7,6,35,Consumer,East,7.9,0
C008093,Control,1590.08,2,19,Consumer,South,7.7,1
C008094,Treatment,401.22,5,10,Consumer,South,12.9,1
C008095,Control,3273.95,2,21,SMB,South,6.0,0
C008096,Treatment,4753.96,10,44,Enterprise,South,4.7,0
C008097,Control,1663.26,3,3,SMB,South,16.3,0
C008098,Treatment,2158.36,6,15,Consumer,South,6.1,0
C008099,Control,643.04,1,20,Consumer,West,3.7,0
C008100,Treatment,2127.37,6,31,Consumer,West,10.9,1
C008101,Control,2593.33,7,13,SMB,South,4.4,0
C008102,Control,976.35,6,12,Enterprise,East,13.8,0
C008103,Treatment,1920.77,4,12,SMB,West,6.9,0
C008104,Treatment,1253.19,3,14,Consumer,North,7.2,1
C008105,Treatment,729.5,7,29,Consumer,North,11.0,0
C008106,Control,1199.65,5,13,Consumer,North,16.4,0
C008107,Control,1798.43,3,13,Consumer,South,10.5,0
C008108,Treatment,985.67,4,7,Enterprise,South,10.3,0
C008109,Treatment,1936.35,6,10,Consumer,South,8.9,0
C008110,Treatment,3614.95,5,23,SMB,South,17.7,0
C008111,Control,889.5,8,24,Consumer,North,11.3,1
C008112,Control,1111.58,3,17,SMB,South,4.5,1
C008113,Treatment,4165.57,4,18,Enterprise,North,3.6,0
C008114,Treatment,1229.01,5,9,Consumer,South,11.4,0
C008115,Control,2733.91,13,28,Consumer,South,10.6,0
C008116,Treatment,1502.27,4,15,Consumer,North,7.8,0
C008117,Treatment,937.6,13,23,Consumer,North,2.5,0
C008118,Control,947.38,8,39,Consumer,East,10.4,0
C008119,Control,4047.16,10,27,Consumer,South,6.2,0
C008120,Treatment,700.64,9,21,Consumer,East,5.2,0
C008121,Control,1146.76,9,18,Consumer,West,13.6,0
C008122,Treatment,1086.0,3,13,Consumer,South,7.4,0
C008123,Treatment,842.25,6,13,SMB,North,5.8,0
C008124,Control,2075.75,4,11,SMB,East,8.6,0
C008125,Treatment,2118.58,8,36,Enterprise,North,7.9,0
C008126,Control,1592.07,3,9,Consumer,West,11.8,0
C008127,Control,1273.53,1,14,Consumer,West,8.4,0
C008128,Treatment,2152.96,5,19,Consumer,South,7.5,0
C008129,Treatment,1392.59,11,53,Enterprise,South,15.0,0
C008130,Control,1019.37,2,7,Consumer,East,11.1,0
C008131,Treatment,3641.27,1,7,Enterprise,South,12.7,0
C008132,Treatment,2425.38,8,35,Enterprise,North,12.7,0
C008133,Treatment,1377.45,7,25,Consumer,West,7.4,0
C008134,Treatment,1018.38,3,21,Consumer,South,8.7,0
C008135,Control,1430.9,8,30,Consumer,West,9.2,0
C008136,Control,759.38,4,9,Consumer,West,16.8,0
C008137,Treatment,2882.42,6,30,Enterprise,South,1.1,0
C008138,Control,1118.26,8,25,Consumer,South,8.3,0
C008139,Treatment,3309.48,7,14,SMB,South,9.7,0
C008140,Control,2099.93,4,18,Consumer,West,3.1,0
C008141,Control,1124.38,1,9,SMB,North,1.1,0
C008142,Control,4882.02,9,29,Consumer,South,6.3,1
C008143,Control,1342.73,1,7,Consumer,East,10.4,0
C008144,Control,1993.66,1,8,SMB,North,12.3,0
C008145,Treatment,2678.41,6,13,Consumer,North,14.5,0
C008146,Treatment,2611.08,1,3,Enterprise,West,10.6,0
C008147,Control,1487.18,7,19,SMB,South,6.8,0
C008148,Control,789.3,2,22,Consumer,South,8.9,0
C008149,Treatment,420.36,10,39,Consumer,South,6.7,0
C008150,Control,3674.38,5,15,Consumer,South,10.6,0
C008151,Treatment,1868.6,8,20,Consumer,South,7.3,0
C008152,Treatment,1922.05,1,18,Consumer,South,8.4,0
C008153,Treatment,2152.1,4,33,Consumer,West,11.7,0
C008154,Treatment,2173.94,15,50,SMB,North,5.4,0
C008155,Treatment,3552.68,5,21,Enterprise,South,13.7,0
C008156,Treatment,809.71,1,15,Consumer,West,3.4,0
C008157,Treatment,2412.16,7,21,SMB,South,10.2,0
C008158,Control,2002.31,4,18,Consumer,West,5.4,0
C008159,Control,922.98,1,7,Consumer,South,14.6,0
C008160,Control,4888.47,9,13,Consumer,North,8.1,0
C008161,Control,868.65,5,24,Consumer,North,9.2,0
C008162,Treatment,2412.67,2,31,Consumer,South,8.0,0
C008163,Control,2558.31,12,57,SMB,West,10.8,0
C008164,Control,2286.78,1,6,Consumer,West,8.2,0
C008165,Control,2034.7,1,24,SMB,South,2.2,1
C008166,Treatment,913.21,5,6,Consumer,North,7.9,0
C008167,Treatment,3063.51,14,46,Consumer,South,13.1,1
C008168,Treatment,1171.38,6,17,Consumer,South,9.3,1
C008169,Control,2581.64,7,28,Consumer,South,0.6,0
C008170,Control,730.22,1,4,Consumer,North,9.6,0
C008171,Treatment,1295.68,5,23,Consumer,South,9.0,0
C008172,Treatment,1809.07,12,40,SMB,South,11.8,1
C008173,Treatment,880.66,2,34,Consumer,East,12.8,1
C008174,Treatment,1322.31,5,20,SMB,South,5.5,0
C008175,Control,2617.86,7,10,Consumer,North,8.0,0
C008176,Treatment,4344.58,3,26,Consumer,North,4.9,0
C008177,Treatment,674.5,9,23,Consumer,East,8.4,0
C008178,Treatment,2984.17,14,38,Consumer,East,6.8,0
C008179,Treatment,1759.53,2,10,Consumer,North,8.1,1
C008180,Control,1524.1,2,24,Consumer,West,7.2,0
C008181,Control,1392.41,5,28,Enterprise,East,11.5,0
C008182,Treatment,2098.12,3,4,Consumer,North,17.0,0
C008183,Treatment,726.77,12,13,Consumer,South,7.5,0
C008184,Control,1411.68,5,27,Consumer,West,11.8,0
C008185,Control,1428.67,1,11,SMB,South,6.5,1
C008186,Treatment,1892.8,9,39,Consumer,South,0.0,1
C008187,Control,3494.88,10,41,Consumer,South,9.8,1
C008188,Control,1137.71,5,16,Enterprise,South,9.8,0
C008189,Treatment,926.12,1,3,SMB,West,17.1,0
C008190,Treatment,1221.55,1,17,Consumer,West,11.5,0
C008191,Treatment,2255.19,7,14,Consumer,West,7.4,0
C008192,Treatment,2508.62,16,51,Consumer,East,1.2,1
C008193,Control,3633.83,1,11,SMB,East,10.2,0
C008194,Treatment,2294.54,8,15,SMB,South,13.1,1
C008195,Treatment,1616.11,1,16,Consumer,West,20.6,0
C008196,Treatment,1173.86,5,16,Consumer,North,9.5,1
C008197,Treatment,437.6,2,8,Consumer,South,12.4,0
C008198,Control,3232.48,3,4,SMB,West,9.2,0
C008199,Control,2000.97,1,12,SMB,West,12.0,0
C008200,Control,1591.22,8,22,Consumer,South,10.4,0
C008201,Control,1324.13,7,34,Consumer,South,3.1,0
C008202,Treatment,3999.99,2,15,SMB,North,9.2,0
C008203,Control,940.22,3,17,SMB,East,7.8,0
C008204,Treatment,880.73,6,11,Consumer,North,9.8,0
C008205,Control,2324.92,6,24,Enterprise,South,12.9,0
C008206,Control,2072.17,7,22,Consumer,South,12.6,0
C008207,Control,1556.72,11,39,Consumer,West,7.2,0
C008208,Control,1619.74,1,4,Consumer,West,9.8,0
C008209,Treatment,2953.83,4,21,SMB,West,5.9,0
C008210,Treatment,1554.79,15,31,Consumer,West,3.5,0
C008211,Control,2711.55,1,16,Consumer,South,6.2,0
C008212,Treatment,794.84,1,6,Consumer,North,8.0,0
C008213,Treatment,1307.55,2,13,Consumer,South,10.8,1
C008214,Treatment,2203.97,12,58,Consumer,South,21.8,0
C008215,Control,2210.24,10,33,Consumer,East,10.9,0
C008216,Control,3038.84,3,20,Consumer,South,4.0,0
C008217,Treatment,1865.99,7,17,Enterprise,West,9.9,0
C008218,Treatment,1744.71,2,10,Consumer,South,8.1,1
C008219,Control,1036.13,7,21,Consumer,South,14.6,0
C008220,Treatment,1623.63,13,40,Consumer,West,6.3,0
C008221,Control,2220.23,3,18,SMB,East,10.6,0
C008222,Treatment,2544.54,12,40,Consumer,South,13.9,0
C008223,Control,2997.49,11,67,SMB,East,8.7,0
C008224,Treatment,1228.4,4,12,Consumer,South,6.2,0
C008225,Control,1327.69,4,12,Consumer,North,13.0,0
C008226,Control,2069.22,4,9,Enterprise,South,8.0,0
C008227,Treatment,1921.31,5,13,SMB,West,16.3,0
C008228,Control,7341.66,4,12,SMB,South,8.4,0
C008229,Treatment,1600.63,1,13,SMB,South,8.5,0
C008230,Treatment,1133.14,3,5,Consumer,South,11.7,0
C008231,Control,2261.66,1,15,SMB,South,10.0,0
C008232,Control,1325.8,8,40,Consumer,West,3.8,0
C008233,Treatment,1430.35,9,24,SMB,South,6.2,0
C008234,Treatment,3539.71,6,14,Enterprise,West,6.3,0
C008235,Treatment,1146.29,11,25,Consumer,West,3.0,0
C008236,Control,1401.41,8,28,Consumer,South,5.5,0
C008237,Treatment,1048.96,2,14,Consumer,West,10.1,0
C008238,Treatment,2059.41,3,27,SMB,West,12.0,1
C008239,Treatment,1884.96,5,1,SMB,West,8.5,0
C008240,Control,2427.68,8,47,Enterprise,East,12.9,0
C008241,Control,1926.24,2,21,Consumer,North,5.3,0
C008242,Treatment,1925.38,8,30,SMB,North,17.3,0
C008243,Treatment,2093.35,11,32,Consumer,South,14.8,0
C008244,Control,3664.54,16,72,Consumer,East,12.3,0
C008245,Treatment,2079.33,14,69,Consumer,South,10.6,0
C008246,Control,1545.16,2,15,Consumer,East,1.4,0
C008247,Control,2487.61,8,25,Consumer,West,15.6,0
C008248,Control,1279.72,3,35,Consumer,North,5.7,1
C008249,Control,1091.41,3,27,SMB,West,8.4,0
C008250,Control,1322.96,1,7,Consumer,North,6.8,0
C008251,Control,1942.6,3,19,Consumer,South,8.2,1
C008252,Control,3105.75,9,46,SMB,West,8.9,0
C008253,Treatment,1358.66,7,14,Consumer,North,18.9,0
C008254,Treatment,1745.7,9,18,Consumer,South,8.2,0
C008255,Treatment,1243.42,1,14,Consumer,West,8.3,0
C008256,Control,1848.93,5,24,Consumer,West,11.6,1
C008257,Treatment,2326.67,5,28,SMB,West,10.2,0
C008258,Control,1252.89,1,7,SMB,North,12.1,0
C008259,Treatment,4206.56,8,24,SMB,South,15.8,0
C008260,Treatment,2063.33,7,9,Consumer,South,7.3,0
C008261,Control,847.12,6,6,Consumer,North,15.0,0
C008262,Control,1585.33,9,38,SMB,West,9.1,0
C008263,Treatment,1917.83,2,30,SMB,North,6.3,0
C008264,Treatment,4271.98,1,12,Consumer,East,5.4,1
C008265,Treatment,755.51,3,36,Consumer,North,11.6,0
C008266,Treatment,4189.68,5,4,Consumer,South,10.9,0
C008267,Treatment,1283.68,1,9,Consumer,North,8.2,0
C008268,Control,975.1,4,11,Consumer,North,11.1,0
C008269,Treatment,4010.0,10,21,SMB,South,6.7,0
C008270,Control,1766.96,11,63,Consumer,West,16.4,0
C008271,Control,3613.02,2,7,SMB,East,6.1,0
C008272,Control,1199.34,3,9,Consumer,East,9.2,0
C008273,Treatment,2294.01,3,31,Consumer,South,0.7,0
C008274,Treatment,1417.66,7,18,Consumer,East,15.3,1
C008275,Control,2852.23,11,28,Consumer,East,15.5,0
C008276,Control,2138.87,8,22,Enterprise,South,8.2,1
C008277,Control,1251.77,8,25,Consumer,East,8.9,0
C008278,Treatment,1679.18,2,3,SMB,West,3.1,0
C008279,Treatment,1464.19,6,17,Consumer,West,6.9,0
C008280,Control,3623.06,13,42,Consumer,West,9.0,0
C008281,Control,3117.86,17,63,Consumer,South,8.3,1
C008282,Treatment,1641.98,8,26,Consumer,North,0.3,0
C008283,Control,2096.64,11,61,Consumer,South,8.9,0
C008284,Treatment,1082.82,1,24,Consumer,North,6.7,0
C008285,Control,2262.08,10,24,SMB,South,3.3,0
C008286,Control,2390.85,11,25,Consumer,South,3.7,0
C008287,Control,1020.0,2,11,Consumer,East,3.7,0
C008288,Treatment,1051.04,7,12,Consumer,South,11.8,0
C008289,Control,3058.84,1,9,Enterprise,East,17.3,0
C008290,Control,1834.46,6,10,Consumer,West,24.2,0
C008291,Treatment,1204.5,4,7,SMB,North,6.3,1
C008292,Treatment,1245.73,4,23,Consumer,North,1.8,0
C008293,Control,2314.74,10,11,Consumer,East,6.1,0
C008294,Control,1221.12,4,16,Consumer,South,3.8,0
C008295,Treatment,4230.89,8,21,Enterprise,South,0.0,0
C008296,Control,1172.95,15,42,Consumer,West,11.1,1
C008297,Treatment,1290.23,3,7,Consumer,North,6.0,0
C008298,Control,5489.65,10,28,Consumer,South,8.8,1
C008299,Control,756.87,5,17,Consumer,West,8.4,0
C008300,Control,1691.94,4,9,Enterprise,South,6.2,0
C008301,Treatment,1024.64,2,17,Consumer,South,0.0,0
C008302,Control,2830.15,8,31,SMB,North,4.1,0
C008303,Control,1029.17,8,31,SMB,South,2.8,1
C008304,Control,2807.24,4,9,Consumer,North,4.5,0
C008305,Treatment,2699.49,9,18,Enterprise,South,6.0,0
C008306,Control,1568.14,6,18,Enterprise,East,10.3,0
C008307,Treatment,2836.73,1,6,SMB,West,7.6,0
C008308,Treatment,1289.47,6,14,Consumer,East,5.6,0
C008309,Control,3531.08,3,16,SMB,North,8.5,0
C008310,Treatment,2234.04,13,55,Consumer,West,8.4,0
C008311,Treatment,2627.01,7,26,Enterprise,South,14.1,0
C008312,Control,1670.59,7,19,Consumer,East,21.4,0
C008313,Control,3347.63,8,28,SMB,South,0.9,0
C008314,Control,1926.84,6,14,SMB,West,11.5,1
C008315,Control,1947.42,7,25,Enterprise,West,1.1,0
C008316,Treatment,4307.34,10,8,SMB,North,11.2,0
C008317,Treatment,2074.2,3,11,SMB,South,0.5,0
C008318,Treatment,1660.5,2,13,SMB,South,6.9,0
C008319,Control,2125.4,4,3,Consumer,South,4.1,0
C008320,Control,2411.17,7,33,Consumer,South,8.7,0
C008321,Control,3643.76,10,33,Enterprise,East,5.1,0
C008322,Treatment,1247.08,1,9,Consumer,South,8.2,0
C008323,Control,1051.84,3,5,SMB,North,7.4,0
C008324,Treatment,2017.86,8,26,Consumer,West,12.3,0
C008325,Treatment,1171.58,1,10,Consumer,East,7.7,0
C008326,Control,1771.9,9,29,Consumer,South,17.2,0
C008327,Treatment,5532.42,1,26,Enterprise,West,6.7,1
C008328,Treatment,3214.53,9,37,Consumer,West,10.6,0
C008329,Treatment,909.67,7,11,Consumer,West,2.7,0
C008330,Control,2748.64,2,13,Consumer,South,8.2,0
C008331,Control,2407.87,3,10,Consumer,South,5.8,0
C008332,Treatment,1253.27,1,4,Consumer,North,12.3,0
C008333,Control,2359.14,7,17,Consumer,West,10.5,0
C008334,Treatment,1979.0,12,42,SMB,West,9.0,1
C008335,Control,1891.55,7,17,SMB,East,5.4,0
C008336,Treatment,3112.23,6,10,SMB,South,12.1,0
C008337,Treatment,1423.78,1,1,SMB,South,10.6,0
C008338,Control,787.78,3,11,Consumer,East,15.3,0
C008339,Control,1829.57,1,13,Consumer,North,0.0,0
C008340,Treatment,2005.07,4,25,SMB,South,11.7,0
C008341,Control,2605.43,7,32,SMB,East,10.9,0
C008342,Treatment,1561.67,6,5,SMB,West,8.3,0
C008343,Treatment,654.46,1,12,Consumer,South,13.2,0
C008344,Control,1593.34,7,21,SMB,East,11.8,0
C008345,Treatment,3786.18,6,33,SMB,North,6.1,0
C008346,Treatment,1612.07,1,12,Consumer,South,3.1,0
C008347,Treatment,1660.1,13,35,Consumer,North,11.0,0
C008348,Control,1491.83,9,22,SMB,South,12.2,1
C008349,Control,3284.32,3,18,SMB,South,2.7,0
C008350,Control,1080.4,3,12,SMB,South,8.2,0
C008351,Treatment,1713.18,7,23,Consumer,South,4.5,1
C008352,Treatment,3017.64,1,4,Consumer,South,13.0,0
C008353,Treatment,1545.07,6,17,SMB,South,12.1,1
C008354,Control,2088.1,3,29,Consumer,West,7.6,0
C008355,Treatment,1454.96,4,20,Consumer,North,6.9,0
C008356,Treatment,923.7,4,19,Consumer,South,11.1,0
C008357,Treatment,2226.19,5,12,Consumer,North,9.0,0
C008358,Control,676.77,9,21,Consumer,North,6.9,1
C008359,Treatment,1652.34,5,31,Consumer,East,0.0,0
C008360,Control,4266.88,5,19,Consumer,West,4.6,0
C008361,Control,2914.93,9,29,Enterprise,South,14.2,0
C008362,Treatment,706.97,1,1,Consumer,South,16.4,0
C008363,Control,1799.08,1,3,Enterprise,South,7.3,1
C008364,Control,2154.73,8,19,Consumer,North,9.9,1
C008365,Treatment,2112.4,1,25,SMB,West,7.8,0
C008366,Treatment,1221.88,8,36,Consumer,South,6.4,1
C008367,Control,1410.54,8,33,Consumer,East,6.1,0
C008368,Treatment,2160.6,13,59,Consumer,West,1.4,0
C008369,Control,2595.16,8,45,Consumer,East,8.9,0
C008370,Control,1989.37,6,12,Enterprise,North,10.3,0
C008371,Control,1505.34,6,19,Consumer,East,7.3,0
C008372,Treatment,821.59,1,6,Consumer,East,13.9,0
C008373,Control,1845.6,5,7,Consumer,South,4.5,0
C008374,Control,814.58,3,9,Consumer,East,5.2,0
C008375,Treatment,2511.57,6,11,Enterprise,South,3.1,1
C008376,Treatment,1410.01,7,6,SMB,South,15.9,0
C008377,Treatment,2053.89,6,22,Consumer,East,5.2,0
C008378,Treatment,1857.75,1,11,Consumer,South,8.5,0
C008379,Control,1983.97,9,26,Consumer,South,4.8,0
C008380,Control,4378.72,9,15,SMB,South,12.6,0
C008381,Control,1667.21,4,9,Consumer,East,12.1,0
C008382,Treatment,3638.18,6,23,Enterprise,West,9.1,0
C008383,Control,5089.72,19,72,Enterprise,East,9.0,0
C008384,Control,1112.83,2,13,Consumer,East,10.2,0
C008385,Control,1601.62,8,32,Consumer,South,10.1,0
C008386,Control,1846.05,1,4,Enterprise,East,12.6,0
C008387,Treatment,816.05,6,16,Consumer,North,4.1,0
C008388,Treatment,919.63,4,18,Consumer,South,12.9,1
C008389,Control,1785.44,8,37,Consumer,East,4.8,0
C008390,Treatment,3033.59,10,35,Consumer,North,9.0,0
C008391,Treatment,1290.12,8,13,Consumer,West,5.2,0
C008392,Control,1728.34,11,36,Enterprise,South,8.8,0
C008393,Control,801.69,6,9,Consumer,East,9.9,0
C008394,Treatment,797.72,8,18,Consumer,South,12.3,0
C008395,Control,3727.99,12,55,Consumer,East,14.8,0
C008396,Treatment,2164.57,4,11,Enterprise,East,9.9,0
C008397,Treatment,2169.16,7,31,Consumer,North,3.8,0
C008398,Treatment,2157.49,4,10,Consumer,West,5.8,0
C008399,Treatment,1308.32,6,30,Consumer,East,5.2,0
C008400,Treatment,2728.0,5,21,Enterprise,South,13.1,0
C008401,Treatment,1431.04,4,15,Consumer,East,0.0,0
C008402,Control,3635.17,1,6,Enterprise,South,8.5,0
C008403,Treatment,1521.98,1,13,Consumer,West,8.5,0
C008404,Treatment,2051.19,7,26,Consumer,South,13.4,0
C008405,Treatment,1767.76,21,72,Consumer,West,7.4,0
C008406,Treatment,1298.8,8,26,Consumer,South,6.6,1
C008407,Control,3664.44,9,38,Enterprise,West,12.2,0
C008408,Treatment,1675.67,1,15,Consumer,West,10.7,0
C008409,Treatment,1529.71,2,16,SMB,West,15.2,0
C008410,Treatment,1686.31,1,16,SMB,West,7.7,0
C008411,Treatment,2307.49,15,61,Consumer,East,6.7,0
C008412,Treatment,1206.83,2,14,Consumer,South,5.9,0
C008413,Treatment,1254.43,6,8,SMB,North,11.5,1
C008414,Control,643.41,1,5,Consumer,South,15.6,0
C008415,Control,2070.19,2,11,Consumer,South,1.2,0
C008416,Treatment,1590.1,5,5,SMB,North,11.2,0
C008417,Treatment,1238.15,2,24,Consumer,East,8.4,0
C008418,Treatment,2953.32,1,18,Enterprise,North,9.2,0
C008419,Control,1937.86,5,27,SMB,East,14.9,0
C008420,Control,1224.59,5,36,Consumer,South,13.2,0
C008421,Control,1108.76,2,10,Consumer,West,13.7,0
C008422,Treatment,2846.08,1,21,SMB,South,10.8,0
C008423,Treatment,2776.27,9,18,Enterprise,North,10.2,0
C008424,Treatment,2316.56,6,11,Consumer,South,11.9,0
C008425,Control,1837.27,2,11,Consumer,South,20.2,0
C008426,Treatment,2222.61,3,36,Consumer,North,9.5,0
C008427,Treatment,750.31,3,20,Consumer,East,10.2,0
C008428,Control,2495.14,5,6,Consumer,West,6.0,0
C008429,Treatment,1736.01,9,28,Consumer,East,1.3,0
C008430,Treatment,2042.88,2,12,Consumer,South,14.5,0
C008431,Control,3162.14,7,20,Consumer,South,8.0,0
C008432,Control,2585.55,1,2,Enterprise,South,11.9,0
C008433,Treatment,613.1,3,12,Consumer,East,10.4,1
C008434,Treatment,902.81,2,24,SMB,West,15.6,0
C008435,Treatment,718.53,4,8,Consumer,North,7.6,1
C008436,Treatment,1213.0,1,5,SMB,South,2.8,0
C008437,Control,3611.51,3,12,Enterprise,West,15.1,0
C008438,Treatment,2151.21,6,23,Consumer,North,10.3,0
C008439,Treatment,2613.85,3,34,SMB,West,9.5,0
C008440,Control,1721.53,8,32,Consumer,South,0.0,0
C008441,Treatment,3084.71,11,29,Consumer,East,11.6,0
C008442,Control,1925.43,10,43,Consumer,South,1.0,0
C008443,Control,879.53,12,35,Consumer,West,13.0,0
C008444,Control,1296.03,5,25,Consumer,West,7.6,0
C008445,Treatment,2862.49,6,20,SMB,North,11.3,0
C008446,Control,1707.01,6,18,Consumer,East,9.1,0
C008447,Control,762.02,6,13,SMB,North,7.5,0
C008448,Treatment,1510.04,8,17,Consumer,South,5.5,0
C008449,Control,2939.89,1,10,Consumer,South,0.0,0
C008450,Treatment,1150.11,5,28,Consumer,East,8.1,0
C008451,Treatment,1371.21,4,7,SMB,South,10.2,1
C008452,Control,2391.39,8,29,SMB,South,10.8,0
C008453,Control,5456.06,16,71,SMB,North,12.5,1
C008454,Treatment,862.79,11,6,Consumer,South,10.8,1
C008455,Control,8686.04,7,28,Enterprise,North,17.9,0
C008456,Control,1305.17,5,13,Consumer,South,6.7,0
C008457,Treatment,1461.36,4,35,Enterprise,West,16.9,1
C008458,Treatment,1652.04,9,22,Consumer,South,9.8,0
C008459,Treatment,1111.0,3,7,Consumer,West,11.8,0
C008460,Treatment,1724.53,5,19,Consumer,South,13.3,0
C008461,Treatment,1383.77,12,22,Consumer,South,0.0,0
C008462,Treatment,1361.63,4,14,Consumer,North,16.5,0
C008463,Treatment,1159.01,9,20,Consumer,North,11.4,1
C008464,Treatment,2481.0,8,14,Consumer,East,5.8,0
C008465,Treatment,975.35,4,14,Consumer,South,6.9,0
C008466,Treatment,1869.14,1,3,SMB,South,12.7,0
C008467,Control,1938.28,1,5,Enterprise,South,7.5,0
C008468,Treatment,1927.06,6,5,Enterprise,West,6.0,0
C008469,Treatment,1430.9,2,10,Consumer,South,8.1,0
C008470,Control,978.03,1,5,Consumer,North,4.9,0
C008471,Control,838.43,3,7,SMB,South,3.3,1
C008472,Treatment,4108.71,2,20,SMB,South,8.7,1
C008473,Control,1708.14,4,27,SMB,West,0.0,0
C008474,Control,2830.01,1,15,SMB,North,10.9,0
C008475,Control,1108.38,8,20,Consumer,South,4.2,0
C008476,Control,2971.32,9,21,SMB,South,18.0,0
C008477,Treatment,2094.51,8,55,SMB,West,11.4,0
C008478,Control,1243.82,3,5,Consumer,North,12.9,0
C008479,Control,814.03,6,16,Consumer,West,2.2,0
C008480,Treatment,674.22,1,5,Consumer,East,13.4,0
C008481,Control,1184.37,3,20,Consumer,South,1.2,0
C008482,Control,2616.29,8,7,SMB,West,7.5,0
C008483,Treatment,3376.51,1,12,SMB,South,1.4,1
C008484,Treatment,2686.0,4,5,Enterprise,North,7.8,0
C008485,Treatment,5417.75,6,14,Enterprise,South,10.4,0
C008486,Treatment,1542.3,12,15,Consumer,South,7.7,0
C008487,Treatment,1214.97,8,14,Consumer,South,5.5,0
C008488,Control,1223.88,3,29,Consumer,East,12.0,0
C008489,Treatment,3105.32,2,19,Enterprise,East,8.9,0
C008490,Treatment,1193.66,1,10,Consumer,West,8.3,0
C008491,Control,2791.01,5,17,Consumer,South,10.4,0
C008492,Treatment,1276.9,1,11,Consumer,South,3.9,0
C008493,Control,1975.86,4,7,Consumer,North,12.8,0
C008494,Treatment,2218.32,4,10,SMB,West,12.8,0
C008495,Treatment,2525.27,2,8,SMB,North,7.2,0
C008496,Treatment,1549.18,10,27,SMB,South,10.3,1
C008497,Control,603.48,11,38,Consumer,East,9.7,0
C008498,Treatment,1512.08,8,17,Consumer,West,13.8,0
C008499,Treatment,1050.45,11,8,Consumer,North,20.4,0
C008500,Control,1907.64,7,43,Consumer,East,15.2,0
C008501,Control,2761.57,17,68,Consumer,North,3.6,0
C008502,Treatment,993.58,1,4,Consumer,West,12.9,0
C008503,Control,881.49,7,15,Consumer,East,21.4,0
C008504,Treatment,1342.68,2,9,Consumer,East,4.5,1
C008505,Treatment,568.32,1,5,Consumer,North,15.5,0
C008506,Control,1360.48,3,22,Consumer,South,12.0,0
C008507,Treatment,1421.69,5,8,Consumer,South,10.0,0
C008508,Control,2273.47,8,7,SMB,South,10.3,0
C008509,Treatment,1178.53,5,34,Consumer,West,7.5,0
C008510,Treatment,1504.89,1,16,Consumer,North,2.3,1
C008511,Control,2028.93,9,29,Consumer,East,13.6,0
C008512,Treatment,2958.49,13,38,SMB,North,1.3,1
C008513,Treatment,6020.75,23,69,Enterprise,South,8.1,1
C008514,Treatment,1442.11,5,17,SMB,South,9.1,0
C008515,Control,2091.2,9,41,SMB,South,7.5,0
C008516,Treatment,2256.23,9,26,SMB,East,9.9,0
C008517,Treatment,1678.24,3,20,Enterprise,West,17.7,0
C008518,Control,1632.07,3,20,SMB,West,10.0,0
C008519,Treatment,2313.17,9,22,Consumer,West,10.3,0
C008520,Control,2025.21,1,17,SMB,North,13.5,0
C008521,Treatment,1659.54,1,5,Consumer,West,11.3,0
C008522,Control,4799.14,1,9,Enterprise,South,9.6,0
C008523,Treatment,1113.93,1,2,Consumer,North,7.5,1
C008524,Control,3168.38,5,25,Consumer,South,9.5,0
C008525,Control,1186.62,2,5,Consumer,South,11.5,0
C008526,Treatment,952.37,2,7,SMB,West,11.5,0
C008527,Treatment,1593.14,6,9,Consumer,North,4.6,0
C008528,Treatment,1870.44,4,17,SMB,South,2.7,0
C008529,Treatment,974.67,4,26,Consumer,South,11.4,0
C008530,Control,1258.96,2,22,Consumer,South,5.4,0
C008531,Treatment,2071.24,7,31,Enterprise,West,9.5,1
C008532,Control,2365.66,14,34,Consumer,South,7.9,0
C008533,Control,3405.63,7,23,Consumer,South,6.9,0
C008534,Treatment,2050.73,9,13,SMB,East,11.5,0
C008535,Treatment,1534.32,1,5,Consumer,West,9.4,0
C008536,Control,1027.11,1,11,Consumer,South,14.5,0
C008537,Control,1002.64,1,9,Consumer,North,12.6,0
C008538,Treatment,1823.28,5,18,Consumer,West,5.0,0
C008539,Control,2892.17,9,31,SMB,South,7.1,0
C008540,Control,2383.34,6,11,Consumer,South,7.9,0
C008541,Control,1875.79,17,65,Consumer,North,6.1,0
C008542,Control,1332.91,6,8,SMB,North,14.3,0
C008543,Control,4792.47,4,14,SMB,West,6.8,0
C008544,Treatment,1938.14,1,8,Consumer,West,8.9,0
C008545,Control,2001.2,1,10,Consumer,South,10.7,0
C008546,Treatment,894.7,10,20,Consumer,East,3.9,1
C008547,Treatment,1623.23,7,17,Consumer,West,9.1,0
C008548,Treatment,2833.26,5,25,Consumer,South,16.3,0
C008549,Treatment,2100.15,7,25,Consumer,East,9.3,0
C008550,Treatment,3354.1,11,32,SMB,West,7.5,1
C008551,Treatment,1421.88,4,21,Consumer,North,12.7,0
C008552,Treatment,971.89,5,14,Consumer,North,12.6,0
C008553,Treatment,1186.24,4,14,Consumer,West,0.0,0
C008554,Treatment,2314.58,9,20,SMB,East,8.4,0
C008555,Treatment,1251.69,4,16,Consumer,North,10.7,0
C008556,Control,3006.05,7,19,SMB,South,12.8,0
C008557,Treatment,1293.5,1,5,Consumer,East,14.2,0
C008558,Treatment,1535.07,1,13,Consumer,South,7.8,0
C008559,Control,1999.32,1,3,Enterprise,West,9.2,0
C008560,Treatment,962.8,14,46,Consumer,West,6.0,0
C008561,Control,936.04,7,17,Consumer,South,14.5,0
C008562,Control,2501.83,11,27,Consumer,East,0.0,0
C008563,Treatment,1950.5,9,28,SMB,East,2.7,0
C008564,Control,1432.04,9,38,Consumer,North,16.2,0
C008565,Control,931.97,4,19,Consumer,South,8.8,0
C008566,Control,1846.32,7,11,Consumer,South,7.0,1
C008567,Treatment,871.2,7,20,SMB,West,13.5,0
C008568,Control,2649.88,5,31,SMB,West,1.4,0
C008569,Treatment,762.87,2,10,SMB,North,10.0,0
C008570,Treatment,1392.91,5,14,Consumer,West,12.3,0
C008571,Treatment,1913.71,4,10,Consumer,East,9.3,1
C008572,Treatment,1859.21,7,16,SMB,North,0.0,0
C008573,Treatment,1763.18,9,27,Consumer,South,7.3,0
C008574,Control,2371.44,3,20,Consumer,West,4.6,1
C008575,Treatment,1352.37,1,11,Enterprise,South,17.2,1
C008576,Treatment,1829.75,2,28,SMB,East,13.9,0
C008577,Control,1824.11,3,8,Enterprise,South,7.7,0
C008578,Control,1690.59,17,49,Consumer,East,0.9,0
C008579,Treatment,1974.54,9,43,Consumer,South,9.0,0
C008580,Control,3189.34,12,51,Consumer,South,3.7,0
C008581,Treatment,978.76,4,10,SMB,West,11.3,0
C008582,Control,2251.92,3,8,SMB,South,10.4,1
C008583,Treatment,3651.68,5,35,Consumer,North,7.3,0
C008584,Control,1517.7,8,41,Consumer,South,10.6,0
C008585,Treatment,2096.76,5,23,SMB,East,20.6,0
C008586,Control,1463.45,17,52,Consumer,South,1.6,0
C008587,Control,2647.16,7,8,Consumer,East,3.8,0
C008588,Control,1410.34,5,35,Enterprise,South,10.2,0
C008589,Control,1345.77,10,24,Consumer,East,5.2,0
C008590,Treatment,1736.64,8,7,SMB,West,10.8,1
C008591,Treatment,1525.58,10,38,Enterprise,South,3.2,0
C008592,Control,863.35,1,6,SMB,East,9.2,1
C008593,Treatment,1166.95,8,29,Consumer,East,8.9,0
C008594,Control,1797.57,14,38,SMB,East,11.9,0
C008595,Control,1430.03,1,4,Consumer,South,8.1,0
C008596,Treatment,1067.91,8,37,Enterprise,East,13.6,1
C008597,Treatment,2252.98,6,16,Consumer,South,4.5,0
C008598,Treatment,1787.6,3,14,SMB,South,10.5,0
C008599,Control,2182.78,1,13,SMB,South,1.0,0
C008600,Control,1961.55,9,56,Consumer,South,0.0,0
C008601,Treatment,1561.09,2,24,SMB,North,2.8,0
C008602,Control,1629.66,2,10,Consumer,East,18.2,0
C008603,Control,2850.72,17,48,Consumer,East,15.6,0
C008604,Treatment,3323.71,14,41,Consumer,North,10.6,0
C008605,Treatment,2131.85,6,23,Consumer,South,5.3,0
C008606,Control,867.55,8,24,Consumer,East,13.0,0
C008607,Control,1165.64,3,4,Consumer,South,1.7,0
C008608,Treatment,990.32,4,13,Consumer,East,0.0,0
C008609,Control,1171.53,3,9,Consumer,South,8.3,1
C008610,Control,801.29,4,19,Consumer,West,8.8,0
C008611,Control,3360.02,1,14,SMB,North,11.1,0
C008612,Treatment,1429.73,5,17,Consumer,East,6.0,1
C008613,Treatment,1684.88,3,21,SMB,South,6.2,0
C008614,Control,2203.71,1,4,SMB,South,17.0,0
C008615,Control,1437.67,5,10,SMB,West,8.2,0
C008616,Treatment,2234.27,3,30,SMB,West,6.5,0
C008617,Treatment,1354.45,1,14,SMB,North,10.7,1
C008618,Treatment,1129.03,7,27,Consumer,North,6.8,0
C008619,Control,2633.88,7,46,Consumer,West,17.0,0
C008620,Treatment,2280.31,6,32,Consumer,North,10.5,0
C008621,Treatment,3863.78,5,6,Enterprise,West,7.4,0
C008622,Treatment,1667.33,1,3,SMB,South,5.3,0
C008623,Control,2157.18,3,20,SMB,South,0.1,0
C008624,Treatment,2372.3,6,11,SMB,North,10.0,0
C008625,Control,1245.26,1,19,Consumer,South,5.3,0
C008626,Control,838.16,1,11,Consumer,North,0.9,0
C008627,Control,1724.34,1,6,Consumer,South,3.6,0
C008628,Treatment,1384.4,7,36,Consumer,West,14.7,0
C008629,Control,1942.43,1,20,SMB,South,8.0,0
C008630,Treatment,2448.05,9,12,Consumer,East,9.9,0
C008631,Treatment,1317.5,1,19,Consumer,South,10.0,1
C008632,Treatment,2385.74,17,70,Consumer,East,17.5,0
C008633,Control,1734.16,1,2,SMB,South,5.9,0
C008634,Treatment,1945.35,5,16,SMB,East,8.4,0
C008635,Control,866.7,3,14,SMB,West,13.4,0
C008636,Control,1663.39,4,14,Consumer,West,9.0,0
C008637,Control,3387.87,7,43,Consumer,West,10.4,0
C008638,Control,2587.87,7,11,Consumer,South,8.3,0
C008639,Treatment,1251.58,1,3,Consumer,North,5.4,1
C008640,Control,3204.19,4,17,Consumer,North,14.1,0
C008641,Control,2422.98,14,27,Consumer,East,7.8,0
C008642,Treatment,1847.42,6,13,SMB,North,11.1,0
C008643,Control,3480.09,7,46,Consumer,West,10.3,0
C008644,Control,1370.65,9,17,Consumer,West,0.0,0
C008645,Control,1969.6,8,28,Consumer,North,8.6,1
C008646,Control,3831.88,10,50,Consumer,South,9.3,0
C008647,Treatment,1748.86,6,13,SMB,South,0.0,0
C008648,Control,2246.31,11,27,SMB,South,3.0,0
C008649,Control,812.7,3,19,Consumer,South,7.9,0
C008650,Treatment,1482.35,6,31,Consumer,South,6.8,1
C008651,Control,1750.0,4,19,Consumer,West,13.1,1
C008652,Treatment,1780.57,6,14,SMB,East,15.8,1
C008653,Treatment,3211.78,11,35,SMB,North,6.2,0
C008654,Control,655.17,7,17,Consumer,North,5.0,0
C008655,Control,2486.73,5,32,SMB,West,8.7,0
C008656,Control,1276.28,16,43,Consumer,North,13.7,1
C008657,Control,4071.95,6,34,Enterprise,West,8.9,0
C008658,Control,1218.33,4,7,SMB,South,13.8,0
C008659,Treatment,2078.12,4,15,Consumer,West,13.8,0
C008660,Control,1010.84,2,17,SMB,West,11.7,0
C008661,Control,1803.64,8,30,Consumer,West,8.7,0
C008662,Control,2431.67,6,20,Enterprise,East,4.1,0
C008663,Treatment,2245.93,12,42,Consumer,South,9.8,0
C008664,Treatment,1355.07,4,12,Consumer,North,6.3,0
C008665,Control,2126.86,9,35,Consumer,East,16.8,0
C008666,Treatment,1657.8,12,24,Consumer,East,13.9,1
C008667,Control,2166.15,4,14,SMB,South,8.3,0
C008668,Treatment,2407.09,1,23,SMB,South,8.5,1
C008669,Treatment,1531.25,16,61,Consumer,South,2.5,0
C008670,Treatment,3387.49,9,22,Enterprise,South,6.8,0
C008671,Control,1687.31,1,17,Enterprise,North,18.2,0
C008672,Control,3447.68,3,27,SMB,South,10.8,0
C008673,Treatment,1499.77,4,20,Consumer,South,8.5,0
C008674,Control,2236.99,2,14,Enterprise,West,10.9,0
C008675,Control,2294.99,4,16,Consumer,South,7.7,0
C008676,Treatment,1006.81,1,1,Consumer,West,8.8,0
C008677,Treatment,2921.39,12,56,Enterprise,West,8.9,1
C008678,Treatment,1769.81,12,35,Consumer,North,16.8,0
C008679,Treatment,1969.46,9,4,Consumer,East,0.0,0
C008680,Treatment,2950.12,1,10,SMB,South,5.7,0
C008681,Control,1701.63,5,14,Consumer,West,0.0,0
C008682,Treatment,956.75,10,25,Consumer,South,7.0,1
C008683,Treatment,2574.23,11,27,Consumer,North,8.5,1
C008684,Treatment,1477.02,1,17,SMB,South,11.7,1
C008685,Control,1379.34,4,12,Consumer,East,3.7,0
C008686,Control,2535.68,5,6,Consumer,North,5.1,0
C008687,Treatment,2316.09,4,27,Enterprise,South,12.0,0
C008688,Control,2503.09,2,10,SMB,West,11.2,0
C008689,Control,1491.79,9,26,Consumer,North,7.6,0
C008690,Treatment,967.5,8,42,Consumer,East,0.0,0
C008691,Treatment,2815.27,8,21,SMB,East,8.8,0
C008692,Control,1283.97,8,8,Consumer,South,9.9,0
C008693,Control,1714.07,3,2,Enterprise,North,9.5,0
C008694,Control,1967.15,2,6,Consumer,North,1.6,0
C008695,Treatment,2850.92,11,39,SMB,West,3.8,1
C008696,Control,2533.03,16,65,Enterprise,East,12.9,0
C008697,Control,759.31,1,7,Consumer,South,16.0,0
C008698,Control,1373.36,6,23,Consumer,West,12.7,0
C008699,Control,1459.49,10,30,Consumer,North,6.7,1
C008700,Control,1787.75,10,36,Consumer,North,7.5,0
C008701,Control,2709.55,13,72,Consumer,North,4.5,1
C008702,Treatment,1895.85,5,3,Consumer,West,11.1,0
C008703,Control,2166.04,3,10,Consumer,South,14.4,0
C008704,Control,4517.52,2,8,Consumer,East,12.5,0
C008705,Control,2363.05,6,46,Consumer,South,11.8,0
C008706,Control,1434.93,12,30,SMB,West,5.7,1
C008707,Control,1910.8,12,43,Consumer,West,7.6,0
C008708,Control,1223.79,2,9,Consumer,South,6.8,0
C008709,Control,1324.47,13,50,Consumer,South,12.6,0
C008710,Control,1233.11,10,25,Consumer,East,9.1,1
C008711,Treatment,3838.27,6,10,Consumer,South,13.4,0
C008712,Control,1384.3,5,23,Consumer,North,10.8,0
C008713,Treatment,2824.39,4,27,Consumer,East,5.1,0
C008714,Treatment,2846.54,5,24,Consumer,South,2.2,0
C008715,Control,1876.8,10,38,Consumer,West,17.8,0
C008716,Control,2564.22,2,21,Consumer,South,7.1,0
C008717,Control,3271.97,10,16,Enterprise,South,9.5,0
C008718,Control,950.56,4,9,SMB,East,16.8,0
C008719,Treatment,1987.33,11,29,Consumer,East,11.3,1
C008720,Control,1852.97,4,28,Consumer,South,4.3,0
C008721,Treatment,1053.12,4,12,SMB,South,9.3,0
C008722,Control,1609.22,4,22,Consumer,North,15.6,0
C008723,Treatment,1583.11,1,14,Consumer,South,10.6,0
C008724,Treatment,1951.23,6,12,SMB,West,24.2,0
C008725,Treatment,32870.01,16,53,Consumer,North,0.0,0
C008726,Treatment,3223.04,11,12,Consumer,South,7.3,0
C008727,Treatment,3180.04,13,53,SMB,North,2.9,0
C008728,Control,4571.37,6,28,Enterprise,South,12.3,0
C008729,Control,2365.55,10,30,Enterprise,West,3.2,0
C008730,Control,1948.8,1,10,Enterprise,South,5.5,1
C008731,Control,2660.33,9,45,Consumer,North,6.3,0
C008732,Treatment,1331.97,3,9,Consumer,South,9.8,0
C008733,Control,1821.74,3,23,Consumer,North,8.2,0
C008734,Control,1785.02,13,69,Consumer,South,13.4,0
C008735,Treatment,2130.04,10,19,SMB,West,4.2,1
C008736,Control,2009.62,1,13,Consumer,South,10.8,0
C008737,Treatment,2570.43,6,14,Consumer,South,8.0,0
C008738,Control,2175.35,2,14,Enterprise,South,0.3,0
C008739,Treatment,2852.75,3,11,Consumer,West,14.0,0
C008740,Treatment,2201.88,10,36,Consumer,North,5.7,0
C008741,Control,3093.78,7,28,Enterprise,South,9.7,0
C008742,Treatment,1840.03,3,18,Consumer,North,4.9,0
C008743,Control,2091.27,9,22,SMB,North,21.7,1
C008744,Treatment,1621.83,3,5,Consumer,South,16.3,0
C008745,Treatment,1480.69,1,4,Consumer,East,6.8,0
C008746,Control,1625.11,9,24,Consumer,North,10.2,0
C008747,Treatment,2576.68,4,11,Consumer,West,10.3,0
C008748,Treatment,2107.7,9,38,Consumer,South,2.7,0
C008749,Treatment,973.2,4,9,SMB,West,11.9,0
C008750,Treatment,2926.99,1,2,Consumer,South,9.2,0
C008751,Treatment,1705.46,1,6,Consumer,South,13.8,0
C008752,Control,818.59,7,24,Consumer,East,8.3,1
C008753,Treatment,1370.48,1,6,SMB,South,3.8,0
C008754,Treatment,1582.8,7,19,Consumer,South,5.6,0
C008755,Control,1536.45,1,5,Consumer,West,3.5,0
C008756,Control,598.45,3,12,Enterprise,East,9.7,0
C008757,Control,823.87,9,19,Enterprise,West,12.2,1
C008758,Control,1720.82,4,26,Consumer,North,2.6,0
C008759,Control,2243.45,4,11,Consumer,East,10.7,0
C008760,Control,2281.92,2,14,Consumer,East,12.3,0
C008761,Treatment,858.26,1,9,Consumer,East,11.0,0
C008762,Control,2247.31,6,12,SMB,East,2.9,0
C008763,Control,1664.4,5,17,Consumer,East,16.6,0
C008764,Treatment,1691.16,6,21,Consumer,West,10.6,1
C008765,Control,2959.4,8,26,Consumer,South,1.8,1
C008766,Control,1129.97,3,21,Consumer,North,6.4,0
C008767,Treatment,1707.19,1,9,Consumer,North,6.3,0
C008768,Treatment,3594.71,6,18,Consumer,North,7.9,0
C008769,Treatment,2746.64,16,49,Enterprise,East,15.6,1
C008770,Control,1162.88,4,7,Consumer,South,10.1,1
C008771,Control,3083.52,2,23,SMB,South,8.3,1
C008772,Treatment,2162.86,19,45,Consumer,West,16.1,0
C008773,Treatment,916.16,1,17,SMB,West,11.2,1
C008774,Treatment,2117.54,1,2,Consumer,South,18.5,0
C008775,Treatment,1049.21,11,22,Consumer,South,9.5,0
C008776,Control,2150.94,2,16,Consumer,South,16.3,0
C008777,Control,2286.77,5,27,SMB,South,0.0,1
C008778,Treatment,1673.4,9,20,Consumer,South,12.4,0
C008779,Treatment,1542.3,9,12,Consumer,North,8.2,0
C008780,Control,909.11,3,10,Consumer,West,10.3,0
C008781,Treatment,4417.96,11,37,SMB,South,10.9,0
C008782,Control,2570.49,9,8,Enterprise,South,12.0,1
C008783,Treatment,1365.82,4,30,Consumer,East,16.4,0
C008784,Control,2904.84,4,9,Consumer,South,11.6,0
C008785,Treatment,1597.82,4,16,Consumer,South,9.1,0
C008786,Control,931.36,1,2,Consumer,South,11.3,1
C008787,Treatment,3462.65,18,70,Consumer,North,5.0,0
C008788,Treatment,1113.99,6,5,Consumer,South,17.7,0
C008789,Control,4768.01,9,27,SMB,South,6.1,0
C008790,Treatment,1714.63,12,44,Consumer,North,12.6,0
C008791,Treatment,1104.24,3,12,Consumer,West,14.7,1
C008792,Treatment,1146.58,7,25,Consumer,West,11.7,0
C008793,Control,2211.42,7,20,SMB,South,6.3,0
C008794,Treatment,2340.64,13,23,Enterprise,West,5.9,0
C008795,Treatment,2041.78,1,18,SMB,South,14.2,1
C008796,Treatment,1098.66,2,12,SMB,North,10.8,0
C008797,Control,3942.03,9,42,Enterprise,South,7.0,0
C008798,Treatment,3392.52,10,34,SMB,South,5.4,0
C008799,Control,2270.95,8,12,Consumer,South,6.1,0
C008800,Control,1166.54,9,23,Consumer,West,9.9,0
C008801,Control,3124.31,5,20,Enterprise,South,19.9,0
C008802,Control,2392.6,6,15,Consumer,South,3.6,0
C008803,Control,1517.31,1,1,Consumer,North,0.0,1
C008804,Control,1448.65,6,18,SMB,West,9.2,0
C008805,Treatment,2422.63,10,26,Consumer,North,6.2,0
C008806,Treatment,3600.88,1,19,SMB,West,7.4,0
C008807,Control,1906.79,2,6,SMB,North,3.9,0
C008808,Treatment,1542.62,1,8,Consumer,West,14.8,0
C008809,Treatment,1627.49,5,30,SMB,South,6.8,0
C008810,Treatment,1194.6,1,5,Consumer,South,11.2,1
C008811,Treatment,4015.55,1,20,Enterprise,North,16.1,0
C008812,Treatment,1709.85,10,25,Consumer,North,8.0,0
C008813,Treatment,1129.43,13,20,Consumer,North,5.3,0
C008814,Treatment,2538.79,3,7,Consumer,North,8.4,0
C008815,Treatment,2552.49,7,3,SMB,East,8.6,0
C008816,Control,1629.27,1,5,SMB,South,11.4,0
C008817,Treatment,5142.71,10,21,Consumer,South,9.0,0
C008818,Treatment,1336.14,1,3,SMB,East,9.4,1
C008819,Treatment,752.79,3,15,Consumer,West,6.9,0
C008820,Treatment,2095.72,8,30,SMB,West,9.9,0
C008821,Control,939.39,13,31,Consumer,South,10.5,0
C008822,Control,3270.09,8,15,Enterprise,South,11.5,0
C008823,Treatment,4046.14,11,26,SMB,West,1.5,0
C008824,Treatment,1734.99,1,9,Enterprise,West,3.7,0
C008825,Treatment,1436.68,4,29,Consumer,West,2.6,0
C008826,Treatment,2148.2,5,27,Enterprise,East,13.3,0
C008827,Treatment,1243.31,9,16,Consumer,East,3.8,0
C008828,Treatment,1323.68,6,10,Consumer,West,7.1,0
C008829,Control,1168.73,1,15,Consumer,South,8.9,0
C008830,Treatment,3907.99,4,19,Enterprise,South,2.5,0
C008831,Control,1831.45,6,34,Enterprise,West,6.7,0
C008832,Treatment,1521.35,4,13,Consumer,West,20.4,0
C008833,Control,3051.74,14,26,SMB,North,9.2,1
C008834,Treatment,959.86,4,13,Consumer,North,17.1,0
C008835,Control,796.09,6,26,Consumer,West,6.8,1
C008836,Control,1155.4,1,11,SMB,South,11.9,0
C008837,Treatment,1516.45,12,42,Consumer,East,6.9,0
C008838,Treatment,1455.16,8,36,SMB,North,10.1,0
C008839,Control,2746.19,2,17,Consumer,North,12.6,0
C008840,Treatment,1254.43,4,5,Consumer,East,7.0,0
C008841,Control,1318.08,3,12,SMB,West,11.4,0
C008842,Control,1193.96,5,21,Consumer,South,7.6,1
C008843,Control,3307.95,6,36,SMB,North,10.2,1
C008844,Treatment,3134.89,1,8,SMB,South,13.6,0
C008845,Treatment,1480.12,9,27,Consumer,South,15.3,0
C008846,Treatment,2214.02,7,21,SMB,West,13.7,0
C008847,Treatment,1976.69,5,13,Consumer,South,8.8,0
C008848,Treatment,2347.17,4,17,SMB,West,14.8,0
C008849,Treatment,1786.56,2,9,Consumer,West,13.1,0
C008850,Treatment,2834.9,7,25,Consumer,South,6.8,1
C008851,Control,2007.24,7,19,Consumer,North,4.3,0
C008852,Control,1935.16,5,12,Enterprise,West,1.3,0
C008853,Control,1644.87,9,48,Consumer,North,16.9,0
C008854,Treatment,1532.44,10,26,Enterprise,West,2.0,0
C008855,Treatment,1957.57,7,25,Consumer,South,8.0,0
C008856,Control,1648.44,5,17,Consumer,South,10.8,0
C008857,Treatment,1897.89,4,19,SMB,South,3.6,0
C008858,Treatment,2220.84,2,8,SMB,South,16.5,0
C008859,Control,1034.94,5,13,Consumer,East,19.8,0
C008860,Control,1243.39,3,29,Consumer,South,9.6,0
C008861,Control,3938.43,6,28,SMB,South,8.1,0
C008862,Control,1545.42,1,8,SMB,South,5.8,0
C008863,Treatment,1954.74,3,9,SMB,South,10.7,0
C008864,Treatment,2968.66,8,26,SMB,West,0.0,1
C008865,Control,1002.18,3,26,Consumer,West,9.4,0
C008866,Control,1342.37,9,10,Consumer,East,12.3,0
C008867,Control,1447.73,7,29,SMB,West,6.2,0
C008868,Control,1885.98,5,10,Consumer,South,10.1,0
C008869,Control,3608.97,8,16,Consumer,North,11.2,0
C008870,Treatment,2322.51,10,16,Consumer,North,10.5,0
C008871,Treatment,3761.73,8,28,SMB,West,7.2,0
C008872,Treatment,2402.48,5,33,Consumer,South,12.0,0
C008873,Control,3805.01,1,13,SMB,West,5.3,0
C008874,Treatment,776.28,8,24,Consumer,South,4.4,0
C008875,Control,4060.71,11,54,Enterprise,North,6.0,0
C008876,Control,3782.1,14,37,SMB,South,10.2,1
C008877,Treatment,1201.72,1,8,Consumer,East,0.9,0
C008878,Treatment,2268.77,2,18,Consumer,South,3.7,1
C008879,Control,1189.03,3,21,Consumer,West,4.0,0
C008880,Control,2457.17,12,17,Consumer,East,9.6,0
C008881,Treatment,2312.54,10,19,SMB,South,5.3,0
C008882,Treatment,1938.53,4,27,SMB,East,4.0,0
C008883,Treatment,1992.21,7,33,SMB,South,3.1,0
C008884,Control,1703.22,7,31,Consumer,West,4.7,0
C008885,Control,3338.87,2,27,Consumer,South,6.4,1
C008886,Control,2065.99,3,8,Consumer,East,3.7,0
C008887,Control,1228.37,9,27,Consumer,South,9.8,0
C008888,Treatment,2056.45,4,10,SMB,North,8.2,0
C008889,Treatment,1570.21,2,8,Consumer,East,14.3,0
C008890,Control,1363.1,3,13,Consumer,South,16.6,0
C008891,Treatment,1402.66,1,6,Consumer,East,8.2,0
C008892,Treatment,2595.89,4,11,Consumer,South,11.2,0
C008893,Treatment,2049.19,10,20,SMB,North,11.8,0
C008894,Control,2243.93,7,33,Consumer,South,9.4,0
C008895,Control,2449.62,5,29,Consumer,East,5.6,0
C008896,Control,2151.12,2,16,Consumer,South,10.6,0
C008897,Control,1681.89,10,13,Consumer,South,3.3,1
C008898,Control,2369.48,8,4,Consumer,North,10.7,0
C008899,Control,2005.5,10,44,SMB,South,8.3,0
C008900,Control,1094.93,9,37,SMB,East,9.8,0
C008901,Control,2946.13,5,21,Enterprise,West,9.5,0
C008902,Treatment,4213.0,5,32,Consumer,South,15.2,0
C008903,Treatment,4366.28,5,19,Consumer,South,5.6,0
C008904,Control,993.78,1,8,Consumer,South,12.7,0
C008905,Treatment,1347.84,1,5,SMB,East,9.4,0
C008906,Control,700.59,4,20,Consumer,West,15.5,1
C008907,Control,2340.23,15,52,Consumer,South,3.1,0
C008908,Treatment,1642.88,2,1,Consumer,East,8.5,0
C008909,Control,1911.26,3,21,Enterprise,South,10.6,1
C008910,Control,1268.57,8,18,Consumer,North,8.9,1
C008911,Control,2891.34,6,23,Consumer,North,2.0,0
C008912,Treatment,3644.35,2,17,Consumer,North,6.1,0
C008913,Treatment,3480.14,15,59,Consumer,South,5.2,0
C008914,Control,1360.38,3,5,SMB,North,17.3,0
C008915,Control,2984.75,1,12,Consumer,North,9.5,1
C008916,Control,2502.44,5,15,SMB,North,4.4,0
C008917,Treatment,1581.85,1,6,SMB,North,12.4,1
C008918,Control,1398.94,5,29,Consumer,South,7.1,1
C008919,Treatment,723.71,3,13,SMB,West,14.8,1
C008920,Treatment,3357.9,1,12,Consumer,South,5.4,0
C008921,Control,6828.04,7,30,SMB,North,4.2,0
C008922,Treatment,1663.03,6,16,Consumer,South,6.6,0
C008923,Control,1879.74,1,8,Consumer,South,11.2,1
C008924,Control,1732.38,2,7,SMB,North,11.2,1
C008925,Control,2920.78,5,17,Enterprise,South,15.1,0
C008926,Control,1945.71,10,33,Enterprise,South,17.9,1
C008927,Treatment,1870.05,5,10,Consumer,South,11.8,0
C008928,Treatment,3437.83,4,23,Consumer,East,5.9,0
C008929,Control,2345.36,7,31,SMB,South,13.1,0
C008930,Control,1426.24,2,27,Consumer,North,9.3,0
C008931,Treatment,2375.94,2,12,Consumer,North,9.1,0
C008932,Control,2032.67,11,27,Enterprise,West,8.6,0
C008933,Control,1378.13,4,29,Consumer,East,4.4,1
C008934,Treatment,1123.46,6,6,Consumer,East,5.4,0
C008935,Treatment,1169.02,1,11,Consumer,West,3.5,0
C008936,Treatment,1177.52,7,15,Consumer,South,1.1,0
C008937,Control,1985.03,5,12,Consumer,North,10.1,0
C008938,Control,3872.78,8,7,Enterprise,East,15.6,1
C008939,Control,2563.07,1,8,SMB,North,10.8,0
C008940,Treatment,3285.63,2,14,Consumer,East,12.0,0
C008941,Control,2861.46,9,15,SMB,South,18.1,0
C008942,Control,1704.79,7,25,Consumer,North,4.4,0
C008943,Control,1301.39,6,15,Consumer,North,16.1,0
C008944,Treatment,1560.05,1,7,Consumer,South,14.6,0
C008945,Treatment,2431.36,4,29,Consumer,East,9.0,0
C008946,Treatment,1790.16,8,15,Consumer,North,4.0,1
C008947,Control,2575.64,6,21,Consumer,North,11.2,0
C008948,Treatment,1970.1,14,15,Enterprise,South,20.0,0
C008949,Control,1583.86,4,11,SMB,West,13.4,1
C008950,Control,1698.07,7,14,Consumer,West,5.4,0
C008951,Control,1743.94,10,27,Enterprise,East,12.3,0
C008952,Treatment,2398.58,10,34,Consumer,South,7.9,0
C008953,Control,611.41,7,14,Consumer,South,11.7,0
C008954,Treatment,2402.39,10,21,Consumer,South,4.5,0
C008955,Control,1053.48,2,5,Consumer,North,11.5,0
C008956,Control,1185.24,1,4,Consumer,North,6.9,0
C008957,Treatment,1254.18,9,24,Consumer,West,0.0,0
C008958,Treatment,1827.41,12,26,Consumer,South,9.1,0
C008959,Control,967.28,1,9,Consumer,North,5.5,0
C008960,Treatment,1110.68,9,11,Consumer,South,3.9,0
C008961,Control,3055.09,6,38,SMB,South,2.4,0
C008962,Control,534.76,6,20,Consumer,South,6.4,0
C008963,Treatment,1545.49,1,13,SMB,East,7.2,1
C008964,Treatment,2290.6,2,32,Consumer,West,9.7,0
C008965,Control,1250.78,2,8,SMB,East,6.0,1
C008966,Control,4640.28,11,41,Enterprise,West,5.0,0
C008967,Treatment,952.14,5,17,Consumer,South,6.7,0
C008968,Control,774.98,9,10,Consumer,East,9.2,0
C008969,Treatment,1193.73,6,43,SMB,West,8.4,0
C008970,Treatment,748.48,3,6,Consumer,South,9.3,0
C008971,Treatment,941.19,2,12,Consumer,West,4.2,0
C008972,Control,2183.9,7,35,Consumer,West,2.9,0
C008973,Treatment,1092.15,2,13,SMB,East,11.4,0
C008974,Control,1160.94,2,9,Consumer,North,10.5,0
C008975,Control,1308.07,6,27,SMB,South,0.1,0
C008976,Control,1585.96,2,23,Consumer,East,9.5,0
C008977,Control,1072.94,10,28,Consumer,West,7.9,0
C008978,Treatment,2796.58,10,25,Consumer,North,3.1,0
C008979,Treatment,2036.13,8,31,Consumer,South,16.6,0
C008980,Treatment,899.16,5,22,Consumer,South,1.3,0
C008981,Treatment,676.4,4,19,Consumer,South,12.9,0
C008982,Treatment,1714.79,12,36,Consumer,West,4.5,0
C008983,Treatment,1990.8,9,55,SMB,South,3.5,0
C008984,Treatment,3233.63,7,21,Enterprise,South,9.1,0
C008985,Treatment,2549.04,2,9,Enterprise,East,4.1,0
C008986,Treatment,1968.4,3,15,Consumer,South,14.3,1
C008987,Control,2940.22,3,7,Enterprise,East,13.8,0
C008988,Treatment,1579.66,10,39,Consumer,North,7.1,0
C008989,Control,2185.84,1,13,Consumer,North,9.9,0
C008990,Control,1269.1,1,13,Enterprise,West,11.9,1
C008991,Treatment,2378.23,4,20,Consumer,South,3.6,0
C008992,Control,1251.24,4,10,Consumer,South,15.1,0
C008993,Control,2547.23,1,10,Consumer,South,5.9,0
C008994,Control,2465.32,6,7,Consumer,East,8.3,0
C008995,Control,2205.19,8,8,Consumer,North,7.9,0
C008996,Treatment,2911.25,4,23,Consumer,South,6.0,1
C008997,Treatment,1644.97,6,21,Consumer,North,6.2,0
C008998,Control,407.41,7,12,Consumer,West,10.5,0
C008999,Treatment,3998.2,13,61,Consumer,South,11.1,1
C009000,Treatment,1614.53,4,18,Consumer,West,3.6,0
C009001,Treatment,2549.65,12,39,Consumer,East,8.2,0
C009002,Control,1263.93,8,15,Consumer,West,4.2,1
C009003,Control,3153.54,1,5,Enterprise,South,4.2,0
C009004,Control,4183.64,9,47,SMB,North,16.3,0
C009005,Control,1471.24,14,56,Consumer,West,7.6,1
C009006,Treatment,2444.45,8,43,Consumer,West,3.3,0
C009007,Control,2490.01,2,20,Enterprise,West,10.6,0
C009008,Treatment,2493.61,4,23,SMB,West,6.8,0
C009009,Treatment,2109.31,1,15,SMB,East,9.1,0
C009010,Control,4270.04,5,35,SMB,South,4.2,0
C009011,Control,1111.91,10,20,Consumer,West,8.7,0
C009012,Treatment,1811.12,3,28,Consumer,North,12.6,0
C009013,Treatment,1379.75,3,7,Consumer,West,12.7,0
C009014,Control,1491.43,1,13,Consumer,West,14.4,0
C009015,Treatment,1918.98,12,29,Enterprise,South,7.2,0
C009016,Treatment,1839.26,3,9,Consumer,South,5.9,0
C009017,Treatment,3090.08,9,14,SMB,East,8.8,0
C009018,Control,1592.52,2,17,SMB,West,8.3,0
C009019,Treatment,1236.33,13,22,SMB,North,7.5,0
C009020,Treatment,2826.92,1,10,SMB,South,4.2,0
C009021,Control,1102.9,9,30,Consumer,East,17.6,0
C009022,Treatment,1103.94,1,19,SMB,West,10.0,0
C009023,Treatment,1663.22,1,1,SMB,East,1.1,0
C009024,Control,697.46,2,6,Consumer,East,8.8,0
C009025,Treatment,764.76,3,6,Consumer,North,12.9,0
C009026,Treatment,2050.33,2,8,Consumer,South,20.2,0
C009027,Treatment,1657.32,8,28,Consumer,West,9.6,0
C009028,Treatment,1115.45,1,5,SMB,South,12.5,1
C009029,Control,1113.82,7,6,Consumer,South,10.8,0
C009030,Control,6589.41,15,62,Consumer,South,6.3,0
C009031,Control,1354.91,1,8,Consumer,South,10.6,0
C009032,Treatment,1992.29,5,13,SMB,South,8.0,0
C009033,Control,906.32,5,20,Consumer,West,5.5,1
C009034,Treatment,1555.08,1,10,Consumer,South,9.8,1
C009035,Control,1021.53,9,13,SMB,East,10.0,0
C009036,Control,742.09,1,9,Consumer,South,12.3,0
C009037,Treatment,1521.91,4,12,Consumer,West,13.1,0
C009038,Treatment,837.12,5,10,Consumer,North,0.9,0
C009039,Control,2231.53,5,18,SMB,North,4.8,0
C009040,Control,3090.79,6,12,Consumer,South,15.3,0
C009041,Control,1574.25,5,3,Consumer,West,6.1,0
C009042,Control,1332.42,13,56,SMB,East,4.1,1
C009043,Control,862.1,1,4,Consumer,East,0.8,0
C009044,Treatment,1073.49,7,24,Consumer,South,14.3,0
C009045,Control,1406.13,7,9,Consumer,South,7.9,0
C009046,Control,1761.27,5,19,Consumer,West,3.6,0
C009047,Control,1005.31,1,4,SMB,South,5.2,0
C009048,Control,1922.94,9,20,SMB,East,4.8,0
C009049,Treatment,2552.94,6,27,Consumer,West,17.7,1
C009050,Control,1386.93,8,18,Consumer,East,12.0,0
C009051,Control,2138.98,3,18,Enterprise,South,11.0,0
C009052,Treatment,2351.53,5,8,Consumer,South,11.2,0
C009053,Treatment,3314.08,3,13,SMB,North,15.1,0
C009054,Treatment,1263.36,1,3,Consumer,West,19.0,0
C009055,Treatment,1170.3,4,6,Consumer,West,9.7,0
C009056,Treatment,2797.1,5,30,SMB,South,7.5,0
C009057,Treatment,4184.62,11,72,Consumer,West,17.3,0
C009058,Treatment,1153.4,8,23,Consumer,North,6.3,0
C009059,Control,1750.58,4,19,Consumer,North,13.8,0
C009060,Treatment,2498.47,3,2,Consumer,North,4.1,0
C009061,Treatment,2349.87,6,18,Consumer,West,10.3,0
C009062,Treatment,752.93,5,6,SMB,North,8.9,0
C009063,Control,1608.03,8,21,Consumer,North,7.9,0
C009064,Treatment,2636.73,11,41,Consumer,North,10.0,1
C009065,Control,3522.3,5,9,Enterprise,South,7.0,0
C009066,Treatment,3192.68,7,16,Consumer,South,0.5,0
C009067,Control,942.53,3,16,Consumer,South,12.7,0
C009068,Treatment,1273.66,3,17,Consumer,West,7.5,0
C009069,Treatment,2531.94,8,22,SMB,West,8.5,0
C009070,Control,1597.66,1,9,Consumer,South,16.3,0
C009071,Control,2813.17,1,6,Consumer,West,7.9,0
C009072,Control,1122.8,6,46,Consumer,West,10.6,0
C009073,Treatment,2487.35,9,21,Consumer,West,5.3,0
C009074,Treatment,2140.1,12,36,Consumer,North,19.1,0
C009075,Treatment,1532.38,11,33,Consumer,West,6.0,0
C009076,Control,1423.48,3,9,Consumer,East,4.0,0
C009077,Treatment,2029.75,5,24,Consumer,North,0.0,0
C009078,Treatment,722.02,6,25,Consumer,West,11.8,0
C009079,Control,1547.35,5,13,Consumer,South,11.1,0
C009080,Control,1660.57,5,9,Consumer,West,7.9,1
C009081,Control,2670.3,1,13,SMB,East,7.9,0
C009082,Control,1666.71,6,14,Consumer,South,7.1,0
C009083,Control,1679.99,7,11,Consumer,North,16.5,0
C009084,Control,1552.25,5,7,Consumer,West,5.8,0
C009085,Control,1799.19,2,23,Consumer,North,7.9,1
C009086,Control,1807.29,5,6,SMB,West,0.1,0
C009087,Control,2855.62,7,28,Enterprise,East,11.3,0
C009088,Treatment,3134.66,18,59,Consumer,North,8.8,0
C009089,Treatment,2080.97,5,18,Enterprise,South,11.5,0
C009090,Control,1091.94,8,17,Consumer,West,10.9,0
C009091,Treatment,1679.61,8,12,SMB,West,10.2,1
C009092,Treatment,2111.65,10,31,SMB,North,5.8,0
C009093,Control,1054.54,3,15,Consumer,North,6.0,0
C009094,Control,2056.08,6,17,SMB,North,11.5,1
C009095,Control,1650.0,3,21,Consumer,West,6.5,0
C009096,Treatment,3448.05,1,8,SMB,North,11.6,0
C009097,Control,982.3,7,8,Consumer,North,9.6,0
C009098,Control,1330.51,4,12,Consumer,South,12.1,0
C009099,Treatment,3460.59,3,11,Consumer,West,3.9,0
C009100,Treatment,1459.28,15,43,Consumer,South,6.9,0
C009101,Control,1705.46,9,17,Consumer,East,9.0,0
C009102,Treatment,857.09,1,7,Consumer,North,5.4,0
C009103,Control,1458.08,4,13,Consumer,East,7.1,0
C009104,Treatment,1984.18,5,25,SMB,East,6.7,0
C009105,Treatment,2341.71,9,39,Consumer,West,10.4,0
C009106,Treatment,2039.61,19,72,Consumer,East,10.1,0
C009107,Control,1730.66,5,5,Consumer,North,9.2,0
C009108,Control,2742.42,8,57,Consumer,South,4.1,0
C009109,Treatment,3832.24,9,21,Consumer,North,6.0,1
C009110,Control,1371.55,8,38,Consumer,South,5.5,0
C009111,Treatment,841.02,5,11,Consumer,West,15.6,0
C009112,Control,1863.66,11,37,Consumer,South,2.5,0
C009113,Control,2259.36,12,40,Consumer,West,4.0,0
C009114,Control,3949.84,5,28,Enterprise,North,8.8,0
C009115,Control,1526.6,13,51,Consumer,West,4.3,0
C009116,Treatment,5024.18,6,8,Enterprise,West,6.0,1
C009117,Control,1264.67,3,11,Consumer,East,5.6,0
C009118,Treatment,825.33,3,14,Consumer,North,0.4,0
C009119,Treatment,1934.71,1,7,SMB,West,9.0,0
C009120,Treatment,2180.99,12,25,SMB,West,1.9,0
C009121,Treatment,2746.78,3,27,Enterprise,South,18.3,0
C009122,Treatment,1435.42,1,4,Consumer,West,6.5,0
C009123,Treatment,1975.95,9,34,Consumer,West,7.2,0
C009124,Control,1680.05,4,28,SMB,South,4.9,0
C009125,Treatment,1198.39,12,25,Consumer,South,9.1,1
C009126,Treatment,937.72,1,1,Consumer,South,10.2,0
C009127,Control,4015.99,6,20,Consumer,South,0.9,0
C009128,Treatment,1885.07,16,57,Consumer,West,10.3,0
C009129,Control,2442.05,3,24,Consumer,West,10.3,0
C009130,Treatment,4326.28,2,12,Enterprise,North,2.1,0
C009131,Control,1680.44,4,11,SMB,South,10.7,0
C009132,Treatment,3391.94,7,37,SMB,South,3.2,0
C009133,Control,2616.69,5,11,SMB,South,6.6,0
C009134,Treatment,1089.28,6,24,Consumer,East,6.4,0
C009135,Control,906.79,3,7,Consumer,East,3.0,0
C009136,Treatment,3987.81,14,51,SMB,South,3.8,0
C009137,Control,1795.84,6,36,Consumer,South,18.7,0
C009138,Treatment,734.22,9,37,Consumer,West,0.9,0
C009139,Control,1813.79,7,31,SMB,South,12.9,0
C009140,Control,1509.76,2,18,SMB,South,8.2,0
C009141,Control,1051.97,5,7,Consumer,West,16.0,0
C009142,Treatment,703.63,1,7,Consumer,West,14.1,0
C009143,Control,2169.64,3,30,SMB,East,3.2,0
C009144,Treatment,3224.29,7,16,Enterprise,South,5.8,0
C009145,Control,1712.65,1,19,SMB,East,12.9,0
C009146,Treatment,1231.95,11,20,Consumer,East,8.8,0
C009147,Control,1051.09,1,4,Consumer,South,4.4,0
C009148,Control,3251.7,11,27,Enterprise,North,5.3,0
C009149,Control,803.78,7,16,Consumer,South,18.7,0
C009150,Control,5865.69,6,45,SMB,South,8.7,0
C009151,Control,2250.29,5,16,Consumer,West,8.8,0
C009152,Control,579.58,4,35,Consumer,East,12.0,0
C009153,Treatment,3523.39,6,33,Consumer,North,3.1,1
C009154,Treatment,1874.37,4,18,Consumer,South,15.9,0
C009155,Control,1677.41,1,8,Consumer,South,0.0,1
C009156,Treatment,1991.99,4,25,SMB,South,15.1,0
C009157,Control,2196.53,7,30,Consumer,North,11.3,0
C009158,Control,2817.39,13,59,Enterprise,West,12.6,0
C009159,Control,1194.4,4,32,Consumer,West,6.4,0
C009160,Control,1653.44,4,22,SMB,West,5.8,0
C009161,Control,1324.48,7,23,Consumer,South,16.3,0
C009162,Treatment,1974.7,8,24,SMB,West,21.5,1
C009163,Treatment,2397.02,15,31,SMB,East,9.8,0
C009164,Treatment,776.04,8,14,SMB,South,14.8,0
C009165,Control,1880.96,3,21,Consumer,North,10.2,0
C009166,Control,1221.77,1,4,Consumer,North,6.1,0
C009167,Treatment,3417.53,4,9,Enterprise,South,17.3,1
C009168,Control,1621.83,10,23,Consumer,West,7.9,0
C009169,Control,699.87,15,39,Consumer,East,12.0,1
C009170,Control,1587.73,1,21,Consumer,West,9.7,1
C009171,Control,1972.95,11,33,SMB,South,11.3,0
C009172,Treatment,1112.25,4,34,SMB,North,7.1,1
C009173,Control,1840.29,7,32,SMB,South,10.1,0
C009174,Control,820.66,6,6,Consumer,North,4.8,0
C009175,Treatment,1764.74,1,12,Consumer,West,17.0,0
C009176,Treatment,6205.89,8,40,Enterprise,South,10.5,0
C009177,Control,2271.72,11,18,SMB,North,8.8,0
C009178,Control,2109.8,10,19,Consumer,South,11.7,0
C009179,Treatment,1736.68,7,21,Enterprise,West,12.1,1
C009180,Control,4627.99,5,46,Enterprise,South,6.2,0
C009181,Control,1154.19,1,11,Consumer,North,3.6,1
C009182,Control,743.07,8,31,Consumer,East,6.9,0
C009183,Control,2484.74,7,23,Enterprise,North,12.9,0
C009184,Treatment,2229.37,6,21,SMB,East,7.8,0
C009185,Treatment,2245.99,1,13,Consumer,East,3.8,1
C009186,Treatment,2703.8,7,27,Enterprise,South,9.7,0
C009187,Treatment,1364.24,8,17,SMB,South,16.6,0
C009188,Treatment,3020.38,9,42,SMB,North,8.7,0
C009189,Treatment,1882.85,5,31,Consumer,South,1.5,0
C009190,Treatment,1249.29,7,28,Consumer,East,5.1,0
C009191,Control,2085.8,10,37,Consumer,South,6.6,0
C009192,Control,2160.95,3,11,Consumer,North,9.0,0
C009193,Treatment,1794.68,13,52,Consumer,East,11.3,0
C009194,Control,6182.03,6,23,SMB,East,12.5,0
C009195,Control,863.49,1,18,Consumer,West,8.4,0
C009196,Control,1823.19,8,37,Consumer,West,4.8,0
C009197,Treatment,1998.42,7,11,Consumer,South,1.4,0
C009198,Control,1067.71,4,20,SMB,South,9.9,0
C009199,Control,1963.91,11,19,SMB,East,1.3,1
C009200,Control,736.01,1,16,Consumer,West,16.7,1
C009201,Control,1325.82,9,32,Consumer,South,14.0,0
C009202,Treatment,1142.91,9,27,Consumer,West,15.4,0
C009203,Control,1304.84,2,18,SMB,East,7.9,0
C009204,Control,8099.68,10,41,SMB,South,9.2,0
C009205,Control,1831.25,1,23,SMB,West,3.4,0
C009206,Treatment,2919.66,7,26,SMB,North,12.7,0
C009207,Treatment,1484.41,6,28,SMB,West,1.8,0
C009208,Control,1683.07,4,9,Consumer,South,7.9,1
C009209,Control,781.58,7,18,Consumer,East,4.6,0
C009210,Treatment,3398.18,4,16,Consumer,East,15.5,0
C009211,Treatment,1951.04,1,14,Consumer,North,10.7,0
C009212,Control,1587.45,1,15,Consumer,East,10.1,0
C009213,Control,1949.18,10,62,Consumer,South,7.5,0
C009214,Control,1652.69,5,13,Consumer,South,12.2,1
C009215,Control,3664.18,10,37,Consumer,North,15.8,0
C009216,Treatment,1949.49,1,27,SMB,West,15.9,0
C009217,Treatment,1685.58,11,22,Consumer,West,20.6,1
C009218,Treatment,927.79,5,15,Consumer,North,4.4,1
C009219,Treatment,2255.79,1,5,Consumer,West,6.2,0
C009220,Control,1425.84,2,13,Consumer,West,12.4,0
C009221,Treatment,3173.0,3,15,Enterprise,North,9.0,0
C009222,Control,947.69,9,19,Consumer,West,10.4,0
C009223,Control,1559.78,12,42,SMB,North,2.2,0
C009224,Treatment,2158.24,5,17,Enterprise,West,12.6,1
C009225,Control,2305.27,5,1,SMB,South,6.8,0
C009226,Treatment,2041.45,10,32,Consumer,West,10.9,0
C009227,Treatment,1978.53,6,26,Consumer,South,8.1,1
C009228,Treatment,1039.94,9,23,Consumer,South,4.0,0
C009229,Treatment,1352.04,12,33,SMB,West,16.6,0
C009230,Control,2477.1,9,22,Enterprise,East,11.7,1
C009231,Control,742.09,10,36,SMB,East,8.9,0
C009232,Treatment,1180.93,10,33,Consumer,East,4.5,0
C009233,Treatment,1844.24,4,27,Consumer,East,12.3,0
C009234,Treatment,3941.41,5,48,Consumer,North,11.1,0
C009235,Control,2733.76,6,21,Enterprise,North,4.9,0
C009236,Control,2063.81,4,14,Consumer,North,11.1,1
C009237,Control,2297.35,6,27,Consumer,North,8.5,0
C009238,Treatment,1024.37,1,10,Consumer,West,10.9,0
C009239,Treatment,3148.3,5,8,Consumer,South,11.4,0
C009240,Treatment,2132.11,4,14,Consumer,South,6.0,0
C009241,Control,1673.9,3,21,Consumer,North,11.0,1
C009242,Control,2321.73,2,11,Consumer,West,15.5,1
C009243,Control,2270.8,2,19,Consumer,North,12.1,0
C009244,Control,1779.38,2,5,Consumer,North,9.0,0
C009245,Control,821.96,7,27,Consumer,West,9.3,1
C009246,Treatment,2450.91,7,20,SMB,North,15.9,0
C009247,Control,2086.31,1,25,SMB,West,15.7,0
C009248,Control,2148.85,5,17,SMB,South,4.2,0
C009249,Treatment,1836.15,1,8,Consumer,West,11.3,0
C009250,Treatment,1552.44,3,15,SMB,North,7.8,0
C009251,Control,3305.0,14,54,Consumer,South,3.4,0
C009252,Control,1351.33,2,8,Consumer,South,12.7,0
C009253,Treatment,2764.22,1,26,SMB,East,11.5,0
C009254,Treatment,994.88,8,40,Consumer,West,6.3,0
C009255,Treatment,1631.57,7,6,Consumer,South,7.8,0
C009256,Control,692.22,12,38,Consumer,East,14.3,1
C009257,Treatment,4185.84,15,31,SMB,North,7.2,0
C009258,Treatment,2069.16,4,10,SMB,West,6.3,0
C009259,Control,1119.78,1,6,Consumer,West,3.9,0
C009260,Control,2338.61,10,47,Consumer,North,11.6,1
C009261,Treatment,1401.04,4,8,Consumer,North,2.5,0
C009262,Control,854.16,3,13,Consumer,West,2.5,0
C009263,Treatment,1990.49,16,63,Consumer,West,7.9,1
C009264,Treatment,1161.81,6,15,Consumer,East,6.2,0
C009265,Control,1332.56,1,5,SMB,South,2.9,0
C009266,Treatment,1757.37,5,4,Enterprise,West,4.0,0
C009267,Control,1451.08,6,18,Consumer,South,1.5,0
C009268,Treatment,2195.65,9,16,Consumer,West,9.7,0
C009269,Treatment,2913.54,6,9,SMB,West,3.1,0
C009270,Treatment,1630.47,6,4,Consumer,West,3.4,0
C009271,Control,2513.19,5,18,Consumer,West,8.3,0
C009272,Treatment,2602.96,1,6,Consumer,West,7.9,0
C009273,Treatment,4246.31,8,12,Consumer,North,9.4,0
C009274,Treatment,882.03,6,11,Consumer,West,17.7,0
C009275,Treatment,2208.79,9,10,Consumer,South,6.1,0
C009276,Control,2706.08,1,6,SMB,South,0.0,0
C009277,Treatment,1693.79,4,6,Consumer,South,12.9,0
C009278,Control,2416.4,7,27,Enterprise,South,3.2,0
C009279,Control,2362.17,4,24,Consumer,South,12.2,0
C009280,Treatment,3179.11,1,3,Consumer,South,4.8,0
C009281,Treatment,3628.79,8,36,Consumer,North,9.1,0
C009282,Treatment,3885.46,1,9,SMB,South,7.3,0
C009283,Control,1535.29,7,8,Consumer,South,6.8,0
C009284,Control,509.24,5,13,Consumer,East,0.9,0
C009285,Control,1331.71,2,11,Consumer,East,6.4,0
C009286,Control,2334.18,13,39,Enterprise,East,3.7,0
C009287,Treatment,6930.35,8,20,Enterprise,West,10.4,0
C009288,Treatment,1790.69,4,9,SMB,East,18.1,0
C009289,Control,1406.2,5,16,Consumer,South,8.6,0
C009290,Control,1390.23,1,4,Consumer,South,16.6,0
C009291,Control,2072.08,5,16,Consumer,South,0.9,0
C009292,Treatment,1374.18,2,6,Consumer,North,9.8,1
C009293,Treatment,3011.56,12,33,Enterprise,West,7.1,1
C009294,Control,2491.31,7,22,Consumer,North,5.6,1
C009295,Control,716.96,4,15,Consumer,West,0.0,0
C009296,Control,3073.78,12,34,SMB,North,10.9,0
C009297,Control,1150.49,4,19,Consumer,East,12.7,0
C009298,Treatment,3281.98,8,38,Consumer,South,9.3,0
C009299,Treatment,1513.6,6,19,Consumer,West,1.8,1
C009300,Control,1149.91,8,23,Consumer,West,4.6,0
C009301,Treatment,1975.16,9,29,Consumer,North,6.8,1
C009302,Control,1277.58,13,29,Consumer,North,14.1,0
C009303,Control,3890.9,4,5,Enterprise,East,3.2,1
C009304,Treatment,2872.54,1,9,Enterprise,North,11.9,0
C009305,Control,881.45,4,10,Consumer,North,14.7,0
C009306,Control,1510.84,6,21,SMB,West,8.5,1
C009307,Treatment,1317.28,2,13,Consumer,East,10.1,0
C009308,Treatment,1297.89,2,4,Consumer,North,8.0,0
C009309,Control,1649.8,1,9,Consumer,South,2.9,0
C009310,Treatment,788.48,4,8,Consumer,North,9.2,0
C009311,Control,4253.64,11,51,Consumer,West,4.9,0
C009312,Treatment,2116.87,7,44,SMB,North,13.1,1
C009313,Control,1676.19,6,30,SMB,South,13.0,0
C009314,Treatment,1055.4,8,15,Consumer,South,9.1,0
C009315,Control,1007.55,7,25,Consumer,West,6.8,1
C009316,Treatment,2341.43,6,26,Consumer,North,11.5,1
C009317,Treatment,1898.59,1,9,Enterprise,East,5.7,1
C009318,Control,893.7,7,17,Consumer,South,0.0,0
C009319,Treatment,1148.31,6,10,Consumer,West,4.4,0
C009320,Control,2713.29,5,4,Enterprise,South,6.9,1
C009321,Treatment,2160.06,8,21,Consumer,West,3.7,0
C009322,Control,1150.09,10,26,SMB,West,14.7,0
C009323,Control,574.91,3,14,Consumer,South,2.0,1
C009324,Treatment,2121.33,7,38,Enterprise,South,10.5,0
C009325,Control,6011.47,8,26,Enterprise,West,9.0,0
C009326,Treatment,588.14,4,8,Consumer,South,3.7,1
C009327,Treatment,894.58,4,14,Consumer,West,8.8,0
C009328,Control,1382.46,3,5,Consumer,West,3.9,0
C009329,Control,4981.57,14,33,Consumer,South,9.2,0
C009330,Treatment,1439.13,8,29,Consumer,North,9.0,0
C009331,Treatment,2048.53,8,21,Consumer,South,0.6,0
C009332,Control,2506.2,2,22,Consumer,East,0.3,0
C009333,Control,1399.19,9,21,SMB,South,15.4,0
C009334,Treatment,3087.34,7,25,Consumer,East,10.6,0
C009335,Treatment,1236.57,7,25,Consumer,South,6.1,0
C009336,Treatment,1865.18,3,9,Consumer,West,7.3,1
C009337,Control,3972.06,1,5,Consumer,North,6.8,1
C009338,Treatment,1386.14,3,29,Consumer,South,13.1,0
C009339,Treatment,1770.49,6,34,Consumer,North,6.9,0
C009340,Control,1479.93,19,34,Consumer,North,2.3,0
C009341,Control,3273.05,15,42,Enterprise,South,6.6,1
C009342,Control,1463.19,10,41,Consumer,West,5.1,0
C009343,Treatment,2505.88,8,28,Consumer,South,7.9,0
C009344,Control,2610.84,8,11,Enterprise,South,15.0,0
C009345,Treatment,1486.86,3,5,Consumer,East,2.5,0
C009346,Treatment,1805.01,1,13,SMB,East,3.8,0
C009347,Control,1731.61,6,3,SMB,South,11.7,0
C009348,Treatment,2083.05,9,35,Consumer,South,4.8,0
C009349,Treatment,2550.52,3,6,Enterprise,South,13.7,1
C009350,Control,1287.2,5,19,Consumer,North,13.2,1
C009351,Treatment,3020.32,4,18,SMB,South,12.0,0
C009352,Treatment,1680.85,11,35,Consumer,North,14.3,0
C009353,Control,1796.84,7,24,Consumer,East,12.9,0
C009354,Treatment,1667.04,4,11,Consumer,West,6.0,0
C009355,Treatment,3193.51,3,19,Consumer,South,19.6,1
C009356,Control,992.11,12,18,Consumer,South,2.9,0
C009357,Treatment,1389.09,7,8,Consumer,West,8.8,1
C009358,Treatment,1947.3,8,15,Consumer,South,7.6,1
C009359,Treatment,2209.3,13,31,Consumer,East,16.0,0
C009360,Control,1202.81,6,20,Consumer,West,11.7,0
C009361,Control,2882.09,8,15,SMB,East,12.1,0
C009362,Control,606.27,8,21,Consumer,East,11.7,0
C009363,Treatment,2129.01,3,6,SMB,South,5.5,0
C009364,Treatment,4661.44,8,34,SMB,West,5.5,1
C009365,Treatment,1838.86,12,51,Consumer,East,17.5,0
C009366,Control,1042.53,3,3,Consumer,North,15.6,0
C009367,Treatment,2517.73,1,2,SMB,East,8.3,1
C009368,Treatment,1525.25,7,19,Consumer,North,5.6,0
C009369,Treatment,770.72,6,5,Consumer,South,10.1,1
C009370,Treatment,2042.78,4,19,Consumer,North,14.9,0
C009371,Treatment,1048.28,4,21,Consumer,East,10.9,1
C009372,Control,2331.54,5,26,Consumer,South,6.8,0
C009373,Treatment,3285.34,4,18,SMB,South,9.0,0
C009374,Treatment,3594.24,1,1,Enterprise,East,9.4,1
C009375,Treatment,2558.15,9,43,Consumer,South,16.3,0
C009376,Control,3178.61,10,25,SMB,South,4.7,0
C009377,Treatment,1972.26,1,11,SMB,South,9.6,1
C009378,Control,4180.25,4,13,Enterprise,South,12.5,0
C009379,Control,2859.58,6,12,SMB,West,4.3,0
C009380,Control,2207.01,4,8,Consumer,South,6.6,0
C009381,Control,1933.05,7,19,Consumer,East,12.9,0
C009382,Control,1680.97,6,13,Enterprise,West,10.5,1
C009383,Control,2582.25,8,28,Consumer,East,12.0,0
C009384,Treatment,2302.96,2,21,Consumer,South,14.7,0
C009385,Control,963.71,14,60,SMB,South,8.5,1
C009386,Treatment,2431.39,2,10,Consumer,West,17.2,0
C009387,Treatment,2317.2,10,31,SMB,South,16.0,0
C009388,Treatment,1746.91,2,11,Consumer,South,8.6,1
C009389,Control,1819.89,7,14,SMB,South,12.0,0
C009390,Control,2432.75,3,6,SMB,North,10.3,1
C009391,Treatment,1680.56,6,15,Consumer,East,2.0,0
C009392,Treatment,2130.93,5,8,Enterprise,West,16.1,0
C009393,Treatment,1087.15,19,69,Consumer,West,4.7,0
C009394,Control,3797.38,8,21,SMB,East,13.0,0
C009395,Treatment,1479.05,6,25,Consumer,West,8.8,0
C009396,Treatment,920.18,6,13,Consumer,West,3.6,0
C009397,Treatment,8203.77,14,55,SMB,West,13.9,0
C009398,Treatment,3739.89,11,34,SMB,West,12.0,1
C009399,Treatment,2217.82,7,23,Enterprise,West,5.8,0
C009400,Treatment,1226.1,9,13,SMB,South,3.5,0
C009401,Treatment,1967.87,12,47,Consumer,North,9.5,0
C009402,Treatment,3942.61,2,22,SMB,North,10.1,0
C009403,Treatment,1489.48,7,22,Enterprise,East,12.2,0
C009404,Control,2534.41,5,27,Enterprise,West,0.0,0
C009405,Treatment,5401.61,9,41,Enterprise,West,15.0,0
C009406,Treatment,1088.72,10,40,SMB,West,8.1,0
C009407,Control,1112.05,5,10,SMB,West,11.7,0
C009408,Control,1960.05,5,21,SMB,South,8.4,0
C009409,Treatment,1439.55,10,19,Consumer,South,12.6,0
C009410,Treatment,2459.79,6,22,SMB,East,3.0,0
C009411,Control,743.06,9,37,Consumer,North,3.1,0
C009412,Control,2258.6,14,45,Consumer,West,11.5,0
C009413,Control,1115.97,5,10,Consumer,East,14.8,1
C009414,Treatment,1741.45,1,12,Consumer,North,10.9,0
C009415,Treatment,1203.31,1,15,SMB,East,4.6,0
C009416,Treatment,864.13,15,38,Consumer,East,14.7,0
C009417,Control,1269.51,9,35,Consumer,West,9.3,1
C009418,Treatment,1224.12,2,1,Consumer,West,7.5,0
C009419,Treatment,1956.92,10,23,SMB,South,11.0,1
C009420,Treatment,773.7,3,6,Consumer,West,8.9,0
C009421,Control,940.83,4,15,Consumer,North,4.7,1
C009422,Control,1055.03,3,4,Consumer,South,10.8,1
C009423,Treatment,7044.2,4,18,Enterprise,South,4.9,1
C009424,Control,2144.67,5,18,Consumer,West,12.5,0
C009425,Treatment,2455.2,4,10,Enterprise,West,8.8,1
C009426,Treatment,1507.86,6,17,Consumer,North,8.9,0
C009427,Control,2153.68,4,15,Consumer,East,12.8,0
C009428,Control,2621.16,6,21,Enterprise,West,4.1,0
C009429,Treatment,1720.86,3,3,SMB,West,8.0,0
C009430,Treatment,921.42,11,8,Consumer,South,12.9,0
C009431,Control,2579.54,8,24,Consumer,North,7.7,0
C009432,Control,1257.88,1,12,Consumer,South,0.0,1
C009433,Treatment,941.73,3,7,Consumer,West,9.8,0
C009434,Control,1429.99,1,9,Consumer,South,12.2,1
C009435,Treatment,4425.59,10,49,Consumer,South,11.3,1
C009436,Treatment,1422.96,2,5,Consumer,West,11.2,1
C009437,Control,979.19,1,10,Consumer,South,7.2,0
C009438,Treatment,1757.0,11,19,SMB,East,5.4,0
C009439,Treatment,2087.67,6,19,Consumer,West,11.5,0
C009440,Control,2139.81,8,17,Consumer,South,9.1,0
C009441,Treatment,1333.63,2,10,Consumer,South,7.5,0
C009442,Treatment,1298.8,4,12,Enterprise,South,7.0,1
C009443,Treatment,1476.42,7,15,Consumer,East,9.5,0
C009444,Control,1611.17,1,6,Consumer,North,10.2,0
C009445,Treatment,3987.67,19,47,Enterprise,North,6.3,0
C009446,Control,2766.09,7,11,Consumer,South,9.1,1
C009447,Treatment,3945.86,8,30,Consumer,South,2.2,0
C009448,Treatment,3867.76,4,20,SMB,West,11.7,0
C009449,Control,1205.69,7,23,Consumer,South,10.3,0
C009450,Control,1678.5,1,22,Consumer,West,9.8,0
C009451,Treatment,1027.12,4,7,Consumer,West,7.6,0
C009452,Control,2496.95,13,37,Enterprise,East,15.8,1
C009453,Treatment,2675.88,1,4,Enterprise,East,6.7,1
C009454,Treatment,987.64,2,9,Consumer,North,2.3,0
C009455,Treatment,1873.22,3,19,Consumer,South,7.0,0
C009456,Control,921.66,8,14,Consumer,South,3.4,0
C009457,Control,2756.26,5,10,Enterprise,South,0.0,0
C009458,Control,1707.85,7,35,SMB,West,17.2,0
C009459,Treatment,1495.3,7,25,Consumer,South,6.2,0
C009460,Treatment,2711.23,6,21,Enterprise,North,14.0,0
C009461,Treatment,2816.95,1,15,Enterprise,West,10.6,1
C009462,Control,978.57,3,24,Consumer,West,14.3,0
C009463,Control,2474.03,6,30,SMB,West,5.0,0
C009464,Control,1683.4,1,12,SMB,North,18.4,0
C009465,Treatment,1143.94,3,7,Consumer,South,4.3,0
C009466,Control,2768.87,1,6,Enterprise,South,9.8,0
C009467,Control,2412.77,10,38,Consumer,East,7.0,0
C009468,Treatment,2993.01,3,8,Consumer,East,14.1,0
C009469,Treatment,1341.91,5,8,Enterprise,West,11.4,0
C009470,Control,5302.89,8,30,Enterprise,South,0.1,0
C009471,Treatment,1242.35,1,18,Consumer,West,7.8,0
C009472,Control,3095.9,10,49,SMB,South,15.0,0
C009473,Control,1159.8,6,13,SMB,North,5.6,0
C009474,Control,2374.25,9,18,SMB,West,7.5,0
C009475,Control,1131.63,8,15,Consumer,South,8.8,1
C009476,Treatment,3510.58,13,38,Enterprise,South,7.1,0
C009477,Treatment,1593.96,5,17,SMB,South,14.5,0
C009478,Treatment,1568.42,8,15,SMB,North,6.1,1
C009479,Control,1061.73,10,16,Consumer,North,9.2,0
C009480,Treatment,2715.84,4,2,Consumer,West,12.6,0
C009481,Treatment,986.21,3,4,Consumer,South,10.3,0
C009482,Control,1849.28,5,9,Consumer,West,12.8,0
C009483,Treatment,2338.62,1,20,Enterprise,West,7.3,0
C009484,Treatment,1205.6,5,25,Consumer,West,6.9,0
C009485,Treatment,1838.3,1,27,Consumer,West,9.7,0
C009486,Control,2183.01,6,25,Consumer,East,8.5,1
C009487,Treatment,1577.87,4,23,SMB,South,9.3,0
C009488,Treatment,3812.01,1,16,Consumer,West,9.2,0
C009489,Treatment,5057.5,8,25,SMB,South,10.5,0
C009490,Treatment,1522.71,3,16,Consumer,North,9.8,0
C009491,Control,2089.25,10,45,Consumer,East,11.6,0
C009492,Treatment,1831.49,6,18,Consumer,North,7.5,0
C009493,Treatment,1333.01,1,9,Consumer,East,12.2,0
C009494,Treatment,4197.06,18,72,SMB,West,7.4,0
C009495,Control,1104.75,2,2,SMB,East,19.1,0
C009496,Control,2513.06,6,13,Consumer,South,14.5,1
C009497,Control,1670.21,3,18,SMB,North,17.1,1
C009498,Control,3512.8,8,18,Enterprise,South,8.9,0
C009499,Treatment,1909.84,4,11,SMB,North,5.0,0
C009500,Control,1570.42,4,12,SMB,South,0.0,0
C009501,Treatment,999.63,5,23,Consumer,West,4.3,0
C009502,Treatment,1099.62,1,4,Consumer,East,9.4,0
C009503,Treatment,1321.95,6,21,Consumer,East,15.5,0
C009504,Control,3099.23,11,40,Consumer,South,6.4,0
C009505,Treatment,1205.67,4,15,Consumer,North,7.1,0
C009506,Treatment,2475.82,5,31,Consumer,East,12.1,0
C009507,Treatment,983.63,4,20,Consumer,South,0.0,0
C009508,Control,1079.35,4,6,Consumer,South,12.5,0
C009509,Treatment,2411.51,5,3,SMB,East,14.3,1
C009510,Control,1980.49,8,17,Consumer,South,16.6,0
C009511,Treatment,1435.05,5,5,Consumer,North,10.0,0
C009512,Control,944.23,4,30,Consumer,South,9.1,0
C009513,Control,2212.58,7,19,Consumer,South,11.1,1
C009514,Treatment,1418.87,11,45,Consumer,East,13.0,0
C009515,Control,1642.6,2,9,Consumer,North,13.6,0
C009516,Treatment,1158.14,1,7,Consumer,West,9.4,0
C009517,Treatment,1608.33,5,25,Consumer,South,6.7,1
C009518,Control,1964.86,14,36,SMB,North,5.2,1
C009519,Control,3770.73,9,33,Consumer,North,10.8,1
C009520,Control,2401.62,9,42,Enterprise,West,10.9,0
C009521,Treatment,1144.5,4,25,Consumer,South,6.0,1
C009522,Treatment,1765.66,6,14,Consumer,West,8.7,0
C009523,Control,570.95,9,13,Consumer,West,19.7,1
C009524,Treatment,2258.39,10,35,Enterprise,South,15.4,0
C009525,Control,3280.62,5,36,Consumer,South,18.1,0
C009526,Treatment,1463.94,5,32,Consumer,East,12.7,0
C009527,Treatment,1167.2,1,15,Consumer,West,16.0,1
C009528,Control,7120.66,13,27,Enterprise,South,6.0,0
C009529,Treatment,1595.85,7,25,Consumer,West,14.2,0
C009530,Control,1066.34,9,25,Consumer,East,11.1,0
C009531,Treatment,1995.43,7,24,Consumer,West,13.9,0
C009532,Treatment,1784.15,6,18,SMB,North,9.5,0
C009533,Treatment,1570.65,2,12,Consumer,South,4.1,0
C009534,Control,1263.69,1,7,Consumer,North,6.6,0
C009535,Treatment,1066.71,12,72,Consumer,West,16.1,1
C009536,Control,2018.56,4,12,Consumer,South,4.9,0
C009537,Treatment,3785.54,5,25,Consumer,East,10.6,0
C009538,Control,958.35,2,8,Enterprise,North,8.0,0
C009539,Treatment,2968.17,6,20,Consumer,South,14.0,1
C009540,Control,1565.49,1,22,Consumer,South,2.4,0
C009541,Treatment,973.88,1,4,Consumer,West,6.3,0
C009542,Treatment,1703.1,6,4,Consumer,South,2.3,0
C009543,Control,2722.6,11,25,SMB,West,6.4,0
C009544,Treatment,1537.3,9,14,Consumer,West,12.7,0
C009545,Treatment,1278.48,2,5,SMB,West,1.2,0
C009546,Control,1793.29,2,3,Enterprise,East,4.7,0
C009547,Treatment,1522.06,8,18,Consumer,East,5.4,0
C009548,Treatment,2700.34,5,39,SMB,East,7.6,0
C009549,Treatment,3515.43,5,23,SMB,North,6.8,0
C009550,Control,866.0,7,21,Consumer,South,9.6,0
C009551,Treatment,2205.25,5,21,SMB,West,12.4,0
C009552,Control,1293.71,6,6,Consumer,North,0.8,0
C009553,Treatment,1308.78,2,1,Consumer,North,10.8,0
C009554,Control,1855.63,1,10,Consumer,East,7.9,1
C009555,Control,930.33,2,7,Consumer,West,10.3,0
C009556,Control,1369.11,1,7,SMB,South,7.3,0
C009557,Control,912.7,10,29,Consumer,West,14.0,0
C009558,Treatment,2051.29,11,35,Consumer,South,7.8,0
C009559,Treatment,946.57,4,3,Consumer,South,15.4,1
C009560,Treatment,844.64,4,2,Consumer,West,15.9,1
C009561,Treatment,2112.85,10,30,Consumer,South,7.9,1
C009562,Control,1577.14,13,25,SMB,East,11.1,0
C009563,Control,1960.76,4,16,Enterprise,West,10.0,0
C009564,Treatment,2882.65,14,60,Consumer,South,10.1,1
C009565,Treatment,2403.39,9,35,Enterprise,North,0.0,0
C009566,Treatment,3430.4,8,26,Enterprise,West,0.0,1
C009567,Control,2475.54,6,16,Consumer,South,9.6,1
C009568,Treatment,1717.34,7,6,Enterprise,West,13.6,0
C009569,Control,12298.47,14,38,SMB,West,10.9,1
C009570,Treatment,1100.24,4,7,SMB,East,11.6,0
C009571,Control,3809.07,9,23,Consumer,South,10.3,0
C009572,Treatment,3410.2,6,44,SMB,South,9.3,1
C009573,Control,1042.82,5,7,Consumer,North,13.6,0
C009574,Treatment,3357.18,10,14,SMB,South,7.0,0
C009575,Control,888.15,1,11,Consumer,West,13.0,0
C009576,Treatment,999.71,7,16,SMB,West,8.0,0
C009577,Control,1843.81,11,33,Enterprise,West,8.8,1
C009578,Treatment,740.42,3,7,Consumer,West,15.0,0
C009579,Control,774.16,6,12,Consumer,North,9.8,0
C009580,Control,1834.82,1,4,Consumer,South,11.2,0
C009581,Treatment,2275.19,11,21,Consumer,South,13.2,0
C009582,Control,1752.49,7,12,Enterprise,East,0.0,0
C009583,Control,2947.14,3,3,SMB,West,10.8,0
C009584,Treatment,1241.6,2,21,SMB,West,9.5,1
C009585,Treatment,3610.63,5,25,SMB,West,2.4,0
C009586,Treatment,1086.25,1,13,Consumer,South,7.3,0
C009587,Control,1954.42,8,30,Consumer,South,10.5,0
C009588,Treatment,1339.08,5,13,Consumer,South,4.6,0
C009589,Treatment,1464.19,3,10,Consumer,South,10.1,0
C009590,Control,2037.26,2,6,SMB,South,5.5,0
C009591,Treatment,2489.44,15,72,SMB,West,5.7,0
C009592,Control,1625.58,4,23,Consumer,South,6.3,0
C009593,Treatment,1051.22,5,20,Consumer,East,12.5,0
C009594,Treatment,852.88,6,18,Consumer,West,15.2,0
C009595,Control,1107.58,3,30,SMB,South,11.6,0
C009596,Control,2312.24,14,39,SMB,East,6.6,0
C009597,Control,3010.66,4,20,Consumer,West,11.3,1
C009598,Control,1512.63,6,31,SMB,West,12.5,0
C009599,Treatment,3242.96,11,35,SMB,North,8.5,1
C009600,Treatment,2765.37,13,38,Consumer,East,4.8,0
C009601,Treatment,1348.74,10,16,Consumer,South,16.9,1
C009602,Control,1139.18,8,13,Consumer,South,7.6,0
C009603,Treatment,2387.03,1,16,SMB,North,8.7,0
C009604,Control,3328.75,7,19,Enterprise,East,6.3,0
C009605,Control,2232.31,9,22,Consumer,South,16.7,0
C009606,Treatment,787.16,5,3,Consumer,East,14.9,0
C009607,Treatment,7398.87,3,30,Enterprise,South,10.7,1
C009608,Treatment,1322.83,1,9,Consumer,North,13.6,0
C009609,Treatment,1680.22,7,35,Consumer,West,8.4,1
C009610,Control,1432.68,6,8,Consumer,North,13.7,0
C009611,Treatment,2678.4,4,18,Consumer,South,9.0,0
C009612,Treatment,7783.44,6,14,Enterprise,South,10.1,1
C009613,Treatment,1526.26,2,3,Consumer,South,6.1,0
C009614,Control,1356.9,6,9,SMB,South,0.3,0
C009615,Control,2729.61,11,42,SMB,West,5.8,0
C009616,Control,2171.87,5,10,SMB,East,9.1,0
C009617,Control,1108.02,1,9,Consumer,North,5.8,1
C009618,Control,2706.41,8,42,Consumer,North,20.2,0
C009619,Treatment,4681.38,8,23,Enterprise,West,13.1,0
C009620,Treatment,2586.59,3,9,Consumer,South,10.6,0
C009621,Control,1681.33,2,15,Consumer,South,9.5,0
C009622,Treatment,5031.64,8,55,SMB,North,10.3,0
C009623,Treatment,2191.96,4,37,SMB,West,14.1,0
C009624,Treatment,789.65,5,10,Consumer,East,9.1,0
C009625,Treatment,2712.29,11,18,Consumer,South,6.4,0
C009626,Treatment,1519.9,1,15,Consumer,North,7.0,0
C009627,Control,3534.73,6,15,Consumer,West,3.7,0
C009628,Control,750.9,4,17,Consumer,North,5.1,0
C009629,Treatment,3071.02,2,4,Enterprise,South,12.7,1
C009630,Treatment,1089.48,4,7,SMB,West,12.4,0
C009631,Treatment,3760.47,4,32,SMB,South,12.7,0
C009632,Treatment,3166.47,9,34,Consumer,South,3.9,0
C009633,Control,1279.88,10,17,SMB,East,13.7,0
C009634,Control,2772.77,5,13,Consumer,East,7.2,1
C009635,Treatment,1041.65,5,14,SMB,South,7.3,1
C009636,Control,2502.47,11,42,Consumer,South,4.8,0
C009637,Treatment,2662.64,10,45,Consumer,South,2.8,0
C009638,Treatment,2580.18,12,38,Consumer,South,4.5,0
C009639,Treatment,2663.98,9,19,Consumer,South,5.0,0
C009640,Control,1767.81,3,13,Consumer,South,6.9,1
C009641,Treatment,2858.42,3,26,SMB,South,13.0,0
C009642,Control,1241.71,7,12,SMB,South,12.8,0
C009643,Treatment,1190.89,5,18,Consumer,South,12.8,0
C009644,Control,1616.64,4,17,SMB,East,6.8,0
C009645,Treatment,2299.07,8,16,Consumer,East,6.6,0
C009646,Control,2159.24,3,10,SMB,West,13.6,0
C009647,Control,1592.39,9,20,Consumer,East,2.2,1
C009648,Treatment,482.87,8,12,Consumer,East,0.0,0
C009649,Control,976.2,6,3,SMB,North,3.3,0
C009650,Control,1411.14,4,4,Consumer,West,10.3,0
C009651,Treatment,1744.82,5,14,SMB,South,8.8,0
C009652,Treatment,1648.04,2,7,SMB,West,3.3,0
C009653,Control,2640.99,1,14,SMB,West,9.7,0
C009654,Treatment,2622.61,7,5,Enterprise,South,11.8,0
C009655,Treatment,876.02,9,33,Consumer,West,20.5,0
C009656,Treatment,1078.01,3,13,Consumer,East,15.0,0
C009657,Control,2155.75,8,22,SMB,East,10.3,0
C009658,Control,2580.09,13,35,Consumer,South,13.1,0
C009659,Treatment,1834.51,9,33,SMB,South,20.5,0
C009660,Control,2931.46,9,20,SMB,West,5.1,0
C009661,Control,936.16,12,35,SMB,North,2.7,0
C009662,Treatment,1395.61,3,7,Consumer,South,14.2,1
C009663,Control,705.04,3,10,Consumer,North,8.2,0
C009664,Treatment,2760.23,15,54,Enterprise,South,4.3,0
C009665,Control,1900.69,7,20,Consumer,East,8.5,0
C009666,Treatment,1325.71,7,23,Consumer,West,5.1,0
C009667,Treatment,1351.6,4,14,SMB,West,4.1,0
C009668,Treatment,963.67,5,13,Consumer,East,12.0,1
C009669,Treatment,3117.58,2,10,SMB,East,6.4,0
C009670,Treatment,2325.27,5,24,Consumer,West,2.3,0
C009671,Control,2869.78,13,24,Enterprise,South,9.2,0
C009672,Treatment,777.61,6,25,Consumer,East,7.3,0
C009673,Treatment,689.34,8,19,Consumer,West,10.9,0
C009674,Treatment,1387.51,2,8,SMB,West,8.0,0
C009675,Control,1506.9,8,9,SMB,West,6.5,0
C009676,Control,4553.06,5,12,Consumer,South,14.7,0
C009677,Treatment,1441.87,8,34,Consumer,South,3.9,0
C009678,Treatment,1257.57,1,21,Consumer,East,14.0,0
C009679,Control,1815.82,6,29,SMB,East,9.2,1
C009680,Control,1052.95,7,16,Consumer,South,13.5,0
C009681,Treatment,3596.82,1,24,Consumer,North,9.1,1
C009682,Control,1205.2,1,5,Consumer,South,10.5,1
C009683,Treatment,937.57,1,12,SMB,South,10.7,0
C009684,Control,2412.78,1,10,SMB,South,15.4,0
C009685,Control,2703.06,14,57,Consumer,South,10.6,0
C009686,Control,2785.76,1,11,SMB,North,3.4,1
C009687,Treatment,1200.73,4,7,Consumer,North,10.1,0
C009688,Treatment,899.45,10,25,Consumer,West,13.9,0
C009689,Control,1732.0,6,26,Consumer,South,14.3,0
C009690,Control,2149.01,7,27,SMB,West,7.3,0
C009691,Control,1506.32,2,14,SMB,North,6.4,1
C009692,Control,1250.49,7,23,Consumer,South,3.9,0
C009693,Treatment,1969.62,6,22,Consumer,North,12.9,0
C009694,Control,946.15,1,6,Consumer,North,12.5,0
C009695,Treatment,3909.04,1,2,Enterprise,North,15.8,0
C009696,Control,2820.51,8,11,SMB,South,6.3,0
C009697,Control,2434.1,9,19,Consumer,North,10.0,0
C009698,Control,1092.87,3,4,SMB,West,8.3,0
C009699,Control,1532.83,1,13,Consumer,South,6.6,0
C009700,Control,1277.02,8,20,Consumer,South,8.8,0
C009701,Control,1128.82,2,20,Consumer,West,3.9,0
C009702,Control,4140.91,10,49,Consumer,South,12.3,0
C009703,Treatment,2809.19,7,26,Consumer,South,13.4,0
C009704,Control,1969.97,7,3,SMB,South,12.1,0
C009705,Control,4260.87,9,41,SMB,East,9.0,0
C009706,Control,4073.89,6,12,Enterprise,South,13.0,1
C009707,Treatment,1088.99,1,7,Consumer,West,7.3,0
C009708,Treatment,818.89,5,12,Consumer,South,2.8,0
C009709,Treatment,542.72,6,8,Consumer,South,7.7,0
C009710,Treatment,772.39,1,1,Consumer,West,6.4,1
C009711,Treatment,2360.32,3,10,Consumer,East,19.8,0
C009712,Control,1765.88,10,20,SMB,West,12.6,0
C009713,Treatment,2102.94,5,21,Consumer,West,9.1,0
C009714,Treatment,3578.68,8,24,Enterprise,South,14.3,1
C009715,Control,1759.85,4,22,SMB,East,12.1,0
C009716,Control,1284.01,6,21,Consumer,South,9.5,1
C009717,Control,1645.28,1,10,Consumer,North,8.4,0
C009718,Control,4433.55,1,9,SMB,South,5.4,0
C009719,Treatment,1721.51,2,9,Consumer,South,10.8,0
C009720,Control,851.03,8,13,SMB,East,13.2,0
C009721,Treatment,709.08,8,27,Consumer,East,3.2,0
C009722,Treatment,1806.47,4,3,SMB,West,11.2,0
C009723,Control,1248.1,2,17,Consumer,North,11.0,0
C009724,Control,853.21,11,14,Consumer,South,5.5,0
C009725,Treatment,5336.61,11,33,Enterprise,South,9.1,0
C009726,Treatment,2190.56,6,38,SMB,South,2.5,1
C009727,Control,2463.68,4,17,SMB,North,10.0,0
C009728,Control,3119.06,1,17,SMB,South,11.2,0
C009729,Treatment,1303.7,1,16,Enterprise,East,12.2,0
C009730,Treatment,2691.31,12,47,SMB,South,10.9,0
C009731,Control,1122.46,1,8,SMB,East,13.9,1
C009732,Control,1827.28,3,4,Consumer,South,6.0,0
C009733,Treatment,3436.81,1,9,SMB,South,12.3,0
C009734,Control,2343.31,9,31,SMB,West,7.5,0
C009735,Control,1776.27,6,21,Consumer,North,5.4,0
C009736,Treatment,1800.54,1,7,SMB,South,6.6,1
C009737,Control,1838.85,4,17,Consumer,West,3.9,0
C009738,Control,1124.66,8,32,Consumer,North,10.5,0
C009739,Treatment,819.87,7,27,Consumer,South,4.0,0
C009740,Treatment,2554.94,2,4,SMB,South,12.9,0
C009741,Treatment,1889.52,10,26,Consumer,East,10.8,0
C009742,Control,2219.67,11,30,Consumer,East,11.2,0
C009743,Treatment,2974.76,1,13,Enterprise,East,8.0,0
C009744,Treatment,909.42,1,15,Consumer,West,0.0,0
C009745,Treatment,1803.91,1,16,Enterprise,South,7.5,0
C009746,Treatment,3515.71,12,56,Consumer,South,9.4,0
C009747,Treatment,1736.05,7,23,Enterprise,West,7.0,1
C009748,Treatment,1409.69,10,18,Consumer,North,12.7,0
C009749,Treatment,995.87,3,19,Consumer,West,7.6,0
C009750,Control,2110.27,2,4,Consumer,West,11.6,0
C009751,Treatment,914.75,6,27,Consumer,West,5.7,1
C009752,Treatment,3244.78,11,42,SMB,North,13.2,1
C009753,Control,1286.62,9,40,Consumer,South,14.5,0
C009754,Control,1703.39,1,10,Consumer,West,6.1,0
C009755,Treatment,3810.03,6,23,Enterprise,South,13.3,0
C009756,Control,1351.26,8,5,Consumer,East,10.2,0
C009757,Treatment,3455.29,7,29,Consumer,South,4.7,0
C009758,Treatment,4360.31,8,8,SMB,North,9.7,0
C009759,Control,335.7,8,33,Consumer,West,11.1,0
C009760,Control,1446.51,10,24,Consumer,West,1.3,1
C009761,Treatment,1092.38,1,4,Consumer,North,5.9,0
C009762,Control,2527.53,9,32,Consumer,North,10.2,1
C009763,Treatment,1934.77,5,2,Consumer,East,3.3,0
C009764,Control,729.57,6,9,Consumer,North,1.8,0
C009765,Control,1152.72,8,5,Consumer,East,13.7,1
C009766,Treatment,1460.35,22,60,Consumer,East,18.0,1
C009767,Control,2090.46,2,23,Consumer,South,12.0,0
C009768,Treatment,3250.25,2,18,SMB,West,8.4,0
C009769,Treatment,1290.59,1,13,SMB,North,6.7,0
C009770,Control,2381.57,21,70,Consumer,South,13.1,0
C009771,Control,928.75,3,16,Consumer,West,6.9,1
C009772,Treatment,1166.08,14,68,Consumer,North,15.3,0
C009773,Treatment,2741.38,7,18,Consumer,South,10.8,0
C009774,Treatment,2696.97,9,38,Consumer,East,12.4,0
C009775,Treatment,1781.66,11,42,SMB,South,11.8,1
C009776,Control,2388.48,2,10,Consumer,South,6.0,0
C009777,Control,1502.45,10,23,Enterprise,West,14.5,0
C009778,Treatment,3675.06,5,36,SMB,South,11.5,0
C009779,Treatment,1275.51,2,3,SMB,South,3.4,1
C009780,Treatment,2447.94,8,31,SMB,North,4.2,0
C009781,Control,1468.38,9,27,Consumer,East,0.0,0
C009782,Treatment,654.18,8,26,Consumer,South,8.6,0
C009783,Treatment,1191.88,2,9,Consumer,West,8.3,0
C009784,Control,1178.86,1,2,Consumer,North,13.3,0
C009785,Treatment,848.23,9,13,Consumer,West,16.8,0
C009786,Treatment,1134.76,1,13,Consumer,West,11.6,1
C009787,Control,3337.54,9,27,SMB,West,1.0,1
C009788,Control,1211.88,1,11,Consumer,East,11.9,0
C009789,Control,1434.66,9,29,Consumer,South,6.8,0
C009790,Treatment,1075.75,5,3,SMB,South,9.9,0
C009791,Control,1257.42,4,31,Consumer,South,15.4,0
C009792,Control,1454.89,6,12,Consumer,South,5.6,0
C009793,Control,1492.99,4,22,Consumer,South,2.8,0
C009794,Control,803.45,1,7,Consumer,East,8.9,1
C009795,Control,1756.29,9,26,SMB,South,2.3,0
C009796,Treatment,1375.99,2,19,SMB,West,8.7,0
C009797,Control,3550.67,4,24,SMB,East,9.3,1
C009798,Control,3914.79,8,53,Consumer,South,1.3,0
C009799,Control,2033.25,2,12,SMB,South,6.1,0
C009800,Control,1919.12,7,7,SMB,East,13.5,0
C009801,Control,3999.65,11,21,SMB,South,15.5,1
C009802,Treatment,2289.51,1,11,Consumer,South,14.8,0
C009803,Treatment,1144.66,4,16,Consumer,South,14.2,0
C009804,Treatment,1651.68,6,17,Consumer,East,10.2,0
C009805,Control,2086.71,11,63,Consumer,South,1.8,1
C009806,Treatment,3087.09,6,14,SMB,South,12.6,0
C009807,Treatment,975.55,13,34,SMB,South,8.1,0
C009808,Control,585.14,1,3,SMB,South,0.0,0
C009809,Control,1791.34,8,13,Consumer,South,10.6,1
C009810,Treatment,1644.22,1,17,Consumer,West,8.5,0
C009811,Control,2814.59,3,14,Enterprise,East,9.4,0
C009812,Control,1107.37,12,17,Consumer,South,5.4,0
C009813,Treatment,743.45,9,9,Consumer,West,5.3,0
C009814,Control,1256.35,4,33,Consumer,East,9.8,0
C009815,Treatment,924.61,6,10,SMB,North,7.8,0
C009816,Control,795.12,1,8,Consumer,West,7.8,0
C009817,Control,2125.17,7,21,Consumer,West,4.6,0
C009818,Control,1968.82,5,24,SMB,South,3.5,0
C009819,Control,1682.15,7,17,SMB,South,5.8,0
C009820,Treatment,855.2,4,7,Consumer,West,12.5,0
C009821,Treatment,1440.77,9,36,Consumer,North,12.1,0
C009822,Treatment,1895.45,5,19,Consumer,South,1.2,0
C009823,Treatment,1784.28,11,16,Consumer,West,9.0,1
C009824,Control,833.14,4,18,Consumer,West,6.3,0
C009825,Control,1777.82,9,47,Consumer,East,18.1,0
C009826,Control,3981.97,8,8,SMB,North,5.6,1
C009827,Treatment,2404.04,5,33,Enterprise,South,4.8,0
C009828,Control,1498.34,6,6,Consumer,West,5.2,0
C009829,Control,1258.11,6,25,Consumer,East,14.8,1
C009830,Treatment,1361.28,1,7,Consumer,West,1.0,0
C009831,Treatment,2733.34,13,39,Consumer,North,4.1,0
C009832,Control,1745.75,7,25,Consumer,West,9.3,0
C009833,Treatment,1796.65,2,3,Consumer,South,11.2,0
C009834,Treatment,1138.33,7,26,Consumer,South,11.5,0
C009835,Treatment,1248.35,7,19,Consumer,West,0.0,0
C009836,Control,2737.49,1,4,SMB,South,5.6,1
C009837,Control,1217.97,15,53,Consumer,East,11.1,0
C009838,Control,1841.48,1,18,Consumer,South,5.3,0
C009839,Treatment,2353.7,2,20,Consumer,West,3.6,0
C009840,Treatment,2064.76,7,16,Consumer,North,12.1,0
C009841,Treatment,1262.58,9,21,Consumer,North,14.3,0
C009842,Control,1128.89,1,8,Consumer,East,6.6,0
C009843,Control,1434.11,5,7,Consumer,West,7.6,0
C009844,Treatment,1099.48,4,19,Consumer,West,4.8,0
C009845,Control,948.51,1,5,Consumer,South,12.4,0
C009846,Treatment,1073.84,2,14,Consumer,East,17.2,0
C009847,Treatment,3357.08,1,8,SMB,South,9.4,0
C009848,Control,1019.25,2,1,SMB,South,8.4,0
C009849,Control,1560.19,4,10,Consumer,North,8.5,1
C009850,Control,2199.57,10,38,Consumer,South,9.5,1
C009851,Control,5723.94,2,22,Enterprise,North,0.0,0
C009852,Treatment,5073.37,11,41,Consumer,South,1.4,0
C009853,Control,962.37,5,11,Consumer,South,15.2,0
C009854,Control,2670.3,11,29,SMB,West,17.2,0
C009855,Control,1468.33,7,34,Consumer,South,7.2,0
C009856,Control,1556.35,1,5,Consumer,West,5.4,1
C009857,Treatment,1142.83,1,11,SMB,West,14.2,0
C009858,Treatment,2788.79,7,27,SMB,South,13.2,1
C009859,Treatment,2872.64,4,13,Consumer,East,13.1,0
C009860,Treatment,965.0,3,8,Consumer,South,3.4,0
C009861,Control,5705.55,13,65,Enterprise,North,1.9,0
C009862,Treatment,2194.28,4,3,SMB,East,2.3,0
C009863,Control,2219.61,5,9,Consumer,East,6.7,0
C009864,Treatment,1785.63,3,13,Consumer,South,6.6,0
C009865,Control,1533.13,12,17,Consumer,West,10.6,0
C009866,Control,1875.01,1,16,Consumer,East,14.1,0
C009867,Control,3783.23,3,14,Consumer,South,3.5,0
C009868,Treatment,2517.17,1,12,Enterprise,North,12.7,1
C009869,Control,2049.87,2,12,SMB,West,14.0,0
C009870,Treatment,2909.71,5,23,Enterprise,West,21.0,0
C009871,Control,805.94,6,16,Consumer,East,9.8,0
C009872,Treatment,977.46,3,6,Consumer,West,9.0,0
C009873,Treatment,1863.57,13,15,Enterprise,South,7.9,1
C009874,Control,2770.76,1,20,SMB,South,9.7,0
C009875,Control,1906.82,15,72,Consumer,West,18.9,0
C009876,Control,1131.48,6,13,Consumer,East,12.6,0
C009877,Treatment,3030.49,1,28,SMB,South,9.9,1
C009878,Treatment,1198.7,10,33,Consumer,East,1.4,0
C009879,Control,2466.12,8,13,Enterprise,South,10.8,1
C009880,Control,3373.47,7,34,SMB,North,4.3,0
C009881,Control,1581.69,5,29,Consumer,East,15.1,0
C009882,Control,2459.56,6,31,Consumer,North,7.7,0
C009883,Treatment,770.51,4,10,Consumer,South,0.7,0
C009884,Control,3239.7,15,63,SMB,North,2.8,1
C009885,Control,1818.63,9,28,Consumer,South,5.9,0
C009886,Treatment,1642.66,1,8,Consumer,West,8.6,1
C009887,Treatment,872.35,7,13,Consumer,North,7.7,0
C009888,Treatment,1382.19,5,21,Consumer,South,7.0,0
C009889,Control,1165.07,14,22,SMB,West,16.7,0
C009890,Treatment,1386.56,4,28,Consumer,West,6.6,0
C009891,Treatment,3638.45,11,25,Consumer,East,5.9,1
C009892,Treatment,1226.35,2,11,Consumer,West,9.1,0
C009893,Control,1877.16,5,38,Enterprise,East,7.1,0
C009894,Treatment,993.77,9,39,Consumer,East,9.8,0
C009895,Treatment,1318.71,3,26,Consumer,South,4.5,0
C009896,Treatment,1756.01,9,32,Consumer,South,9.6,0
C009897,Treatment,2203.38,7,14,Consumer,South,0.6,1
C009898,Treatment,2331.71,2,11,SMB,West,4.8,0
C009899,Treatment,1870.36,2,13,Consumer,East,6.9,0
C009900,Treatment,5217.14,13,44,Enterprise,West,6.7,0
C009901,Control,1764.9,1,14,Consumer,East,9.0,0
C009902,Control,2038.0,1,19,Consumer,East,4.4,0
C009903,Treatment,4436.31,7,12,Consumer,North,8.8,0
C009904,Treatment,1814.77,3,5,Consumer,South,10.6,0
C009905,Treatment,1596.91,3,10,Consumer,South,7.6,0
C009906,Treatment,2044.22,2,15,SMB,North,9.4,0
C009907,Treatment,2289.38,8,23,Enterprise,West,7.0,1
C009908,Treatment,1307.32,10,30,Consumer,South,8.4,1
C009909,Control,1199.64,1,5,Enterprise,North,7.2,0
C009910,Treatment,4383.38,15,22,Consumer,East,21.0,0
C009911,Control,1281.06,1,6,SMB,North,8.9,0
C009912,Treatment,3762.55,1,8,Enterprise,South,4.1,0
C009913,Treatment,3351.06,6,28,Enterprise,South,7.6,0
C009914,Control,1347.79,1,8,Consumer,North,3.1,0
C009915,Control,1595.71,2,16,Consumer,East,0.0,0
C009916,Control,2102.1,2,11,SMB,South,9.3,0
C009917,Treatment,796.0,6,28,Consumer,South,13.5,1
C009918,Control,1836.35,4,24,Consumer,South,11.2,0
C009919,Control,3000.45,9,22,SMB,South,9.4,0
C009920,Treatment,2015.26,4,9,Consumer,South,12.9,0
C009921,Control,1040.89,8,19,Consumer,North,6.9,1
C009922,Treatment,2097.54,5,25,Consumer,East,0.0,0
C009923,Treatment,1099.66,6,14,Consumer,South,11.2,0
C009924,Control,377.7,4,8,Consumer,West,7.4,0
C009925,Control,1143.02,7,17,Enterprise,West,11.2,0
C009926,Treatment,1082.44,2,17,SMB,South,11.1,0
C009927,Treatment,3839.44,13,41,Consumer,North,9.0,0
C009928,Control,1515.86,6,19,Consumer,West,9.7,0
C009929,Treatment,775.88,4,14,Consumer,South,11.4,0
C009930,Treatment,2105.29,9,16,Consumer,West,7.4,0
C009931,Control,2194.51,3,12,Consumer,South,12.3,1
C009932,Treatment,1827.68,2,10,Consumer,North,19.2,0
C009933,Control,1402.1,8,14,Consumer,West,9.9,1
C009934,Control,1616.41,3,15,Consumer,West,10.6,0
C009935,Treatment,1004.31,3,13,Consumer,North,14.9,0
C009936,Control,2646.75,1,10,Enterprise,East,14.0,0
C009937,Control,2809.37,8,44,SMB,South,8.5,0
C009938,Control,575.68,7,11,Consumer,East,1.2,0
C009939,Treatment,1392.77,10,37,Consumer,West,4.8,0
C009940,Treatment,1605.82,1,14,Consumer,South,10.0,1
C009941,Treatment,988.72,2,10,SMB,North,7.1,0
C009942,Control,1773.65,1,12,SMB,South,5.4,0
C009943,Treatment,1191.48,4,5,SMB,West,10.5,1
C009944,Treatment,1101.17,7,20,SMB,South,5.9,0
C009945,Control,3271.29,6,31,SMB,East,14.9,0
C009946,Control,1782.9,3,22,Consumer,West,5.7,0
C009947,Treatment,1599.53,1,18,SMB,West,9.1,1
C009948,Control,3371.99,19,68,Consumer,North,7.4,0
C009949,Treatment,2765.32,2,9,Consumer,North,7.2,0
C009950,Treatment,1093.28,10,34,Consumer,West,10.3,0
C009951,Control,3002.05,3,23,Consumer,South,0.0,0
C009952,Treatment,2033.51,2,6,Consumer,North,9.0,0
C009953,Treatment,2008.04,1,11,Consumer,North,12.6,0
C009954,Control,4109.24,5,9,Enterprise,West,12.9,0
C009955,Treatment,4323.59,9,27,Consumer,West,11.1,0
C009956,Control,2232.47,8,19,Consumer,South,11.4,1
C009957,Treatment,2217.09,2,15,Consumer,South,11.3,0
C009958,Control,1920.38,4,12,Enterprise,East,15.0,1
C009959,Control,1020.91,1,3,Consumer,North,10.1,0
C009960,Control,2263.81,7,26,Consumer,West,8.3,0
C009961,Control,1663.91,14,53,Consumer,South,5.6,0
C009962,Control,4264.3,8,37,SMB,North,7.9,0
C009963,Control,2168.77,5,18,Enterprise,South,11.7,1
C009964,Treatment,4282.24,6,35,Consumer,North,12.5,0
C009965,Control,2303.29,4,25,Consumer,South,6.8,0
C009966,Control,1721.85,8,45,Consumer,East,6.8,1
C009967,Control,828.26,1,4,Consumer,South,11.3,1
C009968,Treatment,1407.2,8,16,Enterprise,East,14.5,0
C009969,Control,2574.98,9,48,Consumer,South,19.0,0
C009970,Treatment,3657.23,3,7,SMB,South,11.5,1
C009971,Treatment,922.31,8,18,Consumer,South,6.6,1
C009972,Control,2317.44,5,14,Consumer,South,4.8,0
C009973,Treatment,2362.04,11,10,SMB,North,16.4,0
C009974,Control,4378.31,13,46,SMB,West,10.7,0
C009975,Treatment,2103.86,3,10,Consumer,North,7.6,0
C009976,Control,3500.95,1,14,Enterprise,North,6.6,0
C009977,Treatment,1838.89,8,15,Consumer,South,15.8,0
C009978,Treatment,2222.76,3,13,SMB,East,7.8,0
C009979,Control,1287.67,2,13,Consumer,North,14.5,1
C009980,Control,1026.91,1,8,Consumer,North,12.5,0
C009981,Control,1917.67,1,12,SMB,South,7.8,0
C009982,Control,1468.61,10,45,Consumer,South,16.9,0
C009983,Treatment,1327.7,4,18,Consumer,North,9.0,0
C009984,Treatment,2857.19,5,16,SMB,East,7.0,0
C009985,Treatment,1092.33,14,31,Consumer,East,15.4,1
C009986,Treatment,1914.41,4,13,SMB,North,12.7,0
C009987,Treatment,816.97,8,4,Consumer,South,7.1,0
C009988,Treatment,1668.12,6,29,Consumer,South,12.9,0
C009989,Control,2200.42,2,7,Consumer,West,14.0,0
C009990,Control,1367.09,1,12,Consumer,West,12.1,0
C009991,Control,900.41,6,5,Consumer,South,6.7,1
C009992,Control,1221.34,1,9,Consumer,West,10.5,1
C009993,Control,1781.92,6,9,SMB,South,4.3,0
C009994,Control,1353.07,1,20,Consumer,South,7.4,1
C009995,Control,1481.87,1,4,Consumer,West,7.6,1
C009996,Control,1747.17,8,32,SMB,East,12.7,0
C009997,Control,1608.39,3,13,Consumer,South,13.3,0
C009998,Control,1693.2,2,14,Enterprise,East,2.9,0
C009999,Control,1917.52,5,16,Consumer,West,11.0,0
C010000,Control,4609.55,5,5,Enterprise,North,8.8,0
C010001,Treatment,2015.7,2,25,SMB,South,10.7,0
C010002,Treatment,1715.08,8,24,Consumer,South,16.0,0
C010003,Control,1714.38,10,24,Consumer,West,7.2,0
C010004,Control,1389.25,6,7,Consumer,North,7.8,1
C010005,Control,1680.36,3,7,Consumer,North,12.3,0
C010006,Control,2324.25,4,18,Consumer,South,9.4,0
C010007,Control,804.03,6,11,Consumer,North,2.2,0
C010008,Treatment,1568.99,4,14,Consumer,East,16.9,0
C010009,Control,2208.41,8,12,SMB,South,10.3,0
C010010,Control,3345.29,17,43,Consumer,West,13.5,0
C010011,Treatment,2164.1,3,24,SMB,East,7.2,0
C010012,Treatment,1900.18,4,8,Enterprise,South,2.9,1
C010013,Control,2546.12,4,15,Consumer,West,8.7,0
C010014,Control,2277.81,1,7,Consumer,North,10.2,1
C010015,Treatment,2135.14,5,12,Consumer,East,14.5,0
C010016,Control,4091.32,4,13,Enterprise,East,7.1,0
C010017,Treatment,1448.66,6,10,SMB,South,13.6,0
C010018,Treatment,1112.65,8,17,Consumer,North,3.2,0
C010019,Control,3619.14,6,22,Enterprise,South,7.5,0
C010020,Treatment,1562.04,7,13,Consumer,South,10.2,0
C010021,Control,766.75,1,7,Consumer,East,4.2,1
C010022,Control,1427.21,4,14,Consumer,South,16.2,0
C010023,Control,3005.14,8,16,SMB,North,8.1,0
C010024,Treatment,786.7,14,52,Consumer,West,5.8,0
C010025,Control,2829.36,5,22,SMB,North,4.5,0
C010026,Control,619.69,4,4,Consumer,West,3.7,0
C010027,Treatment,1341.45,2,16,Consumer,East,12.4,1
C010028,Control,2551.23,12,31,Enterprise,East,5.6,1
C010029,Treatment,1811.85,9,21,SMB,South,10.7,1
C010030,Treatment,1546.46,5,17,Consumer,West,7.3,0
C010031,Treatment,3556.3,4,9,SMB,West,13.3,0
C010032,Treatment,1276.96,7,21,Consumer,East,10.8,1
C010033,Treatment,1446.1,6,12,Consumer,East,12.3,0
C010034,Control,1638.5,5,23,Consumer,South,20.5,0
C010035,Treatment,3087.31,9,28,Enterprise,North,7.2,0
C010036,Treatment,1502.32,14,34,Consumer,West,9.8,0
C010037,Treatment,1088.09,10,28,Consumer,North,10.0,0
C010038,Treatment,1899.94,4,19,SMB,South,10.9,0
C010039,Treatment,3258.48,2,6,Consumer,South,7.3,0
C010040,Treatment,2020.2,4,8,Consumer,West,12.2,0
C010041,Control,1034.1,9,15,Consumer,East,18.7,0
C010042,Control,5080.88,8,26,Enterprise,East,8.8,0
C010043,Treatment,767.5,1,17,Consumer,North,9.1,0
C010044,Treatment,1842.9,3,21,Consumer,South,4.8,0
C010045,Control,861.48,5,32,Consumer,North,1.8,1
C010046,Control,2862.05,8,22,Consumer,West,4.8,0
C010047,Treatment,1037.18,1,12,Consumer,North,3.3,0
C010048,Control,2748.87,14,47,Consumer,West,3.7,0
C010049,Treatment,2583.93,12,26,Consumer,North,6.2,1
C010050,Treatment,2575.2,10,27,Consumer,West,4.6,1
C010051,Control,1581.05,1,20,Consumer,South,5.2,0
C010052,Control,670.69,7,40,Consumer,West,4.6,0
C010053,Treatment,2030.1,10,47,Consumer,East,4.6,0
C010054,Control,1679.0,5,25,SMB,West,19.5,0
C010055,Treatment,1574.99,6,35,Consumer,East,5.3,0
C010056,Control,1165.08,2,15,Consumer,South,6.5,0
C010057,Control,1068.88,8,33,Consumer,West,10.8,1
C010058,Control,928.04,6,30,Consumer,East,3.2,0
C010059,Treatment,2313.67,2,7,SMB,South,1.7,0
C010060,Treatment,2215.65,9,28,SMB,South,3.9,0
C010061,Treatment,984.92,1,3,Consumer,South,8.3,0
C010062,Control,859.46,1,7,Consumer,West,9.5,1
C010063,Treatment,1241.62,6,31,Consumer,West,11.9,0
C010064,Control,649.51,1,5,Consumer,South,10.9,1
C010065,Treatment,1168.53,1,8,Consumer,East,16.4,0
C010066,Treatment,1507.41,7,29,Consumer,North,9.3,1
C010067,Control,1170.93,4,18,SMB,South,9.2,0
C010068,Treatment,1517.68,8,9,Consumer,West,4.9,0
C010069,Control,1175.7,1,14,Consumer,North,9.0,1
C010070,Control,2060.93,6,22,Consumer,South,5.6,1
C010071,Treatment,2642.38,4,14,Consumer,North,3.6,0
C010072,Treatment,1777.0,14,61,Consumer,North,17.2,0
C010073,Control,3266.3,8,39,Consumer,North,3.3,0
C010074,Treatment,1238.76,6,7,Consumer,North,17.2,0
C010075,Control,2468.72,9,34,Consumer,South,14.2,0
C010076,Treatment,3345.21,2,18,Enterprise,West,8.6,0
C010077,Treatment,836.55,5,1,Consumer,North,2.8,1
C010078,Control,1793.64,10,37,Consumer,West,8.3,0
C010079,Treatment,1840.03,6,30,Consumer,East,4.6,0
C010080,Treatment,1906.11,5,7,Consumer,North,16.3,0
C010081,Treatment,2212.31,3,17,SMB,South,11.9,0
C010082,Control,1854.42,4,12,SMB,North,13.6,0
C010083,Control,906.36,2,17,Consumer,West,7.8,0
C010084,Treatment,1548.32,7,14,Consumer,East,8.7,0
C010085,Treatment,1159.98,9,32,Consumer,South,11.7,0
C010086,Treatment,1486.2,4,14,Consumer,North,7.3,1
C010087,Treatment,3631.83,12,44,Enterprise,North,15.8,0
C010088,Treatment,2839.03,1,21,Consumer,East,6.5,0
C010089,Control,835.63,7,13,SMB,North,15.1,0
C010090,Control,2482.43,3,18,Consumer,South,4.9,0
C010091,Treatment,2366.49,9,13,Consumer,East,6.6,0
C010092,Control,1206.23,3,8,Consumer,East,7.7,0
C010093,Control,3124.4,1,11,Enterprise,North,7.2,0
C010094,Treatment,1462.51,12,20,Consumer,South,5.6,0
C010095,Treatment,1349.01,7,18,SMB,South,0.0,0
C010096,Treatment,2714.39,3,22,Consumer,West,9.6,0
C010097,Control,1666.61,6,17,Consumer,South,5.7,0
C010098,Treatment,1994.87,7,13,Consumer,South,7.0,0
C010099,Control,573.16,1,9,Consumer,North,11.8,1
C010100,Control,1849.34,5,13,SMB,East,5.6,0
C010101,Treatment,890.57,6,22,Consumer,East,8.7,0
C010102,Treatment,2745.18,3,9,Consumer,East,5.6,0
C010103,Treatment,1558.16,1,11,Consumer,East,16.5,0
C010104,Treatment,2645.74,5,20,SMB,West,12.7,0
C010105,Treatment,835.89,1,20,Consumer,West,8.8,0
C010106,Control,2076.65,4,8,Consumer,South,9.2,0
C010107,Control,2953.97,4,23,Enterprise,North,1.3,0
C010108,Treatment,2395.12,6,21,Consumer,West,6.0,0
C010109,Treatment,9035.21,12,53,SMB,East,15.8,0
C010110,Control,3385.65,4,8,SMB,West,6.3,0
C010111,Control,1905.85,9,47,Consumer,South,8.3,0
C010112,Control,2186.7,5,20,Consumer,West,1.4,1
C010113,Control,1724.39,3,4,SMB,North,11.1,0
C010114,Treatment,1482.49,8,14,Enterprise,East,8.4,0
C010115,Control,1836.52,5,14,Consumer,South,4.0,0
C010116,Control,1932.81,10,33,Enterprise,North,2.8,0
C010117,Treatment,1605.65,6,11,Consumer,North,18.1,1
C010118,Treatment,1033.43,3,6,Consumer,North,6.7,0
C010119,Control,1876.12,8,23,SMB,North,5.8,0
C010120,Control,912.11,7,20,Consumer,West,12.2,0
C010121,Control,4462.31,2,27,SMB,West,0.0,0
C010122,Control,1216.73,11,39,Consumer,West,15.8,0
C010123,Control,1598.0,12,37,Consumer,West,6.7,1
C010124,Control,3169.71,15,62,Enterprise,West,7.6,0
C010125,Control,1865.38,8,47,Consumer,West,5.0,0
C010126,Control,1424.69,4,26,SMB,North,8.9,0
C010127,Control,2689.26,3,18,Enterprise,South,5.6,0
C010128,Treatment,2183.49,6,19,SMB,West,8.0,0
C010129,Control,3465.04,10,32,Enterprise,South,4.1,0
C010130,Control,3949.47,1,12,Enterprise,East,9.3,0
C010131,Treatment,2136.89,3,14,Consumer,South,6.9,0
C010132,Control,3824.73,7,26,Consumer,South,9.4,1
C010133,Control,1433.1,3,6,Consumer,South,7.2,0
C010134,Treatment,1688.62,1,11,SMB,East,16.0,0
C010135,Treatment,1365.47,3,9,SMB,South,7.9,1
C010136,Control,1552.07,10,40,Consumer,South,11.8,0
C010137,Treatment,1870.8,3,7,SMB,East,8.3,0
C010138,Treatment,1472.21,5,13,Consumer,South,12.4,0
C010139,Control,3647.58,3,11,SMB,South,6.1,0
C010140,Control,1303.59,5,14,Consumer,East,7.2,0
C010141,Control,1121.04,4,24,Consumer,South,8.9,0
C010142,Treatment,1343.45,6,22,SMB,West,0.0,0
C010143,Control,3645.28,4,20,Consumer,South,10.3,0
C010144,Control,2501.96,7,26,SMB,West,5.4,0
C010145,Treatment,1468.15,6,22,SMB,West,7.0,0
C010146,Treatment,3553.96,1,2,SMB,West,12.7,0
C010147,Control,1803.67,6,26,SMB,West,8.7,0
C010148,Control,1215.82,5,20,Enterprise,East,6.5,0
C010149,Control,1303.24,9,41,Consumer,South,9.9,0
C010150,Treatment,1887.89,1,8,SMB,South,6.0,0
C010151,Control,1414.39,9,18,Consumer,South,8.7,1
C010152,Treatment,2006.14,5,22,Consumer,South,4.6,0
C010153,Control,5987.11,13,48,SMB,North,13.1,0
C010154,Control,1419.5,1,6,SMB,East,3.4,0
C010155,Control,1503.62,6,19,Consumer,North,10.8,0
C010156,Control,1448.0,5,20,SMB,East,0.1,0
C010157,Control,1417.44,1,9,Consumer,North,8.5,0
C010158,Treatment,7590.89,9,14,Enterprise,North,10.6,0
C010159,Control,868.72,8,14,Consumer,South,4.5,0
C010160,Treatment,565.96,5,10,Consumer,West,10.9,0
C010161,Control,1011.25,8,20,Consumer,South,8.9,1
C010162,Treatment,1591.94,7,22,Enterprise,West,7.1,0
C010163,Control,1656.42,4,20,Consumer,North,9.5,0
C010164,Treatment,2314.3,1,5,Consumer,South,14.7,1
C010165,Control,1504.77,1,11,Consumer,North,10.0,1
C010166,Treatment,2991.71,10,52,Consumer,South,3.7,0
C010167,Treatment,1560.82,10,11,Consumer,North,4.7,1
C010168,Treatment,1214.92,1,6,Consumer,North,5.0,1
C010169,Treatment,1544.03,3,14,Consumer,East,6.9,0
C010170,Control,640.71,2,2,Consumer,East,10.7,0
C010171,Treatment,6708.2,17,70,Consumer,South,11.8,1
C010172,Control,1135.78,2,5,Consumer,West,11.0,0
C010173,Treatment,1114.25,2,9,Consumer,East,0.0,0
C010174,Control,1762.97,11,10,Enterprise,South,10.6,0
C010175,Control,1652.4,4,22,Consumer,South,7.1,0
C010176,Treatment,1701.29,10,4,Consumer,South,11.7,0
C010177,Control,2254.14,15,72,Consumer,West,14.0,1
C010178,Treatment,3001.17,5,17,Enterprise,South,2.0,0
C010179,Control,1707.45,4,3,Enterprise,North,8.0,0
C010180,Treatment,2303.26,11,52,Consumer,South,12.4,0
C010181,Treatment,3893.03,2,22,Consumer,South,10.5,0
C010182,Treatment,1333.86,5,14,Consumer,South,13.9,1
C010183,Control,1843.18,1,3,Consumer,East,14.1,0
C010184,Control,1226.58,1,18,Consumer,West,7.7,0
C010185,Control,1506.59,5,13,Consumer,South,5.4,0
C010186,Control,2177.68,1,5,Consumer,South,5.2,0
C010187,Treatment,561.57,8,19,Consumer,North,13.0,1
C010188,Control,2008.79,5,13,Consumer,South,11.9,1
C010189,Control,890.41,6,12,Consumer,East,10.2,0
C010190,Control,1621.28,12,34,Consumer,West,8.8,1
C010191,Treatment,3359.5,12,41,Enterprise,East,11.2,0
C010192,Control,2827.66,10,29,Consumer,North,9.5,0
C010193,Control,1653.73,5,26,Consumer,West,7.1,0
C010194,Control,3025.45,10,28,Enterprise,West,14.4,0
C010195,Control,889.64,5,9,Consumer,North,3.6,0
C010196,Treatment,895.88,6,14,Consumer,West,12.8,1
C010197,Control,1681.92,10,28,Consumer,East,3.8,0
C010198,Treatment,2036.12,10,25,Consumer,West,10.3,0
C010199,Treatment,2390.04,4,8,Consumer,South,14.1,0
C010200,Treatment,2677.12,1,20,SMB,South,12.5,1
C010201,Treatment,1026.75,7,8,Consumer,West,9.4,0
C010202,Treatment,2196.89,2,9,SMB,South,1.0,0
C010203,Control,1292.68,8,29,Consumer,West,4.3,0
C010204,Control,1043.24,8,22,Consumer,North,10.8,1
C010205,Treatment,1286.76,1,21,Consumer,South,7.6,0
C010206,Treatment,780.64,3,15,Consumer,East,6.4,0
C010207,Treatment,1582.5,6,22,SMB,South,0.0,1
C010208,Control,1097.96,14,16,SMB,South,7.4,0
C010209,Control,1757.15,6,11,Consumer,East,9.1,1
C010210,Control,1485.52,4,28,Enterprise,East,6.3,0
C010211,Control,1001.89,6,3,Consumer,South,8.9,0
C010212,Control,2064.23,9,14,Enterprise,South,7.0,0
C010213,Control,2038.93,9,40,Consumer,East,11.9,0
C010214,Treatment,2372.45,4,13,SMB,South,8.1,0
C010215,Treatment,1532.91,5,11,Consumer,West,7.7,0
C010216,Treatment,610.48,4,4,Consumer,East,8.3,0
C010217,Treatment,2285.31,4,12,SMB,South,6.4,0
C010218,Control,1360.69,4,31,Consumer,North,13.3,0
C010219,Control,1264.56,6,46,Consumer,North,6.0,0
C010220,Treatment,2008.15,3,22,SMB,South,12.0,0
C010221,Treatment,1015.15,2,11,Consumer,East,5.1,0
C010222,Treatment,706.79,9,40,Consumer,West,16.2,0
C010223,Treatment,2799.9,11,39,SMB,West,19.7,0
C010224,Treatment,784.58,4,24,Consumer,East,10.8,0
C010225,Treatment,2449.14,1,7,Consumer,East,11.4,0
C010226,Treatment,613.31,5,12,Consumer,East,8.6,0
C010227,Treatment,2233.61,2,14,Consumer,South,9.3,0
C010228,Control,1582.87,1,9,SMB,East,5.3,0
C010229,Control,3582.5,6,25,Consumer,South,4.4,0
C010230,Control,796.22,4,16,Consumer,South,11.0,0
C010231,Treatment,2350.57,1,13,Consumer,West,5.1,0
C010232,Treatment,2448.59,7,16,Consumer,South,11.6,0
C010233,Control,2126.6,6,6,Enterprise,North,12.7,0
C010234,Control,3249.68,3,15,SMB,South,14.5,0
C010235,Treatment,1229.27,16,40,Consumer,West,5.0,0
C010236,Control,1816.35,3,17,Consumer,North,4.0,0
C010237,Treatment,1370.92,4,10,SMB,West,11.8,0
C010238,Control,1259.85,1,11,Consumer,West,12.0,1
C010239,Control,1920.72,1,7,Consumer,South,11.8,0
C010240,Control,1442.03,11,22,Consumer,South,12.3,0
C010241,Control,1107.04,5,12,Consumer,North,4.8,0
C010242,Control,2762.73,10,43,Enterprise,North,8.8,0
C010243,Control,2589.49,10,55,SMB,South,7.8,0
C010244,Control,1132.84,1,1,Consumer,West,12.4,0
C010245,Control,2486.3,10,24,SMB,West,11.3,0
C010246,Treatment,2114.6,5,14,SMB,North,11.3,0
C010247,Control,2074.43,2,13,Consumer,South,10.1,1
C010248,Control,2436.83,5,32,SMB,South,9.4,0
C010249,Control,788.15,9,28,Consumer,South,7.4,0
C010250,Treatment,2115.88,15,52,Consumer,South,9.8,0
C010251,Treatment,3446.37,1,15,Enterprise,West,11.4,0
C010252,Treatment,7120.14,14,61,SMB,South,13.4,0
C010253,Treatment,580.42,5,15,Consumer,North,14.3,0
C010254,Control,1298.66,7,24,Consumer,East,11.5,0
C010255,Treatment,2502.13,3,8,SMB,North,14.5,0
C010256,Control,1468.45,1,9,SMB,West,12.0,0
C010257,Treatment,783.02,4,11,Consumer,West,2.1,1
C010258,Control,1277.28,7,16,Consumer,North,12.7,0
C010259,Control,2093.63,1,8,SMB,South,4.4,1
C010260,Treatment,2861.51,10,39,SMB,West,15.4,0
C010261,Treatment,783.34,9,29,Consumer,South,0.0,0
C010262,Treatment,3676.01,1,11,Enterprise,South,0.0,0
C010263,Control,1604.58,1,5,Consumer,West,16.6,0
C010264,Control,3027.72,12,65,SMB,South,17.5,1
C010265,Control,1400.18,11,45,Consumer,South,14.3,0
C010266,Control,4337.39,1,8,Enterprise,North,15.4,0
C010267,Control,1784.91,1,13,SMB,South,3.3,0
C010268,Control,2105.89,8,24,SMB,West,13.7,1
C010269,Treatment,1683.74,9,20,Consumer,East,5.1,0
C010270,Control,2256.84,3,11,SMB,East,14.1,0
C010271,Treatment,1750.81,1,28,Consumer,North,7.0,0
C010272,Treatment,1700.11,3,26,Consumer,West,8.6,1
C010273,Treatment,2882.74,4,22,Enterprise,South,13.6,0
C010274,Control,1394.55,9,34,SMB,South,8.8,0
C010275,Control,1031.88,1,11,SMB,South,11.3,0
C010276,Control,2325.2,7,23,Consumer,South,5.9,0
C010277,Treatment,1554.3,1,8,Consumer,South,5.7,0
C010278,Control,1707.39,9,22,Consumer,South,7.8,0
C010279,Control,2730.34,3,29,Consumer,South,4.2,0
C010280,Treatment,2236.81,1,2,Enterprise,South,12.0,0
C010281,Treatment,2394.59,6,33,Consumer,East,10.5,0
C010282,Treatment,1751.49,16,69,Consumer,South,3.0,0
C010283,Control,4498.15,10,64,Consumer,West,15.6,0
C010284,Treatment,3574.45,3,6,Consumer,North,15.7,1
C010285,Control,2023.79,1,6,Consumer,North,8.8,1
C010286,Control,4349.53,11,46,SMB,North,6.7,0
C010287,Treatment,1342.11,1,4,Consumer,North,14.7,0
C010288,Treatment,3334.06,13,40,Consumer,South,5.0,0
C010289,Control,1180.59,3,6,Consumer,South,16.2,0
C010290,Control,3076.88,2,6,SMB,North,9.0,0
C010291,Control,1038.32,9,43,Consumer,South,15.1,0
C010292,Treatment,1151.0,5,24,Consumer,South,12.4,1
C010293,Treatment,3834.01,5,9,Enterprise,East,21.1,0
C010294,Control,1425.29,8,33,Consumer,South,12.5,0
C010295,Control,1471.33,5,20,Consumer,West,17.8,0
C010296,Treatment,972.07,7,16,SMB,North,6.9,0
C010297,Treatment,1776.12,9,7,Consumer,South,4.8,0
C010298,Control,1293.89,1,8,SMB,South,8.1,0
C010299,Treatment,1111.21,8,27,Consumer,West,9.6,0
C010300,Treatment,1077.48,1,7,Consumer,North,9.5,0
C010301,Control,1000.09,5,12,Consumer,West,9.1,0
C010302,Treatment,1297.32,8,11,Consumer,East,10.6,0
C010303,Treatment,1938.44,6,45,Consumer,South,12.6,0
C010304,Treatment,932.55,5,13,Consumer,South,3.3,0
C010305,Treatment,2227.56,1,17,Consumer,South,8.4,0
C010306,Treatment,1018.46,1,4,Consumer,North,7.1,0
C010307,Treatment,1487.92,4,14,Consumer,West,10.1,0
C010308,Control,2225.86,5,9,Consumer,West,8.7,0
C010309,Treatment,1082.12,1,16,Consumer,North,15.1,0
C010310,Control,2711.1,1,12,SMB,North,11.2,0
C010311,Control,1757.77,1,6,Enterprise,South,13.9,0
C010312,Control,1832.09,5,13,Consumer,West,7.9,1
C010313,Treatment,819.71,1,2,Consumer,South,13.0,0
C010314,Treatment,1549.79,11,11,Consumer,East,6.7,1
C010315,Treatment,1283.2,14,72,Consumer,North,4.7,0
C010316,Treatment,1272.75,4,24,Consumer,West,15.1,1
C010317,Control,1448.66,1,20,SMB,North,8.8,0
C010318,Treatment,3045.99,5,9,Enterprise,South,8.9,0
C010319,Treatment,1672.02,5,24,Consumer,West,5.5,0
C010320,Control,1370.5,5,8,Consumer,East,4.7,0
C010321,Treatment,2550.62,12,45,Consumer,South,16.3,0
C010322,Treatment,1587.17,14,35,Consumer,West,13.7,0
C010323,Control,3549.62,1,8,SMB,North,5.1,1
C010324,Treatment,935.15,4,12,Consumer,North,5.7,0
C010325,Control,1434.01,6,25,Consumer,North,9.9,0
C010326,Control,2147.04,1,13,SMB,South,7.2,0
C010327,Control,1788.84,7,21,Consumer,East,5.5,0
C010328,Control,3045.32,9,42,SMB,South,5.7,0
C010329,Control,1817.57,11,36,Consumer,South,8.1,0
C010330,Treatment,1497.32,4,12,Consumer,West,2.7,0
C010331,Control,1786.45,6,22,Consumer,South,5.4,1
C010332,Treatment,2011.98,6,2,SMB,North,13.9,1
C010333,Treatment,1576.78,1,9,Consumer,South,4.1,0
C010334,Control,1500.84,9,24,Consumer,West,8.6,0
C010335,Control,1325.25,6,18,Consumer,South,10.2,1
C010336,Treatment,2213.74,9,12,SMB,West,13.6,1
C010337,Treatment,1965.13,3,9,Consumer,West,3.2,0
C010338,Treatment,1002.94,11,13,SMB,West,5.2,0
C010339,Control,5180.76,11,56,Enterprise,West,8.7,0
C010340,Treatment,1504.82,7,20,Consumer,East,13.4,0
C010341,Treatment,2321.71,2,10,Enterprise,West,11.9,0
C010342,Treatment,1838.58,5,7,Consumer,East,16.3,0
C010343,Control,3128.46,2,10,SMB,South,6.1,0
C010344,Treatment,1172.87,11,9,Consumer,North,5.6,0
C010345,Control,2019.23,3,5,Consumer,West,6.0,0
C010346,Treatment,2297.77,4,12,SMB,South,5.9,0
C010347,Treatment,976.96,2,17,Consumer,West,4.9,0
C010348,Treatment,972.94,1,5,Consumer,West,10.9,0
C010349,Control,2678.58,9,35,Consumer,South,1.3,1
C010350,Treatment,1562.23,1,11,Consumer,South,14.4,0
C010351,Control,720.78,6,14,Consumer,North,8.3,0
C010352,Control,4010.98,1,23,SMB,South,10.8,0
C010353,Treatment,2239.53,2,17,Consumer,East,2.8,0
C010354,Treatment,2050.81,3,7,Consumer,South,5.4,0
C010355,Control,2384.84,8,13,Enterprise,South,6.3,1
C010356,Treatment,2129.22,2,4,Consumer,South,6.7,0
C010357,Control,1382.52,9,35,SMB,South,6.5,0
C010358,Treatment,822.31,1,9,Consumer,North,8.9,0
C010359,Treatment,1503.76,4,11,Consumer,South,6.4,0
C010360,Treatment,1768.63,2,11,SMB,West,12.0,0
C010361,Treatment,1871.23,12,27,Consumer,South,12.6,0
C010362,Treatment,517.47,1,6,Consumer,North,16.9,1
C010363,Control,1489.49,5,8,Consumer,South,10.0,0
C010364,Treatment,591.49,3,18,Consumer,East,8.1,0
C010365,Control,1937.64,7,32,Consumer,West,9.5,0
C010366,Control,642.13,4,17,Consumer,South,10.9,0
C010367,Treatment,2850.44,4,22,Consumer,South,5.8,0
C010368,Control,1594.95,2,17,Consumer,East,12.8,0
C010369,Control,1659.18,1,15,Consumer,West,12.2,0
C010370,Treatment,1651.66,14,27,Consumer,East,1.5,0
C010371,Control,1835.25,5,18,Consumer,East,17.5,0
C010372,Control,2990.54,7,45,Consumer,North,10.4,0
C010373,Control,802.05,6,11,Consumer,South,5.0,0
C010374,Control,4027.41,12,41,Enterprise,West,4.7,0
C010375,Treatment,2108.4,3,9,Consumer,North,10.1,0
C010376,Treatment,1296.09,1,15,Consumer,South,5.3,0
C010377,Treatment,1187.66,6,8,Consumer,East,4.9,0
C010378,Control,2296.37,2,13,SMB,West,7.2,0
C010379,Treatment,3370.29,1,9,SMB,North,11.3,0
C010380,Control,2274.36,1,9,SMB,West,7.5,0
C010381,Treatment,2465.34,1,6,Consumer,South,5.2,1
C010382,Treatment,1650.98,7,15,Consumer,West,16.0,0
C010383,Control,1403.75,4,21,SMB,West,11.2,0
C010384,Treatment,4452.8,23,72,SMB,West,5.2,0
C010385,Treatment,1176.44,6,21,Enterprise,West,10.0,0
C010386,Control,3211.62,6,18,SMB,West,9.6,0
C010387,Treatment,1131.16,4,10,Consumer,West,9.0,0
C010388,Treatment,2300.12,3,15,Consumer,South,9.2,0
C010389,Control,1657.22,5,6,SMB,South,8.3,0
C010390,Control,1041.51,2,15,SMB,North,11.1,0
C010391,Treatment,1772.63,1,4,Consumer,South,8.9,1
C010392,Treatment,1680.89,7,14,Consumer,East,10.0,0
C010393,Treatment,2997.39,20,72,Enterprise,North,11.0,0
C010394,Treatment,2071.04,11,17,Consumer,West,8.8,0
C010395,Treatment,2391.96,10,47,Consumer,South,12.3,0
C010396,Control,1816.18,17,70,Consumer,North,15.0,1
C010397,Control,1702.54,1,6,Consumer,South,7.9,1
C010398,Control,2124.58,10,21,SMB,North,6.6,0
C010399,Treatment,1604.56,2,6,SMB,North,3.0,0
C010400,Treatment,1422.05,5,8,Consumer,East,12.2,0
C010401,Treatment,1863.82,6,12,SMB,South,8.4,0
C010402,Control,1147.9,7,19,Consumer,West,3.9,1
C010403,Treatment,902.99,1,9,Consumer,South,6.7,0
C010404,Treatment,2241.45,3,20,SMB,East,11.1,1
C010405,Control,1854.96,15,53,SMB,East,12.6,0
C010406,Control,1903.68,5,24,Consumer,North,11.5,0
C010407,Treatment,2207.75,10,55,Consumer,North,8.8,0
C010408,Treatment,1937.97,3,11,SMB,West,12.3,0
C010409,Treatment,2660.6,3,11,SMB,East,9.5,0
C010410,Control,1786.46,2,9,SMB,North,10.0,0
C010411,Treatment,2128.68,6,25,Enterprise,East,5.5,1
C010412,Control,1493.08,4,8,Consumer,South,13.9,0
C010413,Control,2469.85,9,51,Consumer,North,12.1,0
C010414,Treatment,1977.5,1,6,Consumer,South,7.4,0
C010415,Control,1081.25,5,9,Consumer,West,14.1,0
C010416,Treatment,6091.31,5,12,SMB,South,3.4,0
C010417,Control,925.43,2,7,Consumer,South,5.5,0
C010418,Control,1259.63,2,11,Consumer,North,3.6,0
C010419,Control,2224.74,10,31,SMB,North,7.3,0
C010420,Treatment,2307.8,1,17,Consumer,South,5.8,1
C010421,Control,2250.66,4,30,Consumer,South,13.3,0
C010422,Control,4734.7,7,38,SMB,West,9.7,0
C010423,Control,2641.76,1,11,SMB,West,7.8,0
C010424,Control,1568.87,12,23,Consumer,North,11.0,0
C010425,Treatment,2429.28,1,14,Consumer,North,12.6,0
C010426,Control,1409.37,7,10,Consumer,South,14.9,0
C010427,Control,857.48,5,13,Consumer,West,8.7,0
C010428,Treatment,4296.75,12,45,Consumer,South,9.1,0
C010429,Control,1630.26,12,30,Consumer,West,4.5,0
C010430,Treatment,1759.46,10,36,SMB,South,10.0,0
C010431,Control,3802.97,4,12,SMB,East,10.3,1
C010432,Treatment,1643.67,7,6,Consumer,East,6.6,0
C010433,Control,1858.36,1,22,Consumer,East,9.3,0
C010434,Control,1117.14,15,47,Consumer,South,8.0,0
C010435,Control,4795.56,5,14,Enterprise,South,10.7,0
C010436,Treatment,1504.72,9,39,SMB,South,8.1,0
C010437,Control,4732.34,9,39,SMB,West,10.0,0
C010438,Treatment,1591.27,11,41,Consumer,South,6.7,0
C010439,Treatment,1188.03,5,23,SMB,East,12.5,0
C010440,Control,2705.27,2,19,Consumer,West,11.3,0
C010441,Control,759.67,7,27,Consumer,South,13.9,0
C010442,Control,2387.33,11,39,Consumer,South,9.6,1
C010443,Treatment,1286.51,6,26,Consumer,North,8.8,0
C010444,Treatment,3171.66,8,25,Consumer,West,2.7,0
C010445,Treatment,1132.04,6,11,Consumer,West,12.9,0
C010446,Control,1670.81,8,24,Consumer,West,9.4,0
C010447,Treatment,823.92,7,21,Consumer,South,8.0,0
C010448,Control,2120.55,15,59,Consumer,West,12.7,0
C010449,Control,3227.85,8,29,Consumer,South,12.4,0
C010450,Control,4533.98,1,22,SMB,East,7.3,0
C010451,Control,2758.02,2,11,Consumer,South,10.5,0
C010452,Treatment,3143.4,2,5,Consumer,South,9.2,0
C010453,Treatment,2419.72,6,9,Enterprise,East,14.1,0
C010454,Control,2220.34,12,59,Consumer,South,4.5,0
C010455,Control,1102.7,7,15,Consumer,West,15.0,0
C010456,Treatment,1090.74,11,24,Consumer,South,13.7,0
C010457,Treatment,1778.8,10,10,Consumer,West,7.3,0
C010458,Control,1757.83,4,5,Consumer,South,6.7,1
C010459,Control,2164.65,3,15,SMB,North,10.8,1
C010460,Treatment,4960.52,10,36,Enterprise,South,3.0,1
C010461,Treatment,830.25,5,7,Consumer,West,10.1,0
C010462,Treatment,1219.11,1,5,Consumer,West,9.8,0
C010463,Control,1957.43,6,5,Consumer,North,11.3,0
C010464,Treatment,1167.98,2,9,SMB,South,6.1,0
C010465,Control,1523.65,6,18,SMB,South,19.9,0
C010466,Treatment,1918.19,1,10,Consumer,East,9.9,0
C010467,Control,1283.13,9,23,SMB,East,14.3,0
C010468,Control,1351.11,1,16,Consumer,West,10.9,0
C010469,Control,798.68,3,9,Consumer,South,12.9,0
C010470,Control,1623.58,13,65,Consumer,North,3.8,0
C010471,Control,3995.81,6,13,Consumer,North,17.0,0
C010472,Treatment,976.31,3,12,Consumer,West,11.4,0
C010473,Treatment,2689.55,8,16,SMB,South,11.1,1
C010474,Treatment,2566.21,4,16,SMB,South,11.7,0
C010475,Control,1094.46,7,17,Consumer,West,11.1,0
C010476,Control,1699.77,7,19,Consumer,East,9.9,0
C010477,Control,972.8,11,42,SMB,South,8.0,0
C010478,Control,3714.55,9,29,Consumer,North,4.2,0
C010479,Control,1773.79,1,15,Enterprise,West,16.7,0
C010480,Treatment,1466.91,8,40,SMB,East,4.6,0
C010481,Treatment,1025.95,2,9,Consumer,South,13.6,0
C010482,Control,809.14,5,10,Consumer,South,11.2,0
C010483,Treatment,2626.6,14,44,SMB,South,6.1,0
C010484,Treatment,2452.72,14,60,Consumer,East,12.3,0
C010485,Control,1158.58,3,12,Consumer,South,7.2,0
C010486,Treatment,1420.82,6,20,Consumer,South,17.5,0
C010487,Control,2611.73,4,7,Consumer,South,8.8,0
C010488,Control,1361.47,2,4,SMB,West,12.9,0
C010489,Treatment,2244.54,4,20,Consumer,South,6.9,0
C010490,Treatment,959.92,1,11,SMB,South,5.0,0
C010491,Control,2266.65,1,5,SMB,South,8.8,1
C010492,Control,1888.0,4,29,SMB,East,16.0,1
C010493,Treatment,2268.7,8,30,SMB,West,2.2,0
C010494,Control,866.18,7,37,Consumer,West,6.4,1
C010495,Treatment,1682.28,5,6,Consumer,South,8.8,0
C010496,Treatment,2481.23,1,18,SMB,South,5.1,0
C010497,Control,1927.3,1,10,Consumer,South,4.1,0
C010498,Treatment,2365.66,3,8,Consumer,West,13.1,0
C010499,Treatment,1546.5,8,31,Enterprise,East,6.1,0
C010500,Treatment,2416.9,6,19,SMB,South,5.7,0
C010501,Control,1178.87,8,16,Consumer,South,6.5,1
C010502,Control,5255.19,13,33,SMB,South,8.2,0
C010503,Control,1646.09,6,17,SMB,East,11.1,0
C010504,Treatment,4432.6,3,8,Enterprise,South,4.0,1
C010505,Treatment,1411.47,4,4,SMB,South,8.1,0
C010506,Treatment,1437.24,5,19,Consumer,North,6.4,0
C010507,Treatment,999.24,6,7,SMB,South,3.5,0
C010508,Control,2697.36,4,14,SMB,North,6.9,0
C010509,Control,631.47,4,15,Consumer,East,12.8,0
C010510,Treatment,2233.16,10,35,SMB,East,10.3,0
C010511,Treatment,2102.01,1,7,Consumer,South,12.0,0
C010512,Treatment,3479.43,11,23,Enterprise,South,0.0,0
C010513,Control,1052.4,1,21,Enterprise,West,6.0,0
C010514,Control,1261.55,3,21,Consumer,West,11.0,0
C010515,Treatment,2563.69,9,23,Consumer,East,7.3,0
C010516,Control,1688.73,10,16,Consumer,East,9.2,0
C010517,Control,1384.21,13,26,Consumer,West,9.2,0
C010518,Treatment,808.53,1,2,Consumer,East,2.5,0
C010519,Treatment,2195.03,6,26,Consumer,South,7.1,0
C010520,Treatment,1690.74,10,37,Consumer,South,5.0,0
C010521,Treatment,2172.46,17,72,SMB,North,10.3,0
C010522,Treatment,1921.19,17,59,Consumer,West,7.3,0
C010523,Control,1676.44,4,8,Consumer,East,3.6,0
C010524,Control,1051.78,12,15,Consumer,West,8.5,0
C010525,Treatment,1474.48,8,15,Consumer,North,15.3,1
C010526,Control,1984.14,16,55,Consumer,South,1.6,0
C010527,Treatment,1566.68,10,56,SMB,East,13.3,0
C010528,Treatment,1559.3,11,35,Consumer,West,6.0,0
C010529,Control,2498.41,8,17,Enterprise,West,8.9,0
C010530,Treatment,1811.51,8,17,Consumer,South,1.9,0
C010531,Treatment,2881.33,4,40,Consumer,West,10.1,0
C010532,Control,1906.74,1,10,SMB,West,10.4,0
C010533,Control,1027.51,6,33,Consumer,West,16.7,0
C010534,Treatment,1636.41,2,6,Consumer,East,10.9,0
C010535,Control,1038.64,2,9,Consumer,West,1.0,0
C010536,Control,2303.78,21,50,Enterprise,North,9.5,0
C010537,Treatment,3671.6,6,27,Consumer,South,10.1,0
C010538,Treatment,1815.71,5,16,Consumer,North,2.9,1
C010539,Treatment,2707.04,7,16,Enterprise,South,0.0,0
C010540,Treatment,1460.08,3,6,SMB,West,0.9,0
C010541,Treatment,2792.24,11,18,SMB,East,10.0,0
C010542,Control,4017.14,14,54,Consumer,South,7.8,0
C010543,Control,2866.79,4,17,SMB,West,13.2,0
C010544,Treatment,2153.33,2,7,Consumer,South,14.8,0
C010545,Control,1605.27,5,3,Consumer,South,12.2,0
C010546,Treatment,685.23,7,9,Consumer,East,12.5,0
C010547,Treatment,2517.46,8,24,Enterprise,South,14.1,0
C010548,Control,1591.91,2,10,Consumer,East,10.7,0
C010549,Treatment,1192.45,3,15,Consumer,West,10.9,0
C010550,Treatment,1502.42,11,37,Consumer,South,0.1,1
C010551,Treatment,1957.37,9,13,SMB,South,6.3,1
C010552,Control,1223.88,12,42,Consumer,South,4.1,0
C010553,Treatment,620.74,2,9,Consumer,West,14.4,1
C010554,Control,1554.04,5,21,Consumer,South,4.5,0
C010555,Treatment,1891.54,1,18,Consumer,West,4.4,1
C010556,Treatment,1419.97,7,11,Consumer,East,7.4,0
C010557,Control,4405.34,2,19,SMB,North,15.5,0
C010558,Control,2927.14,15,49,Consumer,South,16.6,0
C010559,Treatment,2032.47,6,18,Consumer,South,8.3,0
C010560,Treatment,2652.25,15,33,Consumer,North,10.7,0
C010561,Control,670.73,9,20,Consumer,South,8.7,0
C010562,Treatment,786.15,4,4,SMB,East,11.5,1
C010563,Treatment,2182.23,4,11,SMB,East,0.2,0
C010564,Control,3367.76,2,9,SMB,South,14.2,1
C010565,Treatment,696.39,3,3,Consumer,South,8.9,0
C010566,Control,1130.73,6,24,SMB,South,6.5,0
C010567,Control,1864.97,1,13,Consumer,West,6.3,0
C010568,Treatment,1276.11,6,3,Consumer,West,10.7,0
C010569,Control,1300.15,2,5,Consumer,West,15.4,1
C010570,Treatment,1489.78,7,30,Consumer,South,15.0,0
C010571,Treatment,949.15,1,9,Consumer,West,5.8,0
C010572,Treatment,1140.78,3,13,Consumer,West,12.1,0
C010573,Control,1433.71,8,19,Consumer,North,5.4,0
C010574,Control,1168.75,10,51,Consumer,South,5.9,1
C010575,Treatment,1660.33,9,54,SMB,South,8.4,0
C010576,Treatment,1232.1,5,21,Consumer,East,10.9,0
C010577,Treatment,3589.78,6,22,Consumer,South,11.3,0
C010578,Control,959.66,8,15,Consumer,South,9.9,0
C010579,Control,2642.42,12,31,SMB,South,2.5,1
C010580,Control,1644.26,2,4,SMB,South,11.6,0
C010581,Treatment,841.56,1,14,Consumer,East,18.5,0
C010582,Control,1843.69,4,20,SMB,South,11.7,0
C010583,Treatment,1760.04,10,25,Consumer,South,14.3,0
C010584,Control,2508.22,1,14,Enterprise,East,12.0,0
C010585,Control,1519.96,14,50,Consumer,West,12.9,0
C010586,Treatment,2582.97,14,27,Consumer,North,2.7,0
C010587,Treatment,1930.07,9,24,SMB,South,5.3,1
C010588,Treatment,986.63,5,13,Consumer,South,14.4,0
C010589,Control,4373.12,8,11,SMB,South,12.9,0
C010590,Treatment,1952.13,12,45,Consumer,West,7.7,0
C010591,Control,846.59,2,6,Consumer,West,9.9,0
C010592,Treatment,2948.11,6,19,Consumer,South,13.3,0
C010593,Treatment,732.54,1,5,Consumer,South,10.5,1
C010594,Control,1670.32,1,19,Consumer,North,13.5,0
C010595,Treatment,762.86,7,27,Consumer,East,7.5,0
C010596,Control,881.67,6,33,SMB,North,14.0,1
C010597,Control,1757.21,12,63,Consumer,South,10.5,0
C010598,Control,770.28,1,10,Consumer,North,4.8,0
C010599,Control,4471.68,7,32,SMB,East,17.8,0
C010600,Treatment,1129.35,3,18,Consumer,West,18.3,0
C010601,Treatment,6409.22,10,40,SMB,North,6.7,0
C010602,Treatment,1427.95,3,16,Consumer,West,7.3,0
C010603,Treatment,1861.59,2,11,SMB,West,12.3,0
C010604,Treatment,2921.86,11,53,SMB,North,8.4,0
C010605,Control,2402.86,4,38,Consumer,West,8.9,0
C010606,Control,1961.84,2,16,Consumer,East,15.2,0
C010607,Control,1420.37,7,11,Consumer,South,3.6,0
C010608,Treatment,1500.92,6,10,Consumer,East,6.4,0
C010609,Treatment,3071.62,7,29,Consumer,South,9.0,0
C010610,Treatment,2372.15,5,42,SMB,North,9.6,1
C010611,Control,1912.14,4,28,SMB,South,15.5,0
C010612,Control,1113.62,5,23,Consumer,East,13.5,0
C010613,Treatment,1287.47,4,9,SMB,West,6.0,0
C010614,Control,1613.62,1,6,Consumer,South,10.8,1
C010615,Treatment,2742.15,5,8,Consumer,South,6.3,1
C010616,Control,1354.93,7,28,Consumer,North,15.4,0
C010617,Control,1757.26,7,12,Consumer,West,7.3,0
C010618,Treatment,2439.33,5,10,Consumer,South,4.6,0
C010619,Treatment,2660.87,8,18,Consumer,West,14.0,0
C010620,Treatment,2909.49,11,45,Consumer,North,0.8,1
C010621,Control,2620.71,1,5,Enterprise,North,6.6,0
C010622,Control,1319.15,7,15,Consumer,South,0.0,1
C010623,Treatment,2238.54,7,24,Enterprise,South,11.4,0
C010624,Treatment,1582.44,3,3,Consumer,South,4.8,0
C010625,Control,2594.2,10,33,SMB,West,14.9,0
C010626,Treatment,921.07,11,31,Consumer,South,14.1,0
C010627,Control,2050.12,6,18,Consumer,North,6.5,0
C010628,Control,751.8,7,10,Consumer,East,18.9,1
C010629,Treatment,3740.53,9,72,Consumer,South,4.9,0
C010630,Treatment,1391.6,7,20,Consumer,East,4.1,0
C010631,Control,1990.79,7,4,SMB,West,6.6,1
C010632,Control,2537.43,7,11,SMB,West,9.7,0
C010633,Treatment,2032.56,2,18,Consumer,South,12.3,0
C010634,Treatment,1468.0,1,3,SMB,South,16.1,0
C010635,Treatment,2820.77,8,8,Consumer,South,9.7,0
C010636,Control,1326.12,10,8,Consumer,South,7.5,1
C010637,Treatment,1200.48,6,16,Consumer,South,8.8,0
C010638,Treatment,1686.16,14,7,Consumer,North,12.3,1
C010639,Treatment,1208.78,4,16,Consumer,South,4.6,0
C010640,Control,937.79,11,30,Consumer,West,6.0,1
C010641,Treatment,1622.44,12,66,Consumer,West,17.5,1
C010642,Treatment,1949.65,5,9,SMB,North,5.3,1
C010643,Treatment,1529.93,1,18,SMB,West,3.5,0
C010644,Treatment,2108.59,6,14,Enterprise,West,16.6,1
C010645,Treatment,645.68,4,22,Consumer,North,10.9,0
C010646,Control,2111.69,1,7,Consumer,West,14.6,0
C010647,Control,1740.25,13,33,Consumer,West,2.0,1
C010648,Treatment,840.33,3,1,Consumer,East,15.7,0
C010649,Control,3101.97,7,39,Consumer,West,0.0,0
C010650,Control,1262.88,5,26,SMB,South,8.8,0
C010651,Treatment,1677.7,1,8,Enterprise,South,16.7,1
C010652,Control,1370.09,9,46,Consumer,East,15.1,0
C010653,Treatment,2074.04,3,16,Enterprise,South,12.9,0
C010654,Control,1079.35,3,3,Consumer,South,16.4,0
C010655,Control,2270.99,12,47,Consumer,East,8.5,0
C010656,Control,2083.4,2,15,Consumer,West,3.7,0
C010657,Treatment,2203.73,1,13,Consumer,West,6.9,0
C010658,Treatment,2636.94,9,9,Consumer,North,3.2,0
C010659,Control,1030.33,5,5,Consumer,South,8.0,1
C010660,Control,2125.29,11,34,Consumer,North,2.5,0
C010661,Control,911.88,3,10,Consumer,East,13.0,0
C010662,Treatment,1910.14,4,31,SMB,South,0.7,0
C010663,Treatment,684.47,3,3,Consumer,West,7.2,0
C010664,Treatment,2435.12,1,5,Consumer,East,5.9,0
C010665,Control,5506.66,17,35,Enterprise,South,7.4,0
C010666,Treatment,4917.85,2,15,SMB,East,7.9,0
C010667,Control,3987.68,11,24,Enterprise,South,16.0,0
C010668,Control,1842.8,4,19,Consumer,North,7.0,0
C010669,Control,1135.56,3,8,Consumer,North,3.9,0
C010670,Control,3141.95,11,25,SMB,East,11.0,0
C010671,Control,2634.59,1,7,Enterprise,West,8.5,0
C010672,Treatment,1296.82,15,49,Consumer,South,8.3,0
C010673,Control,2831.08,6,27,Enterprise,West,7.5,0
C010674,Treatment,1093.97,11,39,Consumer,North,7.3,0
C010675,Treatment,2357.62,6,8,SMB,South,9.5,0
C010676,Treatment,2047.33,6,12,Consumer,East,5.5,0
C010677,Control,1449.38,5,36,Consumer,West,12.3,0
C010678,Treatment,957.63,2,9,Consumer,West,19.7,0
C010679,Control,3403.12,7,26,Consumer,East,6.1,0
C010680,Control,2319.26,1,14,SMB,South,8.4,0
C010681,Control,2471.01,12,48,Consumer,North,11.3,0
C010682,Treatment,1626.77,5,2,Consumer,South,12.7,0
C010683,Treatment,3215.33,12,60,Consumer,West,11.5,0
C010684,Treatment,1929.96,7,14,Consumer,East,4.7,0
C010685,Treatment,1440.8,3,8,Consumer,South,1.4,0
C010686,Treatment,809.6,5,11,Consumer,South,2.3,0
C010687,Treatment,1223.34,7,17,Consumer,North,12.4,0
C010688,Treatment,1759.88,11,29,Consumer,West,7.1,0
C010689,Control,6779.54,13,72,Enterprise,South,5.8,0
C010690,Treatment,4849.83,7,14,Enterprise,West,7.2,0
C010691,Treatment,1456.17,7,14,Consumer,South,11.5,0
C010692,Treatment,3172.98,5,14,Consumer,West,16.2,1
C010693,Control,2322.3,1,9,SMB,North,5.8,0
C010694,Control,2111.92,11,42,Consumer,North,4.2,0
C010695,Treatment,1887.64,6,17,Consumer,South,10.5,1
C010696,Control,3393.47,3,12,Enterprise,North,10.4,0
C010697,Control,2410.73,11,38,SMB,West,6.6,1
C010698,Treatment,2374.35,1,7,Enterprise,West,12.1,0
C010699,Treatment,2384.37,6,12,Consumer,South,10.5,0
C010700,Treatment,3459.78,10,40,Consumer,South,4.5,0
C010701,Treatment,2648.25,10,32,SMB,South,8.0,0
C010702,Control,1381.4,2,22,Consumer,East,13.9,1
C010703,Control,1822.46,3,47,SMB,North,13.3,0
C010704,Treatment,1835.67,6,43,Consumer,South,9.9,0
C010705,Control,2746.03,3,5,SMB,North,20.4,0
C010706,Treatment,2024.82,17,48,Consumer,West,10.6,0
C010707,Treatment,2458.18,6,16,Consumer,South,10.5,0
C010708,Treatment,1739.42,8,9,Enterprise,East,7.7,0
C010709,Treatment,2040.84,5,6,SMB,West,8.2,0
C010710,Treatment,2480.05,2,33,Consumer,South,11.3,0
C010711,Treatment,5693.86,6,19,Enterprise,North,6.3,0
C010712,Control,705.54,3,17,Consumer,South,12.2,0
C010713,Control,2390.9,5,33,Consumer,East,12.3,0
C010714,Control,2385.61,13,55,Consumer,South,2.7,0
C010715,Treatment,3351.26,16,67,SMB,North,2.3,1
C010716,Control,689.91,1,19,Consumer,North,7.7,0
C010717,Treatment,678.77,1,7,Consumer,East,17.0,1
C010718,Treatment,2962.96,3,16,Enterprise,East,17.4,0
C010719,Control,3456.79,8,36,Consumer,North,0.0,0
C010720,Treatment,2816.87,13,45,SMB,West,10.1,0
C010721,Control,5516.36,10,54,SMB,South,9.1,0
C010722,Control,519.22,9,29,Consumer,North,4.7,0
C010723,Control,947.73,9,6,SMB,South,8.3,1
C010724,Control,1006.85,8,31,SMB,East,5.9,0
C010725,Treatment,2334.18,7,20,Consumer,East,8.0,0
C010726,Treatment,1994.2,3,11,Consumer,South,8.2,0
C010727,Treatment,1737.41,3,18,Consumer,South,4.0,0
C010728,Treatment,2885.14,6,31,Consumer,South,7.9,0
C010729,Treatment,1528.65,7,18,Consumer,South,7.8,1
C010730,Treatment,2433.14,1,2,Consumer,South,12.1,0
C010731,Treatment,3272.79,3,16,Consumer,South,9.8,0
C010732,Control,965.28,9,45,Consumer,South,12.5,1
C010733,Treatment,1954.42,5,9,Consumer,North,11.1,0
C010734,Treatment,2960.64,4,18,SMB,South,15.3,0
C010735,Control,1058.02,1,2,SMB,North,7.6,0
C010736,Control,999.54,5,21,SMB,East,13.1,0
C010737,Control,1945.46,5,13,SMB,South,9.3,0
C010738,Control,2057.83,16,54,Consumer,East,15.9,0
C010739,Treatment,3750.75,10,22,Enterprise,North,10.6,1
C010740,Control,3294.71,1,3,SMB,South,4.7,0
C010741,Treatment,2471.95,3,5,Enterprise,North,8.7,0
C010742,Treatment,2069.16,11,37,Consumer,North,8.1,0
C010743,Control,4767.05,14,36,Consumer,West,5.3,0
C010744,Treatment,1912.99,3,22,Consumer,North,6.9,0
C010745,Treatment,1083.68,2,1,Consumer,North,0.0,0
C010746,Treatment,2472.88,9,25,Consumer,South,6.3,0
C010747,Control,1343.09,4,21,Consumer,South,12.1,0
C010748,Treatment,2004.91,2,12,Enterprise,West,11.5,0
C010749,Control,1321.96,12,60,Consumer,West,6.7,0
C010750,Control,2180.26,10,38,Consumer,South,10.6,0
C010751,Control,2372.37,1,1,Consumer,South,14.7,1
C010752,Control,1955.5,6,16,Consumer,South,5.7,0
C010753,Treatment,2219.32,2,12,Consumer,South,2.4,0
C010754,Control,3035.46,9,21,SMB,South,9.1,0
C010755,Treatment,2445.85,3,2,Consumer,North,15.0,0
C010756,Control,1061.67,1,16,Consumer,North,14.7,0
C010757,Treatment,1173.35,6,12,Consumer,North,8.1,0
C010758,Control,2100.64,3,31,Consumer,South,12.4,0
C010759,Treatment,1619.54,5,28,Consumer,East,8.9,0
C010760,Treatment,1248.94,8,36,Consumer,West,17.9,0
C010761,Control,2996.44,3,17,Enterprise,South,11.5,0
C010762,Treatment,776.26,11,38,Consumer,West,2.0,0
C010763,Control,2437.21,11,16,Consumer,South,7.2,0
C010764,Treatment,1025.93,1,8,Consumer,North,9.3,0
C010765,Treatment,739.9,1,4,SMB,East,4.6,0
C010766,Control,2226.69,4,8,Consumer,South,10.1,0
C010767,Control,2193.04,6,26,SMB,West,6.7,0
C010768,Control,2194.17,1,11,SMB,West,12.0,0
C010769,Treatment,3354.74,8,13,Consumer,North,4.4,0
C010770,Treatment,2891.69,3,7,SMB,North,7.8,0
C010771,Control,2315.21,4,3,Consumer,South,14.4,0
C010772,Control,2701.39,11,38,SMB,West,9.4,0
C010773,Control,4466.32,8,36,Consumer,North,10.0,0
C010774,Treatment,1601.21,1,2,Consumer,West,4.7,0
C010775,Control,1121.33,10,41,Consumer,South,7.6,0
C010776,Control,782.41,3,26,Consumer,East,6.6,0
C010777,Treatment,2282.78,8,17,Consumer,North,8.4,1
C010778,Control,1006.63,10,24,Consumer,West,19.6,1
C010779,Treatment,1791.09,9,33,Consumer,East,12.2,0
C010780,Control,2097.51,6,25,Consumer,North,10.3,0
C010781,Control,1299.65,7,10,Consumer,South,7.2,0
C010782,Treatment,915.95,6,3,Consumer,South,6.6,0
C010783,Control,1371.14,7,20,SMB,South,9.6,0
C010784,Control,1373.49,11,28,Consumer,West,11.6,1
C010785,Treatment,1981.57,8,13,Consumer,South,9.5,0
C010786,Treatment,1544.7,9,16,Enterprise,West,6.0,0
C010787,Treatment,3787.11,9,17,Consumer,North,9.7,0
C010788,Control,1630.97,1,9,Consumer,West,12.3,1
C010789,Control,2784.9,6,15,Enterprise,West,14.5,1
C010790,Control,1954.72,8,29,SMB,East,14.0,0
C010791,Treatment,1682.47,9,23,Consumer,West,7.2,0
C010792,Treatment,1876.51,1,8,Consumer,South,0.0,0
C010793,Treatment,1809.39,4,32,Consumer,East,3.6,0
C010794,Treatment,4781.26,15,41,SMB,North,3.4,0
C010795,Control,2431.74,4,5,Consumer,South,9.8,1
C010796,Treatment,2332.48,4,9,SMB,South,4.4,0
C010797,Control,973.35,1,7,Consumer,West,5.8,0
C010798,Control,984.12,2,16,Consumer,West,7.3,1
C010799,Treatment,1779.37,5,28,Consumer,South,23.2,1
C010800,Treatment,1285.48,2,13,Consumer,West,16.0,1
C010801,Control,2817.95,10,30,SMB,West,7.3,0
C010802,Control,2923.15,6,19,Consumer,West,17.3,0
C010803,Treatment,1791.88,2,15,Consumer,North,9.6,1
C010804,Control,4428.79,7,13,Consumer,South,5.7,1
C010805,Treatment,1094.76,1,27,Consumer,South,11.0,0
C010806,Treatment,1329.89,1,8,Consumer,West,4.7,0
C010807,Control,1488.69,6,10,Consumer,East,0.2,0
C010808,Control,1741.73,10,19,Enterprise,West,0.0,0
C010809,Control,1391.73,1,16,Consumer,West,14.0,1
C010810,Treatment,2601.94,1,7,Consumer,South,8.3,0
C010811,Control,1193.19,10,15,Consumer,West,4.1,0
C010812,Treatment,1462.64,1,10,Consumer,South,10.6,1
C010813,Control,2095.7,9,23,Consumer,East,2.3,1
C010814,Treatment,5438.07,3,11,Enterprise,South,4.1,1
C010815,Control,2351.33,6,9,SMB,West,11.0,0
C010816,Control,710.59,7,11,Consumer,West,17.5,1
C010817,Treatment,2458.51,3,3,Consumer,West,3.0,0
C010818,Treatment,1183.08,1,7,Consumer,South,4.0,0
C010819,Control,1998.94,5,31,SMB,South,8.1,1
C010820,Control,725.32,1,6,Consumer,West,11.8,0
C010821,Treatment,1601.47,1,16,SMB,West,10.4,0
C010822,Control,2192.32,7,17,SMB,West,6.9,1
C010823,Control,1687.37,2,33,Enterprise,East,8.3,0
C010824,Control,1222.25,9,13,Consumer,East,10.0,0
C010825,Control,1040.51,3,21,SMB,North,16.8,1
C010826,Treatment,2169.87,7,32,Consumer,West,13.0,0
C010827,Treatment,1533.61,5,25,Consumer,South,5.2,0
C010828,Treatment,1921.48,13,30,Consumer,West,2.1,1
C010829,Treatment,1373.29,9,29,Consumer,North,11.9,0
C010830,Control,1984.54,13,43,Consumer,West,3.3,0
C010831,Treatment,1120.09,2,11,Consumer,South,10.8,0
C010832,Control,1172.98,13,45,Consumer,North,12.3,1
C010833,Control,1271.21,5,8,Consumer,East,13.6,0
C010834,Treatment,2207.92,3,5,Consumer,East,4.0,0
C010835,Control,758.64,8,29,Consumer,West,12.6,0
C010836,Control,780.37,4,10,Consumer,East,13.9,0
C010837,Control,2394.32,5,16,Consumer,South,7.9,0
C010838,Treatment,1681.21,8,21,Consumer,North,4.9,0
C010839,Control,1417.34,1,11,Consumer,West,8.9,0
C010840,Treatment,3698.79,1,19,Consumer,West,9.4,0
C010841,Treatment,1693.56,3,19,SMB,West,13.2,0
C010842,Treatment,1228.24,1,6,SMB,North,9.3,0
C010843,Control,882.55,4,7,Consumer,West,10.4,0
C010844,Treatment,3460.3,12,50,Consumer,South,12.0,0
C010845,Control,743.85,5,27,Consumer,West,8.2,0
C010846,Treatment,1125.42,1,28,Consumer,North,9.5,0
C010847,Treatment,1253.26,2,13,Consumer,North,5.0,0
C010848,Control,670.18,3,4,Consumer,North,9.0,1
C010849,Treatment,1776.97,9,19,Enterprise,West,8.1,0
C010850,Treatment,2378.14,3,20,Consumer,East,8.4,0
C010851,Control,1017.98,7,30,Consumer,East,4.0,0
C010852,Control,741.49,5,20,Consumer,South,8.8,0
C010853,Treatment,1732.3,5,34,Consumer,West,5.9,0
C010854,Treatment,591.62,5,6,Consumer,South,8.5,0
C010855,Treatment,2373.27,4,7,Consumer,North,9.4,0
C010856,Control,1103.11,13,19,Consumer,West,16.9,0
C010857,Treatment,2460.08,3,26,Enterprise,South,6.4,1
C010858,Treatment,1717.87,4,13,SMB,East,5.6,0
C010859,Treatment,2699.9,3,6,SMB,South,8.1,0
C010860,Control,1132.19,3,21,Consumer,East,4.7,0
C010861,Control,616.54,10,27,Consumer,North,0.0,1
C010862,Treatment,1831.62,8,37,SMB,South,7.5,0
C010863,Control,1828.43,1,6,Consumer,South,8.5,1
C010864,Control,1217.7,10,31,SMB,East,9.6,0
C010865,Treatment,1269.0,1,11,Consumer,South,7.8,0
C010866,Control,1831.34,9,32,Consumer,South,5.6,1
C010867,Control,1600.35,11,63,Consumer,South,10.4,0
C010868,Control,1839.49,4,17,Consumer,South,6.9,0
C010869,Treatment,1545.59,4,11,SMB,South,6.5,0
C010870,Treatment,3657.37,6,16,SMB,East,11.7,0
C010871,Control,3453.59,7,25,SMB,South,8.4,0
C010872,Control,1718.71,1,4,SMB,South,14.9,0
C010873,Treatment,4256.63,6,17,SMB,South,4.3,0
C010874,Control,2123.18,1,11,SMB,South,16.9,0
C010875,Treatment,1902.66,6,6,SMB,East,11.1,0
C010876,Treatment,2523.4,14,20,SMB,East,4.2,1
C010877,Control,1867.47,9,37,Consumer,West,7.9,0
C010878,Control,3409.55,5,10,Enterprise,South,6.3,0
C010879,Control,1865.96,3,24,Consumer,South,11.5,0
C010880,Treatment,2093.52,6,25,Consumer,South,6.3,0
C010881,Control,3474.02,8,20,Consumer,South,5.1,0
C010882,Treatment,3174.62,3,2,SMB,West,11.1,0
C010883,Treatment,1229.18,2,13,SMB,North,8.1,0
C010884,Treatment,1523.36,1,7,Consumer,South,0.0,0
C010885,Treatment,1547.87,8,35,Consumer,East,14.1,0
C010886,Control,907.03,3,10,SMB,South,8.2,1
C010887,Treatment,4484.88,5,28,SMB,West,8.3,0
C010888,Treatment,992.75,8,14,Consumer,North,13.4,0
C010889,Control,2674.84,7,16,SMB,West,11.5,0
C010890,Control,974.56,3,24,SMB,East,18.9,0
C010891,Control,1138.42,9,6,Consumer,West,6.0,0
C010892,Control,1334.87,7,16,Consumer,South,12.6,1
C010893,Treatment,2195.48,2,10,Consumer,South,6.1,0
C010894,Control,2381.86,7,33,SMB,North,10.8,0
C010895,Treatment,4536.0,10,45,Enterprise,West,13.9,1
C010896,Treatment,3298.1,4,32,Enterprise,North,6.8,0
C010897,Control,1993.89,5,44,SMB,South,19.9,1
C010898,Treatment,1019.16,1,5,Consumer,South,11.7,0
C010899,Control,1944.32,7,15,Consumer,West,7.5,0
C010900,Control,1093.99,1,19,Consumer,South,0.0,0
C010901,Control,1344.76,3,8,Consumer,South,9.3,0
C010902,Control,1181.78,6,28,SMB,East,15.8,0
C010903,Control,2844.04,6,32,Enterprise,West,10.7,0
C010904,Control,1848.86,5,24,Consumer,West,12.1,0
C010905,Control,1355.52,6,11,Consumer,South,8.4,0
C010906,Control,615.59,1,9,Consumer,North,8.7,0
C010907,Treatment,2539.52,7,34,Consumer,North,8.9,0
C010908,Control,1239.61,5,11,Consumer,South,7.2,0
C010909,Treatment,13063.0,7,42,Consumer,South,8.7,0
C010910,Treatment,1806.71,5,7,Consumer,South,8.6,0
C010911,Treatment,2916.42,13,37,Consumer,South,11.4,0
C010912,Treatment,1138.59,2,11,Enterprise,South,8.6,1
C010913,Treatment,1019.7,7,11,Consumer,East,13.6,0
C010914,Treatment,1683.55,1,4,Consumer,North,18.7,1
C010915,Treatment,1755.79,1,6,SMB,West,7.2,0
C010916,Treatment,800.62,11,25,Consumer,West,16.7,0
C010917,Control,1062.14,7,28,Consumer,South,12.0,0
C010918,Treatment,4567.23,17,72,Enterprise,South,6.6,0
C010919,Treatment,2006.55,5,26,SMB,West,15.5,0
C010920,Control,688.11,5,32,Consumer,West,11.9,0
C010921,Treatment,3964.55,3,10,SMB,South,12.4,0
C010922,Treatment,1518.8,10,11,Consumer,North,0.0,1
C010923,Treatment,3729.34,4,18,Enterprise,West,12.0,1
C010924,Control,2286.19,8,16,Consumer,East,8.8,0
C010925,Control,1404.02,12,22,SMB,East,10.9,0
C010926,Control,1445.66,2,4,Consumer,South,11.8,0
C010927,Treatment,1039.24,2,3,Consumer,West,10.9,1
C010928,Treatment,2945.15,9,44,Consumer,South,11.2,0
C010929,Treatment,2867.18,8,39,Consumer,South,12.6,0
C010930,Control,890.81,1,5,Consumer,East,7.8,1
C010931,Control,1057.39,1,11,Consumer,South,16.9,1
C010932,Treatment,1206.79,6,28,Consumer,South,11.8,0
C010933,Treatment,2137.09,6,32,Consumer,East,5.7,0
C010934,Treatment,1577.16,11,48,Consumer,East,10.6,0
C010935,Control,1126.27,12,15,SMB,West,4.4,0
C010936,Control,2299.72,5,10,SMB,South,12.6,1
C010937,Treatment,953.98,4,9,Consumer,South,4.4,0
C010938,Treatment,1740.0,1,6,Enterprise,South,8.3,0
C010939,Control,1775.39,12,41,Consumer,South,7.7,1
C010940,Treatment,1468.15,3,5,Consumer,North,12.7,0
C010941,Treatment,1969.28,7,41,Consumer,East,5.6,0
C010942,Treatment,1910.47,6,14,Consumer,South,11.0,0
C010943,Control,1142.92,4,25,Consumer,South,3.0,0
C010944,Control,2224.84,5,23,Consumer,North,13.8,0
C010945,Treatment,1400.04,2,6,Consumer,South,8.9,0
C010946,Treatment,2583.15,2,9,SMB,North,7.2,0
C010947,Treatment,1407.56,14,38,Consumer,East,10.0,1
C010948,Treatment,803.07,8,17,Consumer,South,10.3,0
C010949,Control,3748.37,10,60,Consumer,West,6.8,0
C010950,Control,842.8,1,11,Consumer,South,16.2,0
C010951,Control,1047.96,7,23,Consumer,West,13.8,0
C010952,Treatment,1962.82,7,7,Consumer,West,1.7,0
C010953,Control,2286.53,7,31,Consumer,West,9.4,0
C010954,Treatment,1928.7,2,20,Consumer,West,7.9,0
C010955,Treatment,592.31,3,5,Consumer,South,0.0,0
C010956,Treatment,1333.97,5,24,Consumer,South,9.7,0
C010957,Treatment,1935.03,14,32,SMB,East,5.5,0
C010958,Treatment,1630.0,3,19,SMB,South,8.4,1
C010959,Control,884.04,1,14,Consumer,East,10.7,0
C010960,Treatment,2875.75,3,16,SMB,East,12.3,1
C010961,Control,4284.89,5,30,Enterprise,North,10.4,0
C010962,Control,1242.25,9,32,Consumer,North,0.0,0
C010963,Treatment,2549.75,4,16,Enterprise,East,9.0,1
C010964,Treatment,1076.96,6,7,SMB,East,1.1,1
C010965,Treatment,2953.05,16,35,Consumer,West,4.2,0
C010966,Control,996.61,6,25,Consumer,East,17.6,0
C010967,Treatment,1767.73,1,7,Enterprise,South,9.6,0
C010968,Treatment,3171.16,4,18,Consumer,North,1.1,0
C010969,Treatment,2061.37,2,16,Consumer,South,8.2,0
C010970,Control,742.74,8,20,Consumer,South,18.8,0
C010971,Treatment,1247.18,6,14,Consumer,West,6.6,0
C010972,Treatment,1574.93,10,34,Consumer,East,0.0,1
C010973,Treatment,725.69,6,24,Consumer,West,8.6,1
C010974,Control,981.27,3,14,SMB,South,19.0,0
C010975,Treatment,1824.27,11,35,Consumer,South,6.9,0
C010976,Control,3021.57,8,16,SMB,South,16.0,0
C010977,Control,5271.11,13,32,Enterprise,South,8.9,0
C010978,Control,3957.71,12,36,Consumer,North,19.9,0
C010979,Treatment,3068.23,5,14,Enterprise,South,8.3,0
C010980,Treatment,1263.35,1,3,Consumer,South,8.0,0
C010981,Control,1894.56,9,20,Consumer,North,11.8,0
C010982,Control,1699.19,7,25,Consumer,East,6.2,1
C010983,Control,1120.8,9,33,Consumer,East,7.2,0
C010984,Control,2547.92,2,4,Enterprise,North,8.4,0
C010985,Treatment,1669.87,1,30,Consumer,East,16.7,0
C010986,Control,2932.33,6,7,Consumer,North,0.6,0
C010987,Control,2581.76,11,60,SMB,South,3.7,0
C010988,Treatment,2275.82,6,19,Enterprise,East,16.2,0
C010989,Control,1971.47,11,41,Enterprise,South,9.3,0
C010990,Treatment,948.28,11,51,Consumer,East,4.1,0
C010991,Treatment,1814.11,12,39,Consumer,South,11.4,1
C010992,Treatment,3996.85,17,46,Consumer,South,8.6,0
C010993,Treatment,1732.03,8,35,Consumer,South,6.3,0
C010994,Control,2253.3,6,28,SMB,South,4.8,0
C010995,Treatment,3147.19,6,25,SMB,North,7.3,0
C010996,Treatment,6288.3,14,54,Enterprise,South,0.0,0
C010997,Control,1373.24,4,21,Consumer,South,6.5,0
C010998,Treatment,2405.74,9,47,Consumer,South,13.6,0
C010999,Treatment,1267.97,5,19,Consumer,East,11.9,0
C011000,Treatment,996.46,4,23,Consumer,West,7.0,0
C011001,Treatment,1410.85,6,34,SMB,West,2.8,0
C011002,Control,3035.86,11,40,SMB,East,6.5,1
C011003,Treatment,2979.01,3,16,SMB,West,0.0,0
C011004,Treatment,1296.28,8,30,SMB,South,10.8,0
C011005,Treatment,1891.64,4,29,Consumer,East,11.3,0
C011006,Control,2133.61,4,8,Consumer,West,12.4,0
C011007,Treatment,3126.79,5,29,SMB,West,13.5,1
C011008,Treatment,1401.35,10,46,Consumer,West,12.5,0
C011009,Control,1435.79,7,8,Consumer,West,9.2,0
C011010,Treatment,1713.8,2,12,Consumer,South,6.6,1
C011011,Treatment,1899.71,3,19,Enterprise,West,6.4,1
C011012,Treatment,3504.52,3,6,SMB,South,8.5,0
C011013,Treatment,2156.3,6,29,Consumer,North,12.2,0
C011014,Control,3457.46,12,9,Consumer,North,4.6,1
C011015,Treatment,1027.57,1,6,Consumer,South,10.0,0
C011016,Treatment,1934.77,8,31,Consumer,North,4.3,0
C011017,Treatment,2525.17,13,19,Consumer,North,10.9,0
C011018,Control,602.1,4,9,Consumer,South,5.7,0
C011019,Control,2441.11,5,13,Enterprise,East,17.4,0
C011020,Treatment,872.6,5,40,Consumer,North,7.4,0
C011021,Control,787.48,5,21,Consumer,South,9.8,1
C011022,Treatment,1719.29,6,23,SMB,East,3.1,0
C011023,Treatment,1970.71,1,7,Consumer,West,11.2,0
C011024,Treatment,1202.23,8,17,Consumer,East,13.5,0
C011025,Control,1229.84,4,30,Consumer,South,5.1,0
C011026,Treatment,1543.9,7,7,Consumer,West,8.5,1
C011027,Control,1689.59,1,8,Consumer,West,4.6,0
C011028,Treatment,2543.72,5,10,SMB,South,8.0,0
C011029,Control,830.16,11,32,Consumer,North,13.0,1
C011030,Treatment,1687.82,1,8,Consumer,South,18.0,0
C011031,Control,2175.3,8,18,Consumer,West,12.3,0
C011032,Control,1774.19,2,6,SMB,West,3.4,0
C011033,Treatment,2237.56,1,8,SMB,West,8.5,0
C011034,Treatment,4891.07,4,29,Enterprise,West,12.3,1
C011035,Treatment,1487.99,8,35,SMB,East,0.0,0
C011036,Treatment,1427.29,5,14,Consumer,North,10.4,0
C011037,Treatment,868.33,5,5,Consumer,North,9.8,0
C011038,Control,1266.9,5,19,Consumer,North,18.6,0
C011039,Treatment,1149.46,8,22,Consumer,South,9.0,0
C011040,Treatment,1415.75,4,8,Consumer,North,15.7,0
C011041,Treatment,4429.93,5,16,SMB,South,7.9,0
C011042,Control,1115.99,1,7,Consumer,West,12.0,0
C011043,Treatment,2534.55,1,6,Enterprise,North,10.5,0
C011044,Control,2508.41,5,15,Consumer,West,16.7,1
C011045,Treatment,1318.63,5,10,SMB,West,15.3,0
C011046,Treatment,1631.82,13,39,Consumer,North,7.0,0
C011047,Treatment,2411.78,10,32,SMB,North,2.1,0
C011048,Control,2297.29,7,19,Enterprise,South,12.9,0
C011049,Control,2193.4,6,9,Consumer,West,16.7,0
C011050,Control,1087.86,8,36,Consumer,East,2.1,0
C011051,Control,1803.43,9,22,SMB,North,16.9,1
C011052,Control,3184.52,8,23,SMB,East,5.2,0
C011053,Treatment,1498.47,7,14,Consumer,West,15.2,0
C011054,Control,1344.3,9,33,Consumer,South,8.8,0
C011055,Control,1405.89,6,14,SMB,East,14.7,0
C011056,Treatment,1710.44,3,4,Consumer,South,10.9,0
C011057,Control,705.87,1,6,Consumer,South,13.9,0
C011058,Control,3416.39,17,57,Consumer,West,7.5,0
C011059,Treatment,1622.12,7,10,Consumer,South,2.9,0
C011060,Control,2187.64,11,45,Consumer,West,13.9,0
C011061,Control,1100.75,6,11,Consumer,East,14.1,0
C011062,Treatment,2171.96,4,19,SMB,South,7.3,0
C011063,Control,1784.6,7,38,Consumer,East,11.0,1
C011064,Control,1904.04,5,24,Consumer,North,6.5,1
C011065,Control,4356.65,5,18,SMB,South,2.7,0
C011066,Control,1945.0,5,17,Consumer,South,10.7,1
C011067,Treatment,1973.84,3,29,Consumer,West,11.9,0
C011068,Control,2204.68,1,15,Enterprise,West,7.3,0
C011069,Control,2952.43,9,55,Consumer,South,14.9,0
C011070,Control,1207.35,1,5,Consumer,South,5.4,1
C011071,Treatment,1669.3,7,11,Consumer,West,14.5,0
C011072,Control,1333.97,1,10,Consumer,East,4.0,0
C011073,Treatment,1272.97,7,16,SMB,North,11.2,1
C011074,Control,2207.14,3,22,Consumer,South,9.5,1
C011075,Treatment,1731.55,14,66,Consumer,South,13.5,0
C011076,Control,7317.24,5,13,Enterprise,South,10.9,0
C011077,Control,2786.93,7,28,SMB,South,11.0,0
C011078,Treatment,2149.68,5,8,SMB,East,8.9,0
C011079,Control,797.82,1,7,SMB,East,11.5,0
C011080,Treatment,7463.16,13,29,Enterprise,South,3.4,1
C011081,Treatment,985.03,8,21,Consumer,East,0.0,0
C011082,Treatment,590.97,1,9,Consumer,South,18.0,0
C011083,Control,1611.63,8,20,Consumer,West,1.5,1
C011084,Treatment,609.7,7,10,Consumer,North,17.1,0
C011085,Control,2592.03,18,32,SMB,South,5.8,0
C011086,Treatment,1443.4,8,18,Consumer,South,15.8,0
C011087,Treatment,658.34,2,4,Consumer,South,15.4,0
C011088,Treatment,1540.78,9,42,Consumer,East,8.5,0
C011089,Treatment,2932.93,6,39,SMB,South,8.5,0
C011090,Treatment,3067.44,10,25,Consumer,South,6.0,0
C011091,Treatment,1443.82,5,9,SMB,South,9.2,0
C011092,Control,3147.84,4,2,Enterprise,East,10.5,1
C011093,Treatment,2912.98,7,24,SMB,East,18.7,0
C011094,Control,1425.42,1,32,Consumer,West,0.9,1
C011095,Control,1261.02,1,7,SMB,West,8.4,1
C011096,Treatment,981.97,1,26,Consumer,East,12.4,0
C011097,Control,2023.91,5,10,SMB,North,3.2,0
C011098,Treatment,1253.67,5,27,Consumer,West,14.3,0
C011099,Control,1692.05,3,7,SMB,South,14.8,0
C011100,Control,1799.23,7,29,Consumer,East,12.9,0
C011101,Treatment,2219.62,11,19,Consumer,West,7.2,0
C011102,Control,1472.36,1,6,Consumer,South,13.0,0
C011103,Treatment,1057.88,2,8,Consumer,South,8.4,0
C011104,Treatment,1642.34,5,31,SMB,North,7.3,0
C011105,Treatment,834.76,1,13,Consumer,West,12.7,0
C011106,Control,2400.07,1,5,Consumer,South,6.8,0
C011107,Treatment,1413.14,4,18,Consumer,West,13.3,0
C011108,Control,2135.9,5,13,Consumer,North,13.2,0
C011109,Control,3735.06,1,21,SMB,North,14.0,0
C011110,Control,1091.39,6,40,Consumer,North,5.7,1
C011111,Control,2898.55,5,12,Consumer,West,11.7,0
C011112,Treatment,2097.1,1,8,Consumer,North,7.8,0
C011113,Control,1711.76,3,7,Consumer,West,18.6,0
C011114,Control,2391.16,10,41,Consumer,East,3.2,1
C011115,Treatment,2583.02,2,4,SMB,West,9.7,0
C011116,Control,1711.65,5,21,Consumer,South,8.7,0
C011117,Control,997.79,5,16,Consumer,South,9.2,0
C011118,Control,1723.89,4,26,Consumer,North,3.3,0
C011119,Control,857.22,11,21,Consumer,South,5.7,0
C011120,Treatment,987.82,3,18,Consumer,East,2.8,0
C011121,Treatment,2072.73,11,34,Enterprise,North,2.6,0
C011122,Treatment,1258.83,8,23,Consumer,West,7.5,0
C011123,Treatment,1265.43,1,18,Consumer,North,19.5,1
C011124,Control,1313.59,3,27,Enterprise,South,13.0,0
C011125,Treatment,1404.6,6,17,SMB,East,6.1,1
C011126,Control,1639.62,12,19,Consumer,South,8.4,1
C011127,Control,996.68,5,5,SMB,South,3.8,0
C011128,Control,1474.65,15,47,Consumer,West,0.0,1
C011129,Control,2451.98,6,25,SMB,North,9.2,1
C011130,Treatment,805.09,11,25,Consumer,South,8.1,0
C011131,Control,1218.28,9,21,Consumer,North,8.2,0
C011132,Control,2753.36,2,52,SMB,North,7.1,1
C011133,Control,4853.83,6,31,Enterprise,South,6.8,0
C011134,Treatment,2438.99,1,3,Consumer,West,11.3,0
C011135,Treatment,2205.53,2,20,Consumer,South,4.1,0
C011136,Treatment,6617.8,8,28,Enterprise,South,9.4,0
C011137,Treatment,5240.85,17,53,Consumer,North,1.2,0
C011138,Treatment,1644.55,3,11,Consumer,West,17.6,0
C011139,Control,1134.59,2,13,Consumer,South,12.5,0
C011140,Control,2009.2,7,21,SMB,South,6.1,0
C011141,Control,1491.62,6,17,Consumer,North,7.5,0
C011142,Control,3020.79,4,10,Enterprise,North,12.6,0
C011143,Treatment,684.44,1,7,Consumer,North,13.2,0
C011144,Control,1475.84,11,29,Consumer,North,6.6,0
C011145,Control,2285.92,1,12,SMB,South,6.5,0
C011146,Treatment,2171.85,4,28,Consumer,South,6.3,1
C011147,Control,1361.54,7,15,Consumer,West,12.3,0
C011148,Control,1520.71,8,13,Enterprise,North,7.8,0
C011149,Control,2973.8,6,29,Enterprise,South,11.4,0
C011150,Treatment,1344.15,1,7,SMB,South,10.8,0
C011151,Control,929.5,2,11,Consumer,South,7.1,0
C011152,Control,4398.61,2,20,SMB,North,3.1,0
C011153,Control,682.5,4,20,Consumer,North,13.8,0
C011154,Treatment,1775.04,4,28,Consumer,North,9.6,1
C011155,Control,2291.79,4,24,Consumer,South,9.9,0
C011156,Control,2403.75,6,26,Consumer,North,8.9,0
C011157,Treatment,1944.27,6,20,Consumer,South,3.4,0
C011158,Treatment,1525.73,6,11,Consumer,South,7.2,1
C011159,Control,2605.49,5,20,Consumer,South,10.2,0
C011160,Control,2068.15,5,20,SMB,North,6.6,0
C011161,Control,4242.01,3,13,Enterprise,South,10.7,0
C011162,Treatment,3363.74,6,37,Consumer,South,8.4,0
C011163,Control,2428.55,6,23,Enterprise,West,2.8,1
C011164,Treatment,3232.22,4,5,SMB,North,0.7,0
C011165,Treatment,1023.05,3,2,SMB,North,10.8,0
C011166,Treatment,4796.44,9,47,Enterprise,West,5.4,0
C011167,Control,1099.86,15,71,Consumer,South,7.7,1
C011168,Treatment,3037.6,5,7,SMB,North,5.2,0
C011169,Treatment,3770.38,5,11,Consumer,West,13.7,0
C011170,Treatment,2906.68,1,8,Enterprise,South,2.9,1
C011171,Control,1661.43,3,29,Consumer,East,13.1,0
C011172,Treatment,3740.93,1,3,SMB,North,2.7,0
C011173,Treatment,1557.82,8,15,Consumer,South,11.6,0
C011174,Treatment,542.59,10,10,Consumer,South,8.3,0
C011175,Treatment,1855.5,9,28,Consumer,West,9.4,1
C011176,Treatment,1013.29,1,6,Consumer,South,10.3,0
C011177,Control,1727.43,7,32,Consumer,South,8.2,0
C011178,Treatment,793.37,1,2,Consumer,West,12.1,0
C011179,Treatment,4499.18,2,8,Enterprise,West,7.1,0
C011180,Treatment,2306.25,3,5,SMB,North,3.6,0
C011181,Control,1498.15,8,27,Consumer,South,6.9,0
C011182,Control,2249.59,1,13,SMB,East,7.1,0
C011183,Treatment,1561.48,7,25,Consumer,West,10.0,0
C011184,Treatment,4632.88,1,9,Enterprise,West,3.9,0
C011185,Control,2021.73,8,9,SMB,East,13.2,0
C011186,Control,3013.92,1,10,SMB,East,15.0,0
C011187,Treatment,1402.35,8,31,Consumer,North,7.7,1
C011188,Treatment,2363.98,6,15,SMB,South,11.5,0
C011189,Control,3137.77,9,32,SMB,East,18.4,0
C011190,Control,1697.02,9,31,Consumer,East,9.7,0
C011191,Control,715.22,15,50,Consumer,East,3.3,0
C011192,Control,1722.02,1,7,SMB,South,7.5,1
C011193,Treatment,2287.61,9,36,Enterprise,South,6.1,0
C011194,Treatment,2775.16,5,28,Consumer,West,10.0,1
C011195,Treatment,2107.78,8,13,Consumer,South,14.4,0
C011196,Treatment,2467.51,5,22,Consumer,West,1.0,0
C011197,Control,876.34,3,11,Consumer,East,15.0,0
C011198,Control,1295.81,2,6,SMB,South,10.1,0
C011199,Control,1138.59,11,43,Consumer,South,12.2,0
C011200,Control,1222.89,2,6,Consumer,South,10.9,0
C011201,Treatment,1319.0,3,8,Consumer,West,6.2,1
C011202,Control,2979.98,4,18,SMB,North,11.2,0
C011203,Treatment,2439.11,6,26,Enterprise,West,13.6,0
C011204,Control,1071.52,8,33,Consumer,West,14.5,1
C011205,Control,1967.84,5,2,Consumer,South,14.0,0
C011206,Control,976.55,6,15,Consumer,North,6.8,0
C011207,Treatment,3262.81,3,15,SMB,North,15.0,0
C011208,Treatment,4955.16,5,24,Consumer,North,13.8,0
C011209,Treatment,1439.31,7,3,SMB,North,13.2,0
C011210,Control,594.52,3,32,Consumer,North,3.7,0
C011211,Treatment,1471.69,1,7,Consumer,West,6.6,0
C011212,Treatment,1728.47,3,19,Consumer,East,9.7,0
C011213,Control,2539.3,8,25,Enterprise,West,12.9,0
C011214,Control,2876.63,1,7,SMB,South,2.5,0
C011215,Control,1426.94,3,22,Consumer,East,3.9,0
C011216,Control,1013.65,10,27,Consumer,West,9.5,0
C011217,Treatment,1066.31,1,9,Consumer,South,4.2,1
C011218,Control,1079.21,6,12,Consumer,East,7.3,0
C011219,Treatment,1660.01,7,10,SMB,West,8.5,0
C011220,Treatment,1337.55,8,23,Consumer,West,0.0,1
C011221,Control,1634.07,7,24,Consumer,South,10.0,0
C011222,Treatment,1957.3,12,40,Enterprise,West,8.2,0
C011223,Control,3678.1,14,24,Consumer,South,2.0,0
C011224,Control,1478.05,7,29,Consumer,South,6.3,0
C011225,Control,1040.89,6,20,Consumer,South,12.4,0
C011226,Control,1553.65,9,4,Consumer,South,7.3,0
C011227,Control,1509.87,7,37,Consumer,South,8.9,0
C011228,Treatment,2171.3,3,11,Enterprise,North,10.1,0
C011229,Treatment,2034.91,13,31,Consumer,North,0.4,0
C011230,Treatment,1459.04,7,12,Consumer,West,15.3,1
C011231,Control,887.54,3,24,Consumer,West,10.9,0
C011232,Treatment,2535.46,11,47,Consumer,West,10.8,0
C011233,Control,2211.39,9,29,SMB,South,11.8,0
C011234,Treatment,1253.1,6,23,Consumer,West,8.5,0
C011235,Treatment,5169.02,4,12,Enterprise,South,8.8,0
C011236,Treatment,1869.64,1,11,Consumer,South,19.2,1
C011237,Control,1211.0,4,4,SMB,South,2.4,0
C011238,Treatment,1127.22,9,4,Consumer,South,11.7,0
C011239,Treatment,1243.01,7,23,Consumer,East,4.2,1
C011240,Control,3225.54,9,24,SMB,South,15.2,0
C011241,Treatment,1256.56,5,30,Consumer,West,9.3,0
C011242,Control,1722.56,4,26,SMB,North,2.6,0
C011243,Treatment,888.94,1,7,Consumer,North,11.3,0
C011244,Treatment,3145.21,7,22,SMB,South,13.7,0
C011245,Treatment,2201.82,15,65,Consumer,South,10.5,0
C011246,Control,1472.76,5,40,SMB,West,12.9,0
C011247,Control,973.31,6,26,SMB,South,15.4,0
C011248,Control,1944.67,6,24,SMB,South,12.5,0
C011249,Control,1269.64,6,15,SMB,East,7.0,0
C011250,Treatment,2283.37,4,12,Enterprise,South,15.1,1
C011251,Control,2918.71,11,33,Consumer,South,11.1,0
C011252,Treatment,4076.88,1,14,SMB,South,6.8,0
C011253,Control,1966.96,12,26,Enterprise,South,11.0,0
C011254,Control,833.57,1,11,Consumer,East,10.8,0
C011255,Control,1726.32,13,39,Consumer,West,9.6,0
C011256,Control,2227.84,10,23,Consumer,South,3.0,0
C011257,Control,2599.93,3,21,SMB,East,14.4,0
C011258,Control,4462.77,10,15,Enterprise,East,12.4,0
C011259,Control,3042.64,5,22,Enterprise,South,6.3,0
C011260,Control,1241.71,1,1,Consumer,South,11.3,0
C011261,Treatment,2019.84,10,30,SMB,South,10.5,0
C011262,Treatment,1268.92,7,24,Consumer,South,2.0,0
C011263,Treatment,3505.43,4,19,Enterprise,South,8.6,0
C011264,Control,5812.41,2,6,Enterprise,South,10.4,0
C011265,Control,1702.19,7,25,Consumer,South,16.4,0
C011266,Control,3155.39,2,13,Consumer,West,9.4,0
C011267,Treatment,5011.1,8,23,Enterprise,South,16.7,0
C011268,Treatment,895.73,1,4,Enterprise,West,7.8,0
C011269,Control,3146.28,1,4,Enterprise,South,8.1,0
C011270,Control,962.39,11,55,Consumer,South,1.6,0
C011271,Control,1932.14,1,22,Consumer,East,8.8,0
C011272,Control,1628.39,10,45,Consumer,South,7.3,0
C011273,Treatment,1321.84,3,2,Consumer,West,6.6,0
C011274,Control,2037.02,11,21,Enterprise,South,6.7,0
C011275,Control,2414.97,13,35,Consumer,South,4.8,0
C011276,Control,4742.24,6,20,SMB,East,5.0,1
C011277,Control,6800.96,5,20,Enterprise,East,9.1,0
C011278,Control,993.25,3,18,Consumer,West,11.8,0
C011279,Control,1160.13,5,4,Consumer,West,15.2,0
C011280,Control,3777.6,6,42,SMB,North,10.7,1
C011281,Control,1751.88,5,29,Consumer,West,1.9,0
C011282,Treatment,1050.49,1,8,Consumer,East,10.4,0
C011283,Treatment,2694.76,4,13,SMB,East,15.0,0
C011284,Control,1233.36,4,10,Consumer,South,10.3,1
C011285,Treatment,2925.07,7,45,SMB,West,14.5,1
C011286,Control,4842.19,13,70,Enterprise,East,7.6,0
C011287,Treatment,1682.48,5,7,Consumer,South,6.4,0
C011288,Treatment,1056.01,1,3,Consumer,South,6.6,0
C011289,Control,1283.52,1,12,Consumer,East,11.4,1
C011290,Control,2446.33,2,13,SMB,West,4.9,0
C011291,Treatment,1291.64,4,3,Consumer,South,7.7,0
C011292,Control,1566.05,6,15,Consumer,West,10.8,0
C011293,Control,2816.2,5,22,SMB,South,15.1,0
C011294,Treatment,2072.67,1,1,Consumer,South,5.3,0
C011295,Control,1466.81,4,32,Consumer,East,15.4,0
C011296,Treatment,1303.65,1,5,SMB,North,15.7,0
C011297,Treatment,1604.38,1,2,Consumer,North,4.2,0
C011298,Treatment,2083.57,11,40,SMB,East,6.9,0
C011299,Treatment,1051.61,2,16,Consumer,South,6.5,1
C011300,Treatment,1004.77,5,33,Consumer,North,4.6,0
C011301,Treatment,2082.56,5,31,Consumer,North,10.2,0
C011302,Treatment,1096.13,1,6,SMB,South,12.9,0
C011303,Treatment,2722.49,6,8,Consumer,South,9.3,0
C011304,Treatment,1591.87,1,8,SMB,South,8.8,1
C011305,Treatment,787.48,5,26,Consumer,West,16.2,0
C011306,Treatment,3352.71,1,7,SMB,East,6.7,0
C011307,Control,1152.46,6,8,Consumer,East,9.6,0
C011308,Treatment,1892.37,2,1,SMB,North,8.6,0
C011309,Control,856.75,1,2,Consumer,North,5.8,0
C011310,Control,2429.72,3,21,Consumer,West,5.5,0
C011311,Control,1120.04,4,8,Consumer,East,10.4,1
C011312,Treatment,630.76,9,19,Consumer,West,16.3,1
C011313,Treatment,1583.37,5,25,Consumer,South,11.0,0
C011314,Control,1945.11,5,10,Consumer,South,4.5,0
C011315,Control,1858.85,5,11,Enterprise,South,5.9,0
C011316,Control,1661.3,13,30,Enterprise,South,9.9,0
C011317,Control,1870.52,1,2,Enterprise,West,6.1,0
C011318,Control,3751.11,11,22,Consumer,South,10.5,0
C011319,Treatment,3037.24,8,19,Consumer,South,11.5,0
C011320,Control,2708.92,3,23,Consumer,North,7.4,0
C011321,Control,2460.1,4,2,SMB,East,0.0,0
C011322,Control,2825.77,8,42,Enterprise,West,8.8,0
C011323,Treatment,1403.18,7,25,Consumer,South,13.5,0
C011324,Treatment,1935.92,10,34,Consumer,West,10.9,0
C011325,Control,2606.11,7,38,Consumer,South,16.0,0
C011326,Control,1124.51,18,53,Consumer,West,12.5,1
C011327,Treatment,2319.9,5,19,Enterprise,East,6.8,0
C011328,Control,3691.65,7,25,SMB,West,6.5,0
C011329,Treatment,2200.03,4,2,SMB,East,7.8,0
C011330,Treatment,2417.29,6,12,Consumer,South,7.3,0
C011331,Treatment,572.52,7,15,Consumer,South,9.9,0
C011332,Treatment,1887.9,9,28,Consumer,West,3.8,0
C011333,Control,1719.89,9,3,SMB,West,5.7,0
C011334,Control,1349.16,10,40,SMB,East,7.6,0
C011335,Control,1554.59,5,14,Consumer,East,9.1,0
C011336,Control,4046.3,20,72,Consumer,South,12.6,1
C011337,Control,1331.77,4,11,Consumer,South,7.0,0
C011338,Control,1748.08,1,9,Consumer,North,0.0,0
C011339,Treatment,1032.2,1,5,Consumer,East,13.5,0
C011340,Control,2398.71,6,31,SMB,East,7.8,0
C011341,Treatment,634.72,10,17,Consumer,East,8.0,0
C011342,Control,1928.39,3,18,Enterprise,South,12.5,0
C011343,Control,1611.95,10,60,Consumer,South,14.0,0
C011344,Control,1366.6,7,13,Consumer,South,10.9,0
C011345,Treatment,1557.5,14,32,SMB,North,9.1,0
C011346,Treatment,2219.94,1,21,Consumer,North,7.9,0
C011347,Treatment,3808.9,9,7,Enterprise,East,4.4,0
C011348,Control,2178.0,1,12,SMB,West,10.2,0
C011349,Control,2271.1,7,53,Consumer,West,3.7,0
C011350,Treatment,3010.2,1,22,Enterprise,North,8.8,0
C011351,Control,2253.19,5,17,Consumer,West,17.6,0
C011352,Control,1066.2,9,44,Consumer,East,2.6,0
C011353,Control,1239.25,8,32,Enterprise,South,10.9,0
C011354,Control,847.02,4,23,Consumer,East,7.2,0
C011355,Control,1507.74,1,19,SMB,West,5.6,0
C011356,Control,1919.4,10,30,Consumer,South,6.8,0
C011357,Treatment,3072.57,1,7,Enterprise,East,9.5,0
C011358,Treatment,1611.15,10,27,Consumer,South,19.4,0
C011359,Control,1151.87,8,21,Consumer,South,12.7,0
C011360,Control,2908.44,8,38,Enterprise,North,11.8,1
C011361,Treatment,2997.46,3,13,SMB,North,6.7,0
C011362,Control,1708.23,1,18,SMB,East,4.2,0
C011363,Treatment,1235.56,7,15,Consumer,North,5.7,0
C011364,Control,2451.41,4,8,SMB,East,14.6,0
C011365,Treatment,3184.9,5,10,Consumer,West,6.7,0
C011366,Treatment,1593.31,2,14,Consumer,West,10.1,0
C011367,Control,1008.7,3,7,Consumer,South,9.2,0
C011368,Treatment,1073.74,1,14,Consumer,North,9.7,0
C011369,Treatment,3243.76,1,15,Consumer,South,8.5,0
C011370,Treatment,2453.5,6,4,SMB,North,11.3,1
C011371,Control,1724.3,2,7,Consumer,South,5.7,0
C011372,Control,2851.0,14,65,Consumer,South,11.9,0
C011373,Control,1567.67,2,24,SMB,East,18.1,0
C011374,Treatment,2440.79,3,21,Consumer,South,9.2,0
C011375,Control,2655.65,3,23,Consumer,South,7.6,1
C011376,Control,1451.97,3,12,Consumer,West,8.3,0
C011377,Treatment,1401.77,6,31,Consumer,West,12.5,0
C011378,Control,2073.36,8,39,SMB,East,3.6,0
C011379,Treatment,1624.92,7,19,Consumer,South,14.6,0
C011380,Control,2253.19,11,26,Consumer,East,9.5,0
C011381,Treatment,2084.78,4,8,Consumer,North,10.7,0
C011382,Control,1898.26,6,37,Consumer,West,8.6,0
C011383,Control,1982.13,2,24,Consumer,South,9.1,0
C011384,Treatment,1682.59,4,30,Consumer,East,5.0,0
C011385,Control,549.81,5,17,Consumer,South,5.0,0
C011386,Control,1443.08,9,20,SMB,East,3.4,0
C011387,Control,1435.16,9,24,Consumer,West,2.7,0
C011388,Treatment,1689.6,14,33,Consumer,East,14.6,0
C011389,Control,856.16,3,7,SMB,South,8.3,0
C011390,Control,2604.61,7,36,Consumer,East,10.7,0
C011391,Control,1131.0,11,47,Consumer,East,10.8,0
C011392,Control,2932.57,1,16,Enterprise,East,9.6,1
C011393,Treatment,1448.23,5,18,Consumer,South,12.3,0
C011394,Control,3006.82,8,40,SMB,South,15.1,0
C011395,Treatment,1469.46,11,65,SMB,East,9.6,0
C011396,Treatment,1126.77,7,8,Consumer,North,6.0,0
C011397,Treatment,2477.99,3,20,Consumer,East,14.4,0
C011398,Treatment,1120.11,1,5,Consumer,North,2.5,0
C011399,Control,668.29,1,8,Consumer,East,12.0,0
C011400,Treatment,2015.23,8,29,Consumer,South,9.7,0
C011401,Treatment,2509.15,11,19,Enterprise,West,11.9,0
C011402,Treatment,1380.38,7,27,Consumer,North,4.2,0
C011403,Control,3031.89,9,22,SMB,South,12.1,0
C011404,Control,1162.27,3,18,Consumer,North,7.7,0
C011405,Treatment,1703.27,11,37,SMB,West,6.6,0
C011406,Control,2360.97,8,42,Consumer,North,16.0,0
C011407,Treatment,1251.9,2,17,Consumer,South,13.6,0
C011408,Control,947.74,4,8,Consumer,North,11.1,0
C011409,Treatment,5322.99,11,24,Consumer,West,10.3,0
C011410,Control,2813.99,1,7,SMB,South,5.3,1
C011411,Control,3289.84,3,4,SMB,East,5.6,0
C011412,Control,4768.56,1,9,Consumer,North,11.4,0
C011413,Treatment,1193.72,1,9,Consumer,South,3.8,1
C011414,Treatment,1375.34,15,29,SMB,North,14.0,0
C011415,Treatment,1998.56,10,50,Consumer,South,14.6,0
C011416,Treatment,1121.61,8,42,SMB,North,13.8,0
C011417,Treatment,576.35,6,13,Consumer,West,11.8,0
C011418,Treatment,1428.4,2,20,Consumer,South,5.1,0
C011419,Treatment,1254.86,6,15,Consumer,East,4.9,0
C011420,Treatment,1717.62,11,37,Consumer,South,14.9,0
C011421,Treatment,3015.97,5,24,SMB,South,10.8,0
C011422,Control,1194.93,12,31,Consumer,West,12.4,0
C011423,Treatment,2902.66,1,9,Enterprise,West,14.7,0
C011424,Control,2043.39,15,72,Consumer,East,18.3,0
C011425,Control,1479.85,6,5,SMB,West,5.4,0
C011426,Treatment,1108.38,6,7,SMB,North,14.8,0
C011427,Treatment,4327.26,6,31,Consumer,West,1.7,0
C011428,Control,4784.0,1,5,Enterprise,South,7.6,0
C011429,Control,1685.35,12,50,Consumer,West,3.7,0
C011430,Treatment,2856.92,4,42,Consumer,East,11.4,0
C011431,Control,2150.8,7,28,Consumer,South,17.1,0
C011432,Control,2246.38,4,10,Consumer,South,5.8,0
C011433,Treatment,1340.7,5,31,Consumer,West,1.3,0
C011434,Treatment,2799.89,5,16,Consumer,North,4.6,0
C011435,Treatment,1458.63,3,9,Enterprise,South,3.6,0
C011436,Treatment,842.23,1,17,SMB,East,0.0,0
C011437,Control,1842.77,4,16,SMB,South,11.3,0
C011438,Control,1632.97,1,18,SMB,South,10.6,0
C011439,Treatment,2737.24,5,27,SMB,East,6.3,0
C011440,Treatment,1197.8,3,13,Enterprise,West,11.1,1
C011441,Control,1643.18,9,15,Consumer,South,12.0,0
C011442,Control,1796.04,7,17,Enterprise,West,16.1,0
C011443,Control,3390.8,14,39,Consumer,North,10.4,0
C011444,Control,1153.46,11,55,Consumer,South,4.3,0
C011445,Control,2469.56,2,8,Consumer,North,12.4,0
C011446,Control,2578.64,5,15,Consumer,South,4.5,0
C011447,Treatment,1445.35,6,23,Consumer,East,10.6,0
C011448,Control,2877.48,6,5,Enterprise,South,16.4,0
C011449,Treatment,2310.41,7,16,Consumer,South,10.1,0
C011450,Treatment,1553.42,10,30,Consumer,East,12.3,0
C011451,Treatment,3856.57,5,21,Enterprise,East,2.3,0
C011452,Treatment,1789.86,5,8,Enterprise,East,15.1,0
C011453,Control,4281.14,14,72,SMB,East,0.0,1
C011454,Control,1297.95,15,31,Consumer,West,16.8,1
C011455,Treatment,1369.38,6,29,Consumer,East,18.4,1
C011456,Control,2540.05,4,12,SMB,West,7.7,0
C011457,Control,1072.31,13,45,Consumer,West,7.0,0
C011458,Control,2614.87,13,21,Consumer,West,8.4,0
C011459,Treatment,1243.2,6,7,Consumer,North,14.3,0
C011460,Control,2785.32,3,21,SMB,South,1.9,1
C011461,Control,1750.68,10,26,Consumer,South,8.1,0
C011462,Control,2731.52,1,2,Enterprise,North,10.6,0
C011463,Treatment,1580.8,1,6,SMB,South,16.2,0
C011464,Control,3524.91,4,24,Enterprise,South,4.6,0
C011465,Treatment,1140.73,3,13,Consumer,East,11.7,0
C011466,Treatment,5745.78,12,42,Consumer,West,10.2,0
C011467,Control,1599.91,9,23,SMB,South,13.6,0
C011468,Control,3542.96,9,20,Enterprise,West,13.3,0
C011469,Treatment,1000.88,3,17,Consumer,West,6.2,0
C011470,Treatment,1077.23,5,39,Consumer,West,22.8,0
C011471,Control,2056.66,8,27,Consumer,North,15.8,0
C011472,Control,537.39,7,26,SMB,West,4.1,0
C011473,Control,1091.75,4,40,Consumer,North,5.8,1
C011474,Control,1155.29,9,44,Consumer,West,12.4,0
C011475,Control,1683.28,1,7,Consumer,North,6.9,0
C011476,Control,2002.59,9,72,Consumer,North,8.4,0
C011477,Control,652.37,3,3,Consumer,South,16.8,0
C011478,Treatment,1743.82,4,21,SMB,East,14.2,0
C011479,Treatment,1248.32,1,7,Consumer,West,7.5,0
C011480,Treatment,1898.66,8,30,Consumer,East,8.0,0
C011481,Treatment,805.33,2,33,Consumer,East,0.0,0
C011482,Treatment,1441.91,1,7,Consumer,South,11.1,1
C011483,Control,2462.56,10,38,SMB,West,0.0,0
C011484,Treatment,1619.85,3,1,Consumer,South,4.4,0
C011485,Control,2065.79,12,31,Consumer,West,3.6,0
C011486,Treatment,1482.33,3,4,Consumer,West,13.7,1
C011487,Treatment,3105.65,12,43,Consumer,South,10.5,0
C011488,Treatment,3571.07,5,16,SMB,South,11.7,1
C011489,Control,749.08,6,11,Consumer,East,2.7,0
C011490,Treatment,2082.5,7,46,Consumer,West,14.8,1
C011491,Control,2681.96,6,31,SMB,East,9.2,1
C011492,Control,1179.46,4,16,Consumer,West,3.3,0
C011493,Control,1233.57,6,21,Consumer,West,7.1,0
C011494,Control,5477.83,8,49,Consumer,South,16.9,1
C011495,Treatment,1493.11,1,15,Consumer,South,5.7,0
C011496,Control,2519.37,1,7,SMB,East,10.6,0
C011497,Control,3603.57,4,22,SMB,South,9.3,0
C011498,Treatment,2541.47,5,13,Consumer,West,6.0,0
C011499,Treatment,3225.77,1,26,Consumer,South,11.6,0
C011500,Control,1575.27,13,25,Consumer,East,11.2,0
C011501,Treatment,1769.69,3,19,Consumer,South,8.4,0
C011502,Treatment,1353.51,1,10,Consumer,West,8.3,0
C011503,Control,1783.86,1,17,Consumer,South,4.6,0
C011504,Treatment,2710.73,6,24,Enterprise,East,1.8,0
C011505,Treatment,1821.06,1,12,SMB,North,12.8,0
C011506,Control,1039.75,4,15,SMB,West,6.0,0
C011507,Control,4230.7,7,33,Enterprise,South,11.1,0
C011508,Control,1148.75,4,13,Consumer,South,10.5,0
C011509,Treatment,1565.55,4,14,Consumer,West,9.5,0
C011510,Control,1159.99,5,11,Consumer,South,18.0,0
C011511,Control,3482.5,9,14,Consumer,South,3.0,1
C011512,Treatment,1066.05,2,7,Consumer,South,7.8,0
C011513,Treatment,4582.38,2,20,Enterprise,South,8.8,0
C011514,Control,1095.37,7,14,SMB,South,11.4,0
C011515,Control,1615.69,8,25,Consumer,South,8.5,0
C011516,Control,2792.82,5,19,SMB,South,5.6,0
C011517,Treatment,1395.02,5,15,Consumer,South,2.6,1
C011518,Control,1440.77,7,34,Consumer,South,7.6,1
C011519,Control,1826.78,15,50,Consumer,South,3.5,0
C011520,Treatment,1365.23,7,14,SMB,East,12.5,0
C011521,Control,1207.62,8,31,SMB,East,2.7,1
C011522,Control,1492.16,4,17,Consumer,South,10.0,0
C011523,Treatment,1037.97,1,10,Enterprise,West,15.9,1
C011524,Control,1562.54,9,25,Consumer,South,14.5,0
C011525,Treatment,2276.32,7,24,Consumer,West,10.3,0
C011526,Treatment,1822.77,10,27,Consumer,South,8.3,0
C011527,Control,3300.18,1,20,Enterprise,South,12.8,1
C011528,Treatment,1406.86,5,18,Consumer,East,16.7,0
C011529,Treatment,1370.46,4,17,Consumer,North,4.6,1
C011530,Treatment,2773.08,2,32,Enterprise,West,2.7,1
C011531,Treatment,2870.73,2,25,Consumer,South,4.3,0
C011532,Control,2108.94,7,23,Consumer,North,6.7,0
C011533,Control,2048.51,13,21,Consumer,South,7.9,0
C011534,Treatment,2295.35,8,13,Consumer,East,16.9,0
C011535,Control,3036.7,1,20,SMB,North,9.9,0
C011536,Control,2504.4,9,34,Enterprise,South,7.0,0
C011537,Control,984.71,2,13,Consumer,West,16.5,1
C011538,Control,2563.31,6,11,SMB,South,8.3,0
C011539,Treatment,1582.97,3,7,Consumer,North,13.0,0
C011540,Treatment,3696.9,6,31,SMB,North,4.8,0
C011541,Treatment,2032.97,16,60,Consumer,East,14.6,1
C011542,Control,2650.0,13,56,Consumer,South,8.1,0
C011543,Control,2015.27,3,4,Consumer,East,7.7,0
C011544,Treatment,1502.04,4,12,Enterprise,West,0.8,0
C011545,Control,1336.38,6,21,Consumer,North,6.3,0
C011546,Treatment,2983.08,9,36,Consumer,North,3.0,0
C011547,Treatment,1420.48,6,4,Consumer,South,9.8,0
C011548,Control,2820.52,6,8,Enterprise,South,4.5,0
C011549,Control,1210.0,8,15,Consumer,North,1.4,0
C011550,Treatment,3232.63,1,11,Enterprise,South,11.6,1
C011551,Control,1345.51,5,11,Consumer,West,5.6,0
C011552,Treatment,1348.46,2,18,Consumer,North,5.4,0
C011553,Treatment,1989.13,7,25,Consumer,West,20.5,0
C011554,Control,1019.2,7,10,Consumer,West,6.1,0
C011555,Treatment,2102.95,2,20,Consumer,South,13.5,0
C011556,Control,1769.97,6,20,Consumer,West,3.6,1
C011557,Control,1512.36,3,16,Consumer,East,10.3,0
C011558,Treatment,2139.14,6,7,Consumer,South,11.7,0
C011559,Treatment,4077.97,4,8,Consumer,South,0.8,0
C011560,Treatment,960.86,3,14,Consumer,North,3.0,0
C011561,Treatment,1170.99,4,16,Consumer,South,14.3,1
C011562,Treatment,2115.58,10,36,SMB,West,7.1,0
C011563,Control,1722.24,14,37,SMB,East,9.3,0
C011564,Control,964.01,7,25,Consumer,South,13.8,0
C011565,Control,749.73,3,1,Consumer,East,14.8,0
C011566,Control,3251.14,6,6,SMB,West,6.2,0
C011567,Control,1146.58,7,32,Consumer,North,8.9,0
C011568,Treatment,2115.46,1,9,Consumer,South,6.6,0
C011569,Control,1308.11,7,26,Consumer,North,8.1,0
C011570,Treatment,1948.36,6,8,SMB,West,6.1,0
C011571,Treatment,1496.47,6,23,Consumer,South,7.1,0
C011572,Treatment,1292.53,4,26,Consumer,North,17.9,0
C011573,Control,1207.85,7,16,Consumer,East,6.6,0
C011574,Treatment,2905.62,10,14,Consumer,South,0.0,0
C011575,Treatment,1470.15,5,15,Consumer,North,7.8,0
C011576,Control,1570.44,5,28,Consumer,West,1.0,0
C011577,Control,2070.51,8,19,SMB,East,10.5,1
C011578,Control,2553.52,5,6,Consumer,North,8.1,0
C011579,Treatment,1255.69,6,15,Consumer,West,18.5,0
C011580,Treatment,1374.66,8,30,Consumer,North,13.5,0
C011581,Control,1441.11,9,37,Consumer,North,0.0,0
C011582,Treatment,2275.7,13,34,Consumer,South,3.0,0
C011583,Control,980.71,7,17,Consumer,North,7.5,0
C011584,Control,879.36,3,8,Consumer,South,10.1,1
C011585,Treatment,1346.31,6,17,Consumer,South,13.1,0
C011586,Treatment,2210.51,11,49,Consumer,North,11.5,1
C011587,Treatment,1188.78,3,8,SMB,West,11.3,0
C011588,Control,2966.74,2,4,SMB,South,6.7,1
C011589,Control,1974.83,6,10,Consumer,South,7.3,1
C011590,Control,1926.82,7,29,Consumer,South,10.4,0
C011591,Control,1967.33,4,12,Consumer,West,10.4,0
C011592,Control,2248.98,8,29,SMB,North,11.0,0
C011593,Treatment,4643.63,16,60,Consumer,North,5.0,0
C011594,Treatment,1004.65,10,22,Consumer,West,8.7,0
C011595,Control,635.72,1,8,Consumer,North,13.3,0
C011596,Control,1249.85,9,31,SMB,West,6.3,0
C011597,Control,2694.09,18,72,Consumer,South,11.2,0
C011598,Control,2455.12,4,10,SMB,West,5.0,0
C011599,Treatment,2123.6,1,8,Consumer,North,8.7,0
C011600,Control,3333.59,7,28,Consumer,West,11.8,0
C011601,Treatment,1360.72,6,20,Consumer,South,12.6,0
C011602,Control,2545.18,12,32,SMB,North,5.0,0
C011603,Control,881.07,20,72,Consumer,West,0.0,0
C011604,Treatment,874.34,5,6,Consumer,North,15.1,0
C011605,Control,2320.3,13,19,Consumer,South,14.7,0
C011606,Control,1842.95,4,4,Enterprise,East,0.2,0
C011607,Treatment,1450.05,2,10,Consumer,North,11.2,0
C011608,Control,1377.74,5,2,SMB,South,9.4,0
C011609,Control,1699.19,6,24,SMB,South,15.2,0
C011610,Control,1258.51,5,13,Consumer,South,14.7,0
C011611,Control,3819.04,3,19,SMB,South,13.2,0
C011612,Treatment,2793.53,4,20,Consumer,East,7.5,0
C011613,Control,1254.97,1,16,Consumer,South,0.0,0
C011614,Treatment,2265.03,3,6,Consumer,South,11.0,0
C011615,Treatment,3598.67,1,8,SMB,South,3.9,0
C011616,Control,2351.97,11,13,Enterprise,South,0.9,0
C011617,Control,689.14,7,11,Consumer,North,22.0,1
C011618,Control,2786.8,7,35,Consumer,East,5.8,0
C011619,Control,802.37,1,8,Consumer,North,11.4,1
C011620,Control,601.75,1,4,Consumer,East,12.9,0
C011621,Treatment,2695.87,4,24,SMB,North,11.0,0
C011622,Control,1286.94,3,23,Consumer,North,0.0,1
C011623,Control,3402.25,4,13,SMB,South,15.7,0
C011624,Treatment,961.16,2,13,Consumer,South,8.8,1
C011625,Treatment,1296.96,4,27,Consumer,East,11.0,0
C011626,Control,1183.82,7,8,Consumer,East,5.7,0
C011627,Control,3245.13,4,20,SMB,West,4.9,0
C011628,Treatment,1697.15,4,21,SMB,South,5.2,0
C011629,Control,1434.18,11,24,Consumer,North,5.4,1
C011630,Treatment,457.34,13,31,Consumer,West,6.2,1
C011631,Treatment,1319.73,7,12,Consumer,East,14.5,0
C011632,Treatment,1114.99,7,24,Enterprise,North,7.1,0
C011633,Control,2574.46,3,19,Consumer,North,11.4,1
C011634,Control,2052.96,6,8,SMB,South,6.3,0
C011635,Control,3775.66,8,38,Consumer,South,10.8,0
C011636,Treatment,1106.99,1,16,Consumer,East,8.8,0
C011637,Treatment,1753.48,3,16,Consumer,South,6.2,0
C011638,Treatment,910.1,2,19,Consumer,West,2.7,1
C011639,Treatment,1611.99,3,20,Consumer,South,10.7,0
C011640,Treatment,1969.09,13,34,Consumer,West,4.6,0
C011641,Treatment,1470.35,10,22,Consumer,North,11.2,0
C011642,Control,2158.06,5,30,Consumer,East,1.9,0
C011643,Control,886.69,2,12,Consumer,West,5.8,0
C011644,Treatment,4584.15,1,7,SMB,North,0.0,0
C011645,Treatment,2476.77,9,11,SMB,South,4.4,0
C011646,Control,873.04,9,15,Consumer,South,6.9,0
C011647,Treatment,2545.84,1,9,Enterprise,South,14.9,0
C011648,Control,1896.54,9,20,Enterprise,West,15.4,1
C011649,Control,1843.03,8,29,Consumer,East,13.5,1
C011650,Treatment,1024.07,7,23,SMB,West,11.5,0
C011651,Control,1806.01,11,36,Consumer,South,9.8,0
C011652,Treatment,3133.52,3,13,Consumer,West,6.2,0
C011653,Treatment,1923.05,7,34,Consumer,East,7.9,0
C011654,Treatment,794.58,12,27,Consumer,North,5.8,0
C011655,Control,1518.07,5,19,Consumer,West,13.8,0
C011656,Treatment,2218.84,4,7,Enterprise,North,7.1,0
C011657,Control,3513.27,11,18,Enterprise,North,14.0,0
C011658,Treatment,1853.79,7,18,Consumer,West,2.7,1
C011659,Control,2332.36,13,55,Consumer,North,15.8,0
C011660,Treatment,2351.79,5,22,Enterprise,North,5.6,0
C011661,Treatment,849.09,1,6,SMB,North,7.0,0
C011662,Control,1785.19,9,33,Consumer,West,10.1,0
C011663,Control,1721.15,4,21,Enterprise,North,2.7,0
C011664,Control,2515.11,6,29,Consumer,South,8.9,1
C011665,Treatment,1202.25,1,26,Consumer,South,6.9,0
C011666,Treatment,6013.13,9,33,Consumer,South,14.3,0
C011667,Treatment,1678.15,6,36,SMB,South,6.1,0
C011668,Treatment,2218.57,18,54,Consumer,West,15.3,0
C011669,Control,927.88,6,33,SMB,West,9.5,0
C011670,Treatment,4310.29,3,13,SMB,West,5.4,1
C011671,Control,815.79,3,7,Consumer,East,10.2,1
C011672,Treatment,1718.9,2,8,Consumer,South,9.6,0
C011673,Control,1740.23,1,10,Consumer,North,4.2,1
C011674,Treatment,2294.04,5,14,Consumer,South,6.9,0
C011675,Control,1812.71,5,9,Consumer,South,9.3,0
C011676,Control,2130.98,4,17,Enterprise,East,14.5,1
C011677,Control,1938.8,3,10,Consumer,North,15.0,0
C011678,Treatment,1536.33,5,21,Consumer,East,7.5,0
C011679,Treatment,1122.88,3,21,SMB,South,12.9,0
C011680,Control,1743.81,3,14,Enterprise,South,16.6,0
C011681,Control,5332.92,17,56,Enterprise,West,6.9,0
C011682,Control,2527.91,9,30,Consumer,South,6.3,0
C011683,Treatment,837.96,9,23,Consumer,North,8.2,0
C011684,Treatment,1681.57,8,42,Consumer,South,13.2,1
C011685,Treatment,1044.35,8,17,Consumer,South,11.9,0
C011686,Treatment,1701.17,10,24,Consumer,South,8.5,0
C011687,Control,1993.33,8,39,SMB,West,11.5,0
C011688,Control,3956.01,23,70,Enterprise,West,2.5,0
C011689,Treatment,2030.01,1,9,Consumer,East,3.8,0
C011690,Treatment,1772.15,1,10,SMB,East,12.3,0
C011691,Control,1665.69,8,45,Consumer,South,0.0,0
C011692,Treatment,2834.83,5,22,SMB,West,5.7,0
C011693,Control,1729.81,7,18,Consumer,South,14.3,0
C011694,Control,1135.37,4,23,Consumer,North,10.3,0
C011695,Control,1673.09,5,47,SMB,West,13.0,0
C011696,Treatment,1765.11,6,30,Consumer,South,8.6,0
C011697,Treatment,1536.07,5,23,SMB,North,20.2,0
C011698,Treatment,811.95,5,10,Consumer,East,17.2,0
C011699,Treatment,2399.23,1,18,Consumer,South,6.5,0
C011700,Treatment,3402.51,6,28,Consumer,North,0.0,0
C011701,Control,4675.22,6,21,SMB,South,6.7,0
C011702,Treatment,2119.25,13,57,Consumer,South,21.2,0
C011703,Control,2036.7,9,25,Consumer,South,9.2,1
C011704,Treatment,1256.54,2,18,Consumer,North,2.9,1
C011705,Control,1705.87,8,32,Consumer,South,10.3,0
C011706,Control,1556.67,14,60,Consumer,South,7.2,0
C011707,Treatment,3307.15,9,43,Consumer,South,4.1,0
C011708,Control,2267.3,4,6,Enterprise,South,0.9,0
C011709,Control,2404.43,4,26,Consumer,North,6.4,1
C011710,Treatment,2623.24,9,29,Consumer,South,8.3,0
C011711,Treatment,3192.58,10,47,SMB,South,13.6,0
C011712,Control,2882.13,6,9,Enterprise,South,8.9,0
C011713,Control,1053.92,11,28,Consumer,West,9.8,0
C011714,Control,986.4,6,9,Consumer,South,3.7,0
C011715,Treatment,602.71,1,4,Consumer,North,6.8,0
C011716,Treatment,1064.08,2,13,Consumer,North,9.2,0
C011717,Control,1043.52,8,27,Consumer,East,8.0,1
C011718,Treatment,3950.29,9,45,SMB,South,10.5,0
C011719,Treatment,2619.52,2,12,SMB,East,5.3,0
C011720,Treatment,1281.25,6,12,Consumer,East,12.2,0
C011721,Control,2441.76,3,23,SMB,North,15.3,1
C011722,Treatment,1600.07,1,24,SMB,South,0.5,0
C011723,Treatment,1371.74,3,21,Consumer,West,8.2,1
C011724,Control,721.1,4,8,Consumer,South,17.0,0
C011725,Control,2376.59,8,11,Enterprise,South,0.8,1
C011726,Control,1969.86,17,50,Consumer,South,5.4,0
C011727,Control,1109.82,9,39,Consumer,South,13.8,1
C011728,Treatment,1933.47,2,16,Consumer,West,9.8,0
C011729,Treatment,1704.53,7,27,SMB,North,8.8,1
C011730,Control,1339.87,8,29,Enterprise,South,2.9,1
C011731,Treatment,983.89,1,20,Consumer,East,11.3,0
C011732,Control,1538.77,1,4,Consumer,West,14.4,1
C011733,Treatment,1491.25,3,29,Enterprise,North,10.6,0
C011734,Control,1656.83,6,4,SMB,East,6.4,0
C011735,Treatment,1716.06,3,9,Enterprise,North,8.2,0
C011736,Treatment,1692.84,7,38,SMB,East,4.9,1
C011737,Treatment,1493.07,6,13,SMB,South,7.3,0
C011738,Treatment,1353.43,8,17,Consumer,South,1.9,0
C011739,Control,995.05,1,8,Consumer,West,6.8,0
C011740,Treatment,1804.92,3,8,Consumer,East,12.4,1
C011741,Treatment,2328.32,8,30,Consumer,North,9.2,0
C011742,Control,2114.01,9,23,Consumer,West,8.2,0
C011743,Treatment,1793.06,6,23,Consumer,South,5.0,0
C011744,Control,1430.18,3,31,Consumer,East,9.5,0
C011745,Control,1320.96,3,10,Consumer,East,10.4,0
C011746,Treatment,1808.88,6,16,Consumer,West,5.5,0
C011747,Control,1969.23,3,10,SMB,South,6.6,0
C011748,Control,1278.46,2,13,Consumer,East,2.0,0
C011749,Control,1936.44,1,11,Consumer,East,12.6,0
C011750,Treatment,1748.03,10,27,Consumer,South,16.5,0
C011751,Treatment,2066.16,13,45,Consumer,West,6.6,0
C011752,Control,2217.17,4,10,Consumer,South,11.8,0
C011753,Treatment,4108.84,4,30,Consumer,South,13.5,0
C011754,Treatment,1739.71,12,42,SMB,East,8.5,0
C011755,Treatment,1313.56,2,12,Consumer,North,11.1,0
C011756,Treatment,2831.41,1,15,SMB,West,5.3,0
C011757,Treatment,1987.15,8,19,Consumer,South,12.6,0
C011758,Control,1775.85,4,42,Consumer,South,6.3,0
C011759,Control,5710.1,8,38,SMB,East,10.3,0
C011760,Treatment,1769.8,4,1,Consumer,West,11.6,0
C011761,Control,1057.45,5,17,Consumer,East,10.1,0
C011762,Control,1099.65,8,23,Consumer,North,12.8,0
C011763,Control,1952.42,10,26,Consumer,South,3.5,1
C011764,Control,1800.1,4,27,Consumer,West,11.4,0
C011765,Treatment,2531.49,6,25,Enterprise,West,8.2,0
C011766,Control,1729.08,10,42,Consumer,East,9.0,1
C011767,Treatment,2679.33,3,10,Enterprise,East,8.6,0
C011768,Treatment,2911.01,8,23,Enterprise,South,8.2,0
C011769,Control,1712.24,9,28,Consumer,South,15.4,0
C011770,Control,1303.84,7,13,SMB,South,11.7,0
C011771,Control,4466.29,2,18,Enterprise,North,0.0,0
C011772,Treatment,898.91,3,3,Consumer,North,12.4,0
C011773,Control,2262.45,1,11,Consumer,East,11.4,0
C011774,Treatment,3348.88,4,6,SMB,South,5.7,0
C011775,Control,1842.14,10,20,SMB,South,10.6,0
C011776,Control,3374.44,9,15,SMB,West,8.9,0
C011777,Control,1805.34,1,17,Consumer,South,9.9,0
C011778,Control,1195.49,4,30,Consumer,East,5.5,0
C011779,Control,2277.6,5,12,SMB,West,2.6,0
C011780,Treatment,1348.54,7,34,Consumer,West,14.9,0
C011781,Control,1812.86,11,29,SMB,West,6.8,0
C011782,Treatment,1265.08,7,15,Consumer,West,6.0,1
C011783,Treatment,1999.66,6,17,Consumer,South,11.3,1
C011784,Treatment,2566.69,6,37,SMB,East,7.0,0
C011785,Treatment,2996.05,7,14,SMB,West,10.1,0
C011786,Control,3112.4,7,20,Consumer,South,5.5,0
C011787,Treatment,2948.16,5,16,Enterprise,East,11.2,1
C011788,Control,2869.63,5,41,Consumer,North,13.4,0
C011789,Treatment,2535.12,11,24,SMB,South,9.9,0
C011790,Control,1237.18,2,22,Consumer,North,4.3,0
C011791,Treatment,1655.73,3,32,Consumer,East,10.8,0
C011792,Treatment,2357.59,5,8,SMB,South,5.7,0
C011793,Treatment,5498.54,8,19,Enterprise,South,10.0,1
C011794,Control,1245.89,4,24,Consumer,South,0.3,0
C011795,Treatment,1645.12,1,9,SMB,East,13.2,0
C011796,Treatment,1945.98,10,38,Consumer,West,10.2,0
C011797,Control,2871.18,12,24,SMB,North,9.9,0
C011798,Control,1802.82,10,19,SMB,North,13.5,0
C011799,Control,1411.86,6,9,SMB,East,1.4,0
C011800,Control,1428.19,5,13,SMB,South,5.4,0
C011801,Treatment,1640.43,3,10,SMB,South,7.3,0
C011802,Control,3727.07,6,24,Consumer,East,0.0,0
C011803,Treatment,2412.84,10,47,SMB,West,10.1,0
C011804,Treatment,3307.07,6,18,Consumer,South,4.2,0
C011805,Treatment,2302.26,9,42,Consumer,South,14.6,0
C011806,Treatment,2758.23,8,39,Enterprise,North,5.0,0
C011807,Treatment,2788.23,4,20,Consumer,West,14.0,0
C011808,Treatment,2258.86,4,14,Consumer,West,4.5,0
C011809,Control,1908.3,3,11,SMB,South,14.3,0
C011810,Treatment,817.39,3,3,Consumer,West,7.9,0
C011811,Treatment,2826.44,8,26,SMB,South,5.9,0
C011812,Control,4315.67,17,31,Enterprise,East,17.1,0
C011813,Treatment,3212.18,10,22,SMB,West,13.3,0
C011814,Treatment,1635.18,8,17,Consumer,West,8.3,0
C011815,Control,4832.7,15,50,Enterprise,East,1.4,0
C011816,Treatment,1401.4,9,28,Consumer,North,4.6,1
C011817,Treatment,2338.23,2,24,Consumer,North,9.5,0
C011818,Control,2083.97,4,6,SMB,North,6.4,0
C011819,Control,2081.84,5,20,SMB,West,4.6,1
C011820,Control,5422.46,3,18,SMB,South,8.3,0
C011821,Treatment,1880.97,1,16,Consumer,South,13.0,0
C011822,Control,832.16,3,27,Consumer,North,17.1,0
C011823,Treatment,2471.15,5,19,Consumer,South,4.9,0
C011824,Treatment,7116.11,13,53,Consumer,South,6.1,0
C011825,Treatment,1431.42,5,17,SMB,South,13.8,1
C011826,Control,1873.59,4,20,Consumer,South,4.3,0
C011827,Control,1853.37,12,43,Consumer,North,6.6,1
C011828,Control,1698.5,5,6,Consumer,North,9.6,0
C011829,Control,1059.97,5,8,Consumer,West,14.1,0
C011830,Control,1475.63,5,8,Consumer,East,2.0,0
C011831,Control,1308.81,11,38,SMB,East,8.2,0
C011832,Control,4178.08,1,21,Enterprise,West,4.3,0
C011833,Treatment,2082.04,15,60,Consumer,South,14.3,0
C011834,Control,3593.42,5,26,Consumer,East,10.7,0
C011835,Control,2700.69,11,19,Consumer,South,8.1,0
C011836,Treatment,1158.83,6,5,Consumer,North,8.0,0
C011837,Treatment,2361.45,4,8,Consumer,South,11.2,0
C011838,Treatment,2426.19,4,14,Consumer,West,5.8,0
C011839,Treatment,1622.53,8,65,Consumer,South,7.8,0
C011840,Control,1565.81,2,20,SMB,South,7.0,0
C011841,Treatment,1994.11,8,40,SMB,West,8.7,0
C011842,Treatment,632.72,6,16,Consumer,North,13.7,0
C011843,Treatment,1453.55,1,3,Consumer,East,5.4,0
C011844,Treatment,2136.13,8,9,Consumer,East,12.0,0
C011845,Control,1890.98,4,19,Consumer,South,10.0,0
C011846,Control,2916.0,13,22,SMB,North,8.0,0
C011847,Treatment,2198.16,5,34,Consumer,South,12.1,0
C011848,Treatment,1605.03,5,8,Consumer,West,9.0,0
C011849,Control,594.43,5,17,Consumer,West,10.7,0
C011850,Control,1956.39,4,17,Consumer,West,14.1,0
C011851,Control,1458.76,3,6,Consumer,North,7.1,1
C011852,Control,2457.47,1,7,Enterprise,South,6.9,0
C011853,Control,941.64,4,8,Consumer,East,11.3,1
C011854,Treatment,971.11,2,16,Consumer,East,8.6,0
C011855,Control,1331.92,4,8,Consumer,North,13.4,0
C011856,Control,1667.3,6,19,Consumer,North,18.1,0
C011857,Control,1554.65,9,35,SMB,North,15.8,0
C011858,Treatment,2534.07,1,7,Consumer,South,4.8,0
C011859,Treatment,1401.04,16,51,Consumer,East,12.0,0
C011860,Treatment,2100.53,1,17,SMB,West,0.9,0
C011861,Treatment,14176.9,9,32,SMB,North,10.4,1
C011862,Treatment,1992.92,10,19,Enterprise,South,7.9,0
C011863,Treatment,665.32,7,12,Consumer,South,11.0,0
C011864,Treatment,1808.37,1,10,SMB,South,8.8,0
C011865,Control,1566.72,2,15,Consumer,North,6.9,0
C011866,Treatment,3237.44,4,13,SMB,South,9.7,0
C011867,Control,2489.14,2,19,Enterprise,South,14.1,0
C011868,Treatment,1450.94,1,7,Consumer,East,19.0,0
C011869,Control,2881.01,1,4,SMB,East,14.7,0
C011870,Control,1179.59,5,9,SMB,East,12.5,0
C011871,Control,1920.27,8,18,Consumer,South,13.0,0
C011872,Treatment,2466.84,1,7,Consumer,South,8.3,0
C011873,Treatment,1986.3,9,41,SMB,South,8.6,0
C011874,Control,1872.08,1,14,Enterprise,North,12.2,0
C011875,Treatment,2699.41,9,31,SMB,North,1.5,1
C011876,Control,923.45,1,10,Consumer,South,10.8,0
C011877,Treatment,796.4,1,6,Consumer,West,8.4,0
C011878,Control,1010.63,4,1,Consumer,West,7.9,1
C011879,Control,931.95,8,13,Consumer,West,4.1,0
C011880,Treatment,1093.78,4,10,Consumer,East,9.9,1
C011881,Treatment,1346.54,1,10,Consumer,East,5.8,0
C011882,Treatment,2282.29,6,5,Consumer,East,9.9,0
C011883,Treatment,1778.61,1,17,Consumer,East,9.3,0
C011884,Treatment,1814.1,1,17,Consumer,South,6.1,0
C011885,Control,1456.45,5,25,Enterprise,West,13.9,0
C011886,Control,651.96,6,16,Consumer,West,8.0,1
C011887,Treatment,1513.63,6,27,Consumer,South,11.3,0
C011888,Control,3195.92,18,65,Consumer,South,4.4,0
C011889,Treatment,3453.33,7,25,Consumer,West,7.8,0
C011890,Control,2831.49,6,20,Enterprise,West,4.7,1
C011891,Control,3159.97,2,21,Consumer,South,9.1,0
C011892,Control,1773.11,8,12,Enterprise,South,10.4,0
C011893,Treatment,1679.79,3,10,Consumer,South,10.4,0
C011894,Treatment,851.48,1,14,Consumer,South,16.5,0
C011895,Control,1494.28,2,10,SMB,South,13.0,0
C011896,Control,2397.84,8,12,Consumer,North,2.4,0
C011897,Control,1160.22,4,9,Consumer,South,12.6,1
C011898,Control,1106.2,4,15,Consumer,South,5.8,0
C011899,Control,1517.76,3,14,Enterprise,West,12.5,1
C011900,Treatment,2418.75,6,16,Consumer,South,1.4,0
C011901,Control,3780.07,1,21,Enterprise,South,8.2,0
C011902,Control,1453.1,4,9,Consumer,South,10.5,1
C011903,Control,1374.43,2,11,Consumer,West,4.7,0
C011904,Control,748.7,1,6,Consumer,South,14.9,0
C011905,Control,1199.43,6,26,Consumer,South,18.0,1
C011906,Treatment,3034.64,8,57,Consumer,North,8.6,1
C011907,Treatment,1699.92,4,20,Consumer,North,12.5,0
C011908,Treatment,1671.81,1,26,Consumer,West,13.0,0
C011909,Control,1914.02,1,8,Consumer,South,6.2,0
C011910,Treatment,1805.0,7,45,Consumer,South,6.1,0
C011911,Treatment,5878.98,7,31,Enterprise,North,10.6,0
C011912,Treatment,771.68,2,4,Consumer,South,15.6,0
C011913,Treatment,3343.18,5,16,Enterprise,East,13.5,0
C011914,Control,2427.98,9,18,SMB,East,2.3,0
C011915,Treatment,2282.82,9,19,SMB,West,14.4,0
C011916,Treatment,540.36,2,8,Consumer,South,14.2,0
C011917,Treatment,1907.87,3,9,Consumer,South,0.0,0
C011918,Treatment,1396.59,1,9,SMB,West,12.4,0
C011919,Treatment,4358.09,6,25,SMB,South,9.2,0
C011920,Control,1252.75,9,18,SMB,West,14.9,0
C011921,Treatment,2543.93,3,19,SMB,East,13.5,0
C011922,Treatment,1138.07,9,10,Consumer,North,11.6,0
C011923,Treatment,1170.75,1,9,Enterprise,West,9.8,0
C011924,Treatment,2318.77,3,3,Enterprise,South,10.7,0
C011925,Control,2768.15,1,6,Enterprise,East,2.1,0
C011926,Control,1303.52,1,5,Consumer,South,1.8,0
C011927,Control,3086.01,17,62,SMB,South,11.8,0
C011928,Treatment,1641.26,2,3,Consumer,South,9.6,0
C011929,Treatment,2206.4,7,21,Consumer,South,12.0,0
C011930,Treatment,1931.0,5,27,Enterprise,West,7.0,0
C011931,Treatment,2715.99,5,4,Consumer,North,5.8,0
C011932,Treatment,1860.17,5,26,SMB,South,6.8,1
C011933,Control,1767.01,8,16,Consumer,North,5.4,0
C011934,Treatment,2363.33,2,11,Consumer,East,13.8,0
C011935,Treatment,1564.17,15,53,Consumer,South,12.2,0
C011936,Treatment,1683.51,3,3,Consumer,South,11.5,0
C011937,Treatment,1091.68,10,20,Consumer,East,15.4,0
C011938,Treatment,1465.52,9,33,SMB,West,5.6,1
C011939,Control,2532.04,8,16,Consumer,West,3.2,0
C011940,Treatment,2620.57,12,47,SMB,West,8.0,0
C011941,Treatment,1408.32,6,10,Consumer,South,10.8,0
C011942,Control,1159.91,5,16,Consumer,East,5.9,0
C011943,Control,1652.75,11,46,Consumer,North,4.1,1
C011944,Control,1143.24,20,72,Consumer,North,5.3,0
C011945,Control,4220.64,9,38,SMB,South,12.7,0
C011946,Treatment,2311.0,1,22,Consumer,South,11.6,1
C011947,Control,777.61,3,3,SMB,South,15.3,1
C011948,Control,2027.22,8,11,SMB,South,15.5,0
C011949,Treatment,1641.28,4,9,Consumer,East,10.3,0
C011950,Control,3336.12,9,40,Enterprise,West,0.5,0
C011951,Treatment,2913.86,5,24,SMB,North,10.2,1
C011952,Control,2300.07,3,15,Consumer,South,9.4,1
C011953,Control,1494.72,3,22,Consumer,North,10.3,1
C011954,Treatment,1764.43,4,18,Consumer,North,6.1,1
C011955,Treatment,1190.63,1,19,Consumer,West,3.7,0
C011956,Treatment,4720.01,2,32,Consumer,North,10.2,1
C011957,Treatment,3344.98,2,6,Consumer,South,2.2,0
C011958,Control,1156.41,7,17,Consumer,South,13.4,0
C011959,Treatment,1478.14,1,4,Consumer,South,2.6,0
C011960,Control,1195.23,12,20,Consumer,South,0.1,1
C011961,Control,3781.86,11,34,SMB,West,10.9,0
C011962,Control,1730.43,7,22,Consumer,East,7.4,0
C011963,Treatment,1587.63,8,11,Consumer,South,0.4,0
C011964,Control,1950.43,4,17,Consumer,East,5.8,0
C011965,Control,934.42,3,6,Consumer,West,12.0,0
C011966,Control,1379.62,1,22,Consumer,South,10.1,0
C011967,Treatment,909.89,3,5,Consumer,East,7.2,0
C011968,Control,2173.45,6,16,Consumer,East,8.9,1
C011969,Treatment,1340.84,3,12,SMB,East,8.0,0
C011970,Control,1072.55,5,22,Consumer,North,3.8,0
C011971,Treatment,2162.52,1,17,Consumer,East,1.9,0
C011972,Control,519.09,9,16,Consumer,West,8.2,0
C011973,Treatment,1310.95,1,3,Consumer,East,11.9,0
C011974,Control,1754.48,10,18,Consumer,North,7.5,0
C011975,Control,2460.3,3,17,SMB,North,10.4,1
C011976,Control,773.87,1,14,Consumer,East,13.9,0
C011977,Control,3342.79,5,19,Enterprise,East,3.0,0
C011978,Control,867.68,2,7,Enterprise,West,12.2,0
C011979,Control,1373.5,6,19,Consumer,South,1.9,0
C011980,Treatment,1945.05,3,19,SMB,South,18.8,0
C011981,Treatment,2554.96,7,6,Consumer,West,6.6,1
C011982,Control,2250.07,7,20,Enterprise,East,13.9,0
C011983,Control,5868.39,8,32,Enterprise,South,9.4,0
C011984,Control,1778.78,4,18,Consumer,East,4.6,0
C011985,Control,4354.88,10,6,Consumer,South,0.0,0
C011986,Control,1898.0,6,26,SMB,South,10.2,0
C011987,Control,1193.94,2,6,Consumer,North,9.4,0
C011988,Control,3223.89,2,9,SMB,South,10.2,0
C011989,Treatment,1924.09,6,6,Consumer,East,6.2,0
C011990,Treatment,2318.66,5,15,Consumer,South,9.1,0
C011991,Treatment,2482.87,8,47,Consumer,West,11.2,0
C011992,Control,2009.18,5,12,SMB,South,13.1,0
C011993,Treatment,729.67,5,10,Consumer,East,8.9,0
C011994,Control,1834.17,13,66,SMB,South,0.6,0
C011995,Control,2432.39,6,14,SMB,South,8.3,0
C011996,Treatment,1217.59,10,9,SMB,South,6.2,0
C011997,Control,1649.2,7,6,Consumer,West,10.0,0
C011998,Control,1277.49,8,15,Consumer,West,9.7,0
C011999,Treatment,2711.5,5,14,Consumer,South,11.9,0
C012000,Treatment,2668.09,10,39,Consumer,South,5.8,1
C012001,Treatment,1146.13,8,15,Consumer,North,5.8,0
C012002,Control,2512.82,1,2,SMB,South,13.5,0
C012003,Control,1954.87,3,10,Consumer,South,4.1,0
C012004,Treatment,1416.76,1,6,Consumer,West,8.4,1
C012005,Control,1849.86,2,11,Consumer,East,9.0,0
C012006,Control,1452.36,5,13,SMB,North,0.0,0
C012007,Control,1041.61,5,10,Consumer,West,9.2,0
C012008,Treatment,1202.8,1,9,SMB,East,9.0,0
C012009,Treatment,1026.37,1,8,Enterprise,North,9.3,0
C012010,Control,811.17,8,17,Consumer,West,4.8,0
C012011,Treatment,2464.29,5,15,Enterprise,South,3.6,1
C012012,Control,1457.07,3,13,Consumer,South,3.0,0
C012013,Treatment,2834.65,8,46,Consumer,North,14.1,0
C012014,Control,1158.9,6,20,SMB,South,9.9,0
C012015,Control,1420.96,3,22,SMB,North,5.8,1
C012016,Control,1691.59,4,18,SMB,West,3.6,0
C012017,Treatment,1445.61,5,6,Consumer,South,3.1,0
C012018,Treatment,1859.84,4,2,Consumer,South,9.0,0
C012019,Treatment,738.32,5,10,Consumer,West,8.5,0
C012020,Control,2830.04,8,15,Consumer,West,1.5,0
C012021,Control,1282.7,2,18,Consumer,West,3.7,1
C012022,Control,4248.25,6,8,Enterprise,West,5.3,0
C012023,Control,2178.04,10,31,Consumer,West,12.7,0
C012024,Control,1024.6,6,7,SMB,West,4.9,0
C012025,Treatment,1610.8,6,15,SMB,South,8.4,0
C012026,Treatment,784.98,6,20,SMB,North,13.2,1
C012027,Treatment,1761.85,7,19,Enterprise,South,13.1,0
C012028,Control,2736.3,17,63,SMB,South,11.7,0
C012029,Control,1244.54,6,24,Consumer,South,15.3,1
C012030,Treatment,1325.08,8,18,SMB,South,9.9,0
C012031,Control,2388.03,1,34,Enterprise,North,5.3,0
C012032,Treatment,1284.95,2,28,Consumer,South,16.2,0
C012033,Treatment,981.4,6,5,Consumer,South,11.1,0
C012034,Control,1662.8,5,14,Consumer,South,5.4,0
C012035,Control,696.49,8,27,Consumer,East,11.3,0
C012036,Treatment,3402.13,5,22,SMB,South,0.3,0
C012037,Treatment,2009.54,1,13,SMB,South,9.5,1
C012038,Treatment,2406.94,13,37,Consumer,South,0.0,1
C012039,Treatment,1760.48,14,53,Consumer,East,5.3,0
C012040,Treatment,1193.65,7,11,Consumer,West,6.2,0
C012041,Control,1437.27,8,65,SMB,North,3.7,0
C012042,Treatment,5171.91,10,29,Consumer,West,8.8,1
C012043,Treatment,2730.8,8,19,SMB,West,5.3,0
C012044,Control,2017.23,9,31,SMB,West,8.9,0
C012045,Control,1540.91,3,7,Consumer,West,14.1,0
C012046,Treatment,1734.29,5,29,Consumer,South,4.4,0
C012047,Treatment,1312.09,7,19,SMB,North,11.9,0
C012048,Control,1069.11,7,35,Consumer,North,18.8,0
C012049,Treatment,3316.91,9,28,Consumer,North,9.1,0
C012050,Treatment,1963.84,9,43,Consumer,South,1.6,0
C012051,Treatment,1928.08,2,8,Consumer,West,10.5,0
C012052,Control,2265.24,4,26,Consumer,North,7.8,0
C012053,Control,1302.72,4,11,Consumer,South,15.1,0
C012054,Control,1495.93,7,26,Consumer,West,3.6,0
C012055,Treatment,1228.38,9,21,Consumer,North,7.9,1
C012056,Treatment,1558.93,4,13,Consumer,North,7.6,1
C012057,Control,2205.59,1,12,Consumer,South,8.1,0
C012058,Treatment,2302.32,10,5,Consumer,South,6.0,0
C012059,Control,1326.35,6,32,SMB,South,8.8,0
C012060,Treatment,1498.45,1,23,Consumer,South,12.3,0
C012061,Control,1132.82,8,16,SMB,East,8.8,0
C012062,Treatment,3805.76,8,22,SMB,North,11.7,1
C012063,Treatment,1834.68,10,49,Consumer,East,13.5,0
C012064,Treatment,1927.64,1,15,Consumer,South,7.2,0
C012065,Control,2727.18,5,14,Enterprise,South,1.0,1
C012066,Control,1057.67,3,12,Consumer,North,7.0,0
C012067,Control,3489.32,7,26,Consumer,West,3.3,0
C012068,Treatment,2176.81,4,10,Consumer,East,13.6,0
C012069,Control,3114.93,1,16,Enterprise,South,8.9,0
C012070,Treatment,883.67,2,11,Consumer,East,11.5,0
C012071,Treatment,2644.25,5,24,Enterprise,South,11.5,0
C012072,Control,1543.03,5,19,Consumer,West,13.9,0
C012073,Control,1295.22,7,27,Consumer,West,13.1,0
C012074,Control,895.46,1,5,Consumer,North,3.9,0
C012075,Treatment,1512.85,2,12,Consumer,South,5.1,0
C012076,Treatment,1362.32,4,17,Consumer,South,8.6,1
C012077,Control,3332.64,6,27,SMB,East,15.8,1
C012078,Treatment,1050.02,8,17,SMB,North,2.5,0
C012079,Control,1682.11,7,17,Consumer,South,8.8,0
C012080,Control,1632.87,16,33,Consumer,West,11.9,0
C012081,Treatment,2077.76,1,12,Consumer,South,7.3,0
C012082,Treatment,2577.47,9,23,Consumer,West,16.6,0
C012083,Control,1115.45,8,28,SMB,North,5.6,0
C012084,Treatment,988.17,2,9,Consumer,West,7.2,0
C012085,Treatment,1198.03,5,14,Enterprise,West,11.7,0
C012086,Treatment,3752.29,10,25,Consumer,South,7.3,0
C012087,Treatment,1445.29,4,15,Consumer,North,11.2,1
C012088,Control,838.64,9,22,Consumer,South,15.0,0
C012089,Control,1387.78,5,15,Consumer,East,7.2,0
C012090,Treatment,1286.26,11,44,Consumer,North,0.0,0
C012091,Treatment,2146.81,13,21,Consumer,West,15.0,0
C012092,Control,941.69,1,10,Consumer,West,14.9,0
C012093,Control,1278.94,7,19,Consumer,West,0.6,0
C012094,Control,784.35,7,13,Consumer,South,8.5,0
C012095,Control,1666.19,7,19,SMB,South,9.1,0
C012096,Control,2165.45,7,34,SMB,South,7.0,1
C012097,Control,1592.37,5,13,Consumer,South,10.5,0
C012098,Control,3176.18,1,15,Consumer,North,9.1,0
C012099,Treatment,367.08,1,4,Consumer,North,8.4,0
C012100,Treatment,3253.11,8,20,Enterprise,East,10.1,1
C012101,Control,1418.71,3,14,SMB,North,17.3,1
C012102,Control,1940.94,4,28,SMB,North,5.1,0
C012103,Control,1368.76,4,8,SMB,South,5.4,0
C012104,Treatment,1532.43,5,25,SMB,East,12.7,0
C012105,Treatment,783.31,8,24,Consumer,West,12.4,0
C012106,Treatment,2216.59,11,20,Consumer,East,3.8,0
C012107,Treatment,2413.22,10,44,SMB,South,5.6,0
C012108,Control,4849.58,12,59,Consumer,South,6.8,0
C012109,Control,2381.21,5,35,Consumer,East,6.2,0
C012110,Control,2542.72,1,3,SMB,South,4.0,1
C012111,Control,5012.76,2,10,SMB,North,15.3,1
C012112,Control,1027.52,1,7,Consumer,West,5.6,0
C012113,Treatment,1968.99,6,9,Consumer,North,10.3,1
C012114,Control,892.54,8,36,Consumer,South,8.9,0
C012115,Treatment,2747.27,13,51,Consumer,South,9.3,1
C012116,Control,2157.25,10,36,Consumer,West,10.5,0
C012117,Control,3178.74,7,22,SMB,South,6.1,0
C012118,Treatment,957.1,2,7,Consumer,West,9.2,0
C012119,Control,2242.04,7,16,SMB,West,0.0,0
C012120,Control,1294.8,10,29,Consumer,West,3.1,0
C012121,Control,1716.6,14,58,Consumer,North,9.7,0
C012122,Treatment,1794.08,6,39,Consumer,South,7.6,0
C012123,Control,1947.3,8,13,SMB,West,3.3,0
C012124,Treatment,2704.66,3,14,Enterprise,West,7.1,0
C012125,Treatment,2418.05,8,16,Consumer,West,12.8,0
C012126,Treatment,2500.24,8,28,Consumer,West,18.2,0
C012127,Control,1209.61,1,9,Consumer,East,2.2,0
C012128,Treatment,2245.15,6,17,Consumer,South,3.6,1
C012129,Control,1736.04,5,23,Consumer,South,17.5,0
C012130,Treatment,1378.61,5,27,Consumer,South,8.2,0
C012131,Treatment,2012.39,9,19,SMB,North,11.7,0
C012132,Control,2612.48,1,17,SMB,South,9.9,0
C012133,Control,4348.64,8,29,Enterprise,North,10.7,1
C012134,Treatment,2601.83,9,23,SMB,North,4.5,0
C012135,Treatment,3747.7,8,33,SMB,South,9.1,0
C012136,Treatment,2100.57,2,13,Consumer,East,7.8,0
C012137,Control,2514.26,15,59,Consumer,East,12.6,0
C012138,Treatment,1828.39,7,36,Consumer,South,16.0,0
C012139,Treatment,1599.64,7,35,Consumer,East,6.3,0
C012140,Treatment,1190.52,1,14,Consumer,South,10.6,1
C012141,Control,1806.8,6,9,Consumer,South,9.5,0
C012142,Treatment,1070.58,5,6,SMB,South,10.8,0
C012143,Treatment,4902.49,18,72,Consumer,North,10.6,1
C012144,Control,1527.74,7,39,Consumer,East,13.2,0
C012145,Control,811.1,1,13,Consumer,West,6.4,1
C012146,Control,2201.76,5,9,Consumer,South,1.3,0
C012147,Control,1200.85,7,27,Consumer,West,5.8,0
C012148,Treatment,1813.24,10,16,Consumer,South,6.7,0
C012149,Control,1527.44,9,29,SMB,South,14.3,0
C012150,Treatment,1373.51,1,12,SMB,West,12.5,0
C012151,Control,4088.33,3,21,Enterprise,East,16.6,0
C012152,Treatment,1740.48,8,30,Consumer,South,8.9,1
C012153,Treatment,3321.14,16,60,SMB,East,13.1,0
C012154,Treatment,1770.07,5,1,SMB,North,9.1,0
C012155,Treatment,2550.04,7,24,Enterprise,East,4.9,0
C012156,Control,1002.39,2,11,Consumer,East,4.6,0
C012157,Treatment,1089.66,1,1,SMB,North,0.0,0
C012158,Treatment,1864.1,1,17,Consumer,North,11.2,0
C012159,Control,1464.09,9,21,Consumer,West,15.9,0
C012160,Treatment,1368.46,7,27,Consumer,North,12.1,0
C012161,Control,1671.79,3,56,Consumer,West,10.6,0
C012162,Treatment,3822.39,8,23,SMB,South,13.9,0
C012163,Control,4711.24,10,41,Enterprise,South,4.7,0
C012164,Treatment,2759.02,6,30,SMB,South,9.5,0
C012165,Control,954.45,5,15,Consumer,East,7.8,0
C012166,Control,1917.98,6,21,Consumer,South,11.5,0
C012167,Control,1489.53,12,43,Consumer,South,6.9,0
C012168,Treatment,1611.98,4,5,SMB,South,17.1,0
C012169,Control,2377.42,6,20,Consumer,East,15.5,0
C012170,Treatment,1306.06,2,6,SMB,South,2.1,0
C012171,Treatment,1160.67,6,10,Consumer,South,18.5,0
C012172,Treatment,2872.29,4,45,Consumer,South,10.0,0
C012173,Control,2268.68,4,8,Consumer,South,9.6,1
C012174,Treatment,1017.62,1,5,Consumer,South,11.7,1
C012175,Treatment,2554.37,5,19,Enterprise,South,12.9,0
C012176,Control,3003.66,9,27,Consumer,West,3.0,0
C012177,Control,2224.99,1,3,Consumer,West,13.1,0
C012178,Treatment,1814.08,13,60,Consumer,North,7.4,0
C012179,Control,1798.76,7,16,SMB,North,18.8,0
C012180,Control,1837.85,3,29,Consumer,West,0.0,0
C012181,Control,2152.74,6,9,Consumer,South,7.9,0
C012182,Treatment,2087.8,6,28,SMB,South,5.9,0
C012183,Treatment,1271.56,9,18,Consumer,East,9.9,0
C012184,Treatment,9916.8,3,22,SMB,South,7.9,0
C012185,Treatment,4040.78,10,32,SMB,South,6.9,0
C012186,Control,2081.6,8,28,Consumer,West,1.4,0
C012187,Control,1146.38,1,7,Consumer,South,7.0,0
C012188,Control,1321.21,4,6,Consumer,East,12.5,0
C012189,Control,2271.47,10,31,SMB,South,10.8,0
C012190,Control,1306.35,3,15,Consumer,South,8.3,0
C012191,Treatment,1598.61,10,21,SMB,West,5.9,1
C012192,Control,1456.37,2,22,SMB,West,5.8,0
C012193,Control,1688.75,5,37,Consumer,West,4.7,0
C012194,Control,875.47,3,16,Consumer,North,6.9,1
C012195,Control,634.62,4,23,Consumer,West,10.5,0
C012196,Control,1062.54,6,20,Consumer,North,10.1,1
C012197,Control,2221.23,6,9,Enterprise,East,5.9,0
C012198,Control,809.64,2,19,Consumer,East,3.0,0
C012199,Treatment,998.69,2,10,SMB,South,15.8,1
C012200,Treatment,1130.94,5,23,Consumer,South,6.9,0
C012201,Treatment,1727.24,7,23,Consumer,East,4.8,0
C012202,Treatment,1472.92,1,9,Consumer,West,9.7,0
C012203,Treatment,1574.24,1,2,Enterprise,North,7.2,1
C012204,Treatment,1487.41,5,19,SMB,North,14.4,0
C012205,Treatment,1497.76,7,22,Consumer,East,5.7,0
C012206,Treatment,2931.63,7,13,Enterprise,South,3.9,0
C012207,Control,1609.15,18,45,Consumer,North,8.8,0
C012208,Control,2678.92,4,22,Consumer,South,8.3,0
C012209,Control,1658.77,1,11,SMB,North,6.2,0
C012210,Control,2162.77,4,8,Consumer,South,7.0,0
C012211,Treatment,3547.01,4,9,Enterprise,West,11.4,0
C012212,Control,840.32,6,9,SMB,West,14.3,0
C012213,Treatment,2135.81,2,6,Consumer,South,3.4,1
C012214,Treatment,3472.01,5,30,SMB,North,7.8,0
C012215,Control,2828.54,11,34,SMB,East,11.9,0
C012216,Control,1061.25,10,42,Consumer,South,13.3,0
C012217,Control,1755.13,6,5,Enterprise,West,14.5,0
C012218,Control,2177.97,10,41,SMB,South,2.9,0
C012219,Treatment,2624.23,5,16,Consumer,East,7.9,0
C012220,Treatment,3034.78,1,24,Consumer,South,10.7,0
C012221,Treatment,1279.29,5,27,Consumer,West,4.1,0
C012222,Treatment,1299.11,8,18,Consumer,West,9.1,0
C012223,Treatment,1141.05,16,43,Consumer,South,1.4,0
C012224,Treatment,2734.08,17,57,SMB,West,4.4,0
C012225,Control,3829.83,14,34,Consumer,North,1.3,0
C012226,Control,782.68,8,33,Consumer,North,5.6,0
C012227,Control,889.25,11,40,Consumer,West,0.0,0
C012228,Treatment,1743.62,6,17,Enterprise,East,12.4,0
C012229,Treatment,1939.4,2,9,SMB,North,9.9,0
C012230,Treatment,1382.04,2,2,Consumer,North,8.3,0
C012231,Treatment,1155.12,6,21,Consumer,North,4.2,0
C012232,Treatment,3489.38,2,14,Enterprise,North,0.0,0
C012233,Control,1555.84,5,10,Consumer,South,10.5,0
C012234,Control,2938.36,4,3,SMB,North,4.3,0
C012235,Treatment,1431.87,1,6,Consumer,South,7.9,1
C012236,Treatment,1440.85,7,41,Consumer,East,12.2,0
C012237,Treatment,2518.45,9,37,Consumer,East,0.9,0
C012238,Control,3657.86,12,51,Consumer,West,9.4,0
C012239,Treatment,952.12,1,4,SMB,North,8.8,0
C012240,Treatment,3770.88,8,13,Enterprise,North,24.8,0
C012241,Treatment,841.92,12,12,Consumer,North,6.4,0
C012242,Control,3275.26,17,27,Consumer,South,0.0,0
C012243,Treatment,1006.95,2,11,SMB,South,5.9,0
C012244,Treatment,2698.43,2,10,SMB,North,1.2,0
C012245,Treatment,1669.43,1,10,Consumer,East,15.1,1
C012246,Treatment,1402.69,8,18,Consumer,West,16.1,0
C012247,Treatment,2362.03,3,22,Consumer,South,7.8,0
C012248,Treatment,2102.85,6,15,Consumer,North,11.3,0
C012249,Treatment,2359.65,6,13,SMB,West,9.8,0
C012250,Control,1589.25,13,41,SMB,West,8.1,1
C012251,Control,1237.11,6,7,SMB,North,3.2,0
C012252,Control,1709.36,5,12,Consumer,East,11.8,0
C012253,Treatment,1435.61,5,23,SMB,South,9.7,0
C012254,Control,538.29,8,18,Consumer,East,20.0,1
C012255,Control,1188.75,12,30,Consumer,East,8.7,1
C012256,Treatment,1038.38,4,8,Consumer,South,11.0,0
C012257,Treatment,1897.05,3,2,Consumer,South,9.8,0
C012258,Control,2013.33,1,15,SMB,East,6.7,0
C012259,Control,3557.57,7,36,SMB,East,9.7,0
C012260,Treatment,2855.31,6,33,Consumer,West,8.1,0
C012261,Control,2402.5,5,24,Consumer,South,3.4,0
C012262,Control,814.13,9,12,Consumer,West,13.7,0
C012263,Control,1912.35,3,15,Consumer,East,6.4,0
C012264,Control,4858.0,7,23,SMB,East,12.7,1
C012265,Treatment,2848.11,6,21,Enterprise,North,9.0,0
C012266,Control,2508.46,10,32,Consumer,South,10.6,0
C012267,Treatment,1639.99,1,2,SMB,South,9.7,0
C012268,Control,659.3,1,18,SMB,North,15.4,0
C012269,Control,1237.65,11,30,Consumer,North,14.8,0
C012270,Control,2578.12,5,13,Consumer,North,9.3,0
C012271,Treatment,1221.46,7,11,Consumer,West,13.2,0
C012272,Control,1884.61,7,10,Consumer,East,9.5,0
C012273,Control,3831.0,5,27,SMB,West,10.5,0
C012274,Control,1067.51,5,15,Consumer,West,17.9,1
C012275,Treatment,2029.06,10,54,SMB,East,8.1,0
C012276,Control,1239.16,1,15,Consumer,South,13.6,0
C012277,Treatment,854.34,1,2,Consumer,South,11.3,0
C012278,Treatment,1864.86,10,52,Consumer,East,8.7,0
C012279,Treatment,1249.36,13,46,SMB,West,10.1,1
C012280,Treatment,452.38,2,5,Consumer,West,10.1,0
C012281,Control,2308.45,5,10,SMB,South,10.2,0
C012282,Treatment,1406.01,10,35,Consumer,West,10.7,0
C012283,Treatment,1099.15,1,6,Consumer,South,9.8,0
C012284,Control,2944.92,1,14,SMB,South,10.6,0
C012285,Treatment,1648.95,5,9,Consumer,South,13.5,1
C012286,Control,1383.31,4,34,SMB,North,13.7,0
C012287,Treatment,2345.41,8,42,Consumer,South,11.9,0
C012288,Treatment,2824.47,13,40,Consumer,East,16.8,0
C012289,Treatment,2564.54,6,23,Consumer,North,7.6,0
C012290,Control,2495.73,1,27,Consumer,West,4.1,0
C012291,Treatment,2165.3,8,53,Consumer,North,9.4,0
C012292,Treatment,1333.17,8,16,Consumer,North,6.0,0
C012293,Control,2378.38,7,19,Consumer,South,14.9,1
C012294,Treatment,3293.29,1,5,Consumer,South,0.0,0
C012295,Treatment,1226.5,3,3,Consumer,North,6.7,0
C012296,Treatment,2542.19,10,31,Enterprise,North,0.8,0
C012297,Treatment,5157.52,13,72,Consumer,South,9.9,0
C012298,Control,1626.13,8,25,Consumer,South,3.9,0
C012299,Control,1296.92,2,13,Consumer,South,9.2,0
C012300,Control,1500.08,12,48,Consumer,North,16.0,0
C012301,Control,2948.52,11,32,SMB,North,8.6,0
C012302,Control,1547.36,10,25,Consumer,North,13.8,0
C012303,Treatment,1447.76,7,31,Consumer,North,13.9,0
C012304,Control,1411.13,8,22,Consumer,West,13.1,0
C012305,Treatment,1834.1,10,36,Consumer,South,1.3,1
C012306,Control,978.44,1,7,Consumer,East,15.5,0
C012307,Control,1762.81,2,23,Consumer,West,7.7,0
C012308,Treatment,1692.39,8,13,Consumer,South,11.7,0
C012309,Treatment,1941.57,2,2,SMB,West,9.8,1
C012310,Control,2251.71,6,24,Consumer,East,5.4,0
C012311,Treatment,946.97,9,28,Consumer,East,4.8,0
C012312,Control,882.8,16,43,Consumer,West,19.3,0
C012313,Control,990.98,1,11,Consumer,North,4.3,0
C012314,Control,1608.78,11,19,Consumer,South,9.1,1
C012315,Treatment,1886.28,7,28,Consumer,South,17.5,1
C012316,Control,985.36,4,13,Consumer,East,6.7,0
C012317,Treatment,1335.82,1,2,Consumer,South,15.7,0
C012318,Treatment,1002.75,1,6,Consumer,North,11.7,0
C012319,Control,730.85,7,20,Consumer,West,15.5,0
C012320,Treatment,944.83,5,21,Consumer,South,17.1,0
C012321,Control,1912.38,2,13,Consumer,South,9.1,0
C012322,Control,1229.49,1,11,Enterprise,North,0.0,0
C012323,Control,2777.38,1,13,SMB,East,0.0,0
C012324,Control,1872.17,3,10,SMB,North,9.7,0
C012325,Control,989.81,5,15,Consumer,North,6.0,0
C012326,Control,1815.95,15,55,Consumer,West,7.6,0
C012327,Treatment,1847.69,13,54,SMB,North,13.0,0
C012328,Control,3069.94,6,20,Consumer,North,1.6,1
C012329,Control,1382.62,1,8,SMB,East,7.4,0
C012330,Treatment,1472.1,8,20,SMB,South,0.8,0
C012331,Control,4367.25,2,10,Consumer,North,0.8,0
C012332,Treatment,1572.77,5,16,Consumer,South,13.0,0
C012333,Treatment,2220.01,6,34,Consumer,East,10.6,1
C012334,Control,1644.09,7,12,Consumer,South,1.2,0
C012335,Control,2287.68,11,27,SMB,West,11.6,0
C012336,Control,1903.78,2,13,Consumer,West,0.0,0
C012337,Control,2286.82,13,34,Consumer,East,5.6,0
C012338,Treatment,1191.63,8,19,Consumer,South,14.7,0
C012339,Treatment,2279.87,14,34,SMB,West,3.2,1
C012340,Treatment,1445.49,7,9,Consumer,North,10.4,0
C012341,Control,1542.54,7,29,Consumer,South,11.4,0
C012342,Treatment,2764.29,1,17,Consumer,North,6.2,0
C012343,Control,3725.35,7,21,SMB,South,6.8,0
C012344,Treatment,636.69,3,32,Consumer,West,4.4,0
C012345,Treatment,2724.72,8,15,SMB,North,13.0,1
C012346,Control,2873.91,8,26,SMB,South,5.6,0
C012347,Control,3045.86,2,10,Enterprise,North,5.9,0
C012348,Control,3266.58,9,43,SMB,South,4.5,0
C012349,Treatment,1517.5,15,45,Consumer,West,20.8,1
C012350,Control,5272.2,7,19,Enterprise,South,16.3,0
C012351,Treatment,1096.62,11,50,Enterprise,West,10.9,1
C012352,Treatment,888.54,8,39,Consumer,South,10.0,0
C012353,Control,990.83,3,7,SMB,West,15.4,0
C012354,Treatment,3023.95,8,20,Enterprise,West,5.7,1
C012355,Control,1155.01,8,24,Consumer,North,4.4,0
C012356,Control,1390.29,2,15,Consumer,West,14.3,0
C012357,Treatment,1198.47,9,28,Consumer,North,17.7,0
C012358,Control,1071.21,3,19,Consumer,South,6.1,0
C012359,Treatment,3093.18,5,15,Enterprise,North,10.6,0
C012360,Treatment,2359.76,2,33,Consumer,South,11.8,0
C012361,Control,7046.99,14,66,SMB,West,9.9,0
C012362,Treatment,2089.0,2,12,SMB,West,11.1,0
C012363,Control,2074.02,5,36,SMB,South,8.5,0
C012364,Treatment,1101.19,1,3,Consumer,West,0.0,0
C012365,Treatment,670.16,7,11,Consumer,South,8.6,1
C012366,Treatment,1811.42,1,9,Consumer,North,12.6,0
C012367,Treatment,1369.64,1,4,Consumer,West,11.4,0
C012368,Control,1905.51,17,54,Consumer,North,7.0,0
C012369,Treatment,1719.3,7,32,Consumer,West,13.6,0
C012370,Control,1309.57,9,17,SMB,North,9.1,0
C012371,Treatment,763.25,1,6,SMB,South,10.8,1
C012372,Control,1343.75,7,9,Consumer,South,6.3,0
C012373,Control,2174.93,11,35,SMB,South,7.2,0
C012374,Control,2028.09,11,34,Consumer,South,10.2,0
C012375,Control,1342.3,4,4,Consumer,North,9.3,0
C012376,Control,1510.87,8,15,Consumer,North,7.6,0
C012377,Control,984.85,3,8,Consumer,West,6.8,1
C012378,Treatment,4800.91,2,7,SMB,South,0.0,0
C012379,Treatment,2479.65,6,13,Consumer,North,3.5,1
C012380,Control,986.87,10,16,Consumer,North,8.4,0
C012381,Treatment,3264.79,16,27,Consumer,South,8.4,0
C012382,Control,2661.79,7,24,SMB,South,10.6,0
C012383,Treatment,800.25,2,11,Consumer,South,14.7,0
C012384,Control,4489.7,6,23,Enterprise,North,6.8,0
C012385,Treatment,1825.79,12,63,Consumer,West,3.4,0
C012386,Control,1172.19,3,8,Consumer,South,15.7,0
C012387,Control,1771.48,10,40,Consumer,South,11.0,0
C012388,Treatment,1894.84,5,10,SMB,East,6.5,0
C012389,Treatment,2018.6,6,15,SMB,South,1.1,0
C012390,Treatment,2105.96,5,11,Consumer,North,19.7,0
C012391,Control,2910.35,1,8,Consumer,South,7.9,0
C012392,Treatment,1246.95,1,4,Consumer,South,10.8,0
C012393,Treatment,1434.17,3,21,Enterprise,West,4.8,0
C012394,Control,1653.77,6,10,SMB,South,4.1,0
C012395,Control,914.65,1,14,Consumer,West,14.6,1
C012396,Control,1264.63,9,17,Consumer,South,6.9,1
C012397,Control,727.64,6,12,Consumer,East,6.4,0
C012398,Control,2616.08,3,2,Enterprise,North,9.2,0
C012399,Control,1007.71,8,47,Consumer,West,9.2,0
C012400,Treatment,939.81,3,10,Consumer,South,13.8,0
C012401,Treatment,4366.58,1,17,SMB,South,8.4,0
C012402,Treatment,822.11,6,10,Consumer,South,11.7,0
C012403,Treatment,817.44,3,9,Consumer,West,5.9,0
C012404,Control,3206.65,11,22,Consumer,South,4.7,0
C012405,Treatment,2114.1,9,15,SMB,South,4.8,0
C012406,Treatment,875.24,5,11,Consumer,West,5.6,0
C012407,Treatment,969.01,8,21,Consumer,West,16.5,0
C012408,Control,7220.86,10,15,Enterprise,East,6.5,0
C012409,Treatment,4118.79,1,18,Enterprise,South,6.5,0
C012410,Treatment,1651.42,2,6,Consumer,South,12.3,0
C012411,Treatment,1897.81,3,8,Consumer,West,12.2,0
C012412,Treatment,1393.75,8,18,Consumer,North,4.1,0
C012413,Treatment,1710.98,7,25,Consumer,West,8.0,0
C012414,Treatment,1756.47,5,14,Consumer,East,0.0,1
C012415,Treatment,1090.29,1,11,Consumer,West,11.3,0
C012416,Treatment,1818.87,4,23,Consumer,South,12.0,0
C012417,Treatment,3812.47,5,8,SMB,South,11.9,1
C012418,Control,1663.64,15,66,SMB,West,18.1,0
C012419,Treatment,1135.08,3,12,Consumer,West,11.1,1
C012420,Control,2188.65,14,68,SMB,West,9.4,1
C012421,Control,1943.92,6,7,Consumer,South,9.8,0
C012422,Control,2868.0,9,30,Consumer,South,6.3,0
C012423,Control,702.28,3,14,Consumer,West,18.4,0
C012424,Control,1092.86,10,13,Consumer,East,17.1,0
C012425,Control,1693.34,8,33,SMB,North,6.5,1
C012426,Control,1855.09,3,17,Consumer,North,3.8,1
C012427,Treatment,3122.76,6,33,Enterprise,North,9.3,0
C012428,Treatment,2697.41,10,36,Consumer,North,8.8,0
C012429,Treatment,5095.55,16,55,Consumer,South,9.3,0
C012430,Control,554.82,8,13,Consumer,West,9.9,1
C012431,Control,558.98,7,14,Consumer,East,1.2,0
C012432,Treatment,1573.46,6,17,Consumer,North,7.9,0
C012433,Control,1965.49,6,39,Consumer,East,9.6,0
C012434,Treatment,1248.95,9,23,Consumer,South,4.4,0
C012435,Treatment,1935.78,5,14,SMB,West,14.6,0
C012436,Treatment,1489.54,5,5,Consumer,West,6.4,0
C012437,Control,1411.41,5,14,Enterprise,North,7.8,0
C012438,Control,1400.41,3,7,Consumer,West,16.7,0
C012439,Treatment,2579.37,9,39,Consumer,North,1.6,0
C012440,Control,1847.02,6,18,SMB,East,8.6,0
C012441,Treatment,774.19,4,13,Consumer,West,4.4,0
C012442,Treatment,847.09,1,3,Consumer,West,10.7,0
C012443,Control,2012.52,8,2,SMB,North,11.1,0
C012444,Control,3189.7,2,13,Consumer,South,9.2,0
C012445,Control,1782.89,1,16,Consumer,North,4.8,0
C012446,Control,1555.73,7,33,Consumer,North,4.9,1
C012447,Treatment,2051.73,1,7,SMB,North,6.4,0
C012448,Treatment,1333.05,13,11,Consumer,North,4.5,0
C012449,Treatment,3565.22,12,57,SMB,South,11.1,0
C012450,Control,3942.49,13,43,Enterprise,North,6.5,0
C012451,Control,1046.29,5,14,SMB,South,9.7,0
C012452,Treatment,2311.93,1,12,Consumer,East,6.5,0
C012453,Treatment,4672.04,10,28,SMB,North,14.6,1
C012454,Treatment,1193.57,3,23,SMB,East,13.4,0
C012455,Treatment,1027.68,5,9,Consumer,West,8.6,0
C012456,Treatment,3079.54,1,20,SMB,South,11.1,0
C012457,Control,1345.27,5,16,Consumer,South,13.4,0
C012458,Control,759.12,3,8,Consumer,East,9.0,0
C012459,Treatment,1113.6,3,13,SMB,South,5.7,0
C012460,Control,1491.79,5,19,Consumer,South,12.0,0
C012461,Treatment,785.31,1,7,Consumer,West,8.4,0
C012462,Control,2112.6,1,32,Consumer,West,1.6,0
C012463,Control,1663.64,8,21,Consumer,South,7.1,0
C012464,Control,4169.52,8,14,SMB,South,14.3,0
C012465,Treatment,4960.97,9,35,Enterprise,West,9.6,0
C012466,Treatment,2770.86,5,40,SMB,South,1.1,0
C012467,Control,4666.66,8,38,Enterprise,East,6.0,0
C012468,Control,1075.49,4,11,Consumer,North,7.1,0
C012469,Control,973.23,1,6,Consumer,North,4.2,1
C012470,Control,4267.47,10,33,SMB,South,2.7,0
C012471,Treatment,3188.2,6,9,Consumer,West,0.0,1
C012472,Control,2993.92,1,6,SMB,South,8.3,0
C012473,Control,1081.77,8,13,SMB,West,10.6,1
C012474,Control,918.06,5,24,Consumer,West,0.0,0
C012475,Treatment,2317.27,2,7,SMB,West,17.8,0
C012476,Treatment,1040.37,5,17,Consumer,West,4.2,1
C012477,Treatment,1093.08,7,11,Consumer,South,10.5,0
C012478,Treatment,2120.28,5,20,SMB,South,11.2,0
C012479,Treatment,1616.7,9,17,SMB,North,2.6,1
C012480,Control,3222.25,1,9,Consumer,South,7.8,0
C012481,Treatment,4015.63,11,14,SMB,North,13.3,1
C012482,Treatment,4423.14,1,2,Enterprise,West,3.9,1
C012483,Control,1215.77,7,17,Consumer,West,14.9,0
C012484,Treatment,3741.65,4,21,Consumer,South,0.0,0
C012485,Treatment,1657.16,1,22,Consumer,South,8.9,0
C012486,Treatment,2680.08,14,56,Consumer,East,11.4,0
C012487,Control,2352.76,11,39,Consumer,East,6.7,0
C012488,Control,1026.19,7,14,Consumer,West,12.6,1
C012489,Treatment,2714.72,6,31,Consumer,South,6.2,0
C012490,Control,1404.12,5,16,Consumer,South,9.3,0
C012491,Control,1804.99,8,19,Consumer,West,12.8,0
C012492,Control,2282.34,8,37,Enterprise,North,3.2,1
C012493,Control,1572.78,1,7,Consumer,West,11.1,0
C012494,Treatment,2014.1,5,13,Consumer,North,6.5,0
C012495,Treatment,2273.93,10,18,Consumer,South,11.9,0
C012496,Treatment,6081.31,3,17,Enterprise,East,4.9,0
C012497,Control,2326.62,3,10,Consumer,West,13.4,1
C012498,Control,1412.25,1,9,SMB,North,0.0,0
C012499,Control,958.23,4,11,Consumer,West,4.3,0
C012500,Control,2001.94,6,8,Consumer,West,18.0,0
C012501,Treatment,2552.9,1,9,Consumer,West,11.4,0
C012502,Control,813.28,5,23,SMB,West,4.4,1
C012503,Control,2431.9,9,23,SMB,West,4.0,0
C012504,Treatment,644.2,2,11,Consumer,West,6.6,0
C012505,Treatment,3648.92,3,19,Enterprise,South,8.2,0
C012506,Control,2188.08,4,20,Consumer,West,7.9,0
C012507,Treatment,2094.76,15,56,Consumer,West,14.3,0
C012508,Treatment,1617.74,3,6,SMB,East,18.4,0
C012509,Treatment,1326.92,6,5,Consumer,South,8.3,0
C012510,Treatment,3028.02,5,22,SMB,South,10.3,0
C012511,Control,2116.83,8,33,Consumer,West,7.5,0
C012512,Control,2221.26,5,18,Consumer,West,4.5,0
C012513,Control,2309.97,11,40,Consumer,South,12.1,0
C012514,Treatment,1749.45,2,28,Enterprise,West,9.3,1
C012515,Treatment,1099.9,7,26,SMB,South,14.5,0
C012516,Treatment,2012.97,6,17,Enterprise,South,5.8,0
C012517,Treatment,1611.94,1,4,SMB,West,8.8,0
C012518,Control,3712.18,3,17,SMB,West,2.4,0
C012519,Control,2564.49,8,31,Consumer,South,9.0,0
C012520,Control,4529.7,8,27,SMB,West,10.4,0
C012521,Control,2097.74,11,27,Consumer,West,6.1,0
C012522,Treatment,2652.6,13,25,Consumer,West,9.4,0
C012523,Treatment,924.92,6,19,SMB,West,10.3,0
C012524,Control,849.73,6,13,Consumer,South,0.8,0
C012525,Treatment,2942.03,5,18,Consumer,North,3.2,0
C012526,Control,2892.3,14,52,SMB,North,8.4,0
C012527,Treatment,2007.35,5,17,SMB,North,6.5,0
C012528,Control,764.6,12,24,Consumer,South,13.6,0
C012529,Treatment,2198.14,11,24,Consumer,North,10.9,0
C012530,Control,1333.54,4,8,Consumer,South,9.7,0
C012531,Control,788.51,12,58,Consumer,East,11.9,0
C012532,Treatment,1870.45,4,8,Consumer,North,12.1,0
C012533,Control,2047.02,4,19,SMB,South,6.0,0
C012534,Control,1460.59,6,20,Consumer,South,11.6,0
C012535,Control,1675.52,1,2,Consumer,North,16.8,0
C012536,Treatment,927.98,7,6,Consumer,East,12.5,0
C012537,Control,1363.15,2,12,Enterprise,West,7.5,1
C012538,Treatment,1771.96,10,34,SMB,East,0.3,1
C012539,Treatment,2429.63,1,3,SMB,East,2.7,0
C012540,Treatment,1357.1,4,24,SMB,West,9.7,0
C012541,Control,1370.97,9,11,Consumer,East,5.0,1
C012542,Treatment,2708.36,8,26,Consumer,North,3.4,0
C012543,Control,1643.85,11,20,Consumer,South,12.6,0
C012544,Treatment,1036.16,4,11,Consumer,East,14.2,0
C012545,Control,1710.55,3,13,Consumer,East,4.2,1
C012546,Treatment,2287.29,7,10,Enterprise,West,15.9,0
C012547,Treatment,1625.73,8,32,Consumer,North,6.3,0
C012548,Control,963.22,3,7,Consumer,West,9.8,0
C012549,Control,1478.31,8,5,Consumer,South,1.2,0
C012550,Control,2112.38,12,26,Consumer,West,12.8,0
C012551,Treatment,1484.97,11,24,Consumer,South,1.8,1
C012552,Control,2289.76,3,11,Enterprise,North,2.1,0
C012553,Treatment,2349.99,1,14,Consumer,South,9.8,0
C012554,Treatment,2981.91,10,51,SMB,South,1.8,0
C012555,Treatment,2684.53,10,44,SMB,South,8.3,0
C012556,Control,792.94,2,13,Consumer,West,2.8,1
C012557,Control,2208.72,11,56,Consumer,South,13.3,0
C012558,Control,1826.71,8,18,Consumer,North,12.6,0
C012559,Treatment,2115.83,3,24,SMB,South,5.2,0
C012560,Control,2163.69,4,29,SMB,East,12.0,0
C012561,Control,1581.18,8,36,Consumer,South,5.5,1
C012562,Control,829.93,6,24,Consumer,North,12.6,0
C012563,Treatment,599.66,9,11,Consumer,West,9.5,0
C012564,Treatment,2079.72,1,3,Consumer,South,14.6,1
C012565,Control,3825.94,13,38,Consumer,West,6.0,1
C012566,Control,3103.7,3,6,SMB,North,8.5,1
C012567,Control,1528.28,5,8,Enterprise,East,10.8,1
C012568,Control,3581.3,10,26,Enterprise,East,15.9,1
C012569,Treatment,1593.48,12,14,SMB,North,9.3,1
C012570,Control,1780.9,3,21,Enterprise,East,4.5,0
C012571,Treatment,3116.16,7,22,Consumer,South,1.1,0
C012572,Treatment,1182.61,6,13,Consumer,South,7.6,0
C012573,Treatment,1226.13,1,9,Consumer,West,8.9,0
C012574,Control,2006.69,3,33,SMB,West,0.0,0
C012575,Treatment,1733.77,2,27,SMB,North,9.1,0
C012576,Control,4307.09,1,16,Enterprise,East,12.5,0
C012577,Control,2356.26,1,3,Consumer,North,2.7,0
C012578,Treatment,796.35,6,13,Consumer,North,5.9,0
C012579,Control,1801.02,3,14,Consumer,North,0.0,0
C012580,Control,1594.16,9,41,Consumer,East,6.6,1
C012581,Control,1732.78,9,45,SMB,East,5.9,1
C012582,Control,1368.86,8,20,Consumer,South,12.8,0
C012583,Treatment,1689.07,8,21,Consumer,West,8.3,1
C012584,Treatment,1381.67,4,7,Consumer,West,11.1,0
C012585,Treatment,2178.36,11,27,Consumer,North,12.6,1
C012586,Control,1731.78,1,3,Consumer,South,19.0,0
C012587,Control,680.96,5,10,Consumer,East,9.6,0
C012588,Control,1948.38,3,13,SMB,South,4.6,0
C012589,Treatment,2006.19,2,21,SMB,North,4.8,1
C012590,Treatment,2640.12,4,6,SMB,North,10.6,0
C012591,Treatment,639.21,5,18,Consumer,South,11.4,0
C012592,Treatment,3107.01,2,6,Consumer,South,10.2,0
C012593,Treatment,1842.67,11,45,Consumer,East,5.8,0
C012594,Control,1490.26,4,11,Consumer,West,15.4,0
C012595,Treatment,746.27,6,27,Consumer,West,8.6,0
C012596,Treatment,1295.99,1,15,Consumer,West,4.9,0
C012597,Treatment,1698.01,2,13,Enterprise,South,14.9,0
C012598,Control,4421.75,6,27,Enterprise,South,17.3,0
C012599,Treatment,2127.67,4,11,Enterprise,South,16.3,0
C012600,Control,1292.23,5,12,Consumer,West,3.2,0
C012601,Treatment,1165.1,1,14,Consumer,South,17.2,0
C012602,Treatment,1128.33,4,19,Consumer,South,6.7,0
C012603,Treatment,1902.59,1,14,Consumer,East,5.9,0
C012604,Control,978.67,5,11,Consumer,South,10.5,0
C012605,Control,1456.41,7,12,Consumer,West,7.6,0
C012606,Treatment,1264.34,9,17,Consumer,North,6.3,0
C012607,Treatment,1932.79,1,14,Consumer,South,6.9,1
C012608,Treatment,2935.93,9,55,Consumer,West,9.6,0
C012609,Control,1660.84,8,17,Consumer,South,7.1,0
C012610,Treatment,2464.35,9,18,Consumer,South,12.3,0
C012611,Treatment,2797.99,4,17,SMB,East,8.2,0
C012612,Control,1589.01,5,17,Consumer,East,5.1,0
C012613,Control,1517.35,5,9,Consumer,North,3.5,0
C012614,Treatment,2047.11,1,18,Enterprise,South,10.9,0
C012615,Control,1688.53,8,25,SMB,South,9.5,0
C012616,Treatment,1682.76,6,8,Consumer,South,10.9,1
C012617,Treatment,1612.27,4,18,SMB,South,9.3,0
C012618,Control,1442.65,13,30,Consumer,South,10.9,0
C012619,Control,2248.58,3,10,SMB,East,5.8,0
C012620,Treatment,2760.75,1,14,SMB,East,8.1,0
C012621,Treatment,532.35,6,25,Consumer,South,16.3,0
C012622,Treatment,1751.02,3,27,Consumer,South,10.2,0
C012623,Treatment,2256.47,6,16,Consumer,South,13.9,0
C012624,Treatment,2044.32,11,31,SMB,North,3.1,0
C012625,Treatment,2259.8,1,4,SMB,West,6.7,1
C012626,Treatment,1798.11,5,8,Consumer,North,5.4,0
C012627,Treatment,1333.31,5,8,Consumer,West,3.6,0
C012628,Control,1280.15,1,5,SMB,East,8.7,0
C012629,Control,839.46,3,12,Consumer,West,6.9,0
C012630,Treatment,780.95,5,17,Consumer,West,8.1,0
C012631,Control,1572.76,6,22,Consumer,West,9.4,0
C012632,Treatment,673.03,2,7,Consumer,East,7.2,0
C012633,Treatment,2096.55,2,13,Consumer,South,11.0,1
C012634,Control,2482.99,1,12,SMB,East,13.1,0
C012635,Control,2757.77,7,42,Consumer,North,0.7,0
C012636,Treatment,1277.96,3,14,Consumer,South,6.9,0
C012637,Control,3317.65,10,31,SMB,West,12.7,0
C012638,Treatment,490.4,1,22,Consumer,East,5.8,1
C012639,Treatment,1982.69,8,36,SMB,South,16.0,0
C012640,Control,1125.23,11,26,Enterprise,West,16.2,0
C012641,Treatment,1827.88,1,19,Consumer,North,4.4,1
C012642,Treatment,1818.02,5,12,Enterprise,West,7.1,0
C012643,Control,1221.11,4,18,SMB,West,10.6,0
C012644,Control,751.79,6,24,Consumer,North,16.1,1
C012645,Control,2204.9,5,20,SMB,North,11.1,0
C012646,Treatment,1377.36,9,17,Consumer,West,10.3,0
C012647,Control,1781.65,9,44,SMB,North,10.1,1
C012648,Control,2031.86,2,6,SMB,West,11.1,1
C012649,Control,1894.59,2,10,Enterprise,South,9.1,0
C012650,Control,2028.91,7,20,Consumer,South,9.1,0
C012651,Control,877.19,2,7,SMB,East,8.2,0
C012652,Treatment,3217.01,5,16,Consumer,South,8.8,0
C012653,Control,6457.54,10,31,Enterprise,South,8.1,0
C012654,Treatment,974.65,3,8,Consumer,East,15.3,0
C012655,Control,2629.24,2,13,Consumer,South,12.2,0
C012656,Control,1422.87,1,10,SMB,North,9.1,0
C012657,Control,1461.6,7,8,Consumer,West,17.8,0
C012658,Treatment,898.91,6,11,SMB,South,0.8,0
C012659,Treatment,1095.7,3,20,Consumer,East,7.4,0
C012660,Control,2055.89,3,12,Consumer,South,9.2,0
C012661,Treatment,4162.02,12,21,SMB,East,8.7,0
C012662,Control,2582.66,3,19,Enterprise,South,11.6,1
C012663,Treatment,933.39,10,27,Consumer,West,11.9,0
C012664,Treatment,2635.91,11,22,SMB,South,10.6,0
C012665,Control,730.57,2,9,Consumer,West,4.0,0
C012666,Control,1572.29,2,17,Enterprise,West,13.3,0
C012667,Control,1386.02,4,10,SMB,East,6.5,0
C012668,Treatment,2394.19,8,38,Consumer,South,9.0,0
C012669,Control,1240.76,11,45,Consumer,North,11.0,0
C012670,Treatment,1315.61,2,10,Consumer,South,0.0,1
C012671,Control,3276.99,10,49,Enterprise,East,7.8,0
C012672,Treatment,2495.66,9,28,Consumer,South,0.0,1
C012673,Control,822.6,1,17,Consumer,North,8.2,0
C012674,Treatment,2027.02,15,63,Consumer,South,0.0,0
C012675,Control,2000.42,3,17,SMB,North,14.1,0
C012676,Control,2010.27,2,4,SMB,South,6.5,0
C012677,Control,1698.26,1,11,Consumer,South,5.8,1
C012678,Treatment,1560.35,10,12,Consumer,North,18.6,0
C012679,Control,1494.0,8,30,Consumer,North,8.0,0
C012680,Treatment,2079.22,5,2,Consumer,South,12.6,0
C012681,Treatment,3624.81,3,26,Enterprise,East,3.8,1
C012682,Control,3396.75,5,25,SMB,West,4.2,0
C012683,Control,1266.66,6,22,Consumer,South,8.2,0
C012684,Control,857.12,6,21,Consumer,East,5.9,0
C012685,Control,1665.5,11,42,Consumer,North,6.1,0
C012686,Control,2251.06,9,39,SMB,East,8.1,0
C012687,Treatment,2583.11,6,26,SMB,North,5.4,0
C012688,Control,688.5,6,22,Consumer,West,1.6,0
C012689,Control,779.28,2,3,Consumer,East,10.6,0
C012690,Treatment,942.68,2,9,Consumer,East,8.4,0
C012691,Control,1648.12,3,16,Consumer,North,6.2,0
C012692,Treatment,1265.24,5,6,Enterprise,West,16.4,0
C012693,Treatment,1799.65,1,12,Consumer,North,12.0,1
C012694,Control,1379.23,4,30,SMB,South,6.7,0
C012695,Treatment,1758.3,4,13,Enterprise,West,7.5,1
C012696,Treatment,940.13,7,20,Consumer,East,0.0,0
C012697,Treatment,1694.39,17,23,Consumer,West,4.5,0
C012698,Treatment,1991.45,4,24,Consumer,East,10.1,0
C012699,Treatment,4692.6,7,26,SMB,West,15.6,0
C012700,Treatment,2053.19,6,26,Consumer,South,5.5,0
C012701,Treatment,1715.92,2,3,SMB,South,7.1,0
C012702,Treatment,2021.02,10,32,SMB,South,8.8,0
C012703,Treatment,2090.97,3,21,SMB,East,9.8,0
C012704,Treatment,4731.5,5,14,SMB,East,3.7,1
C012705,Control,1081.29,2,13,Consumer,South,3.2,0
C012706,Treatment,3093.46,1,2,SMB,East,20.3,0
C012707,Control,1818.23,5,7,Consumer,North,1.7,1
C012708,Control,1020.09,2,7,Consumer,South,14.7,0
C012709,Control,1261.9,2,7,Consumer,West,10.7,0
C012710,Control,659.27,5,4,Consumer,South,8.5,0
C012711,Treatment,2027.09,13,25,Consumer,North,10.1,0
C012712,Control,800.45,8,17,Consumer,East,16.6,0
C012713,Treatment,1602.51,5,18,Consumer,North,9.3,0
C012714,Treatment,3201.24,6,37,Enterprise,South,11.2,0
C012715,Control,1306.6,1,4,Consumer,East,16.5,0
C012716,Control,1485.57,5,35,Consumer,South,13.3,0
C012717,Treatment,1722.28,2,14,Consumer,West,1.3,0
C012718,Treatment,1425.37,7,28,Consumer,West,1.3,0
C012719,Control,1989.97,1,2,Enterprise,South,10.0,1
C012720,Control,1991.24,8,34,Consumer,West,5.3,0
C012721,Control,757.84,4,6,Consumer,South,9.8,0
C012722,Control,1643.76,6,15,Consumer,South,10.5,0
C012723,Control,1131.62,10,37,Consumer,East,16.8,0
C012724,Treatment,1796.51,8,23,SMB,South,7.4,0
C012725,Control,832.59,13,15,Consumer,South,8.1,0
C012726,Control,1229.12,9,28,SMB,South,3.8,1
C012727,Treatment,1294.26,7,13,Consumer,South,8.5,0
C012728,Treatment,2468.53,10,32,SMB,South,3.8,0
C012729,Control,1739.97,4,18,Consumer,South,11.2,0
C012730,Treatment,1218.23,5,3,Consumer,West,7.0,0
C012731,Treatment,1700.83,2,14,Consumer,West,7.5,1
C012732,Control,1294.84,2,20,Consumer,South,12.4,0
C012733,Control,1399.25,10,24,Consumer,South,8.9,0
C012734,Treatment,4290.46,14,29,SMB,North,12.5,0
C012735,Treatment,3681.95,3,13,Enterprise,South,5.9,0
C012736,Treatment,1103.72,8,21,Consumer,East,12.4,0
C012737,Control,1156.47,1,10,Consumer,West,4.0,1
C012738,Treatment,1435.91,17,50,Consumer,South,12.8,0
C012739,Control,4494.39,6,27,Enterprise,West,5.8,1
C012740,Treatment,1676.52,8,29,Consumer,West,3.8,0
C012741,Treatment,1072.22,9,39,Consumer,North,9.6,0
C012742,Control,2178.25,5,18,Enterprise,West,16.2,0
C012743,Control,1062.84,5,38,Consumer,South,9.0,0
C012744,Treatment,1792.48,4,26,SMB,West,9.1,0
C012745,Treatment,1494.22,7,26,Consumer,East,2.8,0
C012746,Control,1553.99,5,13,SMB,South,20.6,1
C012747,Treatment,2075.66,11,32,Consumer,South,3.4,0
C012748,Control,3094.75,6,23,Enterprise,South,10.2,0
C012749,Control,1601.06,11,14,Consumer,West,10.3,0
C012750,Control,1525.69,4,3,Consumer,West,8.3,0
C012751,Treatment,3446.25,8,20,SMB,South,11.4,0
C012752,Control,1536.56,2,14,Consumer,West,12.6,0
C012753,Treatment,1104.09,8,15,Consumer,South,0.5,0
C012754,Control,2664.37,7,18,Consumer,South,16.5,0
C012755,Treatment,4489.67,12,29,Consumer,South,5.4,0
C012756,Treatment,2082.65,5,40,Enterprise,West,7.0,0
C012757,Control,1464.35,1,33,SMB,East,5.4,1
C012758,Control,2631.35,7,24,Consumer,South,3.8,0
C012759,Control,2104.97,8,24,Consumer,East,14.7,0
C012760,Control,1142.06,8,17,Consumer,West,7.6,0
C012761,Treatment,1732.02,10,41,Enterprise,North,12.8,0
C012762,Treatment,712.42,10,9,Consumer,South,13.0,0
C012763,Control,1025.09,3,7,Consumer,South,15.7,0
C012764,Treatment,2598.35,4,14,Consumer,North,3.2,0
C012765,Control,1454.22,4,5,Consumer,South,6.3,0
C012766,Control,1597.57,3,22,SMB,West,11.0,0
C012767,Control,4408.91,16,72,Consumer,South,13.5,0
C012768,Control,2846.32,9,48,SMB,West,4.7,0
C012769,Treatment,1725.94,8,22,SMB,West,4.0,0
C012770,Control,1386.21,2,6,Enterprise,South,11.9,0
C012771,Treatment,1260.85,7,30,Consumer,South,9.2,0
C012772,Control,3374.12,8,39,Consumer,North,5.8,1
C012773,Treatment,1259.31,5,12,Consumer,East,2.4,0
C012774,Control,1107.08,10,20,SMB,South,4.3,1
C012775,Control,969.03,1,3,Consumer,East,11.6,0
C012776,Control,1661.92,6,24,Consumer,West,13.9,0
C012777,Control,1787.58,7,16,SMB,West,13.7,0
C012778,Control,2591.18,5,9,Consumer,South,4.6,0
C012779,Control,2622.8,9,14,SMB,West,13.9,0
C012780,Treatment,1176.42,1,11,SMB,West,14.8,1
C012781,Control,1697.05,2,14,Enterprise,East,10.7,0
C012782,Treatment,2152.63,4,16,SMB,North,9.6,0
C012783,Treatment,1605.12,5,9,Consumer,West,11.7,0
C012784,Treatment,1172.82,6,27,Consumer,West,2.0,1
C012785,Treatment,2528.91,6,27,Consumer,South,1.0,0
C012786,Control,997.85,3,8,Consumer,East,8.6,1
C012787,Treatment,3943.08,12,58,SMB,South,8.4,0
C012788,Treatment,1558.41,7,9,Consumer,South,0.0,0
C012789,Treatment,2034.05,7,22,SMB,West,9.9,0
C012790,Control,1782.92,2,6,SMB,West,13.3,0
C012791,Treatment,2011.0,4,7,SMB,North,15.0,1
C012792,Control,2323.78,4,31,SMB,North,10.5,0
C012793,Control,1934.85,8,42,Consumer,South,6.6,1
C012794,Control,2759.4,9,44,Consumer,South,14.4,0
C012795,Control,4048.37,12,36,Consumer,West,14.3,0
C012796,Treatment,2903.32,8,11,SMB,North,9.8,0
C012797,Treatment,2365.32,6,33,Enterprise,West,12.2,1
C012798,Control,3569.85,7,8,Enterprise,South,12.3,0
C012799,Treatment,1745.23,6,18,Consumer,East,18.5,0
C012800,Treatment,4834.77,6,27,Enterprise,South,0.0,0
C012801,Treatment,2388.76,4,18,SMB,West,12.8,0
C012802,Treatment,2058.9,7,29,Consumer,South,8.1,0
C012803,Control,812.35,11,49,Consumer,South,9.3,0
C012804,Control,1720.25,1,11,Enterprise,East,12.6,1
C012805,Treatment,3031.63,10,47,Consumer,South,9.1,0
C012806,Control,4970.44,7,29,Enterprise,South,10.2,0
C012807,Treatment,1111.04,7,44,Consumer,West,8.1,1
C012808,Treatment,1057.18,7,36,Consumer,East,11.4,0
C012809,Treatment,2842.44,10,50,Consumer,North,10.9,0
C012810,Control,1438.68,5,40,Consumer,East,4.7,0
C012811,Treatment,2678.69,10,25,SMB,South,11.2,1
C012812,Treatment,2161.98,7,29,Consumer,South,12.4,1
C012813,Control,2364.36,1,18,Consumer,South,10.2,0
C012814,Control,4924.29,9,26,Enterprise,North,14.4,1
C012815,Control,1196.61,5,29,Consumer,South,8.5,0
C012816,Control,1291.24,3,25,Consumer,South,4.6,0
C012817,Treatment,4120.49,3,9,Enterprise,South,9.6,0
C012818,Treatment,2628.45,10,18,Enterprise,North,8.8,0
C012819,Control,2161.94,2,3,SMB,South,2.6,0
C012820,Treatment,852.23,1,3,Consumer,South,12.2,0
C012821,Control,1130.08,6,12,Consumer,East,18.0,0
C012822,Control,2729.56,1,7,SMB,South,8.8,0
C012823,Control,3045.4,14,41,SMB,South,6.2,0
C012824,Treatment,2393.17,6,23,SMB,South,0.0,0
C012825,Treatment,1057.65,15,59,Consumer,South,10.8,0
C012826,Treatment,1047.8,1,19,SMB,East,13.3,0
C012827,Treatment,3072.93,6,24,SMB,East,7.5,1
C012828,Control,2608.72,5,36,SMB,East,8.4,1
C012829,Treatment,2424.27,8,39,Consumer,South,1.2,1
C012830,Control,2561.03,7,23,Consumer,South,10.2,0
C012831,Control,1467.18,1,6,Consumer,East,3.8,1
C012832,Treatment,1569.27,6,32,SMB,West,11.6,0
C012833,Control,2714.43,7,6,Enterprise,South,9.6,1
C012834,Control,1646.87,1,22,Consumer,East,8.0,0
C012835,Control,1474.15,5,7,Consumer,South,14.3,0
C012836,Control,1673.26,4,14,Consumer,West,3.9,0
C012837,Treatment,1476.72,2,15,Consumer,South,17.1,0
C012838,Control,1543.59,1,2,SMB,South,11.1,0
C012839,Treatment,2283.35,14,60,Consumer,South,8.9,0
C012840,Treatment,3531.62,6,14,Enterprise,East,6.5,0
C012841,Treatment,2519.57,1,5,Consumer,East,13.2,0
C012842,Control,1694.49,4,9,SMB,East,6.9,1
C012843,Treatment,2039.9,1,23,Consumer,East,14.5,0
C012844,Control,1752.9,6,8,Consumer,South,15.2,0
C012845,Control,3607.45,6,18,Consumer,North,5.2,0
C012846,Treatment,2579.21,1,1,Consumer,West,11.2,0
C012847,Control,2469.08,17,63,Consumer,South,2.4,1
C012848,Treatment,2008.6,9,33,SMB,North,13.9,0
C012849,Control,568.75,4,8,Consumer,North,10.8,1
C012850,Treatment,3048.55,8,43,SMB,South,8.3,1
C012851,Treatment,1919.11,1,16,Consumer,South,0.3,0
C012852,Treatment,1648.57,4,26,Consumer,East,11.8,1
C012853,Control,1588.1,14,22,Consumer,East,9.0,0
C012854,Control,2800.67,5,25,SMB,North,4.1,0
C012855,Treatment,1608.32,7,16,Consumer,South,10.2,0
C012856,Treatment,927.1,7,15,Consumer,West,15.5,0
C012857,Control,1754.5,11,20,Consumer,West,15.9,0
C012858,Control,1357.34,6,13,Consumer,West,7.9,0
C012859,Treatment,1504.7,4,33,Consumer,North,3.7,0
C012860,Treatment,3428.21,4,17,Consumer,West,13.6,0
C012861,Treatment,2841.25,8,46,SMB,West,2.8,0
C012862,Treatment,1505.58,8,28,Consumer,South,4.7,0
C012863,Control,1628.11,7,16,Consumer,East,12.3,1
C012864,Control,4567.11,10,32,Consumer,South,14.5,0
C012865,Treatment,1603.56,5,6,Consumer,East,12.0,0
C012866,Treatment,1162.12,10,11,Consumer,West,8.0,0
C012867,Control,6884.1,11,32,SMB,South,12.0,0
C012868,Treatment,1907.28,1,15,Consumer,North,14.3,0
C012869,Control,2641.33,3,20,SMB,South,11.4,0
C012870,Control,1361.91,10,15,SMB,East,0.0,0
C012871,Treatment,2026.28,5,23,SMB,East,6.3,0
C012872,Control,2317.66,6,21,Consumer,South,13.4,0
C012873,Control,2419.16,1,8,SMB,West,6.1,0
C012874,Treatment,803.61,7,45,Consumer,North,13.3,0
C012875,Control,2025.96,9,35,SMB,North,11.0,0
C012876,Control,1523.93,6,3,Consumer,South,10.6,0
C012877,Treatment,708.08,2,4,Consumer,West,14.6,0
C012878,Control,613.48,1,3,Consumer,West,8.0,0
C012879,Treatment,2090.95,3,10,Consumer,West,12.4,0
C012880,Control,1612.54,7,31,Consumer,West,8.3,0
C012881,Control,2350.62,5,17,Enterprise,South,10.8,1
C012882,Treatment,1882.93,2,13,SMB,South,13.3,0
C012883,Control,1526.79,1,4,Consumer,East,5.2,1
C012884,Treatment,2872.6,3,22,SMB,South,10.1,0
C012885,Treatment,2561.72,3,23,Consumer,South,4.3,0
C012886,Treatment,1828.59,7,16,Consumer,North,7.4,0
C012887,Control,3391.45,9,36,SMB,South,7.0,0
C012888,Control,3824.58,11,36,SMB,South,6.0,0
C012889,Treatment,2581.02,3,11,Consumer,North,13.2,0
C012890,Control,1540.6,3,14,Consumer,West,9.1,0
C012891,Treatment,1795.97,8,37,Consumer,North,20.7,0
C012892,Treatment,3464.39,2,15,SMB,West,9.3,0
C012893,Control,971.74,5,11,Consumer,North,6.5,0
C012894,Control,1102.44,1,21,Consumer,West,12.7,0
C012895,Treatment,2581.2,8,35,Consumer,South,11.3,1
C012896,Treatment,2320.34,5,22,Consumer,North,13.6,0
C012897,Control,1484.25,3,11,SMB,South,7.1,0
C012898,Treatment,1976.66,5,13,Consumer,South,7.5,0
C012899,Treatment,1989.57,1,25,SMB,West,10.3,0
C012900,Control,1707.09,6,15,SMB,North,8.4,0
C012901,Control,1890.94,9,33,Consumer,South,14.3,0
C012902,Treatment,2731.87,6,15,SMB,East,3.9,0
C012903,Treatment,2233.05,6,16,Consumer,East,13.1,1
C012904,Treatment,2774.62,4,18,Consumer,South,18.2,1
C012905,Control,1714.15,5,17,Consumer,North,13.1,0
C012906,Treatment,1607.35,7,6,SMB,South,13.4,0
C012907,Treatment,1710.86,1,26,Consumer,South,9.4,0
C012908,Treatment,1741.95,14,42,Consumer,East,4.0,0
C012909,Control,1412.39,13,23,SMB,South,0.0,0
C012910,Control,1678.87,9,25,Enterprise,West,11.2,0
C012911,Treatment,887.86,3,13,Enterprise,East,8.6,0
C012912,Control,1401.83,6,22,Consumer,South,3.5,1
C012913,Control,1532.6,13,40,SMB,West,16.7,0
C012914,Treatment,2234.64,7,18,SMB,West,7.0,0
C012915,Control,1333.71,8,29,Consumer,West,9.6,0
C012916,Treatment,2928.79,4,28,Consumer,East,9.9,0
C012917,Treatment,2217.72,13,33,Consumer,West,12.4,0
C012918,Treatment,584.0,8,24,SMB,North,11.3,0
C012919,Control,985.7,7,23,Consumer,West,4.7,0
C012920,Treatment,1464.24,11,32,Consumer,East,2.4,0
C012921,Treatment,1533.94,7,30,Consumer,South,8.7,0
C012922,Treatment,1644.45,6,15,SMB,West,7.4,0
C012923,Control,709.75,4,21,Consumer,East,12.5,0
C012924,Control,1809.77,2,3,SMB,East,5.8,0
C012925,Treatment,1215.01,6,15,Consumer,West,10.3,1
C012926,Control,1484.77,5,17,Enterprise,East,13.4,0
C012927,Treatment,1055.86,5,15,Consumer,South,2.7,0
C012928,Control,1359.42,4,17,Consumer,North,10.8,0
C012929,Control,7183.71,1,20,Enterprise,South,9.7,0
C012930,Treatment,1527.79,11,27,Consumer,South,6.6,0
C012931,Treatment,2154.85,4,23,Consumer,East,1.7,0
C012932,Treatment,2450.48,8,19,Consumer,West,0.0,0
C012933,Control,1583.02,4,12,SMB,South,7.5,0
C012934,Treatment,1489.33,5,11,Consumer,West,9.9,1
C012935,Treatment,870.36,4,17,Consumer,East,10.9,0
C012936,Control,468.66,1,5,Consumer,West,6.5,0
C012937,Control,2390.01,1,11,Enterprise,North,14.4,0
C012938,Control,3430.56,15,47,Enterprise,South,13.8,1
C012939,Treatment,1288.61,5,8,SMB,East,7.1,0
C012940,Control,2761.55,4,6,SMB,West,8.0,0
C012941,Treatment,1900.02,9,26,Consumer,West,8.4,1
C012942,Control,666.29,9,29,Consumer,West,9.6,0
C012943,Treatment,1257.58,1,14,Consumer,South,11.0,1
C012944,Treatment,2212.65,6,15,SMB,South,16.4,0
C012945,Treatment,1566.91,1,1,Consumer,East,4.3,0
C012946,Control,1740.66,7,17,Consumer,North,7.3,0
C012947,Control,1791.0,6,30,Consumer,West,9.9,0
C012948,Treatment,3662.91,1,23,Enterprise,East,5.1,0
C012949,Control,733.54,3,16,Consumer,West,6.8,0
C012950,Treatment,1230.12,2,10,Consumer,West,17.5,0
C012951,Control,1705.32,14,43,SMB,North,14.0,0
C012952,Control,2777.37,5,8,Consumer,South,11.0,0
C012953,Control,1463.06,12,7,Consumer,East,8.4,0
C012954,Treatment,1931.01,6,23,Consumer,West,5.0,0
C012955,Treatment,1588.37,2,4,Consumer,East,12.6,0
C012956,Control,1380.81,5,19,Consumer,North,13.0,1
C012957,Control,862.07,4,10,Consumer,East,5.7,0
C012958,Control,2637.92,5,16,Enterprise,South,11.6,1
C012959,Treatment,2923.16,4,23,SMB,South,2.2,0
C012960,Treatment,3137.95,3,8,Consumer,West,13.1,0
C012961,Control,2679.32,4,19,Consumer,North,4.1,0
C012962,Treatment,1027.48,4,14,Consumer,North,13.3,0
C012963,Treatment,1984.15,9,10,Consumer,South,13.0,1
C012964,Treatment,2134.83,9,21,Consumer,West,17.1,0
C012965,Control,901.3,15,20,Consumer,North,12.7,1
C012966,Treatment,1335.42,7,23,Consumer,North,17.6,1
C012967,Treatment,1272.08,6,2,Consumer,South,5.2,0
C012968,Control,780.67,4,14,Consumer,East,3.9,0
C012969,Control,1238.94,7,17,Consumer,North,9.8,1
C012970,Control,1386.68,5,21,Consumer,West,2.6,0
C012971,Control,1804.64,11,13,Consumer,West,20.7,0
C012972,Control,1274.32,4,12,Consumer,South,15.1,0
C012973,Treatment,1159.3,2,13,Consumer,North,5.7,1
C012974,Treatment,1295.11,5,11,Consumer,South,4.3,0
C012975,Control,2427.0,2,7,Consumer,South,9.0,0
C012976,Control,3009.22,12,22,SMB,South,8.9,0
C012977,Treatment,945.57,9,29,Consumer,West,2.0,0
C012978,Control,1828.53,9,6,SMB,North,9.5,0
C012979,Control,1432.51,6,17,SMB,North,10.1,0
C012980,Treatment,935.3,10,37,Consumer,North,18.0,0
C012981,Control,1984.33,15,63,Consumer,North,10.8,0
C012982,Control,2674.78,4,7,Consumer,South,13.8,0
C012983,Treatment,1809.69,5,8,Consumer,South,11.8,0
C012984,Treatment,1382.25,9,29,Consumer,West,11.4,0
C012985,Control,3129.46,11,59,Consumer,North,6.0,0
C012986,Treatment,2100.5,4,11,Consumer,South,4.3,0
C012987,Treatment,1146.63,3,8,Consumer,West,10.6,0
C012988,Control,2674.79,4,18,Consumer,South,7.2,0
C012989,Treatment,1501.08,1,9,Enterprise,West,4.8,0
C012990,Control,3072.36,3,28,Consumer,South,9.9,0
C012991,Control,1979.57,5,20,Consumer,North,4.2,1
C012992,Control,2320.3,7,30,SMB,North,15.8,1
C012993,Control,1928.27,13,35,SMB,West,6.6,0
C012994,Control,570.61,1,7,Consumer,West,0.0,0
C012995,Treatment,1224.5,2,24,Consumer,South,13.6,0
C012996,Control,1564.58,2,20,Consumer,South,16.4,0
C012997,Treatment,1987.17,3,9,Enterprise,South,8.3,0
C012998,Control,1162.31,5,3,SMB,North,8.9,1
C012999,Treatment,1857.96,9,21,Consumer,North,7.1,1
C013000,Treatment,1539.33,13,57,SMB,West,17.6,1
C013001,Control,1341.25,10,10,Consumer,North,8.4,0
C013002,Treatment,1144.3,5,23,Consumer,South,3.6,0
C013003,Treatment,925.42,2,21,Consumer,East,6.1,0
C013004,Control,3405.7,3,14,SMB,South,12.8,0
C013005,Control,1559.21,3,23,Enterprise,West,14.2,0
C013006,Treatment,563.34,2,9,Consumer,North,12.8,0
C013007,Treatment,4921.18,7,31,SMB,West,7.3,1
C013008,Control,2273.05,20,69,SMB,North,10.6,0
C013009,Treatment,1058.86,1,12,Consumer,South,3.1,0
C013010,Control,3412.62,14,33,SMB,South,7.7,0
C013011,Control,1440.15,6,17,SMB,West,5.3,0
C013012,Treatment,1371.18,11,20,Consumer,South,19.7,0
C013013,Treatment,1537.33,7,15,Consumer,South,6.5,0
C013014,Control,2404.06,3,14,SMB,South,12.4,0
C013015,Control,2303.25,4,17,SMB,North,15.0,1
C013016,Control,2310.33,3,10,Consumer,West,13.2,0
C013017,Treatment,2450.74,3,13,Consumer,West,6.3,1
C013018,Control,2333.99,16,48,SMB,East,18.8,0
C013019,Control,2986.49,5,23,Consumer,South,6.6,0
C013020,Control,2640.42,1,10,SMB,East,7.9,0
C013021,Treatment,1228.86,3,13,Consumer,South,17.2,0
C013022,Control,2072.01,3,12,Consumer,North,11.5,0
C013023,Treatment,6587.66,3,11,SMB,South,9.4,1
C013024,Control,1094.2,5,16,Consumer,East,9.4,0
C013025,Control,1383.76,4,9,Consumer,West,0.9,0
C013026,Control,643.7,12,28,Consumer,South,0.6,0
C013027,Control,3388.81,18,72,SMB,West,11.6,1
C013028,Control,1670.9,1,5,Consumer,West,7.8,1
C013029,Control,2365.66,11,65,Consumer,West,5.2,1
C013030,Control,2917.46,4,17,Enterprise,West,11.2,0
C013031,Control,2179.86,6,14,Consumer,North,3.7,0
C013032,Control,1050.82,4,9,Consumer,South,9.1,1
C013033,Control,1002.41,2,20,Consumer,West,6.0,0
C013034,Control,1801.72,6,14,Consumer,West,12.7,0
C013035,Control,1962.94,8,21,Consumer,North,7.7,0
C013036,Treatment,1378.62,12,38,Consumer,East,13.5,1
C013037,Treatment,1440.27,1,1,Consumer,West,7.1,0
C013038,Treatment,2128.39,8,20,SMB,South,4.6,0
C013039,Control,2019.95,3,3,Consumer,South,9.2,0
C013040,Treatment,2517.59,1,4,SMB,South,13.6,0
C013041,Treatment,2196.67,9,27,Consumer,South,4.3,0
C013042,Control,1147.29,3,8,Consumer,South,4.2,0
C013043,Control,1126.32,4,4,SMB,North,5.2,0
C013044,Treatment,3816.28,8,65,SMB,West,16.5,0
C013045,Treatment,5528.37,7,31,Consumer,North,5.9,0
C013046,Treatment,1585.46,3,19,Consumer,West,14.4,0
C013047,Treatment,1455.53,11,30,SMB,North,8.1,0
C013048,Treatment,2796.7,2,6,Consumer,West,6.6,0
C013049,Treatment,2896.29,4,10,Consumer,South,12.2,0
C013050,Control,2916.06,8,35,Consumer,East,8.7,0
C013051,Control,1346.73,7,22,Consumer,North,13.9,0
C013052,Treatment,1331.35,3,9,Consumer,South,5.8,0
C013053,Control,1300.83,4,19,Consumer,South,10.1,0
C013054,Control,1313.89,8,23,Consumer,North,3.9,0
C013055,Control,2509.52,10,42,SMB,East,2.0,0
C013056,Control,2097.61,1,5,Enterprise,North,6.5,0
C013057,Control,1285.81,1,5,Consumer,West,7.9,0
C013058,Treatment,1913.09,7,14,Consumer,South,7.2,0
C013059,Control,1453.86,8,26,Consumer,North,3.0,1
C013060,Treatment,1375.87,1,11,Enterprise,West,7.6,0
C013061,Control,940.23,4,15,Consumer,North,7.5,0
C013062,Treatment,2107.54,7,4,Enterprise,West,15.8,1
C013063,Treatment,2012.89,1,3,SMB,South,11.3,0
C013064,Treatment,1060.05,3,4,SMB,South,0.8,1
C013065,Control,1472.47,5,30,Consumer,West,6.0,0
C013066,Control,1538.55,1,3,Consumer,North,11.6,0
C013067,Treatment,2094.03,5,19,Consumer,East,6.7,1
C013068,Treatment,2258.88,5,6,SMB,North,5.5,0
C013069,Control,1894.14,2,10,Consumer,East,3.8,1
C013070,Treatment,2324.86,7,3,SMB,North,9.2,0
C013071,Treatment,1036.86,3,21,SMB,North,17.1,0
C013072,Control,2175.81,4,9,Enterprise,North,4.8,0
C013073,Treatment,1721.61,1,11,Consumer,East,14.2,0
C013074,Control,911.82,5,16,Consumer,West,10.9,0
C013075,Control,2024.93,10,24,Consumer,West,6.4,0
C013076,Treatment,741.95,7,23,Consumer,East,11.2,0
C013077,Control,2779.57,3,25,Consumer,West,2.1,0
C013078,Treatment,1742.58,13,29,Consumer,West,12.0,0
C013079,Treatment,1058.21,9,21,Consumer,South,8.2,1
C013080,Treatment,1076.82,3,14,Consumer,South,8.7,0
C013081,Control,1389.08,3,8,Consumer,East,9.2,0
C013082,Control,1570.11,4,12,SMB,North,13.2,0
C013083,Control,2686.54,1,5,Consumer,West,5.3,1
C013084,Treatment,2345.05,1,8,Enterprise,South,0.0,0
C013085,Control,2172.34,9,38,Consumer,South,0.0,0
C013086,Treatment,2601.4,7,6,Consumer,West,7.3,1
C013087,Control,2529.96,5,29,SMB,North,19.1,0
C013088,Control,1503.58,3,13,SMB,West,7.2,0
C013089,Treatment,1243.11,9,22,Consumer,West,15.5,0
C013090,Treatment,1934.65,4,2,Consumer,East,5.8,0
C013091,Control,3384.36,9,14,SMB,East,12.4,0
C013092,Treatment,2126.06,8,22,Enterprise,North,6.2,0
C013093,Control,2599.08,10,39,Enterprise,South,2.8,0
C013094,Treatment,1159.92,6,15,Consumer,West,9.1,0
C013095,Control,1767.68,10,24,Consumer,North,10.0,0
C013096,Treatment,3541.6,3,16,Consumer,South,10.0,0
C013097,Control,2098.28,6,10,Consumer,South,13.9,0
C013098,Control,1429.16,3,16,Consumer,East,11.5,1
C013099,Treatment,1410.0,2,8,Consumer,East,14.8,0
C013100,Control,3087.54,5,15,Enterprise,North,14.8,1
C013101,Control,812.37,6,20,Consumer,South,8.8,1
C013102,Control,1787.81,5,24,Consumer,West,0.9,0
C013103,Control,4149.84,4,17,Consumer,North,7.0,0
C013104,Treatment,2173.48,5,18,Enterprise,South,11.2,0
C013105,Control,994.36,8,22,Enterprise,North,9.6,0
C013106,Treatment,2961.37,6,20,Consumer,West,16.8,1
C013107,Treatment,1379.5,9,29,Consumer,North,15.0,0
C013108,Control,2839.97,6,16,Enterprise,South,11.9,0
C013109,Treatment,2289.83,3,15,Consumer,South,10.2,1
C013110,Control,1915.01,4,5,Consumer,North,7.6,0
C013111,Control,4135.42,1,30,SMB,West,12.4,0
C013112,Control,1847.01,11,19,Consumer,West,8.8,0
C013113,Control,1632.98,11,16,Consumer,East,4.0,0
C013114,Control,3005.45,10,41,Consumer,South,14.2,0
C013115,Control,1003.84,7,37,Consumer,North,0.3,0
C013116,Treatment,4771.67,7,21,SMB,South,5.8,0
C013117,Treatment,361.28,1,7,Consumer,South,7.2,0
C013118,Treatment,1583.88,10,22,Consumer,East,4.7,0
C013119,Treatment,1635.73,5,9,Consumer,North,4.8,0
C013120,Treatment,2648.34,4,23,SMB,East,9.8,0
C013121,Control,619.19,5,37,Consumer,South,6.8,0
C013122,Treatment,1230.29,1,14,SMB,South,11.2,1
C013123,Control,2298.62,4,5,SMB,North,9.4,0
C013124,Treatment,3737.37,4,37,Consumer,South,9.3,0
C013125,Treatment,1226.02,2,6,Consumer,South,11.7,1
C013126,Control,1310.59,5,17,Consumer,South,4.6,0
C013127,Treatment,1268.69,3,14,Consumer,West,0.0,0
C013128,Treatment,2730.81,2,22,Consumer,South,12.3,0
C013129,Treatment,4129.63,12,53,Consumer,North,8.1,0
C013130,Control,2058.42,5,16,SMB,South,11.2,0
C013131,Treatment,3028.31,7,32,SMB,South,0.0,0
C013132,Treatment,1136.24,9,11,Consumer,West,6.3,0
C013133,Control,2837.45,12,22,Enterprise,South,8.2,0
C013134,Treatment,2639.52,2,3,Enterprise,West,9.6,0
C013135,Control,2131.79,9,26,Consumer,East,13.6,0
C013136,Treatment,1965.99,4,17,Enterprise,North,6.1,0
C013137,Control,2738.94,4,36,Consumer,South,0.0,0
C013138,Control,1000.58,5,12,Consumer,South,4.7,0
C013139,Control,692.27,1,4,SMB,South,7.4,0
C013140,Treatment,2426.14,7,12,Consumer,South,10.8,0
C013141,Treatment,1899.08,2,2,SMB,East,10.6,0
C013142,Control,3584.02,3,13,SMB,East,3.7,0
C013143,Control,1098.95,4,28,Consumer,South,13.5,0
C013144,Treatment,2265.3,6,21,Consumer,East,2.1,0
C013145,Control,1106.01,3,12,Consumer,West,20.2,1
C013146,Control,2574.82,1,15,Consumer,South,8.0,1
C013147,Treatment,1957.26,5,23,Consumer,South,3.7,0
C013148,Control,1798.43,4,12,SMB,South,6.9,0
C013149,Treatment,1590.3,8,24,SMB,North,4.5,0
C013150,Control,1759.16,2,8,Consumer,South,4.8,1
C013151,Treatment,1788.13,6,23,Consumer,South,12.3,0
C013152,Treatment,1179.67,4,17,Consumer,West,13.7,0
C013153,Control,2297.63,2,8,Consumer,South,7.3,0
C013154,Treatment,1787.64,3,11,Consumer,East,8.1,0
C013155,Treatment,688.22,4,11,Consumer,North,3.4,0
C013156,Treatment,1341.08,7,32,Consumer,North,13.7,1
C013157,Control,2263.4,7,30,Consumer,South,6.6,0
C013158,Control,1113.14,6,10,Consumer,South,13.3,0
C013159,Treatment,944.8,4,13,Consumer,North,9.8,0
C013160,Control,1275.17,10,29,SMB,North,6.6,0
C013161,Control,1292.96,1,15,SMB,South,4.0,1
C013162,Control,1938.87,10,19,Consumer,South,16.7,0
C013163,Treatment,1866.36,5,14,SMB,South,11.2,0
C013164,Control,983.86,3,11,SMB,South,8.8,0
C013165,Control,1726.09,11,36,SMB,South,13.7,1
C013166,Treatment,1461.8,7,3,SMB,North,9.8,0
C013167,Control,3686.19,12,63,SMB,South,7.2,0
C013168,Control,1272.5,1,14,SMB,South,2.3,0
C013169,Control,730.44,6,17,Consumer,South,3.1,0
C013170,Control,1470.02,1,16,Consumer,West,12.7,0
C013171,Treatment,2138.97,1,11,SMB,West,6.3,0
C013172,Control,2629.58,11,17,Consumer,North,4.7,0
C013173,Treatment,3075.03,5,32,Consumer,South,12.1,0
C013174,Control,1022.63,1,16,Consumer,West,7.3,0
C013175,Control,2089.76,7,16,Consumer,South,6.8,0
C013176,Control,2908.42,7,18,SMB,South,2.6,0
C013177,Treatment,1194.87,13,39,Consumer,East,3.6,0
C013178,Control,1618.9,1,14,Consumer,South,8.9,0
C013179,Control,2180.09,9,43,SMB,North,8.5,0
C013180,Treatment,1587.44,6,15,Consumer,South,7.2,0
C013181,Control,1729.34,5,23,SMB,North,15.9,0
C013182,Treatment,3433.0,13,37,Consumer,North,8.8,0
C013183,Control,2473.78,5,27,Consumer,North,10.5,0
C013184,Control,1855.77,1,4,Consumer,East,3.2,0
C013185,Treatment,4537.93,7,32,SMB,South,8.1,0
C013186,Control,1537.2,9,19,SMB,North,7.8,0
C013187,Control,1433.18,7,22,Consumer,North,6.4,0
C013188,Control,3623.44,9,41,Enterprise,West,18.3,0
C013189,Control,954.56,1,12,Consumer,North,8.0,0
C013190,Treatment,3399.96,10,40,Consumer,South,10.1,0
C013191,Control,1165.64,5,13,Consumer,South,11.4,1
C013192,Treatment,816.24,4,7,SMB,North,8.2,0
C013193,Control,1224.84,5,17,Consumer,North,8.8,0
C013194,Control,1109.83,4,8,Consumer,North,12.5,0
C013195,Control,1570.92,1,9,Consumer,West,2.8,0
C013196,Treatment,472.13,5,14,Consumer,East,15.9,0
C013197,Treatment,2884.09,9,38,SMB,South,10.6,0
C013198,Treatment,1700.02,3,25,Consumer,West,15.6,0
C013199,Control,2335.92,3,7,Consumer,East,11.8,0
C013200,Control,1865.72,12,54,Consumer,South,0.9,0
C013201,Treatment,4036.98,6,41,Enterprise,South,5.0,0
C013202,Control,1255.87,5,5,Consumer,South,7.1,0
C013203,Treatment,1451.52,1,2,Consumer,South,2.2,0
C013204,Control,1170.12,7,26,Consumer,West,8.1,0
C013205,Control,8980.13,8,44,Enterprise,North,3.5,0
C013206,Control,1358.29,5,22,Consumer,North,7.5,0
C013207,Control,2174.27,12,20,SMB,South,4.9,1
C013208,Treatment,2251.69,5,9,Consumer,North,8.0,0
C013209,Treatment,1627.44,6,27,SMB,West,14.2,0
C013210,Treatment,3362.7,1,16,Consumer,South,5.5,0
C013211,Treatment,1678.46,2,9,Consumer,North,9.8,0
C013212,Control,2682.21,2,9,Enterprise,East,4.8,0
C013213,Control,1736.09,9,34,Consumer,West,11.3,0
C013214,Control,1522.92,1,5,Consumer,South,5.9,0
C013215,Treatment,2392.35,5,8,Enterprise,South,10.7,0
C013216,Control,2988.94,13,60,Consumer,East,0.2,1
C013217,Treatment,1056.59,1,6,SMB,South,2.8,0
C013218,Treatment,2726.59,14,46,Consumer,East,11.1,0
C013219,Treatment,1521.25,2,6,Consumer,East,14.5,1
C013220,Treatment,3568.16,2,14,Consumer,West,13.2,0
C013221,Treatment,2691.66,3,6,SMB,West,9.9,0
C013222,Treatment,894.84,4,8,Consumer,West,5.9,1
C013223,Treatment,1793.43,3,13,Consumer,North,3.2,0
C013224,Control,3731.6,6,11,SMB,West,8.1,0
C013225,Treatment,1516.67,4,24,Consumer,East,4.0,1
C013226,Control,1168.86,7,12,Consumer,South,6.7,0
C013227,Treatment,2083.62,1,6,Consumer,West,10.9,0
C013228,Treatment,1567.37,4,19,Consumer,West,6.1,1
C013229,Control,995.86,5,4,Consumer,West,6.8,0
C013230,Treatment,863.19,3,14,Consumer,North,7.9,1
C013231,Control,3666.38,6,30,Enterprise,North,10.8,0
C013232,Treatment,992.21,1,8,SMB,West,7.3,0
C013233,Treatment,3753.88,8,17,Enterprise,West,14.3,0
C013234,Treatment,2763.55,6,22,SMB,South,12.3,0
C013235,Treatment,1728.91,6,10,Enterprise,South,14.3,0
C013236,Control,2431.11,7,24,Consumer,East,10.5,0
C013237,Control,1442.58,1,23,Consumer,North,15.9,0
C013238,Treatment,923.41,1,4,Consumer,East,9.7,0
C013239,Control,752.45,1,9,Consumer,West,11.2,1
C013240,Control,1274.6,8,6,SMB,South,1.6,0
C013241,Control,1699.09,6,27,Consumer,East,10.6,0
C013242,Control,2326.7,9,11,Enterprise,South,11.6,0
C013243,Treatment,1835.87,4,32,Consumer,South,10.7,1
C013244,Control,1386.26,7,17,Consumer,South,12.7,0
C013245,Control,4681.25,5,9,SMB,South,10.3,1
C013246,Treatment,2275.29,1,7,Consumer,West,8.4,0
C013247,Treatment,4805.25,1,18,SMB,South,14.8,0
C013248,Control,1242.6,10,20,Consumer,West,4.0,0
C013249,Treatment,2103.71,1,11,Consumer,North,12.3,0
C013250,Control,1275.96,12,33,Consumer,West,8.7,0
C013251,Treatment,1186.63,11,58,SMB,South,10.8,1
C013252,Control,1228.88,6,7,SMB,South,6.5,0
C013253,Control,2854.0,4,15,Consumer,North,11.6,1
C013254,Control,2335.7,6,8,SMB,South,4.5,0
C013255,Treatment,3157.29,9,26,Consumer,South,7.1,0
C013256,Control,884.73,10,20,Consumer,West,10.1,0
C013257,Control,1320.69,7,8,Consumer,West,5.2,1
C013258,Treatment,1410.28,6,14,Consumer,North,13.7,0
C013259,Control,694.0,5,21,Consumer,South,13.5,0
C013260,Treatment,3311.16,1,22,Consumer,South,6.2,0
C013261,Control,3465.72,5,22,Enterprise,West,12.1,0
C013262,Control,1863.63,3,10,Enterprise,West,6.5,0
C013263,Control,2378.7,6,2,Consumer,South,15.7,0
C013264,Control,1196.42,10,24,SMB,North,0.0,0
C013265,Control,2332.22,3,5,Enterprise,North,12.5,0
C013266,Treatment,1477.43,5,11,Consumer,South,12.8,0
C013267,Treatment,1335.83,10,15,Consumer,North,6.0,0
C013268,Control,3029.0,5,28,Consumer,South,10.8,1
C013269,Control,1546.1,7,22,Consumer,West,6.2,0
C013270,Treatment,1592.87,5,27,SMB,South,6.0,1
C013271,Control,1791.57,10,29,Consumer,West,13.4,0
C013272,Treatment,1069.24,3,13,Consumer,West,15.7,0
C013273,Treatment,2709.93,6,50,SMB,South,5.0,0
C013274,Control,2474.7,6,6,SMB,North,13.6,0
C013275,Treatment,1313.33,7,27,Consumer,South,13.1,0
C013276,Treatment,2223.56,9,16,SMB,East,2.1,0
C013277,Treatment,1371.37,8,16,Consumer,South,6.0,0
C013278,Treatment,1684.03,6,17,Consumer,West,4.6,0
C013279,Control,1718.23,1,15,Consumer,West,9.4,0
C013280,Treatment,5278.45,6,17,SMB,South,5.7,0
C013281,Control,2008.0,3,14,Consumer,North,9.0,1
C013282,Control,2599.3,10,7,Consumer,South,13.1,0
C013283,Treatment,2796.9,7,19,Enterprise,South,11.2,0
C013284,Control,1899.98,9,13,Enterprise,South,6.1,0
C013285,Treatment,1224.49,9,31,Consumer,West,13.1,0
C013286,Treatment,2592.51,13,37,Consumer,South,13.2,0
C013287,Treatment,4273.48,9,26,Consumer,South,13.4,1
C013288,Treatment,1702.0,7,33,Consumer,West,12.9,0
C013289,Treatment,3386.3,12,33,Consumer,East,3.7,0
C013290,Treatment,1102.57,1,17,SMB,North,12.7,1
C013291,Treatment,2054.76,10,18,Consumer,South,7.5,0
C013292,Treatment,1248.54,8,8,Consumer,East,7.4,1
C013293,Treatment,1985.72,7,18,SMB,South,8.9,1
C013294,Control,1921.41,8,41,Consumer,South,9.2,0
C013295,Control,1307.43,5,33,Consumer,East,0.8,0
C013296,Control,1600.39,9,26,Consumer,East,11.2,1
C013297,Control,1661.51,7,19,Consumer,North,9.5,0
C013298,Control,2261.65,1,23,Consumer,South,9.9,1
C013299,Treatment,1335.76,2,6,Consumer,East,2.5,0
C013300,Treatment,2301.6,6,47,Consumer,South,5.2,0
C013301,Treatment,1858.98,8,31,Consumer,West,7.2,0
C013302,Treatment,1282.96,2,11,Consumer,North,10.6,1
C013303,Treatment,990.02,3,9,Consumer,East,12.7,1
C013304,Treatment,1873.33,1,11,SMB,West,5.9,1
C013305,Treatment,1614.15,10,20,Enterprise,South,12.5,0
C013306,Control,1070.96,1,21,Consumer,East,6.1,0
C013307,Treatment,720.88,5,3,Consumer,North,6.8,0
C013308,Control,937.61,6,5,Consumer,East,8.3,1
C013309,Control,2688.21,1,18,Enterprise,West,6.7,0
C013310,Control,881.31,4,17,Consumer,West,10.4,0
C013311,Treatment,1668.71,7,26,Consumer,South,5.8,0
C013312,Treatment,1953.02,3,33,Consumer,West,11.2,1
C013313,Control,1412.68,2,8,Consumer,West,9.3,0
C013314,Treatment,1955.06,1,17,Consumer,South,3.2,0
C013315,Control,740.69,3,9,Consumer,West,12.9,0
C013316,Control,2604.04,5,29,SMB,North,10.7,0
C013317,Control,1246.44,4,11,Consumer,West,10.0,0
C013318,Control,3719.7,4,16,SMB,West,6.5,0
C013319,Treatment,1557.09,4,7,Consumer,South,2.2,0
C013320,Control,2074.99,3,17,Consumer,South,10.6,0
C013321,Control,1551.71,1,13,SMB,West,21.0,0
C013322,Control,1710.07,9,44,Consumer,North,0.0,0
C013323,Treatment,1061.77,1,6,Consumer,South,13.1,0
C013324,Treatment,455.94,7,12,Consumer,South,4.0,1
C013325,Treatment,1045.19,1,13,Consumer,South,11.7,0
C013326,Treatment,3121.52,7,11,SMB,North,4.3,0
C013327,Treatment,2601.24,5,11,Enterprise,South,11.8,0
C013328,Control,2710.14,5,16,SMB,West,14.3,1
C013329,Control,2521.25,8,16,Consumer,West,9.2,0
C013330,Treatment,1341.32,1,7,SMB,West,11.2,0
C013331,Control,2527.88,7,28,Consumer,South,10.1,0
C013332,Control,804.04,7,26,Consumer,East,5.6,0
C013333,Control,1625.56,7,33,SMB,South,8.4,1
C013334,Control,1345.58,5,15,Consumer,East,11.4,0
C013335,Control,1293.21,1,2,Consumer,West,14.8,0
C013336,Control,1973.82,3,27,Consumer,South,6.4,0
C013337,Control,3117.85,7,20,Consumer,West,11.1,0
C013338,Treatment,3859.23,4,19,SMB,West,7.4,0
C013339,Treatment,3149.86,11,42,SMB,South,11.8,0
C013340,Control,1915.98,6,21,SMB,West,12.2,0
C013341,Control,3900.57,6,8,Enterprise,West,8.5,1
C013342,Control,1189.2,10,18,Consumer,North,10.9,0
C013343,Control,2463.21,1,18,SMB,North,2.3,0
C013344,Control,956.24,15,53,Consumer,East,11.5,0
C013345,Control,2207.97,9,25,SMB,West,10.7,0
C013346,Treatment,5727.01,6,15,SMB,South,13.7,0
C013347,Treatment,6147.17,13,42,Enterprise,South,0.7,0
C013348,Treatment,3600.28,19,59,SMB,South,8.5,0
C013349,Treatment,2289.39,2,13,Consumer,South,3.5,0
C013350,Treatment,957.17,13,6,SMB,North,3.7,0
C013351,Treatment,2212.73,1,12,Consumer,South,0.0,0
C013352,Treatment,1450.1,2,8,Consumer,West,10.1,1
C013353,Treatment,2716.28,7,17,Consumer,North,6.3,0
C013354,Treatment,1796.56,4,19,Consumer,East,9.5,1
C013355,Treatment,1102.27,3,10,SMB,East,9.6,1
C013356,Treatment,3269.14,9,28,Consumer,West,10.9,0
C013357,Control,1565.97,10,38,Consumer,West,11.8,0
C013358,Control,3892.36,16,46,Consumer,West,14.9,0
C013359,Control,1783.52,13,37,Consumer,South,8.7,0
C013360,Control,1082.38,5,24,Consumer,North,7.4,1
C013361,Control,1307.96,5,15,SMB,South,3.8,0
C013362,Control,1099.93,7,15,SMB,South,11.2,0
C013363,Control,1947.88,1,10,Consumer,North,5.4,0
C013364,Treatment,1125.59,3,4,Consumer,North,9.8,0
C013365,Control,2924.25,11,55,Consumer,South,18.0,0
C013366,Control,2470.04,10,43,Enterprise,South,2.1,0
C013367,Control,1778.4,11,20,Consumer,East,3.9,0
C013368,Control,1244.46,7,13,Consumer,West,9.4,0
C013369,Treatment,1522.59,4,8,Consumer,South,3.9,0
C013370,Treatment,2151.21,4,25,Consumer,North,14.4,0
C013371,Control,2982.99,12,33,Consumer,South,4.5,1
C013372,Treatment,3201.92,4,31,SMB,South,8.7,0
C013373,Control,4046.14,15,68,Consumer,West,10.9,0
C013374,Treatment,752.77,4,4,Consumer,South,2.9,0
C013375,Treatment,1077.12,5,14,Consumer,South,9.2,0
C013376,Treatment,944.25,1,2,Consumer,East,15.1,0
C013377,Control,1874.46,1,10,Consumer,South,11.2,0
C013378,Treatment,955.24,12,24,Consumer,South,7.3,0
C013379,Treatment,987.28,1,17,Consumer,North,12.1,0
C013380,Treatment,1948.91,7,14,Consumer,South,0.0,0
C013381,Control,2055.79,10,44,SMB,North,6.4,0
C013382,Control,798.75,1,5,SMB,West,2.2,1
C013383,Control,2358.14,3,12,SMB,South,10.0,0
C013384,Control,1350.35,4,18,Consumer,North,9.3,0
C013385,Treatment,748.97,1,6,Consumer,East,4.9,0
C013386,Control,1703.66,10,21,Consumer,South,13.6,0
C013387,Control,447.76,5,11,Consumer,South,0.0,1
C013388,Treatment,983.05,2,16,Consumer,West,16.3,0
C013389,Control,2669.12,2,12,Consumer,East,13.5,1
C013390,Treatment,3109.14,1,24,SMB,West,9.4,0
C013391,Treatment,1554.63,5,13,Consumer,South,6.5,0
C013392,Treatment,1761.44,1,3,Consumer,South,7.7,0
C013393,Treatment,868.7,1,9,Consumer,South,10.3,0
C013394,Control,4743.13,5,32,SMB,South,6.0,0
C013395,Control,1494.31,2,12,Consumer,North,8.3,0
C013396,Treatment,1813.85,4,25,Consumer,South,10.3,0
C013397,Control,1642.88,15,29,Consumer,West,11.5,0
C013398,Control,1891.77,15,53,Consumer,West,15.0,1
C013399,Treatment,1417.43,1,12,Consumer,North,15.5,0
C013400,Control,2674.03,7,17,Consumer,North,8.5,0
C013401,Control,1702.55,3,10,Consumer,North,1.8,0
C013402,Control,1746.39,10,39,SMB,East,8.8,0
C013403,Control,1327.63,2,10,Consumer,South,14.9,0
C013404,Treatment,5826.42,14,53,Enterprise,West,8.4,0
C013405,Control,2764.35,11,26,Consumer,North,16.1,1
C013406,Control,887.23,7,27,Consumer,East,3.4,1
C013407,Control,1513.49,2,17,Consumer,West,10.8,0
C013408,Treatment,788.74,4,12,Consumer,North,10.8,1
C013409,Control,1764.57,5,4,SMB,West,16.7,0
C013410,Control,1266.75,11,36,Consumer,West,9.2,0
C013411,Treatment,882.06,3,12,Consumer,South,10.9,0
C013412,Control,2853.94,2,22,Consumer,South,12.0,0
C013413,Treatment,2519.19,7,9,Consumer,South,4.1,0
C013414,Control,1104.12,4,13,Consumer,South,6.3,0
C013415,Control,2887.39,6,16,Enterprise,West,10.4,0
C013416,Control,1657.38,13,29,Consumer,South,9.8,0
C013417,Treatment,1423.91,7,20,Consumer,West,7.7,0
C013418,Control,2617.72,14,54,Consumer,East,10.8,0
C013419,Control,2500.06,5,19,SMB,South,9.7,0
C013420,Treatment,2901.82,8,20,Enterprise,South,13.3,0
C013421,Control,5307.79,1,20,SMB,West,6.6,0
C013422,Treatment,2174.49,1,17,SMB,South,10.3,1
C013423,Treatment,2120.74,12,51,Consumer,South,7.3,1
C013424,Treatment,785.84,1,3,SMB,West,6.6,0
C013425,Control,6510.35,14,37,SMB,South,14.7,0
C013426,Control,803.36,7,13,Consumer,West,13.3,0
C013427,Treatment,8729.87,7,5,SMB,North,9.5,0
C013428,Control,1433.13,7,32,SMB,West,6.5,0
C013429,Control,2201.75,6,17,Enterprise,East,14.9,0
C013430,Treatment,2514.46,4,12,SMB,North,17.2,0
C013431,Treatment,6084.31,5,21,SMB,North,2.5,0
C013432,Control,1883.61,1,15,Enterprise,South,6.2,0
C013433,Control,2781.29,6,25,Consumer,East,6.5,0
C013434,Treatment,1270.03,3,18,Consumer,South,8.0,0
C013435,Treatment,3250.76,6,14,Enterprise,South,7.2,0
C013436,Control,884.12,4,20,Consumer,East,8.3,0
C013437,Control,2370.81,7,8,Enterprise,West,11.9,0
C013438,Control,2120.84,5,28,Consumer,North,7.6,0
C013439,Control,1991.08,4,18,Consumer,East,7.0,0
C013440,Control,2513.56,11,43,Consumer,West,8.5,0
C013441,Treatment,1781.4,7,27,Consumer,South,10.1,0
C013442,Control,1288.65,5,26,Consumer,West,9.4,0
C013443,Control,2374.45,10,29,Consumer,East,10.4,0
C013444,Treatment,3368.91,9,42,Consumer,East,8.8,0
C013445,Control,1180.83,9,19,SMB,West,6.4,0
C013446,Control,1624.63,2,4,SMB,North,10.4,1
C013447,Treatment,1472.54,9,26,Consumer,South,2.0,0
C013448,Control,1566.32,7,19,Consumer,East,11.5,0
C013449,Treatment,1523.13,1,13,SMB,North,13.0,0
C013450,Control,1596.92,9,8,Consumer,South,4.1,1
C013451,Control,2551.94,1,8,SMB,West,13.2,0
C013452,Treatment,778.02,9,22,Consumer,North,15.6,0
C013453,Control,1625.55,3,14,SMB,South,5.1,1
C013454,Treatment,1611.04,5,19,Consumer,North,10.2,0
C013455,Control,1274.78,1,8,SMB,North,7.3,0
C013456,Treatment,2491.84,12,40,Consumer,South,8.2,0
C013457,Control,1153.65,1,8,SMB,North,6.6,0
C013458,Treatment,2125.62,3,23,Consumer,South,3.4,0
C013459,Treatment,1566.68,10,22,Consumer,North,15.4,0
C013460,Control,1439.46,10,24,SMB,West,8.7,0
C013461,Control,702.6,2,4,Consumer,West,9.5,0
C013462,Control,2199.82,6,38,Consumer,South,12.1,0
C013463,Treatment,9481.16,4,18,Consumer,North,11.4,0
C013464,Control,2717.97,2,10,SMB,South,6.8,0
C013465,Treatment,2469.14,11,33,Consumer,North,6.9,1
C013466,Control,1215.49,11,22,Consumer,East,7.8,0
C013467,Control,1590.18,7,19,Consumer,South,13.8,0
C013468,Treatment,1265.54,7,31,Consumer,South,7.2,0
C013469,Control,878.46,1,3,Consumer,West,6.4,0
C013470,Control,1650.31,5,9,Consumer,West,6.4,0
C013471,Treatment,1268.72,11,39,Consumer,South,9.2,0
C013472,Treatment,1210.83,1,9,Consumer,East,10.5,0
C013473,Control,1133.42,6,24,Consumer,South,21.1,0
C013474,Control,2340.34,9,25,Enterprise,East,3.8,0
C013475,Control,1059.61,5,21,Consumer,North,4.0,0
C013476,Treatment,756.83,6,24,Consumer,South,16.0,0
C013477,Control,1862.08,7,12,Consumer,South,0.0,0
C013478,Treatment,2055.62,5,18,SMB,North,13.4,0
C013479,Treatment,2317.47,1,15,Consumer,South,5.7,0
C013480,Treatment,2655.03,8,15,Consumer,East,8.4,0
C013481,Control,1785.67,5,10,Consumer,South,8.3,0
C013482,Control,2033.09,1,22,Consumer,West,15.6,0
C013483,Control,2589.33,11,33,Consumer,South,7.4,0
C013484,Control,2674.2,1,9,Consumer,West,12.6,0
C013485,Control,1481.82,9,22,SMB,North,6.9,1
C013486,Treatment,1258.5,1,1,Consumer,South,5.5,1
C013487,Control,1154.45,6,14,Consumer,North,6.1,0
C013488,Control,3061.78,7,26,Enterprise,South,6.9,1
C013489,Treatment,1467.57,1,9,SMB,North,3.1,0
C013490,Treatment,1397.56,2,3,Enterprise,East,7.7,0
C013491,Control,1305.76,11,24,Consumer,South,15.0,0
C013492,Treatment,3996.06,10,13,Consumer,North,12.4,0
C013493,Treatment,1098.66,2,7,Consumer,South,8.8,0
C013494,Control,1004.44,6,7,Enterprise,East,10.8,0
C013495,Treatment,6962.64,1,19,Enterprise,South,7.4,1
C013496,Control,1039.16,9,16,Consumer,North,9.4,0
C013497,Control,2097.13,6,9,Consumer,North,10.7,0
C013498,Control,2093.98,10,15,Consumer,East,3.0,0
C013499,Control,2055.54,5,27,SMB,East,11.2,1
C013500,Treatment,1196.15,5,25,Consumer,South,11.1,1
C013501,Treatment,3078.24,6,4,SMB,South,6.0,0
C013502,Control,4530.97,15,61,SMB,South,6.7,0
C013503,Treatment,2539.28,7,25,Consumer,South,13.4,0
C013504,Control,2321.33,5,7,SMB,East,14.1,0
C013505,Control,2139.78,11,39,Consumer,West,7.3,0
C013506,Treatment,2929.4,5,19,SMB,South,11.8,0
C013507,Control,1841.1,7,11,Consumer,East,15.7,0
C013508,Treatment,1075.79,3,1,Consumer,South,9.9,0
C013509,Control,1596.23,9,36,Consumer,East,3.3,0
C013510,Treatment,992.59,5,39,Consumer,East,6.9,0
C013511,Control,4027.04,6,29,SMB,West,2.4,0
C013512,Control,2214.07,5,12,SMB,North,14.6,0
C013513,Treatment,1489.72,1,9,Enterprise,South,18.2,1
C013514,Treatment,911.08,10,62,Consumer,South,10.8,0
C013515,Control,1754.89,1,21,Consumer,South,5.0,0
C013516,Treatment,1401.02,3,9,Consumer,South,13.0,0
C013517,Control,1105.38,4,16,Consumer,East,5.0,0
C013518,Control,1682.46,1,14,Consumer,South,17.6,1
C013519,Control,2368.46,2,15,Consumer,South,5.3,0
C013520,Treatment,2075.85,6,4,Consumer,East,9.8,1
C013521,Treatment,4845.13,5,11,Enterprise,South,13.1,1
C013522,Treatment,1800.86,8,23,Consumer,South,9.8,1
C013523,Treatment,4211.6,1,6,SMB,South,1.0,1
C013524,Control,1119.68,6,13,Consumer,West,11.1,0
C013525,Control,2153.33,9,42,Consumer,North,5.4,1
C013526,Control,2027.09,1,22,Consumer,South,10.1,0
C013527,Treatment,4016.96,1,16,Enterprise,South,3.5,0
C013528,Control,1056.67,7,10,SMB,East,10.0,1
C013529,Treatment,2004.32,1,13,Consumer,West,11.9,0
C013530,Treatment,1991.55,14,22,Consumer,West,13.7,0
C013531,Treatment,1024.73,1,7,SMB,North,12.8,1
C013532,Control,1984.03,12,38,Consumer,South,15.8,0
C013533,Control,1974.82,8,27,SMB,North,11.9,0
C013534,Treatment,3376.94,7,18,Consumer,West,7.8,1
C013535,Treatment,2946.9,9,29,SMB,South,9.6,0
C013536,Control,1781.98,15,50,Consumer,South,12.4,0
C013537,Treatment,1214.1,2,4,Consumer,South,1.9,0
C013538,Treatment,4260.7,5,13,Enterprise,South,0.1,1
C013539,Control,1491.26,4,10,Consumer,West,10.4,0
C013540,Treatment,1401.19,4,5,Consumer,North,18.6,1
C013541,Control,1615.02,3,5,Consumer,West,14.0,0
C013542,Treatment,1946.8,10,28,Consumer,South,7.7,0
C013543,Control,2595.41,2,19,Consumer,North,13.5,0
C013544,Control,1616.94,13,48,Consumer,East,7.8,0
C013545,Control,1095.99,4,20,Consumer,South,5.4,0
C013546,Treatment,1439.59,7,25,Consumer,West,3.2,0
C013547,Treatment,2297.48,19,56,Consumer,South,8.5,0
C013548,Control,2010.09,12,31,Consumer,South,5.5,0
C013549,Control,1573.34,1,8,Consumer,South,12.9,0
C013550,Control,2280.03,5,22,SMB,West,2.1,1
C013551,Control,1908.9,4,23,Enterprise,East,12.0,0
C013552,Treatment,810.64,7,19,Consumer,East,5.2,0
C013553,Control,605.25,8,13,Consumer,West,9.9,0
C013554,Treatment,5129.83,10,56,Enterprise,North,6.1,0
C013555,Treatment,684.81,3,11,SMB,West,13.4,0
C013556,Control,2863.95,4,10,Enterprise,South,7.9,0
C013557,Treatment,1632.24,1,8,Consumer,West,12.5,0
C013558,Treatment,3632.22,8,32,Enterprise,East,10.2,1
C013559,Treatment,2959.41,10,29,SMB,South,13.3,0
C013560,Treatment,1427.01,6,15,Consumer,West,6.8,0
C013561,Control,752.96,3,16,Consumer,East,15.5,0
C013562,Control,1264.65,12,28,Consumer,North,6.7,1
C013563,Treatment,2127.84,1,1,Consumer,East,9.5,0
C013564,Control,1731.35,1,6,Consumer,South,8.6,1
C013565,Treatment,955.94,4,21,Consumer,West,12.4,0
C013566,Treatment,1835.95,8,26,Enterprise,West,15.6,0
C013567,Control,6423.18,3,25,Enterprise,North,8.8,0
C013568,Control,1388.48,16,35,SMB,North,13.4,0
C013569,Control,1940.32,11,46,Consumer,North,4.1,0
C013570,Treatment,2094.31,5,19,SMB,East,10.3,0
C013571,Control,4705.68,14,49,Enterprise,West,16.3,0
C013572,Control,2549.8,5,43,Consumer,East,9.4,0
C013573,Treatment,2358.32,8,10,SMB,West,10.8,0
C013574,Treatment,1361.04,1,10,Consumer,East,14.0,0
C013575,Treatment,2752.73,1,15,SMB,South,6.7,0
C013576,Treatment,6017.28,2,3,SMB,West,18.5,0
C013577,Control,8483.84,3,15,SMB,North,7.9,0
C013578,Treatment,1976.84,6,9,Consumer,South,10.7,0
C013579,Treatment,1881.32,3,14,SMB,South,1.7,1
C013580,Control,2138.49,17,63,Consumer,North,14.0,0
C013581,Control,2427.12,6,11,SMB,East,10.3,1
C013582,Control,1328.93,5,11,SMB,South,8.4,0
C013583,Treatment,2846.73,4,10,SMB,South,4.6,0
C013584,Treatment,2473.28,6,31,SMB,North,17.9,0
C013585,Treatment,760.67,2,5,Consumer,South,11.4,0
C013586,Treatment,1904.23,5,17,Consumer,South,16.8,0
C013587,Control,2155.05,10,28,Enterprise,West,10.4,1
C013588,Treatment,2895.87,8,28,Consumer,South,10.5,0
C013589,Treatment,1793.11,3,15,SMB,West,10.3,0
C013590,Treatment,1046.9,4,3,SMB,South,6.3,1
C013591,Control,1716.52,4,22,SMB,North,7.0,0
C013592,Treatment,1401.74,7,8,Consumer,East,9.4,0
C013593,Treatment,708.58,8,27,Consumer,North,17.2,1
C013594,Control,2142.8,9,17,Consumer,South,0.0,0
C013595,Treatment,2087.33,6,21,Enterprise,South,14.7,0
C013596,Control,2372.6,11,37,Consumer,West,4.8,0
C013597,Control,2991.65,4,14,Consumer,West,8.6,0
C013598,Treatment,3642.45,10,49,Consumer,South,6.7,0
C013599,Control,1261.55,7,17,Consumer,East,12.0,0
C013600,Treatment,2237.65,1,8,Consumer,South,15.6,0
C013601,Treatment,1793.97,3,14,Consumer,West,12.3,0
C013602,Control,1728.61,1,5,SMB,West,5.4,0
C013603,Control,5458.03,8,10,Consumer,South,10.1,0
C013604,Control,2369.75,4,19,Consumer,South,12.9,0
C013605,Control,1526.8,4,19,SMB,West,10.6,0
C013606,Treatment,1737.35,2,12,Consumer,South,12.5,0
C013607,Control,1900.15,6,26,Consumer,West,14.0,0
C013608,Treatment,2618.83,8,45,Consumer,South,6.8,0
C013609,Control,5133.27,1,6,SMB,West,9.1,1
C013610,Control,3479.34,10,35,Enterprise,North,10.9,0
C013611,Treatment,1533.82,1,5,SMB,East,12.7,1
C013612,Control,2472.3,8,20,SMB,South,9.7,1
C013613,Treatment,3008.81,3,8,Consumer,East,2.2,0
C013614,Treatment,2020.39,1,30,Consumer,West,9.3,0
C013615,Treatment,2225.28,8,25,SMB,East,8.2,0
C013616,Control,2554.1,6,22,Consumer,East,6.3,0
C013617,Control,3264.64,7,26,SMB,North,4.7,1
C013618,Treatment,1244.61,4,3,Consumer,North,4.1,0
C013619,Control,907.12,1,9,Consumer,South,7.0,0
C013620,Treatment,812.17,7,7,Consumer,South,6.2,1
C013621,Treatment,2626.22,8,36,Consumer,North,7.7,0
C013622,Treatment,4407.18,9,11,Consumer,East,7.6,1
C013623,Treatment,1546.38,4,29,Consumer,East,3.8,0
C013624,Treatment,608.97,4,28,Consumer,North,0.0,0
C013625,Control,2498.68,6,18,Consumer,North,14.9,0
C013626,Treatment,1636.13,3,2,Consumer,South,10.4,0
C013627,Treatment,1197.34,2,6,Consumer,East,5.9,1
C013628,Control,1078.4,5,13,SMB,West,9.0,0
C013629,Treatment,2699.22,6,11,Consumer,South,16.1,0
C013630,Control,1654.28,6,27,Consumer,North,15.3,0
C013631,Control,3019.62,2,17,SMB,West,1.7,0
C013632,Treatment,2092.72,9,15,SMB,North,8.2,1
C013633,Treatment,5502.38,8,17,Enterprise,East,10.3,1
C013634,Control,1819.94,9,24,Consumer,South,15.3,0
C013635,Treatment,1108.78,1,14,Consumer,West,4.3,0
C013636,Control,2690.49,6,34,SMB,East,8.8,0
C013637,Control,1528.84,6,13,Consumer,North,5.0,0
C013638,Control,1378.53,18,56,Consumer,South,7.3,0
C013639,Treatment,1376.16,8,12,SMB,North,9.3,0
C013640,Control,1624.87,4,14,Consumer,South,5.2,0
C013641,Control,3509.9,1,8,SMB,South,7.2,0
C013642,Treatment,1815.48,2,18,SMB,South,9.4,1
C013643,Control,2120.54,3,14,Consumer,West,13.0,0
C013644,Control,1325.76,12,11,Consumer,North,5.4,0
C013645,Control,2662.81,1,8,Consumer,South,10.7,0
C013646,Treatment,3979.09,2,3,SMB,West,8.5,0
C013647,Treatment,2078.08,5,31,Consumer,South,12.4,0
C013648,Treatment,2162.78,4,10,Enterprise,South,1.8,1
C013649,Control,1088.61,1,14,Consumer,West,4.6,0
C013650,Control,2906.74,1,17,SMB,East,5.7,0
C013651,Treatment,1036.22,1,5,Consumer,South,3.1,0
C013652,Control,1077.16,4,33,SMB,West,9.5,0
C013653,Control,3754.14,1,3,Enterprise,North,8.8,0
C013654,Control,1291.61,10,41,Consumer,North,10.5,0
C013655,Control,1045.82,12,32,Consumer,South,9.6,0
C013656,Control,1526.26,6,27,SMB,North,17.8,1
C013657,Treatment,1729.36,5,30,Consumer,South,12.2,0
C013658,Control,876.46,6,16,Consumer,North,11.5,0
C013659,Treatment,1137.06,13,43,Consumer,East,8.2,0
C013660,Control,2086.35,5,38,Consumer,South,16.4,0
C013661,Treatment,1786.96,4,27,SMB,West,7.7,0
C013662,Treatment,1703.48,1,1,Consumer,South,11.6,0
C013663,Treatment,1925.32,4,19,Consumer,East,7.6,0
C013664,Control,1427.82,7,32,Consumer,South,10.1,1
C013665,Treatment,1482.76,5,18,Consumer,North,11.3,0
C013666,Control,2699.85,5,23,SMB,East,13.1,0
C013667,Treatment,5121.09,9,28,Enterprise,North,4.3,0
C013668,Treatment,465.16,2,6,Consumer,East,9.7,0
C013669,Treatment,1256.48,4,36,SMB,East,4.7,0
C013670,Treatment,2012.57,12,44,Consumer,East,7.4,0
C013671,Treatment,2263.1,5,33,SMB,East,9.4,0
C013672,Treatment,1503.75,6,30,Consumer,West,10.3,0
C013673,Control,1331.59,8,21,Consumer,North,8.8,1
C013674,Control,1049.28,6,18,Consumer,West,4.7,0
C013675,Treatment,2711.78,2,9,Consumer,North,12.5,0
C013676,Treatment,1743.16,19,72,Consumer,South,1.6,0
C013677,Control,1458.99,10,24,Consumer,West,10.4,0
C013678,Control,1445.49,1,11,Consumer,South,9.5,0
C013679,Treatment,2931.33,1,18,SMB,West,9.3,0
C013680,Control,2763.46,7,30,SMB,East,15.1,0
C013681,Control,1393.75,4,15,Consumer,West,10.0,0
C013682,Control,3775.2,9,24,Consumer,North,17.0,0
C013683,Control,1347.05,9,14,SMB,South,15.6,0
C013684,Treatment,3025.84,12,30,Consumer,North,6.4,0
C013685,Control,733.66,12,20,Consumer,North,9.1,0
C013686,Control,1013.06,4,29,Consumer,East,7.1,0
C013687,Treatment,1910.98,8,10,Consumer,East,14.8,1
C013688,Control,1120.47,5,43,Consumer,East,11.5,0
C013689,Control,2321.11,1,12,SMB,East,4.1,0
C013690,Control,3514.44,2,23,SMB,West,13.0,0
C013691,Control,2338.21,3,6,Consumer,South,9.5,0
C013692,Treatment,1152.23,5,9,Consumer,South,13.1,1
C013693,Control,1987.58,2,10,Enterprise,West,3.3,0
C013694,Control,943.55,6,24,Consumer,East,8.6,0
C013695,Control,2910.87,5,17,Enterprise,South,10.9,0
C013696,Control,3096.26,4,13,Consumer,South,6.5,0
C013697,Control,1882.69,1,11,SMB,North,11.2,0
C013698,Control,1827.32,11,44,Consumer,West,6.7,0
C013699,Control,1652.67,9,15,Consumer,South,9.9,0
C013700,Control,1311.41,5,19,Consumer,East,12.7,0
C013701,Treatment,1675.58,1,7,Consumer,East,10.6,0
C013702,Control,827.69,12,24,Consumer,West,2.7,0
C013703,Control,1939.02,9,35,Consumer,South,15.5,0
C013704,Treatment,2226.82,7,30,Consumer,West,12.9,0
C013705,Control,2424.04,7,4,SMB,East,10.5,0
C013706,Treatment,2769.22,2,14,Consumer,North,17.4,0
C013707,Control,1693.3,8,26,SMB,South,8.8,0
C013708,Control,1159.7,1,25,Consumer,South,12.6,0
C013709,Treatment,1586.5,1,3,SMB,North,0.6,1
C013710,Control,1940.24,1,7,Consumer,South,15.9,1
C013711,Control,1014.16,3,10,SMB,North,12.4,0
C013712,Treatment,1776.07,9,28,Consumer,West,16.0,0
C013713,Treatment,1875.41,4,16,Consumer,South,6.4,1
C013714,Control,1051.07,5,10,Consumer,North,18.7,0
C013715,Treatment,3818.74,8,31,Enterprise,East,12.6,0
C013716,Control,870.74,4,26,Consumer,West,12.9,0
C013717,Treatment,2985.84,10,27,Consumer,West,5.2,0
C013718,Control,1750.66,6,13,Consumer,West,11.4,0
C013719,Treatment,1151.84,4,2,Consumer,West,10.5,0
C013720,Control,932.71,3,18,Consumer,South,9.7,0
C013721,Treatment,1515.7,1,9,Consumer,South,11.1,0
C013722,Control,2539.5,9,38,Consumer,South,2.0,0
C013723,Treatment,1242.32,9,23,Consumer,West,13.5,0
C013724,Treatment,641.37,2,7,Consumer,North,5.4,0
C013725,Treatment,1065.48,1,7,Consumer,South,9.0,0
C013726,Treatment,6069.5,5,11,SMB,South,8.0,0
C013727,Control,2367.83,8,57,Consumer,West,9.1,0
C013728,Treatment,1707.16,2,29,Consumer,South,2.9,0
C013729,Control,5424.35,13,44,Consumer,West,2.4,0
C013730,Treatment,2596.87,3,4,SMB,West,7.4,0
C013731,Treatment,3259.61,5,12,Consumer,North,1.6,0
C013732,Control,2843.03,10,43,SMB,West,4.5,0
C013733,Control,3140.45,8,52,Consumer,South,11.5,0
C013734,Treatment,2114.79,6,31,Consumer,South,7.5,1
C013735,Treatment,1479.81,8,39,Consumer,South,7.8,0
C013736,Treatment,1322.62,6,17,Consumer,East,15.6,0
C013737,Treatment,1684.22,2,9,Consumer,South,0.0,0
C013738,Control,1183.76,4,6,Consumer,East,6.8,1
C013739,Treatment,2322.02,6,37,Enterprise,West,9.7,0
C013740,Treatment,2061.81,10,21,SMB,South,10.9,0
C013741,Treatment,2750.66,16,69,SMB,North,2.9,0
C013742,Treatment,1912.44,3,4,Enterprise,North,10.6,0
C013743,Treatment,3054.97,7,18,Consumer,South,7.1,1
C013744,Treatment,2213.65,1,18,SMB,West,15.2,0
C013745,Treatment,1248.11,12,49,Consumer,South,12.9,0
C013746,Treatment,754.49,3,11,Consumer,East,7.8,0
C013747,Treatment,1697.25,4,17,SMB,West,8.9,0
C013748,Control,1242.28,9,33,Consumer,South,10.3,0
C013749,Control,1642.31,6,32,Consumer,South,9.8,0
C013750,Treatment,2915.53,6,3,Consumer,West,8.8,0
C013751,Treatment,1870.16,11,19,Enterprise,East,8.0,0
C013752,Treatment,943.87,4,12,Consumer,North,17.8,1
C013753,Treatment,1682.7,7,15,Consumer,West,12.9,0
C013754,Control,1180.19,7,33,Consumer,West,10.4,0
C013755,Control,693.9,3,26,Consumer,West,11.7,0
C013756,Treatment,1392.7,7,21,Consumer,West,5.8,0
C013757,Treatment,1333.5,2,18,Enterprise,West,8.0,0
C013758,Control,876.49,1,9,Consumer,East,4.0,1
C013759,Control,2943.56,9,36,SMB,South,8.8,0
C013760,Control,761.77,4,12,Consumer,West,4.4,0
C013761,Control,2277.45,5,18,Consumer,North,7.6,0
C013762,Treatment,1333.77,7,13,Consumer,West,7.9,0
C013763,Control,2913.65,6,9,Consumer,South,6.3,0
C013764,Control,1232.12,6,6,Consumer,East,12.8,0
C013765,Treatment,11337.25,12,51,SMB,West,19.5,0
C013766,Treatment,2012.4,1,11,SMB,West,2.2,0
C013767,Treatment,2902.18,1,2,Enterprise,North,12.5,1
C013768,Control,2676.05,5,25,Consumer,East,8.6,0
C013769,Control,1439.04,12,51,Consumer,South,3.8,1
C013770,Control,2803.47,15,53,SMB,North,5.6,0
C013771,Treatment,2801.33,6,16,Enterprise,South,9.6,0
C013772,Control,2640.73,7,29,Consumer,West,9.3,0
C013773,Treatment,1581.01,6,12,Consumer,West,10.5,0
C013774,Treatment,1852.57,16,72,Consumer,South,5.3,1
C013775,Treatment,2045.09,3,12,SMB,West,0.8,1
C013776,Control,784.23,5,9,Consumer,South,9.4,0
C013777,Control,3530.92,10,34,Consumer,South,13.7,0
C013778,Treatment,1370.99,7,37,Consumer,East,3.7,1
C013779,Control,1130.65,1,16,SMB,West,12.2,0
C013780,Treatment,2283.21,8,29,Consumer,East,9.8,1
C013781,Control,1881.66,4,18,Consumer,North,15.1,0
C013782,Treatment,4269.06,1,1,SMB,South,11.1,0
C013783,Treatment,2102.79,2,11,SMB,North,17.2,0
C013784,Control,1561.83,2,5,Consumer,West,14.3,0
C013785,Treatment,2223.58,6,20,Consumer,South,0.8,0
C013786,Treatment,1514.76,4,23,Consumer,South,6.5,0
C013787,Treatment,1618.55,2,17,Consumer,South,1.2,0
C013788,Control,2021.1,1,2,Consumer,North,14.8,0
C013789,Control,1136.05,5,15,Consumer,South,8.0,0
C013790,Treatment,1680.62,10,30,Consumer,East,10.6,0
C013791,Control,1122.65,11,45,SMB,South,1.1,0
C013792,Treatment,2340.01,1,19,Consumer,South,1.5,0
C013793,Control,2851.94,1,3,Enterprise,West,6.9,0
C013794,Treatment,2886.37,1,13,Consumer,North,8.4,0
C013795,Control,2017.54,4,26,Consumer,South,5.2,0
C013796,Treatment,1183.73,1,9,SMB,East,8.2,0
C013797,Control,2558.34,9,47,SMB,East,9.6,0
C013798,Control,4451.02,12,16,Consumer,West,10.8,0
C013799,Control,1424.26,8,43,SMB,North,7.6,0
C013800,Treatment,1960.61,1,11,SMB,West,12.8,0
C013801,Control,701.73,6,7,Consumer,South,12.4,0
C013802,Treatment,2762.93,4,12,Consumer,South,15.9,1
C013803,Control,1531.35,10,28,Consumer,South,16.2,0
C013804,Treatment,2548.19,6,24,Consumer,South,7.3,1
C013805,Treatment,1004.37,12,34,Consumer,North,3.6,0
C013806,Control,1743.4,9,37,Consumer,South,7.6,0
C013807,Control,633.53,7,15,Consumer,South,11.0,1
C013808,Control,1453.59,12,40,Consumer,South,7.8,0
C013809,Treatment,1765.53,1,4,Consumer,North,8.0,0
C013810,Treatment,1203.87,10,41,Consumer,North,9.4,1
C013811,Control,2974.43,9,22,Consumer,South,7.1,0
C013812,Treatment,1839.74,13,49,SMB,East,5.9,0
C013813,Treatment,1701.57,8,18,SMB,West,4.5,0
C013814,Treatment,1826.11,14,24,Enterprise,North,13.2,0
C013815,Treatment,6053.25,6,30,Enterprise,West,8.3,0
C013816,Treatment,615.79,5,20,Consumer,East,11.4,0
C013817,Treatment,1602.27,1,12,Consumer,West,8.9,0
C013818,Treatment,1942.77,7,41,Consumer,South,5.8,1
C013819,Control,3147.66,3,16,Consumer,South,7.1,0
C013820,Treatment,1409.32,8,28,Consumer,West,2.0,0
C013821,Treatment,1839.35,2,8,SMB,South,10.2,0
C013822,Treatment,1176.9,4,19,Consumer,West,16.9,0
C013823,Control,1734.56,9,38,Consumer,West,10.1,0
C013824,Treatment,3278.47,6,29,SMB,South,12.9,0
C013825,Control,2187.16,5,22,SMB,South,3.5,0
C013826,Treatment,1343.41,1,5,SMB,South,0.2,0
C013827,Control,2132.84,11,25,Enterprise,East,7.3,0
C013828,Treatment,1583.47,3,10,Consumer,East,20.4,0
C013829,Control,2559.69,4,20,SMB,East,1.2,0
C013830,Control,3633.99,8,34,Consumer,North,14.0,0
C013831,Control,1779.67,1,5,Enterprise,West,10.3,1
C013832,Control,1328.42,5,1,Consumer,South,11.5,1
C013833,Control,1992.79,2,26,Consumer,South,9.9,1
C013834,Treatment,4359.25,7,28,Enterprise,South,6.4,0
C013835,Treatment,1886.78,8,8,Consumer,North,7.3,0
C013836,Treatment,962.69,3,20,Consumer,South,12.4,1
C013837,Treatment,764.35,1,17,Consumer,North,13.0,0
C013838,Control,1590.6,2,6,Consumer,North,2.1,0
C013839,Treatment,1007.11,3,12,Consumer,North,9.3,0
C013840,Treatment,1406.85,4,14,SMB,North,7.6,0
C013841,Control,1484.8,7,35,Consumer,West,3.3,0
C013842,Treatment,1121.74,8,28,SMB,South,14.6,0
C013843,Treatment,1537.89,9,27,Consumer,North,7.3,1
C013844,Treatment,2692.48,5,27,Enterprise,South,9.6,0
C013845,Treatment,1798.59,9,34,SMB,East,14.4,0
C013846,Control,1450.56,1,8,Enterprise,South,12.9,1
C013847,Treatment,3018.35,10,11,Consumer,South,14.9,0
C013848,Control,4777.24,12,35,Enterprise,East,4.1,0
C013849,Treatment,4076.32,11,17,SMB,North,16.0,0
C013850,Control,1021.94,8,19,Consumer,South,6.4,0
C013851,Control,2674.65,1,7,Enterprise,West,5.0,0
C013852,Control,4783.0,1,8,SMB,South,11.4,0
C013853,Control,3373.27,11,38,Enterprise,North,7.1,0
C013854,Control,2958.97,9,43,SMB,South,12.4,0
C013855,Control,2212.78,7,16,Enterprise,East,5.6,0
C013856,Treatment,2371.88,15,72,Consumer,North,9.5,0
C013857,Treatment,3567.73,7,17,Consumer,South,16.5,0
C013858,Control,1000.98,15,40,Consumer,South,11.3,0
C013859,Treatment,2123.88,2,22,SMB,South,8.6,0
C013860,Treatment,2320.82,1,15,Consumer,South,10.4,0
C013861,Control,1299.05,6,27,Consumer,North,0.0,0
C013862,Treatment,1974.2,3,7,Consumer,South,8.0,0
C013863,Control,3684.23,9,43,Enterprise,North,3.4,0
C013864,Control,2871.09,5,13,SMB,West,7.7,0
C013865,Control,1218.69,4,19,Consumer,East,3.8,0
C013866,Control,1184.42,1,12,Consumer,North,10.2,1
C013867,Treatment,3126.29,6,21,Enterprise,North,0.0,0
C013868,Treatment,1355.02,7,14,Consumer,East,8.6,0
C013869,Control,1420.62,5,16,Consumer,East,14.9,0
C013870,Treatment,3546.89,10,14,Enterprise,South,13.3,0
C013871,Control,2409.6,1,3,Enterprise,North,8.6,0
C013872,Control,1449.79,3,23,Consumer,South,13.5,1
C013873,Treatment,1016.35,4,11,Consumer,South,8.5,0
C013874,Treatment,3503.12,3,32,Enterprise,North,9.1,0
C013875,Treatment,957.46,10,11,Consumer,South,4.8,0
C013876,Control,2326.31,10,15,SMB,West,8.0,0
C013877,Control,2010.22,10,25,SMB,South,13.6,0
C013878,Control,1370.68,1,25,Consumer,North,11.9,0
C013879,Treatment,1012.45,1,1,Consumer,North,16.9,0
C013880,Control,1314.17,3,9,Consumer,East,12.9,1
C013881,Treatment,1549.61,5,16,Consumer,South,4.5,0
C013882,Control,1056.17,4,4,Consumer,East,0.0,0
C013883,Control,1657.38,6,5,Consumer,South,11.4,0
C013884,Control,1469.52,11,25,Consumer,South,11.9,0
C013885,Treatment,3528.5,8,22,Enterprise,South,9.1,0
C013886,Treatment,4830.0,9,41,Enterprise,West,16.1,1
C013887,Treatment,2288.26,8,32,SMB,West,10.0,0
C013888,Treatment,2051.05,6,10,SMB,South,13.4,0
C013889,Treatment,729.87,6,38,Consumer,East,10.4,0
C013890,Control,2153.95,7,32,Consumer,North,9.9,0
C013891,Treatment,941.52,9,14,SMB,North,14.3,0
C013892,Treatment,3231.23,7,18,Enterprise,South,18.6,0
C013893,Treatment,1311.05,9,21,Consumer,West,8.7,1
C013894,Control,1677.45,6,17,SMB,West,11.9,0
C013895,Control,1556.17,9,23,Enterprise,East,11.1,0
C013896,Treatment,893.25,4,4,Consumer,East,8.0,0
C013897,Control,743.11,10,12,SMB,North,5.5,0
C013898,Control,3356.81,1,6,Enterprise,West,13.9,0
C013899,Control,1682.09,1,10,SMB,North,15.8,0
C013900,Treatment,1285.43,1,22,Consumer,West,9.3,0
C013901,Control,1064.18,6,22,Enterprise,North,7.2,1
C013902,Treatment,1781.45,9,22,SMB,North,13.9,0
C013903,Treatment,1267.05,14,42,Consumer,South,5.1,0
C013904,Treatment,1081.49,6,20,Enterprise,North,10.9,0
C013905,Control,1738.55,9,16,Consumer,North,10.9,0
C013906,Treatment,1953.61,6,18,Enterprise,East,9.6,0
C013907,Control,4431.92,1,2,SMB,East,14.0,0
C013908,Control,1562.71,9,24,Consumer,South,10.7,0
C013909,Control,1646.3,2,10,SMB,South,9.2,0
C013910,Control,3140.58,7,35,Consumer,East,6.8,0
C013911,Treatment,2049.5,7,6,Enterprise,North,8.4,0
C013912,Control,1746.42,10,25,Consumer,South,7.3,1
C013913,Treatment,2712.26,8,27,Consumer,East,8.0,0
C013914,Control,3405.53,9,51,Enterprise,West,12.3,1
C013915,Treatment,1522.6,3,22,Consumer,South,6.2,0
C013916,Treatment,2933.98,11,38,Consumer,East,12.7,0
C013917,Control,2822.88,4,9,SMB,South,13.3,0
C013918,Treatment,3637.44,5,24,Consumer,East,16.1,1
C013919,Control,2324.38,8,24,Consumer,West,11.9,0
C013920,Treatment,2423.05,14,58,Consumer,South,10.7,0
C013921,Treatment,1827.16,6,31,Consumer,North,12.8,0
C013922,Treatment,1821.33,7,42,Consumer,West,12.0,1
C013923,Control,877.68,4,13,Consumer,East,12.9,0
C013924,Treatment,1680.65,4,20,Consumer,East,3.4,0
C013925,Treatment,7489.86,4,16,Consumer,South,4.8,0
C013926,Treatment,3347.69,12,52,Consumer,North,5.7,0
C013927,Control,998.0,3,5,Consumer,South,15.8,0
C013928,Control,1863.92,5,28,SMB,South,0.0,0
C013929,Treatment,2279.04,5,10,Consumer,South,14.2,0
C013930,Treatment,2458.97,9,40,Enterprise,North,8.7,0
C013931,Treatment,1093.94,6,20,Consumer,West,9.4,0
C013932,Treatment,1145.72,2,14,Consumer,South,10.2,0
C013933,Treatment,1892.69,4,21,SMB,East,0.0,0
C013934,Control,2182.35,4,4,Consumer,North,6.4,0
C013935,Treatment,1972.32,5,36,Consumer,South,11.2,0
C013936,Control,1501.27,13,39,Consumer,North,12.8,0
C013937,Treatment,4664.87,9,30,Enterprise,East,12.9,0
C013938,Control,1174.25,7,29,Consumer,East,9.4,0
C013939,Treatment,1072.91,6,14,Consumer,South,15.2,1
C013940,Treatment,1206.15,1,7,Consumer,West,8.8,0
C013941,Treatment,1581.55,7,24,Consumer,South,10.6,0
C013942,Control,2783.35,1,8,Enterprise,South,11.8,0
C013943,Treatment,5530.3,5,6,Enterprise,East,6.6,0
C013944,Control,1385.46,3,22,SMB,South,11.1,0
C013945,Control,1323.69,9,27,Consumer,East,8.1,0
C013946,Treatment,2809.64,3,21,SMB,West,8.2,0
C013947,Treatment,2553.24,10,43,Consumer,East,11.0,1
C013948,Control,3935.04,8,30,Consumer,North,11.8,0
C013949,Treatment,2197.26,2,3,Consumer,South,9.5,0
C013950,Control,1120.63,5,8,Consumer,West,8.9,0
C013951,Treatment,1884.62,8,47,Consumer,North,11.2,1
C013952,Treatment,1663.2,1,23,SMB,South,10.0,0
C013953,Treatment,1532.14,4,22,Consumer,West,5.5,0
C013954,Treatment,1672.65,5,4,Consumer,West,13.5,0
C013955,Treatment,1734.2,6,27,Consumer,North,5.9,0
C013956,Treatment,1276.12,2,13,Consumer,East,13.9,0
C013957,Control,2606.59,9,11,SMB,South,11.7,0
C013958,Control,1896.51,1,9,Consumer,West,11.5,0
C013959,Treatment,2131.71,6,11,Consumer,South,14.4,0
C013960,Control,3342.46,2,18,SMB,South,10.8,0
C013961,Treatment,1534.89,1,9,Consumer,North,19.6,0
C013962,Control,1460.81,8,22,SMB,South,9.0,1
C013963,Treatment,2258.46,5,9,Enterprise,South,0.3,0
C013964,Control,2377.63,6,33,Enterprise,East,7.6,0
C013965,Treatment,2176.48,4,42,Consumer,South,15.8,1
C013966,Treatment,2197.98,4,16,Consumer,West,19.1,0
C013967,Control,2305.57,6,26,SMB,North,18.9,0
C013968,Treatment,906.61,8,2,Consumer,South,16.0,0
C013969,Control,1667.09,1,7,Consumer,East,9.6,0
C013970,Treatment,1519.59,2,7,Consumer,East,8.4,0
C013971,Treatment,1747.37,3,7,Consumer,South,18.2,0
C013972,Control,3637.35,3,7,Consumer,South,12.0,0
C013973,Control,4604.67,5,28,Consumer,North,8.0,0
C013974,Control,1944.82,1,3,SMB,East,13.6,1
C013975,Control,2035.33,15,68,Consumer,West,3.8,0
C013976,Treatment,2250.98,7,23,Consumer,West,5.4,0
C013977,Control,983.66,10,29,Enterprise,East,3.1,0
C013978,Treatment,961.62,4,8,SMB,East,10.0,1
C013979,Treatment,2425.03,3,15,Consumer,West,13.3,0
C013980,Treatment,1343.92,11,31,Consumer,West,11.0,1
C013981,Treatment,1979.79,9,34,SMB,North,3.3,0
C013982,Control,3471.8,7,22,SMB,South,10.5,0
C013983,Treatment,2081.56,1,11,SMB,West,6.6,0
C013984,Treatment,1866.89,12,36,Consumer,West,4.2,0
C013985,Treatment,1577.84,4,9,Consumer,East,4.1,1
C013986,Control,2107.49,7,12,Consumer,South,14.0,1
C013987,Control,4206.01,2,6,Enterprise,West,10.7,0
C013988,Treatment,988.23,4,25,Consumer,South,13.6,0
C013989,Treatment,1928.89,1,13,Consumer,South,18.8,0
C013990,Control,3822.85,6,19,SMB,South,9.9,0
C013991,Treatment,833.85,1,10,SMB,South,14.8,0
C013992,Control,2136.08,2,19,Consumer,South,7.7,0
C013993,Treatment,1605.9,11,33,Consumer,East,8.7,0
C013994,Control,1275.44,5,12,Enterprise,East,10.7,0
C013995,Control,1396.55,3,23,Consumer,North,9.7,0
C013996,Control,3474.54,1,18,Consumer,South,11.0,0
C013997,Control,919.32,3,26,SMB,East,3.3,0
C013998,Control,2139.77,13,28,Consumer,West,14.0,0
C013999,Control,812.94,3,6,Consumer,West,6.6,0
C014000,Control,4085.0,6,31,Consumer,North,9.4,0
C014001,Treatment,5435.75,7,18,Consumer,South,10.4,0
C014002,Treatment,1137.37,5,29,Consumer,West,15.3,0
C014003,Treatment,1340.24,1,2,Consumer,South,12.8,0
C014004,Control,2070.71,7,26,Consumer,East,7.6,0
C014005,Control,2656.57,4,11,Consumer,South,0.3,0
C014006,Treatment,2480.08,2,21,SMB,East,12.3,1
C014007,Treatment,875.86,5,24,Consumer,North,15.3,0
C014008,Treatment,1597.38,9,56,Consumer,South,5.4,0
C014009,Treatment,1805.08,6,20,Consumer,South,11.3,0
C014010,Treatment,1350.41,5,19,Consumer,South,11.4,0
C014011,Treatment,1436.4,6,8,Consumer,North,14.5,0
C014012,Control,1236.44,1,16,SMB,South,6.9,0
C014013,Treatment,973.85,4,8,Consumer,South,13.1,0
C014014,Treatment,1775.86,5,28,Enterprise,North,7.9,0
C014015,Treatment,3167.43,9,25,SMB,South,4.9,0
C014016,Control,4089.61,1,31,Enterprise,North,6.1,1
C014017,Control,1373.41,8,14,Consumer,West,9.2,0
C014018,Control,630.14,5,5,Consumer,North,11.7,0
C014019,Control,1467.83,5,14,Consumer,East,10.2,0
C014020,Treatment,1671.75,10,20,Consumer,South,7.7,0
C014021,Treatment,6594.63,10,48,Enterprise,South,7.9,1
C014022,Control,1882.2,16,51,Consumer,West,3.5,0
C014023,Treatment,894.53,6,10,Consumer,East,0.9,1
C014024,Control,1904.9,4,17,SMB,East,3.9,1
C014025,Treatment,1100.11,7,6,Consumer,North,2.9,0
C014026,Control,1045.36,3,4,Consumer,South,16.3,0
C014027,Treatment,1588.13,7,34,Consumer,South,11.1,0
C014028,Treatment,1229.96,5,4,Consumer,South,12.7,0
C014029,Treatment,2021.44,7,33,SMB,West,10.5,1
C014030,Treatment,1584.39,5,32,Consumer,South,6.6,0
C014031,Control,2717.91,5,10,SMB,South,7.6,0
C014032,Treatment,892.07,4,9,Consumer,North,0.7,0
C014033,Control,1618.26,5,15,Consumer,South,6.2,0
C014034,Control,1196.81,5,19,Consumer,North,5.6,1
C014035,Treatment,1802.67,4,19,SMB,South,0.8,0
C014036,Treatment,2032.99,2,13,Consumer,West,11.8,0
C014037,Treatment,2036.33,5,3,Consumer,South,7.9,1
C014038,Control,1798.01,6,20,Consumer,South,14.3,0
C014039,Treatment,2947.92,9,38,Consumer,South,14.1,0
C014040,Control,5423.21,1,17,Enterprise,South,17.5,0
C014041,Treatment,2025.09,6,13,Consumer,North,14.2,0
C014042,Treatment,2012.03,8,45,Consumer,West,10.4,0
C014043,Treatment,2303.33,2,10,Consumer,South,8.5,0
C014044,Treatment,1054.84,7,18,Consumer,South,6.6,0
C014045,Treatment,1776.74,7,39,SMB,East,14.5,0
C014046,Control,1641.1,6,21,Consumer,South,4.6,1
C014047,Treatment,3647.74,10,41,Enterprise,North,8.9,0
C014048,Treatment,827.96,5,14,Consumer,East,9.4,0
C014049,Control,926.96,10,38,Consumer,North,9.1,0
C014050,Control,1910.26,7,22,SMB,North,1.5,1
C014051,Control,1825.75,10,28,Consumer,West,8.9,0
C014052,Treatment,2732.86,5,12,Consumer,West,7.9,0
C014053,Treatment,2678.04,10,21,Enterprise,North,14.2,1
C014054,Treatment,2285.97,4,16,SMB,West,14.0,0
C014055,Control,2564.05,5,16,Enterprise,North,5.3,0
C014056,Control,5594.23,13,24,SMB,West,13.8,0
C014057,Treatment,1988.22,2,15,Consumer,South,5.8,0
C014058,Control,960.03,2,9,Consumer,South,6.7,0
C014059,Control,1452.17,1,4,Consumer,East,9.3,0
C014060,Control,1461.55,9,12,Consumer,North,11.7,0
C014061,Control,1849.38,8,26,SMB,West,3.8,0
C014062,Control,1193.95,9,25,Consumer,North,11.3,0
C014063,Treatment,2312.19,7,31,SMB,West,7.8,0
C014064,Control,1148.63,1,7,Consumer,North,6.2,0
C014065,Control,1251.67,2,15,Consumer,North,4.0,0
C014066,Treatment,1587.91,2,7,Consumer,North,10.6,0
C014067,Treatment,1996.77,7,13,Consumer,South,12.9,1
C014068,Treatment,1350.32,4,15,Consumer,East,2.4,0
C014069,Treatment,1344.92,9,30,Consumer,East,4.0,0
C014070,Treatment,1830.84,1,25,SMB,West,4.7,0
C014071,Treatment,2125.03,3,15,Consumer,South,11.0,1
C014072,Treatment,1544.64,1,5,Consumer,South,11.2,0
C014073,Control,1057.39,4,10,Consumer,South,9.6,1
C014074,Treatment,595.83,10,15,Consumer,East,2.4,1
C014075,Control,4697.12,14,48,Enterprise,West,8.5,1
C014076,Control,1490.68,5,23,SMB,South,1.0,0
C014077,Control,857.39,1,9,Consumer,South,9.9,0
C014078,Control,1808.26,4,8,Consumer,South,12.6,0
C014079,Control,844.76,5,17,Consumer,South,0.0,0
C014080,Treatment,1624.86,4,11,SMB,South,1.7,0
C014081,Control,1954.6,2,9,Consumer,North,5.6,0
C014082,Control,2162.83,6,11,SMB,West,6.1,0
C014083,Control,1224.36,4,15,Consumer,North,8.9,1
C014084,Control,1924.36,5,35,SMB,North,16.2,0
C014085,Treatment,1255.74,11,30,Consumer,North,9.4,0
C014086,Control,1478.14,8,26,Consumer,South,4.2,0
C014087,Control,1392.72,11,31,Consumer,West,0.0,0
C014088,Control,1924.69,9,25,SMB,West,14.2,1
C014089,Control,3550.76,11,34,SMB,South,7.3,0
C014090,Control,1719.85,10,10,Consumer,South,13.2,0
C014091,Control,1164.52,5,7,Consumer,East,9.6,0
C014092,Treatment,1168.82,2,20,Consumer,East,7.8,0
C014093,Treatment,2237.76,4,29,Consumer,East,6.2,0
C014094,Treatment,2618.71,4,18,Consumer,South,11.0,0
C014095,Control,1948.0,1,10,SMB,South,13.1,0
C014096,Control,1925.71,3,26,Consumer,North,13.3,1
C014097,Treatment,842.17,10,21,SMB,South,11.0,0
C014098,Control,1749.08,6,12,Enterprise,West,8.7,1
C014099,Treatment,1399.56,7,13,Enterprise,North,12.5,0
C014100,Treatment,1573.2,1,4,Consumer,South,5.6,0
C014101,Control,1448.35,1,6,Enterprise,South,13.2,0
C014102,Control,4614.17,2,6,Consumer,North,4.2,0
C014103,Treatment,1775.73,5,5,Consumer,West,12.3,1
C014104,Treatment,1940.8,7,28,Consumer,North,13.1,0
C014105,Treatment,1147.05,4,3,Consumer,South,9.8,0
C014106,Control,991.4,7,2,Consumer,West,10.1,0
C014107,Treatment,4231.12,12,59,Enterprise,North,10.0,1
C014108,Control,3407.56,1,14,Consumer,North,7.5,0
C014109,Control,1985.78,8,7,Consumer,South,6.1,0
C014110,Treatment,3763.72,15,62,SMB,North,10.6,0
C014111,Treatment,1285.5,1,9,Consumer,North,8.9,0
C014112,Control,1131.94,5,29,Enterprise,East,10.1,1
C014113,Control,2030.63,7,14,Enterprise,North,11.6,0
C014114,Control,954.42,2,5,Consumer,East,13.3,0
C014115,Control,1099.48,1,2,Consumer,West,7.5,0
C014116,Control,1516.18,1,15,Consumer,South,5.8,0
C014117,Treatment,2786.78,5,9,Enterprise,South,8.8,0
C014118,Control,1039.14,6,15,Consumer,North,8.1,0
C014119,Treatment,2622.77,12,29,Consumer,North,2.2,0
C014120,Control,4292.82,1,21,SMB,South,7.4,0
C014121,Control,2237.05,9,38,SMB,South,5.7,0
C014122,Control,1839.7,1,5,SMB,North,7.5,0
C014123,Control,963.54,1,14,Consumer,South,10.3,0
C014124,Treatment,1744.6,11,50,SMB,North,0.0,0
C014125,Treatment,2800.73,3,4,SMB,East,9.8,0
C014126,Treatment,2191.65,7,10,Consumer,South,12.5,0
C014127,Control,1789.17,10,16,SMB,East,10.9,1
C014128,Treatment,1690.13,1,2,Consumer,South,5.5,0
C014129,Treatment,2269.81,9,33,Consumer,South,17.2,0
C014130,Control,1180.02,11,54,Consumer,East,4.2,0
C014131,Treatment,832.94,1,14,Consumer,North,9.8,0
C014132,Treatment,708.68,9,20,Consumer,East,17.0,0
C014133,Treatment,1813.28,7,14,Consumer,South,6.9,0
C014134,Treatment,3040.21,8,27,Consumer,South,8.0,1
C014135,Treatment,2116.81,7,19,Consumer,South,9.6,0
C014136,Control,1546.18,10,50,Consumer,South,11.6,0
C014137,Treatment,779.67,6,17,SMB,East,20.5,0
C014138,Treatment,2545.29,8,30,Consumer,North,10.3,0
C014139,Control,1633.45,4,18,Consumer,South,9.0,1
C014140,Treatment,1341.84,5,7,Consumer,North,11.0,1
C014141,Treatment,2910.85,6,32,SMB,South,0.7,1
C014142,Control,944.06,6,5,Consumer,North,14.3,0
C014143,Treatment,1216.82,10,25,Consumer,East,19.1,0
C014144,Treatment,1108.38,6,16,Consumer,East,19.5,0
C014145,Treatment,1814.0,5,16,Consumer,West,10.7,0
C014146,Treatment,1411.17,7,31,Consumer,South,5.0,1
C014147,Control,1351.95,7,36,Consumer,East,6.6,0
C014148,Treatment,1631.69,8,25,SMB,West,8.7,0
C014149,Treatment,1422.05,7,41,Consumer,North,7.6,0
C014150,Treatment,2051.89,1,14,Enterprise,East,6.5,1
C014151,Control,1562.63,2,14,Consumer,South,6.0,1
C014152,Control,1758.02,1,4,Consumer,South,5.5,1
C014153,Treatment,3889.44,2,14,Enterprise,West,3.0,0
C014154,Control,4752.24,1,12,Consumer,South,10.7,0
C014155,Control,2782.28,3,17,SMB,West,14.5,0
C014156,Treatment,2056.18,5,19,Consumer,West,11.1,0
C014157,Treatment,1337.75,4,18,Consumer,West,16.4,0
C014158,Treatment,2686.13,5,12,SMB,East,13.7,0
C014159,Treatment,2817.93,8,18,Consumer,East,13.1,0
C014160,Treatment,2009.76,6,19,Consumer,South,3.5,1
C014161,Control,1879.76,5,32,Consumer,South,4.9,0
C014162,Treatment,1693.12,6,6,Consumer,West,7.0,0
C014163,Treatment,3248.23,4,13,Consumer,South,7.8,0
C014164,Treatment,1569.7,4,9,SMB,South,4.0,0
C014165,Control,2924.79,9,33,Consumer,West,15.4,1
C014166,Control,1818.59,3,4,Consumer,South,15.6,0
C014167,Treatment,1866.8,14,35,SMB,West,5.2,0
C014168,Treatment,1837.01,3,8,SMB,South,7.8,0
C014169,Treatment,3769.17,12,36,Enterprise,North,4.9,0
C014170,Treatment,1358.74,4,10,SMB,East,5.4,0
C014171,Treatment,3105.88,7,25,Consumer,South,14.0,1
C014172,Control,1827.14,2,9,Consumer,West,4.9,1
C014173,Treatment,1220.27,1,21,SMB,North,10.0,0
C014174,Treatment,2251.75,7,20,Consumer,North,0.0,1
C014175,Control,1365.21,6,10,Consumer,West,16.8,1
C014176,Control,2462.42,1,16,SMB,South,9.4,1
C014177,Treatment,2118.97,4,12,Consumer,South,12.9,0
C014178,Treatment,1683.47,4,9,Consumer,South,10.3,0
C014179,Control,2610.83,16,71,Consumer,West,10.4,0
C014180,Control,944.8,3,2,Consumer,West,5.4,0
C014181,Control,3207.18,5,22,Consumer,South,4.1,0
C014182,Treatment,3749.71,5,13,Enterprise,South,0.0,1
C014183,Treatment,868.78,9,13,Consumer,West,17.2,0
C014184,Control,1756.95,1,13,Consumer,West,15.0,0
C014185,Treatment,803.39,7,19,Consumer,South,14.7,0
C014186,Control,975.88,11,53,Consumer,East,7.5,0
C014187,Control,3088.57,4,21,Consumer,South,12.3,0
C014188,Control,2821.69,8,12,Consumer,South,6.0,0
C014189,Treatment,1649.75,4,12,SMB,East,14.4,0
C014190,Treatment,1564.73,2,5,Consumer,East,8.5,1
C014191,Control,1733.48,4,10,Consumer,South,7.1,1
C014192,Treatment,1994.64,3,22,SMB,West,4.9,0
C014193,Treatment,1272.36,10,25,Consumer,South,8.2,0
C014194,Treatment,1267.95,16,62,Consumer,West,4.2,1
C014195,Treatment,2693.16,4,23,Consumer,South,2.0,0
C014196,Treatment,1270.22,3,13,Consumer,West,7.0,0
C014197,Control,774.01,5,18,Consumer,South,10.6,0
C014198,Control,1563.84,11,34,Consumer,North,7.5,0
C014199,Treatment,1444.87,4,28,Consumer,East,5.0,0
C014200,Treatment,4133.93,2,13,Consumer,North,23.0,0
C014201,Treatment,1232.37,6,13,Consumer,North,7.1,0
C014202,Treatment,1859.33,7,37,Consumer,East,14.8,0
C014203,Treatment,1882.79,3,14,Consumer,South,0.0,0
C014204,Treatment,1482.63,4,10,Consumer,West,0.0,0
C014205,Treatment,2334.82,2,26,Enterprise,North,15.6,0
C014206,Control,2606.68,10,32,SMB,South,10.2,0
C014207,Treatment,1139.16,1,10,Consumer,South,13.1,0
C014208,Treatment,2624.92,14,34,Consumer,South,11.6,0
C014209,Control,3666.61,16,47,Enterprise,South,1.9,0
C014210,Control,1699.51,11,28,SMB,South,10.2,0
C014211,Treatment,2085.71,1,4,Consumer,South,13.9,0
C014212,Treatment,1887.73,2,17,Consumer,North,1.1,0
C014213,Control,2478.7,9,40,Enterprise,East,7.1,0
C014214,Control,2895.71,11,33,Consumer,South,11.7,1
C014215,Control,1463.23,4,1,Consumer,South,4.2,0
C014216,Control,2295.1,5,21,Consumer,South,13.6,0
C014217,Treatment,1182.55,1,22,Consumer,West,5.2,0
C014218,Treatment,1868.69,9,33,Consumer,South,0.0,0
C014219,Treatment,2465.7,1,9,SMB,West,10.7,0
C014220,Control,1560.32,8,26,Consumer,South,13.8,0
C014221,Control,1306.44,7,30,Consumer,West,15.4,0
C014222,Control,4096.06,1,15,Enterprise,South,17.0,0
C014223,Treatment,2856.44,10,15,Consumer,South,1.9,0
C014224,Treatment,2123.15,9,38,Consumer,South,8.9,0
C014225,Control,734.35,7,15,Consumer,West,14.3,0
C014226,Treatment,2493.56,7,11,Consumer,South,12.0,0
C014227,Control,517.27,1,6,Consumer,East,7.5,0
C014228,Control,2128.39,6,20,SMB,North,16.4,0
C014229,Treatment,2981.29,1,14,Consumer,South,12.0,0
C014230,Control,971.95,4,14,Consumer,East,14.5,0
C014231,Treatment,2326.16,3,19,Consumer,South,3.2,0
C014232,Control,932.49,8,35,Consumer,East,7.3,0
C014233,Treatment,1488.02,7,32,Consumer,West,5.8,1
C014234,Control,4551.91,5,29,Enterprise,South,8.7,0
C014235,Control,1522.93,7,12,Consumer,South,7.5,0
C014236,Control,591.68,8,25,Consumer,South,14.9,0
C014237,Treatment,1073.06,2,5,Consumer,East,5.9,0
C014238,Treatment,855.92,13,21,Consumer,South,7.9,0
C014239,Treatment,1224.27,1,11,Consumer,East,12.5,0
C014240,Control,1183.01,2,20,Consumer,North,3.3,0
C014241,Control,465.36,8,13,Consumer,West,8.3,0
C014242,Control,1313.11,8,17,SMB,East,9.9,0
C014243,Treatment,918.08,6,3,Consumer,South,7.1,0
C014244,Control,2302.66,19,67,Consumer,West,6.8,0
C014245,Control,1804.58,10,20,Enterprise,West,10.3,0
C014246,Treatment,2795.17,6,35,SMB,North,5.1,0
C014247,Treatment,2275.05,6,23,Consumer,South,10.1,0
C014248,Control,2559.22,4,3,Consumer,South,6.9,0
C014249,Control,1786.35,2,21,Consumer,South,10.1,0
C014250,Control,2234.78,1,4,SMB,South,12.1,1
C014251,Treatment,1433.71,9,12,Consumer,South,11.0,1
C014252,Control,1383.28,2,18,SMB,North,7.8,0
C014253,Treatment,1836.47,6,14,Consumer,North,19.7,0
C014254,Control,1474.87,3,6,Consumer,South,11.5,0
C014255,Treatment,1438.01,4,6,Consumer,North,4.8,1
C014256,Treatment,2436.3,4,31,SMB,South,12.4,0
C014257,Control,2104.07,10,36,SMB,North,7.4,1
C014258,Control,1237.42,2,26,Consumer,North,11.7,0
C014259,Control,1653.53,8,37,Consumer,West,10.6,0
C014260,Treatment,1486.04,15,67,Consumer,East,9.9,0
C014261,Treatment,2629.45,7,22,Consumer,West,11.1,0
C014262,Treatment,1934.81,12,32,Consumer,West,3.5,0
C014263,Control,419.56,2,16,Consumer,East,5.8,0
C014264,Control,2953.8,6,9,SMB,West,6.2,0
C014265,Treatment,4189.74,7,4,Enterprise,North,6.9,0
C014266,Treatment,1656.06,9,46,Consumer,East,15.7,0
C014267,Treatment,1733.04,1,9,SMB,South,11.3,0
C014268,Treatment,1989.21,1,1,Consumer,East,10.4,0
C014269,Treatment,3397.81,7,12,SMB,North,8.7,0
C014270,Treatment,710.54,9,17,Consumer,West,19.4,0
C014271,Treatment,3509.77,13,66,Consumer,South,6.1,0
C014272,Treatment,2496.97,6,21,Consumer,West,12.9,0
C014273,Treatment,1084.46,6,13,Consumer,West,13.0,0
C014274,Treatment,1562.45,11,33,SMB,West,12.6,0
C014275,Control,2112.61,7,18,Consumer,South,7.3,0
C014276,Treatment,5261.51,9,16,SMB,South,4.4,0
C014277,Treatment,4810.53,9,26,Enterprise,East,10.9,0
C014278,Control,2101.29,4,14,Consumer,South,9.4,0
C014279,Treatment,2110.76,12,49,Consumer,South,8.0,0
C014280,Control,2416.02,12,47,SMB,East,7.2,0
C014281,Control,1599.98,10,34,Consumer,West,12.8,0
C014282,Control,1314.5,1,10,Consumer,South,8.3,0
C014283,Treatment,1191.72,3,15,Consumer,North,4.9,0
C014284,Treatment,2067.79,9,30,Consumer,East,20.5,0
C014285,Treatment,771.21,7,15,Consumer,East,15.5,0
C014286,Control,1965.7,7,14,Consumer,West,7.2,0
C014287,Treatment,1177.72,1,22,Consumer,East,17.1,1
C014288,Control,2448.74,7,9,SMB,South,2.8,0
C014289,Control,1337.13,5,16,SMB,East,3.6,0
C014290,Control,912.44,1,12,SMB,West,6.8,0
C014291,Treatment,2698.99,1,7,Consumer,South,15.2,0
C014292,Control,3243.15,1,24,SMB,North,6.1,1
C014293,Treatment,1487.36,4,8,SMB,East,13.0,0
C014294,Treatment,3372.1,2,6,Consumer,North,4.8,0
C014295,Control,2443.25,1,4,Consumer,West,9.9,0
C014296,Treatment,2146.35,13,25,Consumer,North,10.0,0
C014297,Control,793.44,5,8,Consumer,South,6.1,0
C014298,Control,975.91,6,9,SMB,West,11.3,0
C014299,Control,1883.13,7,33,Consumer,North,5.0,0
C014300,Treatment,2147.81,2,4,Consumer,North,3.6,0
C014301,Treatment,4192.42,4,14,SMB,North,6.6,0
C014302,Treatment,2105.66,6,10,SMB,West,3.8,0
C014303,Treatment,2459.65,11,31,Consumer,West,3.4,0
C014304,Control,2434.93,5,13,Consumer,South,16.7,0
C014305,Treatment,875.02,1,9,SMB,East,8.1,0
C014306,Control,1045.59,9,15,Consumer,East,8.3,0
C014307,Control,1804.27,6,18,Consumer,North,7.8,0
C014308,Treatment,3261.79,1,5,Enterprise,South,6.8,0
C014309,Control,1153.61,11,10,SMB,West,0.0,0
C014310,Control,2224.86,9,31,Consumer,North,13.4,0
C014311,Control,3525.82,4,13,Enterprise,South,18.4,0
C014312,Control,2071.91,3,35,Consumer,South,6.8,0
C014313,Treatment,2836.32,13,46,Consumer,South,9.6,0
C014314,Control,2030.62,5,36,Consumer,North,10.3,0
C014315,Treatment,2501.34,15,38,Consumer,South,7.0,0
C014316,Control,1378.44,1,18,Consumer,North,6.4,0
C014317,Treatment,982.01,6,8,Consumer,West,10.7,0
C014318,Treatment,1702.88,13,33,Consumer,North,3.0,0
C014319,Treatment,2318.51,10,40,Consumer,South,12.9,0
C014320,Treatment,978.9,7,23,SMB,South,6.9,0
C014321,Treatment,1011.92,5,12,Consumer,South,0.0,1
C014322,Treatment,1401.32,1,12,SMB,West,4.1,1
C014323,Treatment,1873.98,8,39,Enterprise,South,7.5,0
C014324,Control,2008.35,4,6,Enterprise,East,12.9,0
C014325,Control,491.15,5,3,Consumer,South,15.1,0
C014326,Treatment,1871.57,9,25,Consumer,West,12.6,0
C014327,Control,1615.1,2,17,SMB,West,10.9,0
C014328,Control,3337.71,10,32,Enterprise,South,12.7,0
C014329,Treatment,3298.63,7,19,SMB,West,6.2,0
C014330,Control,2791.74,1,25,SMB,West,11.6,0
C014331,Control,1269.39,3,32,SMB,West,14.1,0
C014332,Treatment,1155.1,10,30,Consumer,West,5.2,0
C014333,Control,997.18,6,20,Consumer,East,5.6,0
C014334,Control,6637.11,15,49,Consumer,South,6.9,1
C014335,Control,1286.23,16,41,SMB,South,2.3,1
C014336,Control,1449.56,13,37,Consumer,West,14.6,0
C014337,Control,2239.06,3,16,Consumer,West,6.7,0
C014338,Treatment,1522.49,3,15,Consumer,North,1.6,1
C014339,Control,3529.33,2,6,Consumer,South,0.0,0
C014340,Control,2797.59,8,25,Consumer,North,16.0,0
C014341,Treatment,1038.29,9,17,SMB,South,13.7,0
C014342,Control,4511.24,6,49,Enterprise,South,5.3,1
C014343,Control,1442.2,11,44,Consumer,South,12.1,1
C014344,Control,1380.96,6,8,Consumer,East,3.8,0
C014345,Control,2078.97,6,5,Consumer,North,8.7,0
C014346,Control,995.9,7,10,Consumer,East,5.6,0
C014347,Control,2363.82,7,52,SMB,East,3.8,1
C014348,Treatment,3416.56,10,67,Consumer,West,13.1,0
C014349,Treatment,894.18,9,30,Consumer,North,10.7,1
C014350,Treatment,2611.03,13,31,Consumer,South,7.4,0
C014351,Control,1245.07,4,6,SMB,East,12.2,0
C014352,Treatment,2155.9,5,19,Consumer,East,9.6,0
C014353,Treatment,3630.98,8,52,Enterprise,South,5.5,0
C014354,Control,1208.78,2,11,Consumer,South,4.7,0
C014355,Treatment,1741.52,4,28,Consumer,West,12.6,0
C014356,Treatment,3133.13,7,31,Consumer,South,9.5,0
C014357,Control,1152.39,2,10,Consumer,North,7.8,0
C014358,Treatment,1318.84,9,26,Consumer,West,8.0,0
C014359,Control,1973.31,6,4,Consumer,West,14.0,0
C014360,Control,1432.06,3,13,Consumer,South,12.2,1
C014361,Control,1192.02,3,15,Consumer,West,8.7,0
C014362,Control,1303.78,3,15,Consumer,South,19.3,0
C014363,Treatment,2165.65,10,15,Consumer,West,8.9,1
C014364,Treatment,2418.74,6,40,Consumer,East,11.4,0
C014365,Control,1002.83,5,13,Consumer,South,12.4,0
C014366,Treatment,2499.53,13,72,SMB,West,1.3,0
C014367,Treatment,2113.15,1,14,Consumer,West,7.9,0
C014368,Treatment,2311.7,2,7,SMB,North,8.5,0
C014369,Treatment,484.76,4,11,Consumer,East,0.0,0
C014370,Treatment,2530.78,6,34,SMB,West,10.4,0
C014371,Treatment,1644.93,2,19,Consumer,South,0.9,0
C014372,Control,4224.24,2,22,Enterprise,South,21.4,0
C014373,Treatment,3076.55,3,13,Consumer,South,12.6,0
C014374,Control,1883.51,2,6,Enterprise,West,5.0,0
C014375,Control,5154.0,6,2,SMB,South,19.3,0
C014376,Control,675.22,6,10,Consumer,South,14.2,0
C014377,Control,1225.04,4,15,Consumer,East,11.9,0
C014378,Treatment,1506.91,1,14,Consumer,North,11.0,0
C014379,Treatment,1992.43,1,12,Consumer,North,7.7,0
C014380,Control,2208.28,6,17,Consumer,North,8.0,0
C014381,Treatment,2900.74,15,33,Consumer,North,11.7,0
C014382,Control,1771.48,3,12,Consumer,West,18.6,0
C014383,Treatment,1934.61,2,27,Consumer,North,12.7,1
C014384,Control,1393.77,7,16,Consumer,South,16.8,0
C014385,Control,1337.39,16,56,Consumer,South,10.0,0
C014386,Treatment,1431.7,7,24,Consumer,West,6.8,0
C014387,Treatment,1253.03,3,6,Consumer,North,17.2,0
C014388,Control,838.3,2,13,Consumer,South,18.0,0
C014389,Control,2608.27,3,19,SMB,East,4.2,1
C014390,Control,1688.23,8,27,SMB,South,8.8,0
C014391,Treatment,3153.41,3,20,Enterprise,East,14.3,0
C014392,Control,1560.98,4,7,Consumer,North,6.7,0
C014393,Control,815.42,2,13,Consumer,West,8.4,0
C014394,Treatment,1101.36,8,19,Consumer,South,15.2,0
C014395,Treatment,1284.43,6,31,Consumer,West,9.7,1
C014396,Control,2650.69,11,51,Enterprise,West,8.1,0
C014397,Treatment,2881.99,8,28,Consumer,East,11.2,0
C014398,Control,3202.92,12,33,Enterprise,North,12.5,1
C014399,Control,1664.4,6,10,Enterprise,East,0.0,0
C014400,Treatment,2484.44,8,33,Consumer,South,19.0,0
C014401,Control,3159.86,8,30,Consumer,North,10.3,0
C014402,Control,1289.7,2,20,Consumer,South,13.7,0
C014403,Treatment,2412.87,9,39,SMB,North,14.3,0
C014404,Treatment,1216.92,10,21,Consumer,West,4.5,0
C014405,Treatment,2015.4,6,19,Consumer,West,0.5,0
C014406,Treatment,2999.3,3,18,Enterprise,East,13.8,0
C014407,Control,2362.87,10,32,SMB,West,13.9,0
C014408,Treatment,2439.81,4,11,Enterprise,East,5.6,0
C014409,Control,856.49,1,22,Consumer,West,15.8,1
C014410,Treatment,1427.16,6,37,SMB,South,5.3,0
C014411,Control,1419.03,1,7,Consumer,South,7.0,0
C014412,Control,829.15,2,16,Consumer,East,8.8,0
C014413,Control,1493.43,2,11,Consumer,West,3.9,0
C014414,Treatment,795.85,6,14,Consumer,West,7.1,0
C014415,Control,1018.71,1,8,Consumer,West,11.0,0
C014416,Treatment,1453.96,1,8,SMB,West,14.3,1
C014417,Treatment,739.32,6,12,SMB,South,9.8,0
C014418,Treatment,1770.36,2,6,Enterprise,South,7.8,0
C014419,Control,1725.82,7,13,Consumer,South,4.5,0
C014420,Control,4426.4,11,45,SMB,East,8.8,0
C014421,Treatment,2740.95,13,3,Consumer,South,5.3,0
C014422,Treatment,1833.43,5,22,Consumer,North,4.9,0
C014423,Control,2208.29,1,8,SMB,South,5.2,0
C014424,Treatment,3569.72,5,13,Enterprise,West,10.4,0
C014425,Control,1616.06,2,9,Enterprise,South,10.9,1
C014426,Control,675.59,4,7,Consumer,East,8.3,0
C014427,Control,1399.44,4,16,SMB,South,14.3,0
C014428,Control,1210.94,7,9,Consumer,South,13.6,0
C014429,Control,2555.05,11,29,SMB,East,5.2,0
C014430,Treatment,922.44,2,11,Consumer,South,16.0,0
C014431,Control,2564.36,18,70,Consumer,East,0.0,0
C014432,Treatment,2060.81,7,14,Enterprise,East,13.2,0
C014433,Treatment,1140.07,9,23,Consumer,South,10.1,0
C014434,Treatment,4693.87,4,33,Enterprise,West,7.4,0
C014435,Control,2043.93,6,15,Consumer,West,7.5,0
C014436,Treatment,2851.74,4,28,SMB,South,10.6,0
C014437,Control,4201.81,2,11,Enterprise,North,7.1,0
C014438,Treatment,1587.23,4,13,Consumer,South,12.1,0
C014439,Control,1602.93,4,24,Consumer,South,0.0,1
C014440,Treatment,1967.88,5,17,SMB,South,7.2,0
C014441,Control,985.65,11,37,Consumer,East,10.8,0
C014442,Treatment,1394.49,6,16,Consumer,West,8.9,1
C014443,Control,1880.87,11,57,Consumer,North,4.2,1
C014444,Control,1118.36,7,26,Consumer,East,8.9,0
C014445,Treatment,1228.94,12,48,Consumer,East,11.2,0
C014446,Control,1649.15,5,8,Consumer,East,10.8,0
C014447,Treatment,1787.74,1,13,Consumer,West,7.8,0
C014448,Treatment,3570.02,3,14,Enterprise,South,11.8,0
C014449,Treatment,1160.03,5,16,Consumer,South,7.2,0
C014450,Treatment,2463.62,10,18,Consumer,South,7.5,0
C014451,Treatment,4068.2,14,72,SMB,South,13.0,1
C014452,Treatment,1997.09,9,33,SMB,South,4.5,1
C014453,Control,1422.39,1,7,Consumer,North,9.5,0
C014454,Treatment,926.57,8,46,Consumer,South,3.4,1
C014455,Treatment,2844.63,5,13,Consumer,North,13.2,0
C014456,Control,2581.01,3,17,Enterprise,North,10.4,0
C014457,Control,1287.43,7,13,SMB,South,15.0,0
C014458,Control,2258.38,4,25,Consumer,North,15.5,0
C014459,Treatment,821.11,3,7,Consumer,North,9.4,0
C014460,Control,2885.91,15,63,SMB,East,3.2,0
C014461,Treatment,2120.93,3,10,SMB,East,7.0,0
C014462,Treatment,1935.79,1,17,Consumer,West,6.4,0
C014463,Treatment,1976.73,1,11,Enterprise,West,17.8,0
C014464,Control,1478.22,4,5,SMB,West,11.0,0
C014465,Treatment,2108.25,6,4,Consumer,East,12.4,0
C014466,Treatment,2060.51,4,31,Consumer,South,16.2,0
C014467,Control,1998.53,1,23,Consumer,North,11.9,0
C014468,Control,1206.17,5,13,SMB,West,10.5,0
C014469,Control,1610.85,8,23,Consumer,West,13.6,0
C014470,Treatment,1964.75,6,10,SMB,South,0.6,1
C014471,Control,999.43,5,12,SMB,South,3.8,0
C014472,Control,1415.02,5,9,SMB,North,10.0,0
C014473,Control,1193.5,9,6,Consumer,North,13.6,1
C014474,Control,1897.05,1,8,Consumer,South,9.4,0
C014475,Control,581.3,7,8,Consumer,North,9.7,0
C014476,Treatment,2870.64,11,22,Consumer,South,0.9,0
C014477,Control,4631.35,5,17,SMB,West,14.4,0
C014478,Treatment,1528.92,4,14,Consumer,West,16.8,1
C014479,Control,1135.76,4,20,Consumer,West,3.0,0
C014480,Control,1233.3,1,10,Consumer,South,0.6,1
C014481,Treatment,778.61,1,7,Consumer,South,12.7,0
C014482,Treatment,1845.6,7,10,Enterprise,East,13.4,0
C014483,Treatment,928.89,4,19,SMB,East,0.0,1
C014484,Control,1186.61,3,10,Consumer,West,11.4,0
C014485,Treatment,9185.62,2,17,SMB,South,7.8,0
C014486,Treatment,2080.82,4,15,Consumer,North,6.4,0
C014487,Control,1184.2,7,13,Consumer,South,2.3,0
C014488,Treatment,651.87,1,5,Consumer,South,10.3,0
C014489,Control,1238.83,9,11,Consumer,South,6.2,0
C014490,Control,3172.67,5,21,SMB,South,7.7,0
C014491,Treatment,3160.14,8,31,Enterprise,South,18.2,1
C014492,Treatment,3123.42,10,29,SMB,South,17.3,1
C014493,Treatment,3022.82,10,28,Consumer,East,13.8,1
C014494,Treatment,1990.05,5,6,Consumer,North,5.3,0
C014495,Control,1988.65,17,37,Consumer,West,6.4,0
C014496,Treatment,1150.63,6,9,Consumer,East,8.5,0
C014497,Treatment,1589.46,4,12,Enterprise,North,14.0,1
C014498,Control,1900.87,8,19,Consumer,North,3.3,0
C014499,Control,2800.19,6,35,Consumer,North,5.8,0
C014500,Treatment,896.43,4,8,SMB,North,9.8,0
C014501,Control,3302.46,23,72,Consumer,East,7.7,0
C014502,Treatment,3806.9,4,16,Enterprise,West,5.2,0
C014503,Control,1359.97,7,15,Enterprise,North,10.0,0
C014504,Treatment,1616.71,3,17,Consumer,South,3.4,0
C014505,Treatment,3329.36,5,30,Enterprise,West,8.2,0
C014506,Treatment,2836.67,5,27,Enterprise,South,2.2,0
C014507,Treatment,3781.34,8,7,SMB,South,12.3,0
C014508,Control,5183.05,8,24,Enterprise,South,1.0,0
C014509,Treatment,1401.93,6,24,Consumer,North,1.3,0
C014510,Treatment,1597.23,9,39,Consumer,South,5.4,1
C014511,Treatment,2066.88,1,3,SMB,West,1.9,0
C014512,Treatment,2142.23,10,42,Consumer,East,7.6,0
C014513,Treatment,2415.17,6,36,Enterprise,South,6.6,1
C014514,Treatment,1295.53,10,34,Consumer,West,10.8,0
C014515,Treatment,1254.91,14,47,Consumer,South,7.1,0
C014516,Treatment,2446.34,9,37,SMB,North,10.7,1
C014517,Treatment,1253.78,3,25,Consumer,West,7.9,0
C014518,Control,811.92,5,16,Consumer,East,19.7,1
C014519,Control,1753.85,1,7,SMB,West,3.1,0
C014520,Treatment,2714.63,1,9,Consumer,North,1.8,0
C014521,Control,1326.27,12,43,SMB,South,9.0,0
C014522,Control,2162.14,1,14,Enterprise,West,3.6,0
C014523,Control,1145.02,5,15,Consumer,North,8.0,0
C014524,Treatment,1712.23,9,23,SMB,West,14.2,1
C014525,Treatment,1730.55,11,14,Consumer,West,10.5,0
C014526,Treatment,1737.87,1,22,SMB,South,12.3,1
C014527,Treatment,1278.47,3,15,Consumer,West,6.2,1
C014528,Treatment,1403.36,3,19,Consumer,West,5.8,0
C014529,Control,2658.26,7,22,SMB,West,12.8,0
C014530,Control,1074.51,1,11,Consumer,South,1.8,1
C014531,Control,2303.21,13,23,SMB,East,10.0,0
C014532,Control,1954.83,1,14,Consumer,South,7.3,0
C014533,Treatment,4452.47,12,51,Enterprise,North,5.6,0
C014534,Control,960.96,4,3,SMB,West,7.8,0
C014535,Treatment,2630.28,11,37,SMB,West,7.3,0
C014536,Treatment,1768.63,4,14,Consumer,North,11.0,0
C014537,Control,1516.75,2,29,SMB,East,9.7,1
C014538,Treatment,2116.63,4,15,Consumer,West,4.6,0
C014539,Treatment,2283.93,2,26,SMB,East,14.4,1
C014540,Treatment,2234.63,6,23,SMB,North,15.5,0
C014541,Treatment,2076.3,5,15,SMB,North,10.2,0
C014542,Treatment,1816.61,2,9,Consumer,South,13.4,0
C014543,Treatment,1242.78,1,4,SMB,West,8.8,0
C014544,Treatment,1903.63,3,24,SMB,South,4.7,0
C014545,Control,2751.6,15,30,SMB,South,11.9,0
C014546,Treatment,3434.73,4,5,Enterprise,West,8.8,0
C014547,Treatment,1414.86,1,17,Consumer,West,9.6,1
C014548,Control,916.06,1,7,Consumer,West,8.5,0
C014549,Control,1576.91,8,28,Consumer,West,13.1,0
C014550,Control,2090.77,1,3,SMB,East,8.4,0
C014551,Control,1548.05,1,9,Consumer,West,9.1,0
C014552,Control,3124.47,7,14,SMB,East,12.7,0
C014553,Control,1951.5,8,20,Consumer,East,17.5,0
C014554,Treatment,2355.12,6,17,Consumer,North,7.9,0
C014555,Treatment,2283.55,9,38,Consumer,South,18.4,0
C014556,Treatment,2146.59,15,43,Consumer,North,14.0,0
C014557,Control,790.04,4,31,Consumer,West,11.0,0
C014558,Treatment,2057.74,2,14,SMB,North,12.6,0
C014559,Control,1856.43,10,18,Consumer,South,16.8,0
C014560,Control,1308.1,4,12,SMB,West,8.2,0
C014561,Treatment,4636.51,6,15,Consumer,West,0.3,0
C014562,Treatment,2573.33,10,41,SMB,West,2.4,0
C014563,Treatment,1017.43,20,49,Consumer,East,4.9,0
C014564,Treatment,2914.81,7,34,Consumer,North,11.9,0
C014565,Treatment,1081.13,9,22,SMB,South,8.7,0
C014566,Treatment,1465.65,1,19,Enterprise,West,17.0,0
C014567,Treatment,1806.43,7,21,Consumer,West,13.1,0
C014568,Control,3062.62,9,19,Consumer,South,9.4,0
C014569,Control,3400.98,11,34,SMB,South,9.0,0
C014570,Treatment,4864.56,8,24,Enterprise,South,7.5,0
C014571,Treatment,1768.35,7,17,Consumer,South,7.6,0
C014572,Control,2096.12,5,29,SMB,South,9.4,0
C014573,Control,1022.39,8,18,Consumer,North,2.8,0
C014574,Control,1701.59,10,11,Consumer,South,2.1,0
C014575,Control,2794.15,2,10,Consumer,South,8.3,1
C014576,Control,886.92,7,5,SMB,East,9.8,0
C014577,Treatment,2879.18,15,67,Consumer,South,8.1,0
C014578,Control,2472.43,8,25,SMB,South,6.3,1
C014579,Control,3857.71,1,22,Consumer,South,15.1,0
C014580,Control,1607.5,1,7,Consumer,East,12.1,0
C014581,Treatment,1591.19,3,8,Consumer,South,8.4,0
C014582,Control,2398.36,9,21,Consumer,West,6.0,0
C014583,Control,1335.9,3,16,Consumer,South,5.0,0
C014584,Treatment,3196.98,1,7,SMB,West,12.4,1
C014585,Treatment,779.88,2,9,Consumer,South,5.0,0
C014586,Control,1323.16,10,12,SMB,East,15.2,1
C014587,Treatment,1938.34,9,21,SMB,East,11.8,1
C014588,Control,3032.95,3,12,Consumer,North,8.2,0
C014589,Treatment,1670.63,4,13,Enterprise,South,5.7,0
C014590,Control,1708.88,1,3,Consumer,North,10.8,0
C014591,Treatment,1951.82,3,21,Consumer,South,7.8,0
C014592,Treatment,1131.7,1,11,SMB,West,7.0,0
C014593,Treatment,2685.6,9,41,Enterprise,East,6.3,0
C014594,Treatment,2187.67,13,39,Consumer,East,10.1,0
C014595,Control,1336.47,5,22,Consumer,South,5.8,0
C014596,Treatment,2771.13,3,27,SMB,South,9.4,0
C014597,Control,1860.19,9,45,Consumer,East,13.9,0
C014598,Control,2324.05,6,29,SMB,North,6.2,1
C014599,Treatment,2381.14,5,19,Consumer,North,4.5,0
C014600,Treatment,1139.43,3,10,Enterprise,South,17.6,0
C014601,Treatment,821.53,8,24,Consumer,South,8.0,0
C014602,Treatment,1288.93,1,9,Enterprise,West,12.4,0
C014603,Treatment,2487.44,15,44,SMB,North,8.4,0
C014604,Treatment,1947.79,1,9,Enterprise,North,7.4,0
C014605,Treatment,1760.93,6,16,Consumer,North,12.9,0
C014606,Treatment,1365.86,1,7,Consumer,South,14.5,1
C014607,Control,992.87,1,4,Consumer,South,3.9,0
C014608,Treatment,3635.8,13,41,SMB,North,0.0,0
C014609,Treatment,1671.67,7,16,Consumer,North,11.8,0
C014610,Treatment,1423.9,16,52,Consumer,North,14.9,1
C014611,Control,1347.28,10,27,Consumer,West,9.0,0
C014612,Control,1963.57,1,8,SMB,South,7.6,0
C014613,Control,7982.95,17,70,SMB,East,9.2,0
C014614,Control,1733.21,5,17,Consumer,North,12.9,0
C014615,Treatment,1617.14,7,41,SMB,South,11.5,0
C014616,Control,2319.13,3,19,Consumer,West,4.7,0
C014617,Control,3428.33,1,10,Enterprise,North,3.2,1
C014618,Treatment,3778.8,7,22,SMB,South,1.7,0
C014619,Control,1011.51,13,42,Consumer,South,9.5,0
C014620,Control,1205.77,6,21,Consumer,North,15.9,0
C014621,Treatment,961.38,1,17,Consumer,South,0.0,1
C014622,Treatment,3828.52,6,24,SMB,South,4.7,0
C014623,Treatment,2418.65,3,34,Enterprise,South,13.3,1
C014624,Treatment,695.89,15,33,Consumer,South,5.2,0
C014625,Treatment,2929.33,9,24,Consumer,South,11.8,0
C014626,Control,2385.43,9,24,Consumer,South,5.7,0
C014627,Treatment,991.97,1,14,Consumer,West,4.1,0
C014628,Treatment,2798.43,8,17,Enterprise,East,11.3,0
C014629,Treatment,3483.18,5,16,Enterprise,South,3.3,0
C014630,Control,1305.21,6,28,Consumer,South,8.3,0
C014631,Control,3251.17,9,33,Consumer,East,8.2,0
C014632,Control,2053.24,1,13,Consumer,South,17.1,0
C014633,Treatment,1108.48,7,23,Consumer,West,6.0,0
C014634,Treatment,1250.61,2,6,SMB,West,6.3,0
C014635,Control,1541.01,4,22,Consumer,South,11.9,0
C014636,Treatment,1297.49,1,2,SMB,West,10.5,0
C014637,Treatment,1544.99,2,9,Consumer,North,5.6,1
C014638,Treatment,1011.88,2,7,Consumer,North,6.0,1
C014639,Control,2114.14,3,2,SMB,West,4.9,0
C014640,Treatment,1851.16,3,12,SMB,West,7.6,0
C014641,Treatment,1917.39,1,34,SMB,South,10.9,1
C014642,Treatment,3305.97,1,4,Enterprise,West,5.2,0
C014643,Treatment,1548.64,6,24,Consumer,North,6.0,0
C014644,Treatment,2694.75,9,37,Consumer,East,15.5,0
C014645,Control,1193.2,15,41,Consumer,West,8.1,0
C014646,Treatment,3253.37,1,13,SMB,West,12.4,0
C014647,Control,1464.16,1,12,Consumer,South,10.0,0
C014648,Treatment,1638.47,6,9,Consumer,South,8.7,0
C014649,Treatment,2701.54,9,36,Consumer,West,13.2,1
C014650,Treatment,1304.62,8,19,Enterprise,South,7.5,1
C014651,Treatment,2361.88,1,10,Consumer,West,9.7,0
C014652,Control,3542.91,1,8,Consumer,South,3.2,1
C014653,Control,748.59,8,22,Consumer,North,3.5,0
C014654,Treatment,2130.56,2,10,Consumer,South,3.9,0
C014655,Control,1286.95,10,23,SMB,South,3.1,0
C014656,Control,1898.06,1,16,SMB,North,14.8,0
C014657,Treatment,3791.98,19,60,SMB,South,5.4,0
C014658,Control,1761.4,2,11,Consumer,West,7.9,0
C014659,Control,2158.47,7,20,Enterprise,North,12.7,1
C014660,Control,880.73,3,21,Consumer,East,15.6,0
C014661,Treatment,4507.38,5,21,SMB,South,8.1,0
C014662,Control,484.02,9,9,Consumer,East,8.2,1
C014663,Treatment,1441.69,1,6,Consumer,South,3.2,0
C014664,Treatment,1720.62,5,18,Consumer,West,0.7,0
C014665,Control,2134.36,12,34,Consumer,South,13.4,0
C014666,Control,4531.29,3,20,SMB,South,8.6,0
C014667,Control,1007.51,6,11,SMB,North,11.5,0
C014668,Treatment,3311.33,10,45,Enterprise,South,10.7,0
C014669,Control,1613.9,1,13,SMB,North,4.6,0
C014670,Control,1467.36,9,25,Consumer,East,5.0,0
C014671,Control,1899.05,11,10,Consumer,South,11.2,1
C014672,Control,6842.22,11,28,SMB,West,10.5,1
C014673,Treatment,2177.1,5,11,Consumer,South,13.6,0
C014674,Control,2081.21,1,8,Consumer,East,5.4,1
C014675,Treatment,2602.74,7,25,Consumer,North,4.8,1
C014676,Control,3275.26,6,12,SMB,East,9.6,0
C014677,Treatment,771.72,1,17,Consumer,West,15.0,1
C014678,Treatment,1916.95,1,10,Consumer,South,15.6,0
C014679,Control,1202.42,1,7,Enterprise,North,4.3,0
C014680,Treatment,5724.02,2,16,Enterprise,East,9.2,0
C014681,Treatment,2309.25,3,15,SMB,North,14.8,0
C014682,Treatment,1887.17,4,21,Consumer,South,12.1,1
C014683,Treatment,2641.61,5,19,SMB,North,2.0,1
C014684,Treatment,834.74,3,23,Consumer,South,13.0,0
C014685,Control,479.16,3,5,Consumer,West,5.5,0
C014686,Treatment,1697.97,3,12,SMB,North,10.5,0
C014687,Control,2140.42,5,24,Enterprise,South,11.0,0
C014688,Treatment,1690.06,8,33,Consumer,South,12.4,0
C014689,Treatment,1655.45,7,39,Consumer,South,8.6,0
C014690,Treatment,1865.37,12,32,Consumer,East,10.4,0
C014691,Treatment,1574.26,2,9,Consumer,East,9.0,1
C014692,Control,2321.47,5,19,SMB,West,9.6,0
C014693,Treatment,1341.01,8,10,Consumer,South,15.2,0
C014694,Control,2084.38,4,21,Consumer,North,10.6,1
C014695,Treatment,2020.67,8,20,Enterprise,South,4.8,0
C014696,Treatment,3345.94,1,3,SMB,East,10.1,0
C014697,Control,2915.3,14,32,Enterprise,East,7.3,1
C014698,Treatment,1140.47,4,20,Consumer,West,12.9,1
C014699,Control,2433.58,1,9,Enterprise,West,12.2,0
C014700,Treatment,890.41,5,3,Consumer,North,11.3,0
C014701,Treatment,1421.31,20,59,Consumer,West,3.2,0
C014702,Treatment,1728.04,8,22,Consumer,West,10.0,0
C014703,Treatment,1966.51,5,20,Enterprise,North,3.9,0
C014704,Control,3220.43,2,23,Consumer,South,4.1,0
C014705,Control,1699.74,6,18,Enterprise,West,8.1,0
C014706,Control,3244.86,8,7,Enterprise,South,11.4,0
C014707,Control,1769.84,7,15,Enterprise,North,10.2,1
C014708,Control,2136.96,3,11,Consumer,South,6.6,0
C014709,Treatment,2623.74,7,33,Consumer,South,9.2,0
C014710,Treatment,630.17,8,26,Consumer,West,15.9,0
C014711,Control,2250.01,4,28,Consumer,West,6.1,0
C014712,Treatment,1587.13,3,3,Consumer,West,0.6,0
C014713,Treatment,2430.31,13,41,Consumer,South,8.7,0
C014714,Control,1715.74,4,7,SMB,West,4.3,0
C014715,Treatment,3342.66,14,58,Enterprise,North,10.2,0
C014716,Control,621.52,1,10,Consumer,South,1.9,0
C014717,Treatment,1532.82,7,21,Consumer,West,0.0,0
C014718,Treatment,1377.1,1,12,Consumer,West,5.7,0
C014719,Control,1718.35,4,1,Enterprise,East,13.6,0
C014720,Control,865.3,5,6,Consumer,North,6.5,0
C014721,Treatment,2981.74,4,34,Consumer,North,12.5,0
C014722,Control,1508.6,2,17,Consumer,East,8.9,0
C014723,Treatment,2045.83,7,28,SMB,South,1.2,0
C014724,Treatment,683.33,1,1,Consumer,South,8.9,0
C014725,Control,1494.13,1,8,Enterprise,West,14.5,0
C014726,Treatment,2450.36,9,24,Enterprise,North,10.3,0
C014727,Treatment,3290.22,6,10,SMB,South,14.2,0
C014728,Control,2114.34,14,52,Consumer,South,9.7,0
C014729,Treatment,3436.05,18,72,Enterprise,North,14.6,0
C014730,Control,1996.31,10,15,Consumer,South,10.3,0
C014731,Treatment,2117.68,4,16,Consumer,North,1.7,0
C014732,Control,1557.16,6,12,Consumer,South,4.7,1
C014733,Control,3167.28,1,28,SMB,South,13.9,0
C014734,Treatment,2238.61,1,18,Consumer,South,5.8,0
C014735,Treatment,2883.58,14,55,Consumer,West,9.0,0
C014736,Control,2490.07,4,10,Enterprise,South,10.5,0
C014737,Treatment,1068.78,6,23,Consumer,East,8.3,0
C014738,Treatment,1446.53,7,32,Consumer,East,7.0,0
C014739,Control,4010.61,1,26,Enterprise,South,11.0,1
C014740,Treatment,5543.66,10,55,SMB,South,8.7,1
C014741,Treatment,2374.21,7,28,Consumer,West,12.8,0
C014742,Treatment,1583.33,8,12,Consumer,South,4.0,0
C014743,Treatment,3327.5,12,51,Consumer,South,6.6,0
C014744,Treatment,1199.95,4,15,Consumer,South,16.7,0
C014745,Treatment,2157.99,3,8,Consumer,West,16.5,0
C014746,Treatment,4024.96,7,36,Consumer,South,8.6,0
C014747,Control,2946.82,7,7,SMB,South,4.1,0
C014748,Control,973.8,4,14,Consumer,South,13.9,0
C014749,Treatment,1014.17,11,24,Consumer,West,19.4,0
C014750,Treatment,2242.31,1,3,Consumer,South,2.6,1
C014751,Control,1625.05,3,11,Consumer,West,13.2,0
C014752,Control,891.69,2,5,Consumer,West,11.5,0
C014753,Control,1547.38,6,18,SMB,North,4.9,1
C014754,Treatment,3428.1,1,15,Enterprise,South,13.4,0
C014755,Treatment,1154.23,8,30,Consumer,West,4.4,0
C014756,Treatment,2644.98,10,50,Consumer,South,7.2,0
C014757,Control,3650.56,4,14,SMB,South,7.9,0
C014758,Treatment,2100.38,7,31,Consumer,South,3.8,0
C014759,Control,2882.32,1,7,Consumer,North,8.8,0
C014760,Control,3348.76,8,37,SMB,South,3.7,0
C014761,Control,2014.2,15,53,Consumer,West,6.9,0
C014762,Treatment,2016.43,4,16,Consumer,East,15.0,0
C014763,Treatment,2287.68,2,11,Consumer,North,12.6,0
C014764,Control,1089.71,1,13,Consumer,South,12.0,0
C014765,Control,1341.12,2,9,Consumer,South,13.5,0
C014766,Treatment,1012.54,8,26,Consumer,East,15.7,0
C014767,Control,873.78,10,22,Consumer,South,1.4,0
C014768,Control,1212.68,1,8,Consumer,West,10.3,0
C014769,Control,1741.39,9,18,Consumer,West,4.6,0
C014770,Control,1215.67,7,17,Consumer,East,5.9,0
C014771,Control,1716.48,3,11,Consumer,South,3.4,0
C014772,Treatment,1405.86,6,34,Consumer,East,18.6,0
C014773,Control,1566.83,8,20,SMB,South,0.5,0
C014774,Control,1735.84,7,24,Consumer,West,9.8,0
C014775,Treatment,1376.16,2,27,SMB,West,16.7,0
C014776,Control,2651.26,10,31,Enterprise,West,8.7,0
C014777,Treatment,1376.37,13,54,Consumer,East,0.0,0
C014778,Control,1073.96,11,24,Consumer,East,19.0,0
C014779,Treatment,1185.21,6,19,Consumer,South,18.0,0
C014780,Control,4782.5,15,40,SMB,North,4.3,0
C014781,Treatment,2561.43,10,18,Enterprise,East,13.9,1
C014782,Treatment,1394.91,9,45,Consumer,West,10.5,1
C014783,Treatment,1942.47,8,9,Enterprise,West,2.8,0
C014784,Treatment,3124.06,5,33,SMB,West,13.7,0
C014785,Control,1602.61,1,11,Consumer,South,6.7,0
C014786,Control,2833.04,2,9,Enterprise,East,9.4,0
C014787,Treatment,1614.87,8,10,Consumer,East,12.2,0
C014788,Treatment,2167.19,4,4,Consumer,South,11.4,0
C014789,Control,874.1,3,3,SMB,North,11.6,0
C014790,Treatment,1962.29,5,5,SMB,South,3.8,0
C014791,Treatment,843.35,1,10,Consumer,South,0.0,0
C014792,Treatment,3257.36,5,21,Consumer,East,5.6,0
C014793,Treatment,1242.32,4,10,Consumer,West,13.0,0
C014794,Treatment,3436.15,13,56,Consumer,East,3.5,0
C014795,Control,1825.56,2,4,Consumer,South,8.5,0
C014796,Treatment,1491.1,3,35,Consumer,South,10.3,0
C014797,Control,3027.62,4,25,Consumer,South,8.5,0
C014798,Control,1146.1,3,11,Consumer,East,15.0,0
C014799,Treatment,2525.47,1,16,Consumer,North,6.5,0
C014800,Treatment,2171.07,8,48,SMB,South,8.4,0
C014801,Control,2278.02,6,17,SMB,West,10.1,0
C014802,Treatment,1350.05,1,8,Consumer,North,9.7,0
C014803,Control,1875.25,1,9,SMB,East,2.1,0
C014804,Control,4774.77,2,15,Consumer,West,15.6,1
C014805,Treatment,1069.46,17,57,Consumer,West,13.6,0
C014806,Treatment,1071.12,7,10,SMB,West,5.0,0
C014807,Treatment,3148.04,4,39,Consumer,West,11.5,1
C014808,Control,958.57,2,12,Consumer,South,7.3,0
C014809,Treatment,1673.71,6,9,SMB,South,12.9,0
C014810,Control,1214.16,9,16,Consumer,North,15.8,0
C014811,Treatment,3543.8,1,3,Enterprise,North,1.7,0
C014812,Control,4649.64,8,26,Enterprise,East,17.1,0
C014813,Treatment,2978.69,2,17,Consumer,South,16.5,1
C014814,Control,1237.16,9,21,SMB,South,4.7,0
C014815,Control,1730.28,9,42,Enterprise,West,0.0,0
C014816,Control,1652.42,4,15,Enterprise,North,9.2,0
C014817,Treatment,9108.15,1,16,Consumer,South,10.5,0
C014818,Treatment,1991.64,10,29,Consumer,East,4.5,0
C014819,Treatment,2386.15,4,7,Consumer,North,5.0,0
C014820,Control,825.69,3,4,Consumer,South,12.0,0
C014821,Control,939.03,1,6,Consumer,North,9.0,0
C014822,Treatment,1588.52,2,8,Consumer,West,5.7,0
C014823,Control,1175.71,11,37,Consumer,East,12.4,0
C014824,Treatment,2179.11,3,16,Consumer,East,9.3,1
C014825,Control,819.38,8,19,Consumer,South,18.0,0
C014826,Treatment,3393.95,9,21,Consumer,East,19.2,0
C014827,Treatment,1890.49,8,39,Consumer,South,10.2,0
C014828,Control,773.19,5,18,Consumer,South,8.4,0
C014829,Control,3118.27,1,6,Consumer,North,9.3,0
C014830,Treatment,987.77,5,19,Consumer,North,5.9,0
C014831,Control,2829.19,12,55,Consumer,North,11.0,1
C014832,Treatment,1335.09,5,13,Consumer,South,5.0,0
C014833,Treatment,1083.37,12,43,Consumer,North,10.1,0
C014834,Control,1299.19,7,22,Consumer,North,5.8,0
C014835,Treatment,3122.19,14,44,Consumer,West,5.4,0
C014836,Control,1814.56,4,11,Consumer,South,6.8,0
C014837,Treatment,1213.83,1,9,Enterprise,East,6.9,0
C014838,Control,2233.7,6,2,SMB,South,10.6,0
C014839,Treatment,2253.47,1,14,Enterprise,North,10.8,0
C014840,Control,1900.24,1,8,Consumer,West,9.2,0
C014841,Control,676.75,4,12,Consumer,North,10.1,0
C014842,Control,853.48,3,23,SMB,West,11.3,1
C014843,Control,583.72,1,2,Consumer,East,5.2,0
C014844,Treatment,2884.85,1,1,SMB,South,9.5,1
C014845,Control,1624.68,5,25,Consumer,East,7.9,0
C014846,Control,3776.97,1,11,Consumer,West,5.7,0
C014847,Control,1650.13,10,35,SMB,West,13.1,0
C014848,Control,1231.16,9,36,Consumer,South,17.5,0
C014849,Control,717.52,1,14,Consumer,South,14.3,0
C014850,Control,2303.11,1,10,Consumer,South,12.8,1
C014851,Treatment,1873.41,3,18,Consumer,North,10.5,1
C014852,Treatment,2355.11,8,35,Consumer,South,10.1,0
C014853,Treatment,1825.79,10,30,Consumer,East,10.6,0
C014854,Control,4361.63,9,58,Consumer,South,11.1,0
C014855,Treatment,926.4,6,10,Consumer,West,14.2,0
C014856,Treatment,2449.26,2,11,Consumer,West,7.8,0
C014857,Treatment,2270.08,7,37,Consumer,North,9.6,0
C014858,Control,1195.07,1,14,Consumer,South,14.0,0
C014859,Control,1329.94,2,8,Consumer,South,6.2,0
C014860,Control,1038.69,1,10,Consumer,North,6.8,0
C014861,Control,2764.05,6,20,SMB,North,6.6,0
C014862,Treatment,3593.52,15,53,Consumer,West,7.4,1
C014863,Control,2870.67,18,50,Consumer,North,13.5,0
C014864,Control,3119.41,8,34,Consumer,South,17.7,0
C014865,Control,1494.2,5,13,Consumer,South,5.7,0
C014866,Control,1024.42,5,13,Consumer,North,2.5,0
C014867,Control,2699.5,17,52,SMB,West,6.5,0
C014868,Control,822.62,4,12,Consumer,West,9.4,0
C014869,Treatment,2175.5,6,37,Consumer,South,7.3,0
C014870,Control,2018.74,5,23,Consumer,South,10.9,1
C014871,Treatment,1704.17,1,11,Consumer,West,8.5,0
C014872,Treatment,808.49,12,27,Consumer,East,13.3,0
C014873,Treatment,3102.52,8,24,Enterprise,South,10.8,0
C014874,Treatment,850.08,5,3,Consumer,South,0.0,0
C014875,Control,1122.68,2,15,Consumer,South,4.0,0
C014876,Treatment,1889.64,7,20,Consumer,South,7.7,0
C014877,Treatment,1843.11,6,22,Consumer,South,2.2,0
C014878,Control,502.33,1,10,Consumer,East,11.1,0
C014879,Control,2298.85,1,15,Enterprise,South,13.0,1
C014880,Treatment,1212.86,5,13,Consumer,East,10.1,0
C014881,Control,2001.23,11,13,Enterprise,East,7.9,0
C014882,Treatment,1697.92,14,48,Consumer,West,8.2,0
C014883,Control,3969.35,12,45,Consumer,South,5.7,1
C014884,Control,496.91,7,6,SMB,North,8.6,1
C014885,Treatment,1221.5,3,17,Consumer,East,4.1,0
C014886,Treatment,674.24,9,30,Consumer,West,6.9,0
C014887,Treatment,1221.47,1,10,Consumer,North,5.7,0
C014888,Treatment,2290.59,5,17,Consumer,West,5.7,0
C014889,Treatment,5882.37,1,7,SMB,West,18.8,0
C014890,Control,1606.35,5,6,Consumer,East,7.7,0
C014891,Treatment,1601.35,1,18,Consumer,North,10.8,0
C014892,Control,1706.72,1,6,Consumer,East,8.5,0
C014893,Control,2223.24,10,21,Enterprise,South,4.1,0
C014894,Treatment,3805.94,8,19,Enterprise,South,10.2,0
C014895,Control,1859.09,6,23,Consumer,North,2.8,0
C014896,Treatment,2812.01,4,6,SMB,East,10.0,0
C014897,Control,1354.72,3,4,Consumer,South,10.2,0
C014898,Control,2729.81,21,63,Consumer,South,8.1,0
C014899,Control,1803.18,5,16,SMB,South,4.1,0
C014900,Treatment,1824.87,8,26,Consumer,South,12.0,0
C014901,Treatment,2288.71,4,18,SMB,South,15.6,0
C014902,Control,2012.78,5,15,Consumer,South,0.0,1
C014903,Control,2166.57,1,19,SMB,North,5.5,0
C014904,Control,1378.92,4,10,Consumer,South,4.2,0
C014905,Control,1132.0,6,17,Consumer,North,6.0,0
C014906,Treatment,1616.25,9,33,Consumer,West,7.2,0
C014907,Treatment,1368.84,8,15,Consumer,South,8.1,0
C014908,Control,2410.15,16,51,SMB,West,17.2,0
C014909,Control,1376.9,11,24,SMB,South,7.4,1
C014910,Treatment,2743.47,1,8,Consumer,North,11.2,1
C014911,Control,1306.92,9,27,Consumer,South,10.1,0
C014912,Control,3639.65,10,36,Consumer,South,9.2,0
C014913,Treatment,986.37,7,13,Consumer,South,12.9,0
C014914,Control,3163.66,5,21,Consumer,West,7.7,0
C014915,Control,1791.21,3,6,Consumer,North,13.0,0
C014916,Control,1321.6,3,20,SMB,South,16.8,0
C014917,Treatment,1717.24,8,12,Consumer,North,4.8,0
C014918,Control,1681.23,3,6,Consumer,South,13.3,0
C014919,Treatment,4483.08,9,13,Enterprise,East,10.3,1
C014920,Control,1467.43,2,21,Consumer,North,10.5,0
C014921,Control,3187.4,14,58,Consumer,North,8.1,1
C014922,Treatment,1593.6,8,32,Consumer,East,12.9,0
C014923,Control,1955.04,5,43,Enterprise,South,2.1,1
C014924,Control,3105.21,11,36,SMB,South,8.3,0
C014925,Control,1355.95,11,28,Consumer,East,3.4,0
C014926,Treatment,2198.47,2,14,SMB,North,0.5,0
C014927,Control,2071.62,6,22,Consumer,West,13.7,0
C014928,Treatment,3526.73,1,8,SMB,West,2.7,0
C014929,Control,1521.07,10,22,SMB,South,16.0,1
C014930,Control,1362.84,1,22,Consumer,South,11.1,0
C014931,Control,1319.69,1,16,Consumer,South,9.6,0
C014932,Control,1643.13,7,16,Consumer,West,5.4,0
C014933,Treatment,2014.24,6,15,SMB,North,12.9,1
C014934,Control,1363.31,9,26,Consumer,East,13.8,0
C014935,Treatment,1391.96,7,22,Consumer,South,9.3,0
C014936,Control,1892.1,12,40,Enterprise,West,16.1,1
C014937,Treatment,1375.82,11,46,Consumer,West,8.6,0
C014938,Control,1298.06,4,20,Consumer,South,7.4,1
C014939,Treatment,2110.77,10,14,Consumer,South,9.9,1
C014940,Control,1808.6,6,14,Enterprise,South,16.5,0
C014941,Treatment,4445.62,2,8,SMB,South,5.4,0
C014942,Treatment,838.73,3,11,SMB,North,13.8,1
C014943,Treatment,1336.04,4,31,Consumer,East,11.5,0
C014944,Control,1478.92,11,26,Consumer,East,11.8,0
C014945,Treatment,1650.24,1,15,Consumer,West,8.0,1
C014946,Control,2481.83,9,39,SMB,East,6.3,1
C014947,Control,1293.31,6,18,Consumer,East,10.5,0
C014948,Control,2295.68,1,25,Consumer,South,6.2,0
C014949,Treatment,854.4,3,10,Consumer,North,9.8,0
C014950,Control,3271.05,7,28,SMB,East,8.0,0
C014951,Treatment,745.66,1,4,Consumer,East,11.6,1
C014952,Treatment,1093.91,4,17,Consumer,West,12.3,0
C014953,Control,1431.94,6,15,Consumer,South,13.1,0
C014954,Control,3751.46,9,21,Enterprise,North,8.5,0
C014955,Treatment,2793.9,14,57,Consumer,South,13.1,0
C014956,Control,2531.65,1,12,Consumer,South,14.5,0
C014957,Control,1507.07,5,25,Consumer,South,3.3,0
C014958,Control,2784.25,5,27,SMB,North,10.5,0
C014959,Treatment,2038.87,3,28,Enterprise,North,2.1,0
C014960,Control,2023.96,1,15,Consumer,South,14.1,0
C014961,Control,1619.68,4,7,Consumer,South,19.4,0
C014962,Control,1638.52,4,21,SMB,West,10.1,0
C014963,Control,1084.5,6,14,Consumer,West,7.4,0
C014964,Treatment,2697.35,9,22,Consumer,North,9.3,0
C014965,Treatment,1602.27,1,11,Consumer,West,6.7,0
C014966,Treatment,4225.37,12,24,SMB,South,3.6,0
C014967,Treatment,2498.56,12,43,SMB,West,0.0,0
C014968,Control,1819.5,5,10,Consumer,East,5.2,1
C014969,Treatment,3770.85,8,24,Consumer,South,7.4,0
C014970,Treatment,3669.42,4,17,Enterprise,North,6.5,0
C014971,Treatment,2935.52,3,28,Consumer,West,8.8,0
C014972,Treatment,2381.1,3,9,Consumer,West,9.1,0
C014973,Control,3676.47,1,4,Enterprise,South,5.3,0
C014974,Treatment,2373.64,9,14,SMB,South,8.7,1
C014975,Control,3144.78,5,27,Consumer,South,9.1,0
C014976,Treatment,2296.52,5,15,SMB,West,7.6,1
C014977,Control,1382.6,1,7,Consumer,South,12.1,0
C014978,Treatment,1520.56,10,22,Consumer,North,20.7,0
C014979,Treatment,1980.32,4,14,Consumer,South,12.7,0
C014980,Treatment,2462.03,8,14,SMB,South,8.1,0
C014981,Control,979.29,9,20,Consumer,South,4.8,0
C014982,Treatment,4243.99,5,42,Consumer,West,20.5,0
C014983,Treatment,1323.48,2,7,Consumer,West,11.8,0
C014984,Treatment,2076.14,4,17,Consumer,South,8.8,0
C014985,Treatment,3238.22,5,33,Consumer,West,12.5,1
C014986,Treatment,1131.05,13,44,Consumer,East,10.3,0
C014987,Treatment,3228.53,9,37,SMB,East,12.5,0
C014988,Control,963.33,4,8,Consumer,North,9.6,0
C014989,Control,2195.37,4,15,SMB,South,4.9,0
C014990,Treatment,3333.95,5,14,SMB,West,7.9,0
C014991,Treatment,2042.25,2,7,Consumer,East,3.1,0
C014992,Control,1108.57,9,19,Consumer,East,11.7,0
C014993,Control,749.66,5,11,Consumer,North,11.5,0
C014994,Control,581.14,1,11,Consumer,South,12.6,0
C014995,Treatment,5018.75,17,72,Consumer,South,13.6,0
C014996,Treatment,578.67,4,13,Consumer,East,0.0,1
C014997,Treatment,1591.35,8,26,Consumer,West,7.7,0
C014998,Control,1403.48,4,11,SMB,South,7.9,0
C014999,Control,935.12,4,9,SMB,South,6.6,0
C015000,Treatment,1137.48,6,12,Consumer,South,9.1,0
C015001,Control,1267.64,8,15,Consumer,North,4.0,1
C015002,Control,2128.1,6,22,Consumer,North,14.4,0
C015003,Control,1929.07,7,22,Consumer,South,0.7,0
C015004,Treatment,1451.92,10,16,SMB,West,2.6,1
C015005,Control,1030.52,4,3,SMB,South,3.7,0
C015006,Control,2671.05,1,35,Consumer,West,11.5,1
C015007,Control,1064.35,1,6,Consumer,West,5.6,0
C015008,Treatment,2235.61,8,31,Enterprise,North,13.8,0
C015009,Control,2277.02,8,20,Consumer,East,3.4,0
C015010,Control,1306.5,11,28,Consumer,North,8.5,1
C015011,Control,3053.34,5,42,Enterprise,North,10.3,0
C015012,Control,4406.61,7,39,Enterprise,South,10.6,1
C015013,Treatment,1992.05,6,19,Consumer,North,3.9,0
C015014,Treatment,1127.63,6,29,Consumer,East,9.2,0
C015015,Control,1288.52,5,17,SMB,East,0.0,0
C015016,Treatment,1653.95,4,17,Consumer,East,20.6,0
C015017,Control,1099.17,6,15,Consumer,South,13.6,0
C015018,Treatment,1912.15,13,35,Consumer,West,13.1,0
C015019,Control,1009.42,6,26,Consumer,West,7.7,0
C015020,Control,2075.81,6,26,Consumer,West,8.3,0
C015021,Treatment,2496.78,5,14,Consumer,East,11.8,1
C015022,Treatment,2349.92,8,32,Consumer,South,7.8,0
C015023,Treatment,3170.36,15,33,SMB,South,11.5,0
C015024,Treatment,1086.93,2,5,SMB,South,15.5,0
C015025,Treatment,1344.35,15,56,SMB,North,4.1,0
C015026,Treatment,1114.81,2,13,Consumer,West,13.4,0
C015027,Control,1742.4,6,27,Enterprise,West,4.8,0
C015028,Control,2409.28,1,10,Enterprise,West,4.7,0
C015029,Treatment,2677.64,5,14,Consumer,South,8.8,0
C015030,Treatment,1163.12,6,41,Enterprise,North,11.0,1
C015031,Treatment,1776.1,3,9,Consumer,North,1.4,0
C015032,Control,1493.15,10,23,Consumer,West,14.5,0
C015033,Control,1633.98,7,16,Consumer,East,4.1,0
C015034,Control,2373.68,2,4,Consumer,West,0.0,0
C015035,Treatment,1817.72,13,29,SMB,West,6.4,0
C015036,Control,2181.68,6,35,Consumer,South,3.7,0
C015037,Treatment,1978.54,10,19,SMB,South,9.0,0
C015038,Control,4176.17,6,33,SMB,West,9.9,0
C015039,Control,1453.85,6,15,Consumer,South,2.8,0
C015040,Treatment,2571.24,2,14,SMB,South,8.0,0
C015041,Control,1501.97,9,34,Consumer,South,13.6,0
C015042,Treatment,1374.19,8,15,Consumer,East,18.4,0
C015043,Control,2152.42,8,40,Consumer,West,7.6,0
C015044,Treatment,2568.42,16,50,SMB,North,10.3,0
C015045,Treatment,1595.6,5,18,SMB,South,5.0,0
C015046,Treatment,1173.61,5,30,Consumer,West,7.9,0
C015047,Control,4175.28,15,43,Consumer,South,14.2,1
C015048,Control,1462.7,1,6,SMB,East,7.0,0
C015049,Treatment,3929.92,1,13,SMB,West,5.4,0
C015050,Treatment,3744.26,1,25,Enterprise,South,8.3,0
C015051,Treatment,3141.34,8,24,SMB,North,5.3,0
C015052,Treatment,1410.16,4,27,Consumer,North,5.6,0
C015053,Treatment,4291.07,4,18,Enterprise,North,9.8,0
C015054,Treatment,3174.85,4,18,SMB,South,4.9,0
C015055,Treatment,3919.08,12,33,Consumer,North,0.0,0
C015056,Treatment,1839.87,9,28,SMB,South,6.3,0
C015057,Treatment,1506.95,4,2,Consumer,West,6.0,0
C015058,Treatment,3845.58,9,30,Consumer,South,9.0,0
C015059,Treatment,1230.87,4,18,Consumer,South,11.2,0
C015060,Control,1529.61,3,23,SMB,North,9.2,0
C015061,Control,1552.36,1,4,Consumer,East,5.5,0
C015062,Treatment,2318.29,8,27,SMB,South,9.9,0
C015063,Treatment,2604.84,14,68,Consumer,North,12.0,1
C015064,Control,888.58,5,4,Consumer,West,5.7,0
C015065,Treatment,1836.38,8,35,Consumer,West,7.8,0
C015066,Treatment,2353.16,9,31,Consumer,East,17.1,0
C015067,Treatment,1739.59,8,9,SMB,East,12.0,0
C015068,Treatment,2551.91,10,12,Consumer,South,15.1,0
C015069,Control,746.7,4,16,Consumer,South,9.9,0
C015070,Control,2649.82,7,17,SMB,South,6.0,0
C015071,Control,1802.18,2,26,Consumer,West,12.1,0
C015072,Treatment,1370.53,1,9,Consumer,West,7.1,0
C015073,Control,2916.58,5,15,Consumer,East,3.1,0
C015074,Treatment,3595.89,10,32,Enterprise,South,5.1,0
C015075,Treatment,1007.99,1,4,Consumer,East,10.7,0
C015076,Treatment,1935.48,5,32,Consumer,East,8.5,0
C015077,Treatment,809.42,1,9,Consumer,South,7.4,0
C015078,Treatment,2210.89,11,35,SMB,South,7.2,1
C015079,Treatment,1032.53,4,10,Consumer,North,8.6,0
C015080,Control,803.45,4,10,SMB,South,14.5,0
C015081,Control,1105.15,6,18,Consumer,West,0.7,0
C015082,Treatment,2895.85,7,21,SMB,South,10.1,0
C015083,Control,1319.86,5,16,Consumer,East,14.0,0
C015084,Treatment,3549.99,5,13,SMB,South,10.0,0
C015085,Control,1344.7,8,29,Consumer,North,11.1,0
C015086,Treatment,891.79,1,9,Consumer,East,13.8,0
C015087,Control,1697.9,9,28,Consumer,East,5.1,0
C015088,Treatment,2056.83,5,14,Consumer,West,9.6,0
C015089,Control,1707.68,7,27,Consumer,East,3.6,0
C015090,Treatment,1263.99,1,8,Consumer,West,12.4,0
C015091,Control,1989.65,5,20,Consumer,North,16.2,0
C015092,Treatment,1139.29,2,7,Consumer,East,11.9,0
C015093,Control,2165.99,1,14,Consumer,South,4.6,1
C015094,Treatment,1052.92,6,25,Consumer,East,20.4,0
C015095,Treatment,1267.24,4,16,Consumer,East,13.8,0
C015096,Treatment,3128.9,12,44,Enterprise,North,5.4,1
C015097,Treatment,3093.25,3,13,Consumer,South,9.8,0
C015098,Treatment,2617.7,6,27,SMB,East,6.9,1
C015099,Treatment,580.48,3,10,Consumer,South,9.2,0
C015100,Control,3523.76,5,44,Consumer,East,12.9,0
C015101,Treatment,4446.38,7,36,Enterprise,West,7.3,0
C015102,Control,3893.45,6,21,SMB,North,3.8,0
C015103,Treatment,3684.64,1,19,SMB,South,3.0,0
C015104,Control,967.35,4,16,Consumer,West,8.9,1
C015105,Control,1589.12,4,26,SMB,North,12.7,1
C015106,Treatment,2219.64,5,33,Enterprise,South,1.5,0
C015107,Control,1280.75,4,6,Consumer,East,8.6,0
C015108,Control,671.33,2,22,Consumer,East,9.0,0
C015109,Control,1902.63,1,3,SMB,West,5.9,0
C015110,Treatment,1664.14,1,25,Consumer,East,3.2,1
C015111,Control,1220.15,5,23,Consumer,South,9.8,1
C015112,Control,3055.02,1,6,Consumer,South,10.5,0
C015113,Treatment,2015.62,3,8,Consumer,North,8.7,0
C015114,Treatment,383.2,8,15,Consumer,East,9.0,1
C015115,Control,1874.85,3,10,Consumer,North,7.4,0
C015116,Treatment,1139.1,3,5,Consumer,West,8.2,0
C015117,Control,1229.2,1,9,Consumer,North,17.3,0
C015118,Treatment,2677.71,6,32,Consumer,North,10.0,0
C015119,Control,1989.43,8,24,SMB,West,12.5,0
C015120,Control,1821.48,3,21,SMB,North,5.0,0
C015121,Control,1020.36,3,20,Consumer,South,5.1,0
C015122,Treatment,1495.34,1,14,Consumer,West,9.6,0
C015123,Control,1390.9,1,6,SMB,West,5.8,1
C015124,Treatment,2164.56,3,18,Consumer,South,4.6,0
C015125,Control,2168.08,1,3,SMB,South,5.3,0
C015126,Treatment,6311.04,4,16,Enterprise,East,6.6,0
C015127,Treatment,1065.07,4,10,Consumer,South,18.9,0
C015128,Control,974.37,1,9,Consumer,North,17.7,0
C015129,Control,2010.68,7,27,Consumer,North,14.4,1
C015130,Control,969.69,3,15,Consumer,West,14.3,0
C015131,Treatment,2267.73,20,70,SMB,South,12.7,0
C015132,Control,952.52,1,25,Consumer,West,2.6,0
C015133,Treatment,6203.33,11,35,Enterprise,North,12.6,0
C015134,Treatment,1873.87,9,34,SMB,East,1.5,0
C015135,Treatment,2705.92,1,15,Enterprise,South,16.0,1
C015136,Treatment,1143.95,5,20,Consumer,South,11.3,0
C015137,Control,1841.1,6,18,Consumer,East,5.4,0
C015138,Control,1558.14,6,7,Consumer,North,10.8,0
C015139,Treatment,2839.78,9,34,SMB,West,4.4,0
C015140,Control,1054.01,1,15,Consumer,East,8.2,0
C015141,Treatment,2309.85,4,12,SMB,South,8.7,0
C015142,Treatment,1369.04,5,8,Consumer,East,7.5,0
C015143,Control,1829.83,17,49,Consumer,West,17.1,0
C015144,Control,2366.09,2,18,Consumer,South,11.8,1
C015145,Control,1533.67,11,23,Consumer,South,11.6,1
C015146,Control,2370.69,5,15,SMB,West,6.8,0
C015147,Treatment,1154.52,1,18,Consumer,North,7.9,0
C015148,Treatment,2783.01,8,10,Enterprise,East,13.5,0
C015149,Control,1023.28,1,10,Consumer,South,6.7,0
C015150,Treatment,6343.61,6,12,Consumer,East,6.7,0
C015151,Control,4692.03,7,43,Enterprise,South,9.6,0
C015152,Treatment,1764.16,14,45,SMB,North,10.2,0
C015153,Treatment,1597.61,7,23,Consumer,West,7.6,0
C015154,Control,1644.35,4,23,Consumer,South,7.3,0
C015155,Treatment,2964.46,1,12,Enterprise,South,3.0,0
C015156,Treatment,1104.54,5,27,Consumer,East,12.4,0
C015157,Control,709.53,4,23,Consumer,South,5.9,0
C015158,Control,3082.59,1,24,Consumer,North,8.8,0
C015159,Treatment,1289.05,1,6,Consumer,East,0.0,0
C015160,Control,2627.75,18,52,Consumer,West,12.2,0
C015161,Control,929.59,3,16,Consumer,South,13.8,0
C015162,Control,1855.95,5,12,Consumer,West,12.3,0
C015163,Treatment,1392.56,3,17,Consumer,East,12.4,0
C015164,Control,1351.97,7,11,Consumer,North,7.9,0
C015165,Treatment,817.39,7,18,Consumer,East,17.3,1
C015166,Control,2163.47,4,20,SMB,South,8.0,1
C015167,Control,2181.17,4,28,Consumer,West,15.7,0
C015168,Treatment,1314.98,1,10,Consumer,East,6.8,1
C015169,Control,4022.6,2,13,SMB,North,17.3,0
C015170,Treatment,1906.82,6,15,Consumer,North,9.3,0
C015171,Control,3265.38,3,12,Consumer,South,5.0,0
C015172,Treatment,2164.13,8,44,SMB,South,0.0,0
C015173,Control,855.68,2,15,Consumer,West,6.8,0
C015174,Treatment,1411.41,13,37,Consumer,West,13.3,0
C015175,Control,1468.94,5,23,SMB,West,5.5,0
C015176,Treatment,1547.63,9,28,Consumer,South,2.0,1
C015177,Control,1535.11,4,10,Consumer,North,8.2,0
C015178,Control,2336.29,8,32,SMB,East,16.5,0
C015179,Treatment,1206.45,4,19,Consumer,North,16.5,0
C015180,Control,1531.61,7,8,Consumer,North,0.0,1
C015181,Control,930.68,5,9,Consumer,South,11.6,1
C015182,Treatment,2031.4,2,4,Enterprise,West,11.2,0
C015183,Treatment,1260.68,4,26,Consumer,East,2.5,1
C015184,Treatment,1944.89,2,15,Enterprise,North,8.8,1
C015185,Treatment,2146.88,10,24,Consumer,West,17.2,0
C015186,Control,1870.39,11,35,SMB,West,10.7,0
C015187,Control,1802.62,8,5,SMB,East,14.8,1
C015188,Treatment,1128.71,5,14,Consumer,North,3.1,0
C015189,Control,1914.97,4,6,SMB,South,13.0,0
C015190,Control,1825.77,1,12,Consumer,South,8.6,0
C015191,Control,1909.96,5,7,Consumer,East,7.4,0
C015192,Control,1444.67,13,45,Consumer,East,5.3,0
C015193,Control,1284.88,9,14,SMB,South,6.3,1
C015194,Control,2079.88,4,52,Consumer,South,9.1,0
C015195,Treatment,944.9,1,24,Consumer,South,6.5,0
C015196,Treatment,2825.06,8,25,SMB,West,13.0,1
C015197,Treatment,1406.89,4,10,Consumer,North,0.0,0
C015198,Control,729.07,1,12,Consumer,East,13.3,0
C015199,Control,1137.94,6,14,Consumer,West,1.2,0
C015200,Treatment,2233.19,6,25,Consumer,East,5.1,0
C015201,Control,856.95,1,3,Consumer,South,13.0,0
C015202,Control,1540.24,1,6,Consumer,East,13.2,0
C015203,Treatment,3068.88,4,23,Consumer,West,10.8,0
C015204,Treatment,2699.29,1,6,SMB,West,13.3,0
C015205,Control,1824.12,1,22,Consumer,North,10.3,0
C015206,Treatment,3370.71,15,44,Enterprise,North,8.2,1
C015207,Treatment,1409.71,8,11,SMB,North,7.4,0
C015208,Treatment,4495.16,11,30,Enterprise,North,8.5,1
C015209,Control,2450.38,5,21,SMB,East,9.3,0
C015210,Treatment,3056.32,1,7,Consumer,South,7.8,0
C015211,Treatment,1431.96,1,3,Consumer,East,5.2,1
C015212,Control,1478.3,7,17,Consumer,East,2.0,0
C015213,Treatment,4731.38,10,46,SMB,South,4.8,0
C015214,Treatment,3334.49,10,19,SMB,North,13.6,0
C015215,Control,849.97,9,39,Consumer,South,7.9,0
C015216,Control,4642.22,12,54,SMB,North,6.6,0
C015217,Control,2041.66,3,22,Consumer,West,13.2,0
C015218,Treatment,2136.78,13,31,SMB,South,8.6,0
C015219,Control,1452.27,1,7,Consumer,North,10.9,0
C015220,Treatment,2629.66,7,28,Consumer,North,7.3,0
C015221,Control,2725.0,6,35,Consumer,East,7.6,1
C015222,Treatment,3290.02,7,15,Enterprise,East,4.0,1
C015223,Treatment,2284.04,5,16,SMB,West,8.9,0
C015224,Treatment,2692.25,7,38,Consumer,South,5.6,1
C015225,Treatment,2007.7,5,12,Consumer,North,4.9,0
C015226,Control,4060.61,10,22,Consumer,West,9.6,0
C015227,Control,2893.08,6,19,Consumer,South,9.4,1
C015228,Treatment,3941.96,13,50,SMB,South,5.5,0
C015229,Control,1106.73,10,28,Consumer,West,7.7,0
C015230,Treatment,2274.34,4,16,Consumer,South,8.4,0
C015231,Treatment,1503.39,10,19,Consumer,South,14.2,1
C015232,Treatment,1623.34,2,3,SMB,West,1.9,0
C015233,Control,1298.64,9,39,Consumer,South,14.5,1
C015234,Treatment,1759.3,12,24,Consumer,North,13.4,0
C015235,Control,1643.0,4,14,Consumer,South,9.1,0
C015236,Treatment,4305.86,9,25,SMB,North,11.0,1
C015237,Treatment,2824.37,2,28,Enterprise,South,11.3,0
C015238,Treatment,1863.77,1,21,Consumer,West,2.7,0
C015239,Treatment,2296.38,9,21,Consumer,West,10.1,0
C015240,Control,1531.1,1,5,Consumer,East,7.2,0
C015241,Treatment,1731.15,9,25,Consumer,West,0.6,0
C015242,Treatment,3377.66,11,26,Consumer,South,5.4,0
C015243,Control,550.9,5,36,Consumer,South,13.9,0
C015244,Treatment,3584.14,15,32,Consumer,North,8.1,0
C015245,Treatment,664.79,1,14,Consumer,South,13.1,0
C015246,Treatment,2926.26,7,23,Consumer,South,10.2,0
C015247,Treatment,2365.01,9,23,Consumer,North,2.9,0
C015248,Control,1757.65,8,29,Consumer,West,12.5,1
C015249,Treatment,2680.44,6,14,Consumer,North,12.8,0
C015250,Control,2012.77,5,25,SMB,East,6.7,0
C015251,Treatment,2278.83,8,36,Consumer,North,2.3,0
C015252,Control,1601.14,7,20,SMB,South,8.2,0
C015253,Treatment,2623.89,7,19,Enterprise,East,6.2,0
C015254,Control,2654.17,1,9,Consumer,South,8.5,0
C015255,Control,3692.35,9,30,Enterprise,North,14.6,0
C015256,Control,1905.9,3,17,Consumer,East,13.8,0
C015257,Treatment,1426.51,2,15,Consumer,East,12.7,0
C015258,Control,2132.13,9,19,SMB,South,11.5,0
C015259,Control,1095.18,3,10,Consumer,South,8.3,0
C015260,Control,1817.06,8,32,Consumer,North,14.5,0
C015261,Control,1789.58,8,27,Enterprise,South,5.0,0
C015262,Treatment,2084.52,7,20,Enterprise,West,6.0,0
C015263,Control,1002.63,4,14,Consumer,North,11.2,0
C015264,Control,3345.89,6,21,SMB,South,18.7,0
C015265,Control,2090.67,4,22,Consumer,East,8.3,0
C015266,Control,2780.21,11,45,Consumer,West,14.0,1
C015267,Control,2138.52,12,46,Consumer,North,4.1,0
C015268,Control,1979.42,7,12,Consumer,East,10.2,1
C015269,Control,7537.79,8,13,Consumer,East,11.9,0
C015270,Control,1554.28,7,35,SMB,North,12.8,0
C015271,Control,587.76,7,12,Consumer,North,7.9,0
C015272,Treatment,1814.01,4,29,SMB,West,6.3,0
C015273,Control,2259.47,8,28,Consumer,South,4.0,0
C015274,Treatment,3215.8,8,13,Consumer,North,8.3,0
C015275,Treatment,3096.14,10,21,SMB,South,16.6,0
C015276,Treatment,1018.04,5,7,Consumer,South,7.7,0
C015277,Control,2278.43,10,25,SMB,North,20.2,0
C015278,Treatment,2441.81,8,24,Consumer,South,9.1,0
C015279,Treatment,2430.75,4,20,Consumer,South,12.8,0
C015280,Treatment,2015.4,8,15,SMB,South,18.9,0
C015281,Treatment,980.55,1,4,Consumer,South,9.7,0
C015282,Control,2702.62,11,38,Consumer,North,17.6,0
C015283,Treatment,785.16,2,10,Consumer,East,9.4,0
C015284,Treatment,1967.22,6,23,Consumer,East,8.2,1
C015285,Control,1910.47,12,15,Enterprise,South,9.7,0
C015286,Control,510.88,6,15,Consumer,North,2.3,0
C015287,Treatment,1712.9,5,27,Consumer,North,5.2,0
C015288,Control,1775.9,5,46,Consumer,West,4.3,0
C015289,Treatment,978.74,1,3,Consumer,North,9.1,0
C015290,Control,3562.7,8,19,SMB,South,11.7,0
C015291,Treatment,840.4,7,35,Consumer,East,6.5,0
C015292,Control,1548.41,3,9,Consumer,West,20.3,0
C015293,Treatment,2587.02,10,45,Consumer,West,2.0,0
C015294,Treatment,1685.89,1,6,Consumer,South,3.6,0
C015295,Treatment,2277.76,10,14,Enterprise,West,12.3,0
C015296,Control,1185.77,4,8,SMB,North,7.4,1
C015297,Control,1285.13,5,11,Consumer,West,0.0,0
C015298,Control,2641.48,15,41,Consumer,South,11.1,0
C015299,Control,802.19,3,8,Consumer,West,10.6,0
C015300,Treatment,611.28,4,20,Consumer,West,10.0,1
C015301,Control,1073.85,4,12,Consumer,West,8.8,0
C015302,Control,2059.5,3,26,Enterprise,East,8.9,0
C015303,Treatment,978.39,6,18,SMB,South,16.5,0
C015304,Control,1179.65,5,18,Consumer,South,13.7,0
C015305,Control,2813.91,3,11,Consumer,North,12.4,1
C015306,Treatment,3601.88,13,41,SMB,East,14.0,0
C015307,Control,2049.43,7,24,Consumer,North,8.7,0
C015308,Treatment,1963.28,7,22,Consumer,South,10.5,0
C015309,Treatment,708.78,8,27,Consumer,South,0.0,0
C015310,Control,3617.87,5,12,Enterprise,West,20.5,1
C015311,Treatment,1060.83,7,33,Consumer,South,9.2,0
C015312,Treatment,1701.96,2,24,SMB,South,14.3,0
C015313,Control,1915.08,4,26,SMB,South,13.1,0
C015314,Treatment,1456.73,1,1,Consumer,South,12.6,0
C015315,Control,1741.1,7,17,Enterprise,South,7.6,0
C015316,Treatment,990.56,6,15,Consumer,North,15.0,0
C015317,Treatment,2926.94,10,22,SMB,East,12.8,0
C015318,Control,4459.76,9,39,Consumer,South,3.9,0
C015319,Control,1199.93,12,12,Consumer,West,9.8,0
C015320,Control,2279.42,10,22,Consumer,South,9.6,0
C015321,Treatment,1684.9,5,26,Consumer,South,7.1,0
C015322,Treatment,2302.82,5,20,Consumer,West,4.0,0
C015323,Control,1722.62,3,13,Consumer,West,4.7,0
C015324,Control,1780.88,5,7,Consumer,South,12.0,0
C015325,Treatment,1609.72,4,4,Enterprise,North,7.3,0
C015326,Control,1640.28,6,14,SMB,South,11.3,0
C015327,Control,1316.07,1,13,Consumer,East,8.4,0
C015328,Control,1424.94,3,20,Consumer,South,8.5,0
C015329,Treatment,4296.91,7,40,Enterprise,North,4.9,0
C015330,Control,1024.12,5,16,SMB,South,6.3,0
C015331,Treatment,3582.09,1,5,SMB,North,8.7,1
C015332,Treatment,3975.66,4,20,SMB,West,1.6,0
C015333,Control,1568.37,1,3,Consumer,North,10.1,0
C015334,Treatment,1158.29,3,4,Consumer,West,8.7,0
C015335,Control,1312.08,9,9,Consumer,South,2.1,1
C015336,Control,1083.43,6,9,Consumer,West,8.5,0
C015337,Treatment,2394.22,8,15,SMB,West,0.0,0
C015338,Control,1787.69,13,28,SMB,North,6.9,0
C015339,Treatment,1740.36,6,12,SMB,South,9.4,1
C015340,Treatment,784.62,7,19,Consumer,North,13.1,0
C015341,Control,2038.96,3,32,SMB,East,20.9,0
C015342,Treatment,3309.5,16,58,Enterprise,North,9.9,0
C015343,Treatment,2750.7,2,11,Consumer,East,10.3,0
C015344,Control,1425.53,5,13,Consumer,West,1.8,0
C015345,Treatment,1082.74,8,20,Enterprise,South,8.2,0
C015346,Treatment,1751.05,5,19,Consumer,East,6.9,0
C015347,Control,2161.08,5,17,SMB,West,1.4,0
C015348,Control,980.22,1,13,Consumer,West,16.8,0
C015349,Control,3031.83,1,5,Consumer,North,11.0,1
C015350,Control,3043.73,5,17,Enterprise,South,11.5,0
C015351,Control,1026.65,1,12,Consumer,South,16.5,0
C015352,Treatment,2951.01,9,14,Consumer,South,2.7,0
C015353,Treatment,1889.8,5,20,Consumer,South,3.3,0
C015354,Treatment,1686.67,11,40,Consumer,West,15.3,0
C015355,Control,1112.4,1,7,Consumer,South,4.6,0
C015356,Control,1826.23,2,15,SMB,South,12.1,0
C015357,Control,707.58,2,7,Consumer,North,10.3,0
C015358,Control,1379.71,2,33,Consumer,West,18.1,0
C015359,Treatment,1219.18,9,31,Consumer,South,15.8,1
C015360,Control,3829.08,13,41,SMB,North,16.0,1
C015361,Treatment,1853.39,6,23,Consumer,South,1.5,0
C015362,Control,4240.97,2,1,Enterprise,South,12.1,0
C015363,Treatment,5311.24,5,22,Enterprise,South,13.8,0
C015364,Treatment,1595.19,11,59,Consumer,South,9.0,1
C015365,Treatment,1699.15,4,13,Consumer,South,6.3,0
C015366,Treatment,1990.69,4,11,SMB,North,8.4,0
C015367,Treatment,1677.2,6,13,Consumer,South,12.9,0
C015368,Treatment,3422.08,4,26,SMB,East,3.4,0
C015369,Control,2340.17,3,9,Enterprise,South,17.0,0
C015370,Control,1758.94,6,32,Consumer,West,0.6,0
C015371,Treatment,1482.3,1,3,Consumer,South,6.0,0
C015372,Control,2046.42,11,42,Consumer,South,3.5,1
C015373,Treatment,925.26,1,14,Consumer,East,9.1,0
C015374,Control,1419.97,10,30,Consumer,South,6.7,0
C015375,Treatment,749.77,5,13,SMB,North,14.9,0
C015376,Control,1775.31,8,12,Consumer,South,8.0,0
C015377,Treatment,1553.33,1,15,Consumer,West,10.4,1
C015378,Control,1962.14,10,29,Consumer,South,8.5,0
C015379,Control,2630.15,1,12,Consumer,North,7.6,0
C015380,Treatment,2963.48,9,26,SMB,North,9.9,0
C015381,Control,3742.4,8,22,SMB,South,3.1,0
C015382,Control,2961.51,15,42,Consumer,North,4.7,0
C015383,Treatment,3481.46,8,29,Consumer,West,4.0,0
C015384,Treatment,2265.55,1,6,Consumer,West,10.4,0
C015385,Control,1318.18,3,17,SMB,West,9.7,0
C015386,Treatment,4084.44,8,26,Enterprise,South,10.0,0
C015387,Control,2602.29,3,9,SMB,South,9.2,0
C015388,Control,2019.75,3,24,Consumer,South,10.9,1
C015389,Treatment,4357.27,11,35,Consumer,North,7.1,0
C015390,Control,2876.2,11,11,Enterprise,South,8.4,0
C015391,Control,2712.01,7,25,SMB,North,10.7,0
C015392,Control,2283.46,19,72,Consumer,North,5.7,0
C015393,Treatment,1405.04,6,19,Consumer,West,11.2,0
C015394,Treatment,1358.77,4,24,Consumer,West,14.2,0
C015395,Control,1736.58,2,21,Enterprise,West,9.9,0
C015396,Treatment,1899.11,5,14,Consumer,South,15.5,0
C015397,Treatment,2918.01,5,12,Consumer,West,8.5,0
C015398,Control,1362.29,3,11,Consumer,South,14.0,0
C015399,Treatment,1642.21,3,7,Consumer,North,5.4,0
C015400,Control,1364.14,1,9,SMB,South,10.5,0
C015401,Control,1180.05,8,36,SMB,South,11.6,0
C015402,Control,2536.47,9,39,SMB,South,13.5,0
C015403,Control,1120.08,4,22,Consumer,West,11.4,0
C015404,Treatment,1404.12,1,15,SMB,South,16.1,0
C015405,Treatment,871.17,1,7,SMB,West,12.4,1
C015406,Treatment,863.02,12,22,Consumer,North,9.4,0
C015407,Control,1688.02,5,34,Consumer,East,9.6,0
C015408,Control,3884.32,10,40,Consumer,West,6.2,1
C015409,Control,2256.33,14,51,SMB,South,7.9,0
C015410,Control,1647.48,7,10,Consumer,West,8.4,0
C015411,Treatment,1642.26,17,46,SMB,East,10.1,0
C015412,Treatment,1189.72,1,19,Consumer,North,8.4,0
C015413,Treatment,828.95,6,23,Consumer,East,2.9,1
C015414,Treatment,1271.0,3,22,Consumer,East,14.6,0
C015415,Control,977.43,5,13,Enterprise,North,0.0,0
C015416,Control,1142.3,4,26,Consumer,South,5.2,0
C015417,Control,1101.55,3,8,Consumer,North,14.8,0
C015418,Treatment,2917.87,7,43,Enterprise,South,5.4,1
C015419,Control,1698.09,2,20,Consumer,West,13.6,0
C015420,Control,2132.0,1,2,SMB,West,10.2,0
C015421,Treatment,2730.76,12,72,SMB,East,11.4,0
C015422,Control,3467.58,7,21,SMB,South,7.2,0
C015423,Treatment,715.75,2,8,Consumer,South,7.8,0
C015424,Control,3928.9,8,32,Enterprise,North,12.0,0
C015425,Treatment,1433.65,1,9,Consumer,South,9.4,0
C015426,Control,688.54,4,11,Consumer,West,6.9,0
C015427,Treatment,3053.79,3,15,SMB,South,8.9,0
C015428,Treatment,1703.56,7,7,Consumer,South,7.7,0
C015429,Control,1269.23,12,22,Consumer,North,3.3,0
C015430,Treatment,2823.5,5,9,SMB,West,9.4,0
C015431,Treatment,2003.76,11,37,Consumer,South,12.2,0
C015432,Treatment,2240.43,3,11,Consumer,South,9.0,0
C015433,Treatment,2252.98,3,4,SMB,South,8.4,0
C015434,Treatment,1826.59,4,19,Enterprise,South,10.5,0
C015435,Control,667.93,5,14,Consumer,East,4.4,0
C015436,Control,929.28,5,22,Consumer,East,0.1,0
C015437,Control,1759.02,9,34,Consumer,East,13.3,0
C015438,Treatment,1901.69,4,7,Enterprise,North,11.7,0
C015439,Treatment,2320.04,11,47,Consumer,West,0.0,0
C015440,Treatment,1274.89,8,30,Consumer,East,8.3,0
C015441,Control,1048.37,8,7,Enterprise,West,9.0,0
C015442,Treatment,2241.41,2,6,SMB,North,7.0,0
C015443,Treatment,2516.94,10,31,Consumer,West,5.1,1
C015444,Control,2802.33,10,46,Enterprise,East,8.7,0
C015445,Treatment,1483.09,7,15,Consumer,South,5.5,1
C015446,Control,1897.94,5,3,Consumer,North,8.8,1
C015447,Treatment,2435.48,10,29,Consumer,South,2.8,0
C015448,Control,2987.79,13,43,Consumer,West,11.3,1
C015449,Treatment,2158.83,6,6,Consumer,South,16.2,0
C015450,Control,1263.69,1,9,SMB,East,9.2,0
C015451,Control,1173.55,2,20,Consumer,East,12.2,0
C015452,Treatment,1661.72,11,27,Consumer,West,7.9,0
C015453,Treatment,2073.54,3,23,SMB,South,16.0,0
C015454,Control,1367.35,3,5,SMB,West,6.0,1
C015455,Control,2001.1,9,17,Consumer,South,1.9,0
C015456,Treatment,1552.19,3,11,Consumer,West,2.5,0
C015457,Treatment,1769.83,9,47,Consumer,South,5.0,0
C015458,Control,1046.53,3,22,Consumer,South,9.8,0
C015459,Control,2109.84,4,9,SMB,South,7.6,0
C015460,Control,984.11,4,11,Consumer,West,18.0,0
C015461,Treatment,1050.8,8,10,Consumer,East,10.1,0
C015462,Treatment,1291.36,4,5,SMB,North,9.5,1
C015463,Treatment,2054.7,7,7,Enterprise,North,9.6,0
C015464,Control,994.91,8,13,Consumer,East,14.9,0
C015465,Treatment,2617.92,7,14,Consumer,South,1.4,0
C015466,Control,1980.28,4,23,SMB,South,11.8,1
C015467,Treatment,1338.24,9,15,Enterprise,East,4.8,0
C015468,Control,2428.71,5,29,SMB,South,10.5,0
C015469,Control,2416.69,4,15,Consumer,North,7.5,0
C015470,Control,1628.31,4,24,Consumer,South,9.4,0
C015471,Control,2318.17,4,10,Enterprise,South,11.2,0
C015472,Control,1045.29,6,34,SMB,East,13.0,0
C015473,Treatment,2045.56,1,24,SMB,North,11.2,0
C015474,Treatment,1579.26,13,12,SMB,South,9.6,0
C015475,Treatment,1042.09,1,18,SMB,South,11.2,0
C015476,Treatment,1012.25,8,11,Consumer,South,8.8,0
C015477,Control,2414.5,8,16,Consumer,North,11.5,0
C015478,Treatment,2219.17,5,9,Consumer,South,14.3,0
C015479,Control,4619.41,9,38,Enterprise,East,17.2,0
C015480,Control,1854.8,6,43,Consumer,North,14.3,0
C015481,Control,877.34,9,32,SMB,West,15.5,1
C015482,Control,1537.33,8,12,Consumer,West,5.1,0
C015483,Treatment,4279.44,6,14,Consumer,South,13.2,1
C015484,Control,693.85,3,3,Consumer,East,10.1,1
C015485,Control,1058.02,8,8,Enterprise,East,5.3,0
C015486,Treatment,1358.39,14,50,Consumer,North,6.2,0
C015487,Control,3459.07,11,47,SMB,South,14.0,1
C015488,Treatment,722.2,12,39,Consumer,West,13.4,0
C015489,Control,2327.48,10,41,Consumer,North,4.0,0
C015490,Treatment,1250.71,1,7,Consumer,South,8.5,0
C015491,Treatment,1590.28,15,30,Consumer,East,3.2,0
C015492,Control,2673.24,9,28,SMB,North,7.3,1
C015493,Treatment,1637.57,1,31,Consumer,South,5.9,0
C015494,Control,1849.16,16,56,Consumer,West,8.9,0
C015495,Control,1278.15,6,3,Consumer,North,12.5,0
C015496,Treatment,3652.04,5,4,Enterprise,North,5.4,0
C015497,Treatment,1472.65,7,8,Consumer,South,4.5,0
C015498,Control,843.49,5,6,SMB,West,9.0,0
C015499,Control,2315.63,3,15,SMB,South,9.0,0
C015500,Control,3760.9,8,23,Enterprise,South,3.4,1
C015501,Treatment,5952.15,12,27,SMB,West,11.5,0
C015502,Treatment,1411.8,6,4,Consumer,West,4.9,0
C015503,Control,1978.5,1,11,Consumer,North,15.1,0
C015504,Treatment,2118.21,10,22,SMB,West,12.4,0
C015505,Control,2223.38,4,17,SMB,South,14.6,0
C015506,Treatment,2594.74,4,14,Consumer,North,8.0,0
C015507,Treatment,6013.69,9,36,SMB,South,15.9,0
C015508,Treatment,3394.45,10,12,Enterprise,South,11.3,0
C015509,Control,3127.19,7,48,Consumer,West,13.2,0
C015510,Control,479.71,2,9,Consumer,South,13.8,0
C015511,Control,767.04,6,9,Consumer,East,12.6,0
C015512,Treatment,1315.35,7,24,Consumer,North,3.8,0
C015513,Treatment,2361.02,5,13,SMB,North,7.6,1
C015514,Control,855.88,8,13,Consumer,West,10.0,0
C015515,Control,1111.79,1,11,Consumer,West,5.6,1
C015516,Control,2292.77,5,22,SMB,South,11.1,1
C015517,Treatment,2251.7,11,4,Consumer,South,5.5,0
C015518,Treatment,1508.27,1,9,Consumer,North,11.8,0
C015519,Control,1763.13,5,14,Consumer,West,14.2,0
C015520,Treatment,2549.55,6,25,Enterprise,North,18.5,1
C015521,Control,1172.4,1,12,Consumer,South,8.2,0
C015522,Treatment,4957.0,10,57,SMB,East,10.3,0
C015523,Control,1691.9,5,28,Consumer,West,7.9,0
C015524,Control,950.4,10,24,Consumer,North,12.6,0
C015525,Treatment,1380.75,3,18,Consumer,West,9.0,0
C015526,Treatment,2656.06,10,21,Consumer,South,7.5,0
C015527,Control,974.37,3,15,SMB,East,18.2,0
C015528,Treatment,1507.68,9,27,SMB,North,13.0,0
C015529,Treatment,1144.81,10,33,Consumer,West,3.1,0
C015530,Control,1596.43,6,19,Consumer,East,7.1,0
C015531,Treatment,1634.59,16,57,Consumer,West,10.2,0
C015532,Treatment,1213.22,5,12,SMB,South,10.6,0
C015533,Control,1508.19,14,48,SMB,West,1.4,0
C015534,Treatment,2893.45,3,27,Consumer,South,8.1,0
C015535,Treatment,2088.62,1,15,SMB,South,16.2,0
C015536,Control,2173.4,3,13,SMB,North,13.1,0
C015537,Treatment,1160.64,1,4,Consumer,West,12.7,0
C015538,Control,1074.66,10,36,Consumer,South,0.0,0
C015539,Treatment,3485.01,11,47,SMB,East,0.5,0
C015540,Treatment,1187.07,11,23,Consumer,East,8.4,1
C015541,Control,1626.71,6,11,Consumer,West,5.1,0
C015542,Treatment,1691.14,2,8,SMB,South,6.9,1
C015543,Control,1056.26,7,24,Consumer,East,6.4,0
C015544,Treatment,2080.98,9,23,Consumer,South,9.6,0
C015545,Treatment,1572.28,7,17,SMB,East,6.8,1
C015546,Control,3415.82,6,18,Consumer,South,15.8,0
C015547,Treatment,3759.66,5,29,SMB,West,0.0,0
C015548,Control,818.63,6,20,Consumer,West,11.1,0
C015549,Treatment,2359.94,3,19,SMB,South,8.0,0
C015550,Treatment,2010.62,9,25,SMB,North,10.5,0
C015551,Treatment,1641.92,14,51,Consumer,South,10.7,1
C015552,Control,1173.48,1,7,SMB,West,5.4,0
C015553,Treatment,1232.55,6,17,Consumer,West,8.5,0
C015554,Treatment,3653.91,4,7,SMB,South,11.5,1
C015555,Treatment,1597.14,3,5,Consumer,West,6.1,0
C015556,Treatment,2389.35,4,22,SMB,South,11.8,0
C015557,Treatment,1629.22,6,31,Enterprise,West,13.2,0
C015558,Control,402.04,6,12,SMB,West,2.6,0
C015559,Control,1807.35,7,19,Enterprise,South,4.8,0
C015560,Treatment,2979.94,9,24,Consumer,West,0.0,1
C015561,Control,2341.74,13,54,SMB,South,14.9,1
C015562,Treatment,1680.88,6,44,Consumer,South,5.7,1
C015563,Treatment,1693.9,3,4,Consumer,West,17.4,0
C015564,Treatment,1670.92,6,22,Consumer,North,7.6,0
C015565,Treatment,1389.5,7,36,Consumer,South,18.2,0
C015566,Treatment,3723.41,1,24,Enterprise,South,8.2,0
C015567,Treatment,2220.64,1,8,SMB,East,3.5,0
C015568,Treatment,4712.55,2,12,SMB,East,9.2,0
C015569,Control,2439.98,5,16,Consumer,West,6.8,0
C015570,Control,1387.74,4,2,SMB,West,7.7,0
C015571,Control,1760.24,15,45,Consumer,West,13.7,0
C015572,Treatment,951.94,1,5,SMB,East,12.4,0
C015573,Control,1209.15,6,11,Consumer,West,10.2,1
C015574,Treatment,2115.11,7,20,Consumer,South,7.5,1
C015575,Treatment,1288.62,7,8,Consumer,East,7.5,0
C015576,Control,1146.16,9,13,SMB,North,11.8,1
C015577,Treatment,1417.22,14,40,Consumer,North,16.7,0
C015578,Control,2606.93,14,49,Enterprise,South,13.9,0
C015579,Treatment,2639.78,4,13,SMB,North,2.7,1
C015580,Control,1735.76,5,16,Consumer,West,13.2,0
C015581,Control,1453.81,3,5,Consumer,South,6.7,0
C015582,Control,1591.83,2,9,Consumer,West,8.4,0
C015583,Treatment,2033.74,3,23,SMB,South,13.4,0
C015584,Control,964.5,1,20,Consumer,East,9.4,1
C015585,Treatment,1637.26,2,28,Consumer,South,13.1,0
C015586,Treatment,2028.24,4,15,SMB,West,7.9,0
C015587,Control,1912.91,8,30,Consumer,North,1.6,1
C015588,Control,1130.71,7,23,Consumer,East,6.3,0
C015589,Control,848.16,3,7,SMB,West,0.9,0
C015590,Treatment,1644.41,8,20,Consumer,West,10.9,0
C015591,Treatment,1095.32,9,37,SMB,West,7.0,0
C015592,Control,1149.15,5,2,Consumer,South,7.5,0
C015593,Treatment,839.46,7,16,Consumer,South,7.8,0
C015594,Control,3632.49,1,9,Enterprise,North,13.0,0
C015595,Treatment,2383.46,10,22,Consumer,South,11.1,1
C015596,Control,2094.23,3,13,Consumer,North,0.0,0
C015597,Control,924.85,6,24,Consumer,West,0.0,0
C015598,Control,1453.63,8,31,Enterprise,West,13.6,0
C015599,Treatment,3330.54,6,14,Consumer,East,10.2,1
C015600,Treatment,1630.08,11,22,Consumer,West,8.1,1
C015601,Control,860.17,7,39,Consumer,South,9.1,0
C015602,Control,1275.76,9,21,Consumer,North,9.6,0
C015603,Treatment,865.82,8,6,Consumer,East,9.2,0
C015604,Control,1885.55,7,7,Consumer,South,12.2,0
C015605,Treatment,1007.8,2,13,Consumer,South,4.2,1
C015606,Control,1138.37,9,17,Consumer,West,7.5,0
C015607,Control,2259.67,8,26,Consumer,South,8.7,0
C015608,Treatment,1777.07,1,15,Consumer,South,9.8,0
C015609,Control,1441.39,1,6,SMB,North,8.1,0
C015610,Treatment,1393.42,4,33,SMB,East,8.2,0
C015611,Control,2414.58,6,22,SMB,South,11.3,1
C015612,Control,714.96,4,7,SMB,East,13.6,0
C015613,Treatment,1624.29,2,3,Consumer,South,10.1,0
C015614,Control,2636.74,3,23,Enterprise,West,3.3,0
C015615,Treatment,1703.59,1,16,SMB,West,7.0,0
C015616,Treatment,1177.74,7,23,Consumer,South,1.6,0
C015617,Treatment,1567.37,6,10,Consumer,West,11.7,0
C015618,Control,1822.59,7,29,Consumer,North,7.9,0
C015619,Control,1562.35,1,8,Enterprise,North,13.5,0
C015620,Control,576.57,4,19,Consumer,South,10.4,0
C015621,Treatment,1952.28,10,34,Consumer,South,11.0,0
C015622,Control,2439.71,4,23,Consumer,West,3.2,1
C015623,Control,1093.66,4,5,Consumer,West,4.7,0
C015624,Treatment,1471.54,7,32,Consumer,West,7.8,0
C015625,Control,1695.02,5,21,Consumer,North,6.8,0
C015626,Treatment,1100.01,10,27,Consumer,East,7.6,0
C015627,Control,1087.79,3,6,Consumer,East,4.4,0
C015628,Treatment,2554.89,4,26,Consumer,North,11.4,0
C015629,Treatment,1917.8,1,6,SMB,West,8.1,0
C015630,Control,4066.38,1,26,SMB,West,13.5,0
C015631,Treatment,2874.39,6,19,Enterprise,West,2.5,0
C015632,Treatment,1743.66,4,11,Consumer,West,15.6,0
C015633,Control,1197.25,10,18,Consumer,North,8.4,0
C015634,Treatment,1225.95,4,8,Consumer,West,5.2,0
C015635,Treatment,1490.88,5,10,Consumer,West,7.8,0
C015636,Treatment,4064.73,3,15,Enterprise,East,5.2,0
C015637,Treatment,1536.96,4,22,Consumer,North,7.8,0
C015638,Control,2089.57,6,10,Consumer,South,13.7,1
C015639,Control,2479.86,4,16,Consumer,North,7.5,0
C015640,Control,3827.77,5,31,Consumer,North,9.5,0
C015641,Control,2013.72,9,16,SMB,West,7.2,0
C015642,Control,2181.46,4,15,SMB,West,7.9,0
C015643,Control,1753.04,6,33,SMB,West,7.2,0
C015644,Control,1770.45,10,12,Consumer,South,3.3,0
C015645,Treatment,1602.07,2,11,Consumer,East,17.1,1
C015646,Control,2323.68,7,35,SMB,South,10.5,0
C015647,Treatment,963.23,10,21,Consumer,South,17.0,1
C015648,Treatment,1373.64,10,14,Consumer,South,11.9,0
C015649,Treatment,726.3,6,19,SMB,West,1.0,0
C015650,Control,1296.17,9,14,Consumer,West,10.6,0
C015651,Treatment,895.08,4,12,Consumer,West,8.9,0
C015652,Treatment,2752.11,1,3,Enterprise,North,7.9,0
C015653,Treatment,7771.06,3,21,Enterprise,South,7.6,0
C015654,Control,2249.64,12,32,Consumer,East,14.9,0
C015655,Control,1363.18,7,17,SMB,East,4.0,0
C015656,Treatment,3050.05,11,45,Consumer,West,7.8,0
C015657,Control,2227.29,3,17,SMB,North,11.1,0
C015658,Treatment,1893.04,2,9,Consumer,North,6.1,0
C015659,Treatment,2125.9,4,7,Enterprise,West,9.8,0
C015660,Treatment,3692.04,4,28,SMB,South,13.9,0
C015661,Treatment,1144.94,1,15,Consumer,South,11.8,0
C015662,Treatment,628.9,1,5,Consumer,West,0.3,1
C015663,Treatment,1009.77,3,7,Consumer,East,5.5,0
C015664,Treatment,1687.72,4,18,Consumer,East,5.0,1
C015665,Control,1325.75,13,32,Consumer,North,11.9,0
C015666,Treatment,1896.79,8,10,Consumer,East,6.7,0
C015667,Treatment,2461.93,6,19,SMB,South,9.2,0
C015668,Treatment,1351.04,5,33,Consumer,East,6.5,0
C015669,Control,2282.61,14,58,Consumer,South,8.3,0
C015670,Control,367.99,3,13,Consumer,North,17.1,1
C015671,Treatment,1962.57,1,12,Consumer,South,19.4,0
C015672,Control,1753.84,10,18,Consumer,South,10.2,0
C015673,Treatment,1219.15,2,18,Consumer,South,4.5,0
C015674,Treatment,2606.97,13,29,Consumer,North,10.0,0
C015675,Control,1152.6,5,20,Consumer,West,15.9,1
C015676,Control,1579.3,8,11,Consumer,South,10.2,1
C015677,Treatment,1390.71,8,11,Consumer,South,1.5,0
C015678,Control,1089.78,7,14,Enterprise,East,8.3,0
C015679,Treatment,2343.04,7,24,Enterprise,East,3.1,1
C015680,Treatment,703.11,3,5,Consumer,South,4.7,0
C015681,Treatment,1719.43,7,25,Consumer,North,8.4,0
C015682,Control,1459.05,1,5,Consumer,South,5.2,0
C015683,Control,1570.35,1,7,Consumer,North,11.2,0
C015684,Treatment,1369.38,1,3,SMB,South,13.3,0
C015685,Control,1099.63,8,40,Consumer,East,3.3,0
C015686,Control,1833.35,1,19,Consumer,South,13.3,0
C015687,Treatment,1077.65,8,22,Enterprise,North,12.8,0
C015688,Control,1292.88,1,6,Consumer,East,9.4,1
C015689,Control,2422.93,5,19,Consumer,North,10.5,1
C015690,Treatment,1657.88,6,19,SMB,West,11.7,1
C015691,Control,2387.27,5,14,Consumer,South,13.7,0
C015692,Control,2981.72,2,25,Enterprise,East,1.4,0
C015693,Control,2773.06,10,22,Consumer,South,13.1,0
C015694,Treatment,2707.06,5,16,SMB,South,14.0,0
C015695,Treatment,1523.74,5,22,Consumer,South,10.0,1
C015696,Treatment,1449.1,2,19,Consumer,West,12.8,0
C015697,Treatment,1436.0,7,32,Consumer,North,0.1,0
C015698,Control,989.63,1,7,Consumer,South,12.8,1
C015699,Treatment,2259.38,10,40,Consumer,West,3.6,0
C015700,Control,1458.96,1,15,Consumer,South,13.5,0
C015701,Treatment,2036.06,3,18,Enterprise,South,17.9,1
C015702,Treatment,3593.42,2,6,Enterprise,West,16.5,0
C015703,Control,2281.6,1,9,SMB,South,16.1,0
C015704,Treatment,685.06,3,17,SMB,North,8.0,0
C015705,Treatment,1945.29,4,22,Consumer,West,14.1,1
C015706,Control,1225.24,7,30,Consumer,North,8.0,0
C015707,Treatment,1951.81,6,5,Consumer,West,15.5,0
C015708,Treatment,2053.05,8,10,Consumer,North,11.2,0
C015709,Control,2267.23,6,8,Consumer,North,0.0,0
C015710,Control,1972.96,8,13,Consumer,South,12.8,0
C015711,Treatment,2589.56,9,19,Consumer,West,2.1,0
C015712,Control,614.27,7,26,Consumer,North,17.5,0
C015713,Control,1045.95,11,51,Consumer,South,12.8,0
C015714,Treatment,3103.21,9,12,SMB,South,8.4,1
C015715,Treatment,841.66,5,16,Consumer,North,17.0,0
C015716,Control,1454.52,5,32,Consumer,North,10.1,0
C015717,Control,2653.23,6,13,SMB,West,5.0,0
C015718,Treatment,5274.65,16,45,Consumer,East,10.3,0
C015719,Control,1616.28,6,10,Consumer,South,16.8,0
C015720,Treatment,2206.48,4,13,SMB,South,11.2,0
C015721,Treatment,967.76,10,23,SMB,North,0.4,0
C015722,Control,2034.4,4,27,Consumer,South,10.4,1
C015723,Treatment,1615.77,6,16,Consumer,South,11.1,0
C015724,Treatment,4375.73,14,68,SMB,West,9.6,0
C015725,Treatment,2272.56,4,21,Consumer,South,0.0,0
C015726,Control,2255.45,1,11,Consumer,South,5.5,0
C015727,Control,842.31,5,16,Consumer,East,11.3,0
C015728,Treatment,2011.93,3,6,Consumer,South,16.1,0
C015729,Treatment,1083.77,6,9,Consumer,West,4.9,0
C015730,Treatment,1114.78,1,9,SMB,East,5.4,0
C015731,Control,1290.78,13,16,Consumer,North,5.1,0
C015732,Treatment,1435.54,5,14,Consumer,West,11.7,0
C015733,Control,2462.58,8,26,SMB,South,11.7,0
C015734,Treatment,1120.68,6,10,SMB,North,11.7,0
C015735,Treatment,2528.88,2,23,Consumer,East,7.0,0
C015736,Treatment,2451.28,15,38,Consumer,East,6.2,0
C015737,Control,2668.22,6,31,Consumer,North,11.6,1
C015738,Treatment,4053.85,7,11,SMB,South,15.4,0
C015739,Control,1381.73,11,40,Consumer,West,10.2,0
C015740,Control,2242.64,2,10,Consumer,East,10.9,0
C015741,Treatment,1493.33,9,26,Consumer,South,5.2,0
C015742,Treatment,1952.23,5,18,Consumer,South,4.0,0
C015743,Treatment,3351.94,6,14,Enterprise,East,11.7,0
C015744,Treatment,2354.23,6,13,Enterprise,East,7.2,0
C015745,Control,2271.39,7,27,Consumer,North,9.1,0
C015746,Control,1033.15,4,10,Consumer,South,12.8,1
C015747,Treatment,3139.49,11,56,SMB,South,11.3,0
C015748,Treatment,1960.42,3,21,Consumer,East,6.5,0
C015749,Treatment,1948.27,12,38,Consumer,East,12.3,0
C015750,Control,751.24,3,17,Consumer,East,13.5,0
C015751,Control,1031.49,9,16,Consumer,East,15.5,0
C015752,Treatment,2290.59,7,40,SMB,South,7.8,0
C015753,Control,1678.6,5,19,Consumer,West,8.3,0
C015754,Treatment,3869.81,11,40,Consumer,West,4.9,0
C015755,Control,1265.17,7,11,Enterprise,West,12.7,1
C015756,Control,937.63,6,18,Consumer,West,13.1,0
C015757,Control,2343.77,8,3,Consumer,West,9.6,0
C015758,Control,2408.8,1,23,Consumer,South,16.2,0
C015759,Treatment,2410.51,1,18,SMB,South,10.8,1
C015760,Control,2379.72,1,10,SMB,South,5.6,1
C015761,Control,1953.26,1,12,Consumer,South,9.8,0
C015762,Treatment,2314.99,2,24,SMB,West,8.2,0
C015763,Control,1711.12,4,22,Consumer,South,11.4,0
C015764,Treatment,2307.82,1,5,Consumer,North,20.7,0
C015765,Control,868.11,6,29,Consumer,South,15.9,0
C015766,Control,2441.77,1,17,Consumer,North,14.3,0
C015767,Control,1658.43,11,48,SMB,South,3.0,0
C015768,Treatment,3433.86,12,39,Consumer,North,15.4,0
C015769,Control,1311.94,2,12,Consumer,North,12.5,0
C015770,Treatment,2068.92,5,23,SMB,South,15.5,1
C015771,Treatment,1039.43,11,35,Consumer,East,1.4,1
C015772,Control,2480.65,6,10,SMB,East,5.9,0
C015773,Treatment,2022.58,5,27,Consumer,North,12.2,0
C015774,Control,1644.56,12,34,Consumer,West,1.9,0
C015775,Control,1130.55,7,31,Consumer,North,16.0,0
C015776,Treatment,2058.02,6,12,Consumer,East,11.9,0
C015777,Control,1229.32,1,13,Consumer,West,9.8,0
C015778,Treatment,1115.82,1,5,Consumer,West,5.2,1
C015779,Treatment,4656.17,6,41,SMB,South,6.1,0
C015780,Control,3604.16,5,19,Enterprise,South,4.1,1
C015781,Control,3803.13,3,14,Consumer,West,8.0,0
C015782,Treatment,1929.14,2,15,SMB,East,13.1,0
C015783,Control,4507.32,5,13,SMB,West,7.5,0
C015784,Control,2298.42,5,5,SMB,South,13.1,0
C015785,Control,2147.85,6,24,Consumer,West,2.9,0
C015786,Control,1456.25,5,12,Consumer,West,0.9,0
C015787,Treatment,1680.18,3,10,Consumer,East,14.3,0
C015788,Control,3492.03,1,9,Enterprise,West,6.0,0
C015789,Control,1855.3,1,3,SMB,South,8.3,1
C015790,Treatment,1133.4,7,9,Consumer,North,5.1,1
C015791,Treatment,1954.33,4,16,Enterprise,East,10.2,0
C015792,Treatment,1494.71,10,11,Consumer,East,16.7,0
C015793,Treatment,1349.1,1,6,Consumer,South,5.5,1
C015794,Control,2133.02,1,8,SMB,South,1.9,0
C015795,Control,1900.86,12,19,Consumer,East,3.8,1
C015796,Treatment,2274.79,7,7,SMB,North,9.2,0
C015797,Control,1954.17,1,5,Consumer,West,3.7,1
C015798,Treatment,3749.76,11,50,Enterprise,West,5.1,0
C015799,Control,1019.13,1,11,Consumer,North,0.0,0
C015800,Treatment,1097.65,4,4,Consumer,West,10.3,0
C015801,Treatment,1785.35,2,9,Consumer,North,12.4,0
C015802,Treatment,3231.89,7,31,Consumer,South,5.0,0
C015803,Control,1752.08,4,31,Consumer,West,5.9,0
C015804,Treatment,1191.13,9,18,Consumer,North,9.9,0
C015805,Treatment,2047.6,4,23,Consumer,North,11.4,0
C015806,Treatment,2511.01,4,6,Consumer,West,9.3,0
C015807,Treatment,3038.76,4,17,Enterprise,North,9.5,0
C015808,Control,938.48,7,4,Consumer,South,7.3,0
C015809,Control,1023.09,12,39,Consumer,South,11.9,0
C015810,Control,3641.11,3,7,SMB,North,11.1,0
C015811,Treatment,2266.51,4,18,SMB,North,5.1,0
C015812,Treatment,846.44,1,4,Consumer,West,7.3,0
C015813,Control,1659.62,4,38,Consumer,South,11.6,0
C015814,Treatment,4781.87,5,40,Consumer,South,11.5,0
C015815,Control,2965.67,8,29,Consumer,East,4.4,0
C015816,Treatment,1741.82,9,27,Consumer,South,8.8,0
C015817,Control,1278.47,12,37,Consumer,South,7.2,1
C015818,Control,3137.24,2,3,SMB,West,0.5,0
C015819,Control,2931.06,6,24,SMB,West,16.0,0
C015820,Treatment,2285.36,3,14,SMB,South,7.4,0
C015821,Treatment,619.46,5,25,Consumer,South,5.4,0
C015822,Control,2041.78,7,18,SMB,West,8.8,0
C015823,Treatment,2147.55,4,25,Consumer,East,6.9,0
C015824,Treatment,2068.37,6,21,SMB,South,15.0,0
C015825,Control,983.04,2,2,Consumer,South,14.2,0
C015826,Treatment,1305.69,5,18,SMB,North,8.9,1
C015827,Control,2032.62,12,54,Consumer,West,13.1,0
C015828,Treatment,797.92,8,15,Consumer,East,9.1,0
C015829,Treatment,2136.38,7,19,Consumer,South,1.4,0
C015830,Control,1902.34,11,40,Enterprise,South,9.1,0
C015831,Treatment,1050.13,5,6,Consumer,West,6.5,0
C015832,Control,1456.07,4,17,SMB,South,5.7,0
C015833,Treatment,983.47,9,22,Consumer,West,11.6,0
C015834,Treatment,808.5,7,12,Consumer,West,18.3,0
C015835,Control,2289.41,2,9,Consumer,West,5.5,0
C015836,Treatment,1776.56,8,30,Consumer,South,10.1,0
C015837,Control,979.09,8,36,Consumer,West,9.4,0
C015838,Treatment,2546.46,11,36,Consumer,South,17.7,0
C015839,Treatment,1328.1,4,8,SMB,West,7.0,0
C015840,Treatment,2931.16,3,25,Consumer,North,16.7,0
C015841,Treatment,1394.46,5,17,Consumer,South,0.7,0
C015842,Treatment,1913.75,9,18,SMB,South,6.1,0
C015843,Control,1254.04,3,11,Enterprise,West,12.8,0
C015844,Control,3261.77,10,28,Consumer,South,0.0,0
C015845,Treatment,915.07,7,3,Consumer,North,7.7,1
C015846,Control,2225.23,7,28,Enterprise,West,2.7,0
C015847,Control,1138.37,11,27,Consumer,South,2.8,0
C015848,Control,1543.08,1,11,Enterprise,South,16.7,0
C015849,Treatment,2871.33,4,7,Enterprise,North,13.5,0
C015850,Treatment,3126.36,4,8,Consumer,West,9.7,0
C015851,Control,1743.23,3,15,Consumer,East,14.7,0
C015852,Control,1010.6,2,9,Enterprise,East,11.2,1
C015853,Treatment,2566.84,10,36,Consumer,West,13.4,0
C015854,Control,1430.39,7,23,Consumer,West,10.3,0
C015855,Treatment,1401.93,11,39,Consumer,South,7.2,0
C015856,Treatment,2198.27,12,8,SMB,North,5.8,1
C015857,Treatment,1781.9,10,44,SMB,East,7.9,1
C015858,Control,3441.93,1,11,SMB,East,1.6,0
C015859,Treatment,1857.84,1,11,Consumer,North,9.5,0
C015860,Treatment,1015.09,7,29,Consumer,West,15.8,0
C015861,Control,2293.13,1,20,SMB,South,5.1,1
C015862,Treatment,576.38,6,18,Consumer,South,8.5,0
C015863,Control,1967.55,12,31,SMB,South,0.0,1
C015864,Treatment,2057.04,7,2,Consumer,West,9.4,0
C015865,Treatment,2579.01,4,11,Consumer,North,22.3,0
C015866,Control,1109.85,4,5,Consumer,South,9.8,0
C015867,Control,2087.44,7,15,SMB,South,13.4,0
C015868,Control,2584.09,18,43,SMB,West,6.8,1
C015869,Control,5117.44,10,41,Enterprise,South,11.7,1
C015870,Treatment,1017.19,1,6,Consumer,South,6.2,0
C015871,Control,3963.5,4,16,Enterprise,West,9.9,0
C015872,Treatment,1998.75,6,36,Consumer,East,1.4,0
C015873,Control,2664.84,5,12,Enterprise,North,14.0,0
C015874,Treatment,2292.49,7,14,SMB,North,11.2,1
C015875,Treatment,1281.02,3,7,Consumer,East,12.2,0
C015876,Treatment,2510.17,1,10,Consumer,South,7.1,0
C015877,Treatment,1772.92,2,13,Enterprise,North,11.2,0
C015878,Treatment,1010.08,7,13,Consumer,South,15.6,0
C015879,Treatment,1704.09,4,19,SMB,West,5.6,0
C015880,Treatment,3469.69,14,22,Consumer,East,12.4,0
C015881,Control,3638.28,7,42,Consumer,South,8.9,0
C015882,Control,1076.93,1,15,Consumer,North,16.0,0
C015883,Control,1472.58,2,18,Consumer,South,5.7,0
C015884,Treatment,1162.22,8,15,Consumer,West,6.6,0
C015885,Treatment,2074.08,3,14,SMB,East,13.4,0
C015886,Treatment,1380.85,3,13,Consumer,South,8.3,0
C015887,Treatment,1229.14,12,26,Consumer,East,11.2,0
C015888,Control,1238.02,1,11,Consumer,North,12.4,0
C015889,Treatment,2032.28,8,29,Consumer,South,10.0,0
C015890,Control,3104.99,6,25,Consumer,South,1.3,0
C015891,Control,1617.31,13,21,SMB,West,12.0,0
C015892,Treatment,2097.49,3,17,SMB,East,6.1,0
C015893,Control,2826.63,6,33,Consumer,South,2.3,0
C015894,Treatment,1323.62,10,33,Consumer,South,16.8,0
C015895,Treatment,1959.5,11,42,Consumer,West,14.2,0
C015896,Treatment,3743.62,7,18,Enterprise,North,3.6,0
C015897,Control,1927.2,3,13,Consumer,North,0.0,0
C015898,Control,4006.3,6,30,SMB,West,7.9,0
C015899,Control,2090.47,1,9,SMB,West,16.5,0
C015900,Control,3683.26,12,47,Enterprise,South,4.6,0
C015901,Control,2141.69,3,7,SMB,North,7.0,0
C015902,Control,1309.79,7,20,Consumer,East,4.1,0
C015903,Treatment,2391.21,11,11,Consumer,North,10.5,0
C015904,Treatment,1563.32,12,30,Consumer,East,8.5,0
C015905,Treatment,1364.01,5,18,Consumer,East,5.5,0
C015906,Control,1857.68,5,23,Enterprise,East,2.3,0
C015907,Treatment,1239.65,7,7,Consumer,South,10.1,0
C015908,Control,1964.05,10,29,Consumer,West,12.9,0
C015909,Control,903.1,8,26,Consumer,West,6.4,0
C015910,Control,1209.7,8,24,Consumer,East,11.9,0
C015911,Treatment,1458.41,3,20,Consumer,South,8.7,0
C015912,Treatment,1676.05,5,7,Consumer,West,18.0,1
C015913,Control,2194.89,3,16,Consumer,South,15.2,0
C015914,Treatment,3000.06,5,21,Consumer,North,10.9,0
C015915,Treatment,1501.59,7,14,SMB,North,9.4,0
C015916,Control,2280.03,8,21,Consumer,South,9.5,0
C015917,Treatment,1849.91,1,23,Consumer,North,9.0,0
C015918,Control,1578.88,7,3,SMB,West,8.5,0
C015919,Control,2578.65,6,10,SMB,North,1.0,1
C015920,Treatment,931.92,3,18,Consumer,South,16.8,0
C015921,Control,2345.02,7,35,Enterprise,West,3.7,0
C015922,Treatment,1023.24,7,23,Consumer,North,15.0,0
C015923,Control,3716.72,4,17,SMB,South,4.0,0
C015924,Treatment,2919.89,1,18,SMB,West,7.1,0
C015925,Treatment,1102.96,5,28,Consumer,North,9.4,0
C015926,Treatment,861.5,5,8,Consumer,South,9.5,0
C015927,Treatment,2168.34,3,22,Consumer,North,2.2,0
C015928,Treatment,1133.62,8,33,Consumer,East,12.8,0
C015929,Control,1837.06,4,4,Consumer,South,6.4,0
C015930,Control,3592.86,4,8,SMB,West,11.5,0
C015931,Treatment,901.81,3,11,Consumer,East,17.6,0
C015932,Control,2494.06,12,60,Consumer,East,8.8,0
C015933,Control,1286.16,2,18,Consumer,West,10.0,0
C015934,Treatment,3980.36,5,13,SMB,North,3.9,1
C015935,Control,684.02,1,10,Consumer,West,9.2,0
C015936,Control,994.81,10,11,SMB,East,3.6,0
C015937,Treatment,1681.8,6,26,Consumer,East,8.2,0
C015938,Treatment,2455.55,5,12,Consumer,East,10.5,1
C015939,Treatment,1793.4,2,11,SMB,North,3.4,0
C015940,Control,1298.88,6,11,SMB,West,4.9,0
C015941,Control,1005.83,2,33,SMB,East,11.9,1
C015942,Treatment,2914.66,5,11,Enterprise,West,7.9,0
C015943,Control,933.67,2,5,SMB,West,7.9,0
C015944,Treatment,5559.15,14,21,SMB,South,15.1,0
C015945,Control,1447.31,4,12,Consumer,West,3.7,0
C015946,Control,1433.46,1,9,Consumer,North,2.9,0
C015947,Control,2322.41,9,21,Enterprise,North,10.3,1
C015948,Control,1057.59,5,17,Consumer,South,18.6,0
C015949,Control,1287.56,1,7,Consumer,South,11.5,0
C015950,Treatment,2272.77,12,28,Consumer,South,8.6,0
C015951,Treatment,3657.59,3,28,SMB,South,10.2,0
C015952,Control,1314.28,3,14,Consumer,East,7.1,0
C015953,Treatment,1479.78,8,26,Consumer,West,14.4,0
C015954,Control,1613.96,7,24,Consumer,West,5.2,0
C015955,Control,1213.2,9,22,Consumer,South,7.5,1
C015956,Treatment,4042.29,2,20,SMB,West,16.0,0
C015957,Treatment,1141.96,4,16,Consumer,West,9.5,0
C015958,Treatment,1577.0,4,26,SMB,West,12.4,1
C015959,Control,1922.31,6,11,Consumer,South,4.7,0
C015960,Control,2527.73,13,44,Enterprise,East,6.0,0
C015961,Treatment,4327.04,6,26,SMB,North,9.1,1
C015962,Treatment,2156.27,6,24,Consumer,South,9.8,0
C015963,Treatment,990.63,2,11,Consumer,North,7.5,1
C015964,Treatment,2696.97,1,8,SMB,East,2.5,0
C015965,Control,1377.47,6,12,Consumer,North,10.5,0
C015966,Treatment,3736.68,7,40,Consumer,South,9.5,0
C015967,Treatment,1320.69,4,13,SMB,East,13.6,0
C015968,Control,2989.77,6,11,Enterprise,South,1.4,0
C015969,Control,3080.51,7,52,Consumer,South,4.0,0
C015970,Treatment,1113.4,8,29,Consumer,West,5.8,0
C015971,Control,3750.81,2,16,SMB,West,0.0,1
C015972,Treatment,1473.94,6,15,Consumer,West,11.2,0
C015973,Treatment,2826.74,5,16,Enterprise,East,6.2,0
C015974,Control,759.88,8,43,Consumer,South,6.4,0
C015975,Treatment,969.98,5,15,Consumer,North,8.9,0
C015976,Treatment,1053.85,5,9,Consumer,South,3.5,0
C015977,Control,2456.71,1,18,Consumer,West,7.1,0
C015978,Treatment,719.31,4,13,Consumer,South,12.8,0
C015979,Control,1704.98,5,29,SMB,South,1.2,1
C015980,Treatment,1529.0,7,14,Consumer,West,5.0,0
C015981,Control,2707.93,1,12,Enterprise,East,10.6,0
C015982,Control,2232.02,7,20,Consumer,South,16.9,0
C015983,Treatment,1703.02,1,15,Consumer,West,12.7,1
C015984,Control,1314.97,2,7,SMB,East,9.3,1
C015985,Control,939.53,10,23,Consumer,West,16.5,0
C015986,Control,3783.23,1,8,SMB,South,5.0,0
C015987,Treatment,1922.91,3,2,Consumer,South,13.6,0
C015988,Treatment,1912.98,1,13,SMB,North,11.3,1
C015989,Control,1266.97,11,25,Consumer,South,13.2,1
C015990,Control,1363.04,6,16,Consumer,North,18.2,0
C015991,Control,1944.12,15,26,SMB,North,5.9,0
C015992,Treatment,1410.62,5,15,Consumer,South,7.5,0
C015993,Control,2318.68,11,34,Enterprise,South,8.5,0
C015994,Treatment,2498.17,5,19,Consumer,South,14.1,0
C015995,Control,1327.49,13,27,Consumer,North,2.5,0
C015996,Treatment,1960.3,14,59,Consumer,South,14.0,0
C015997,Treatment,3019.4,14,42,Consumer,North,0.0,0
C015998,Control,2822.33,5,43,SMB,North,10.8,0
C015999,Treatment,3165.22,7,28,Consumer,West,4.2,1
C016000,Control,1007.98,4,17,SMB,South,7.6,0
C016001,Treatment,1509.98,8,20,Consumer,West,6.9,0
C016002,Control,1913.11,8,13,SMB,North,10.0,0
C016003,Control,2195.55,13,30,Consumer,South,9.7,0
C016004,Control,1481.31,3,27,Consumer,North,15.1,0
C016005,Control,1619.76,6,7,Consumer,South,3.3,0
C016006,Treatment,2411.25,7,31,Consumer,West,9.2,0
C016007,Treatment,1227.71,11,29,Consumer,West,10.0,0
C016008,Control,3206.3,6,23,SMB,South,7.3,0
C016009,Treatment,1265.41,10,17,Consumer,South,9.2,0
C016010,Treatment,1539.28,3,18,Consumer,East,7.8,0
C016011,Control,629.52,7,13,Consumer,East,15.9,1
C016012,Control,865.09,1,15,Consumer,South,12.5,0
C016013,Treatment,1383.53,4,29,Consumer,South,11.4,1
C016014,Control,1160.22,2,20,SMB,South,19.0,0
C016015,Treatment,1985.06,11,49,Consumer,South,8.2,0
C016016,Control,2501.13,4,18,Consumer,South,12.4,0
C016017,Control,1629.27,4,5,SMB,North,5.9,0
C016018,Treatment,2106.04,9,33,Consumer,South,8.7,0
C016019,Treatment,5004.4,4,14,SMB,South,7.5,1
C016020,Treatment,2463.05,13,51,Consumer,South,9.3,0
C016021,Control,2609.07,9,40,SMB,South,12.3,0
C016022,Treatment,1039.25,9,26,Consumer,East,8.8,0
C016023,Treatment,1757.24,1,11,Consumer,South,10.5,0
C016024,Treatment,2332.07,7,20,Consumer,North,6.1,0
C016025,Treatment,1370.68,1,23,Consumer,South,3.8,1
C016026,Treatment,1498.65,7,3,Consumer,North,8.1,0
C016027,Treatment,961.61,1,13,Consumer,South,5.6,1
C016028,Treatment,2229.14,1,5,SMB,South,13.5,0
C016029,Treatment,1385.05,8,13,Consumer,South,10.3,0
C016030,Control,1988.67,4,20,Consumer,South,7.5,0
C016031,Treatment,819.62,11,28,Consumer,South,9.7,0
C016032,Treatment,1560.94,4,12,Consumer,South,8.9,0
C016033,Control,2219.88,1,22,Consumer,North,3.6,0
C016034,Control,2595.49,7,29,SMB,West,7.9,0
C016035,Control,1914.23,1,16,SMB,South,8.3,0
C016036,Treatment,605.64,5,10,SMB,East,12.5,0
C016037,Control,2750.35,8,20,Consumer,North,1.9,0
C016038,Control,1301.06,8,23,SMB,West,7.0,0
C016039,Treatment,2258.7,1,8,Consumer,South,13.9,0
C016040,Control,1434.41,4,12,SMB,South,7.4,0
C016041,Treatment,1027.67,1,2,SMB,East,12.9,0
C016042,Control,1237.98,3,2,Consumer,South,11.0,0
C016043,Control,648.31,5,7,Consumer,West,12.6,0
C016044,Control,1084.58,8,40,Consumer,North,7.8,0
C016045,Treatment,3297.27,3,18,SMB,West,2.5,1
C016046,Treatment,1996.93,1,10,Consumer,West,8.3,0
C016047,Control,978.76,8,10,Consumer,South,11.3,0
C016048,Control,1055.68,2,15,Consumer,West,14.1,0
C016049,Treatment,987.06,10,26,SMB,North,5.1,1
C016050,Treatment,1457.27,3,8,SMB,East,7.5,1
C016051,Treatment,1468.36,1,1,SMB,South,7.3,0
C016052,Control,4367.12,1,6,Enterprise,South,16.4,0
C016053,Treatment,1688.97,4,14,Consumer,South,8.4,0
C016054,Treatment,1481.01,3,17,Consumer,East,10.3,0
C016055,Control,2630.86,12,40,SMB,East,9.9,1
C016056,Treatment,1271.31,2,9,Consumer,South,0.0,0
C016057,Treatment,3003.09,6,21,SMB,South,10.3,0
C016058,Treatment,4766.33,11,52,Enterprise,South,8.4,0
C016059,Treatment,1982.77,9,41,Consumer,East,4.2,0
C016060,Control,1720.55,3,18,Consumer,North,18.7,0
C016061,Treatment,6654.71,4,18,Enterprise,South,15.7,0
C016062,Control,503.11,8,14,Consumer,West,10.4,0
C016063,Treatment,790.58,2,5,Consumer,West,9.7,0
C016064,Control,1375.68,8,26,Consumer,South,15.8,0
C016065,Control,2489.3,9,29,Consumer,South,14.1,0
C016066,Treatment,1531.39,3,22,Consumer,East,7.7,1
C016067,Control,2215.32,2,22,Consumer,South,9.6,0
C016068,Treatment,1340.05,1,9,Consumer,North,11.9,0
C016069,Control,1023.52,2,14,Consumer,West,6.0,0
C016070,Control,2920.84,9,27,SMB,South,20.5,0
C016071,Control,1246.81,1,10,Consumer,South,12.8,1
C016072,Control,3287.51,6,16,SMB,South,7.0,0
C016073,Control,893.8,1,2,SMB,West,25.0,0
C016074,Control,2394.1,5,11,Consumer,West,6.8,0
C016075,Treatment,2036.58,1,5,Consumer,South,13.7,0
C016076,Control,1615.67,6,15,SMB,East,6.9,1
C016077,Control,921.05,9,28,Consumer,West,7.0,0
C016078,Control,1083.41,3,20,Consumer,East,11.0,0
C016079,Control,1358.65,4,18,Consumer,North,9.6,0
C016080,Control,2569.8,4,21,Consumer,South,9.3,0
C016081,Control,1256.29,4,14,Consumer,West,10.1,0
C016082,Treatment,3064.65,6,24,SMB,North,13.3,0
C016083,Treatment,1495.41,4,7,SMB,South,14.7,0
C016084,Treatment,1306.16,13,23,Consumer,East,24.0,0
C016085,Treatment,1167.25,6,5,Consumer,East,14.3,0
C016086,Treatment,4295.62,1,9,Consumer,North,8.0,0
C016087,Control,3187.98,6,39,Consumer,South,6.1,1
C016088,Control,2599.34,6,15,SMB,South,13.1,1
C016089,Treatment,2235.36,4,27,Consumer,South,8.0,0
C016090,Control,2554.79,1,8,Consumer,South,5.6,0
C016091,Control,932.8,4,28,Consumer,South,3.3,0
C016092,Treatment,631.85,6,27,Consumer,North,8.1,0
C016093,Control,2486.59,8,51,Consumer,South,2.2,0
C016094,Control,1895.49,12,36,SMB,West,11.9,0
C016095,Treatment,1068.09,5,4,Consumer,South,3.6,0
C016096,Control,3311.54,1,9,Enterprise,South,12.9,0
C016097,Control,839.43,7,19,SMB,South,15.1,0
C016098,Control,2533.61,7,21,Consumer,South,8.2,0
C016099,Control,2971.11,6,14,Consumer,South,0.1,0
C016100,Treatment,980.66,7,28,Consumer,West,17.3,0
C016101,Treatment,3197.74,7,25,Consumer,East,9.2,0
C016102,Control,2129.36,4,8,Consumer,South,12.8,0
C016103,Control,1990.91,3,22,SMB,South,3.3,0
C016104,Control,1255.39,1,6,Consumer,South,16.0,0
C016105,Treatment,2211.22,8,12,SMB,South,0.0,0
C016106,Control,1856.07,6,22,Consumer,South,2.2,0
C016107,Control,1982.64,7,25,Consumer,South,15.2,0
C016108,Treatment,4163.77,12,29,Consumer,South,4.0,0
C016109,Treatment,1136.08,5,6,Consumer,South,13.1,0
C016110,Treatment,1998.34,12,19,SMB,West,11.8,0
C016111,Treatment,1738.23,4,14,Consumer,South,12.5,0
C016112,Treatment,1041.27,4,18,SMB,West,14.7,0
C016113,Treatment,2903.66,5,20,SMB,South,4.2,0
C016114,Treatment,1190.82,7,21,Consumer,East,17.0,0
C016115,Control,1779.13,9,24,Consumer,East,8.5,0
C016116,Control,2025.57,5,9,Enterprise,West,12.5,1
C016117,Control,2534.54,12,43,Consumer,East,17.4,0
C016118,Treatment,929.99,6,34,Consumer,North,9.6,1
C016119,Treatment,682.71,4,13,Consumer,South,20.6,0
C016120,Treatment,4410.52,9,21,Enterprise,West,0.0,0
C016121,Control,2922.41,10,44,Enterprise,South,17.4,0
C016122,Treatment,3109.47,2,23,SMB,West,7.0,0
C016123,Control,5883.03,8,15,Consumer,West,3.6,0
C016124,Control,2047.54,6,36,SMB,South,21.9,0
C016125,Treatment,1296.16,5,18,Consumer,West,3.3,0
C016126,Treatment,2366.04,4,11,SMB,South,4.6,0
C016127,Treatment,1460.27,1,21,Enterprise,North,13.7,0
C016128,Control,1075.75,1,13,Consumer,East,13.3,0
C016129,Control,2941.11,6,31,SMB,West,8.0,0
C016130,Control,1280.89,6,10,Consumer,South,3.5,1
C016131,Control,2178.8,8,30,SMB,North,7.8,0
C016132,Treatment,708.72,14,22,Consumer,East,7.6,0
C016133,Control,1625.76,8,2,Consumer,East,3.8,0
C016134,Control,3493.19,5,23,SMB,East,6.6,0
C016135,Control,628.09,5,15,Consumer,South,14.8,0
C016136,Treatment,1786.38,1,5,Consumer,South,12.0,0
C016137,Treatment,2240.25,1,7,Consumer,South,12.6,0
C016138,Control,2777.13,8,48,SMB,North,6.9,0
C016139,Control,2479.03,2,30,SMB,West,4.7,0
C016140,Treatment,2397.6,1,5,Consumer,North,16.6,0
C016141,Treatment,3841.74,10,22,Consumer,South,6.0,0
C016142,Control,1805.21,9,29,Consumer,West,3.5,0
C016143,Control,1006.6,1,22,Consumer,South,10.5,0
C016144,Treatment,1197.17,1,7,Consumer,West,8.9,1
C016145,Treatment,2566.65,9,24,SMB,South,6.0,0
C016146,Control,885.81,1,9,Consumer,South,4.1,0
C016147,Control,1691.35,5,11,Consumer,East,3.9,0
C016148,Control,843.17,1,5,Consumer,West,10.7,0
C016149,Control,4768.63,1,9,Enterprise,East,5.1,0
C016150,Control,762.43,1,3,Consumer,South,15.3,0
C016151,Control,6246.85,8,31,SMB,North,13.2,0
C016152,Control,809.85,4,10,Consumer,West,9.9,0
C016153,Control,884.81,5,46,Consumer,South,9.5,0
C016154,Control,3660.34,8,32,SMB,North,15.9,1
C016155,Control,1189.45,10,31,Consumer,South,15.4,0
C016156,Treatment,2280.81,7,46,Consumer,North,15.4,0
C016157,Control,1324.15,2,1,Consumer,North,14.0,0
C016158,Treatment,1294.2,7,26,SMB,West,7.8,1
C016159,Treatment,927.23,11,37,SMB,South,18.2,0
C016160,Treatment,2150.55,9,32,SMB,South,9.6,0
C016161,Control,1904.99,6,22,Consumer,West,9.3,0
C016162,Control,1080.02,2,6,Consumer,West,7.3,0
C016163,Treatment,1286.19,3,6,Consumer,West,6.0,0
C016164,Control,1673.96,10,14,Consumer,East,9.7,0
C016165,Control,683.08,1,17,Consumer,West,5.8,0
C016166,Control,1118.6,1,10,Consumer,North,6.8,0
C016167,Treatment,3611.67,14,58,Consumer,West,15.1,0
C016168,Treatment,2890.66,7,46,Enterprise,South,11.8,1
C016169,Control,2556.8,1,12,Enterprise,North,11.6,0
C016170,Treatment,1507.43,10,7,SMB,North,2.5,0
C016171,Treatment,1423.88,7,26,Consumer,North,19.9,0
C016172,Control,1412.33,6,16,Consumer,West,5.8,0
C016173,Control,905.42,7,28,Consumer,West,8.5,1
C016174,Control,4432.35,11,36,SMB,North,9.5,0
C016175,Treatment,1791.26,3,5,Consumer,West,10.6,0
C016176,Treatment,2524.1,1,15,Consumer,West,9.6,0
C016177,Treatment,1834.44,5,10,SMB,North,7.0,0
C016178,Treatment,1004.02,11,55,Consumer,East,5.5,0
C016179,Control,1519.32,2,9,SMB,North,6.8,1
C016180,Treatment,1996.4,2,11,Consumer,South,0.0,0
C016181,Treatment,2472.29,2,28,Consumer,South,16.2,1
C016182,Treatment,1729.64,6,11,SMB,West,20.3,0
C016183,Control,773.17,1,7,Consumer,North,17.4,0
C016184,Control,3070.0,11,47,Consumer,South,12.9,1
C016185,Control,1483.92,1,19,Consumer,South,12.5,1
C016186,Control,1057.44,6,9,Consumer,East,10.6,0
C016187,Treatment,1406.23,3,6,Consumer,West,10.4,0
C016188,Treatment,1751.52,3,9,Consumer,South,7.8,0
C016189,Treatment,1340.89,3,10,Consumer,West,6.5,0
C016190,Control,1968.44,6,16,Consumer,East,0.0,0
C016191,Control,4504.95,10,35,Enterprise,South,9.2,0
C016192,Control,2191.84,9,24,Consumer,South,8.4,0
C016193,Treatment,2614.28,12,35,Enterprise,South,9.7,0
C016194,Treatment,1187.59,12,26,Consumer,East,11.5,1
C016195,Control,1494.35,6,21,Consumer,South,10.2,0
C016196,Treatment,2003.43,1,7,Consumer,South,10.0,0
C016197,Treatment,1070.14,8,31,Consumer,West,6.3,1
C016198,Control,1970.45,1,9,SMB,West,9.4,0
C016199,Control,1937.75,4,31,Consumer,South,10.5,1
C016200,Control,2310.76,12,48,Consumer,West,6.3,1
C016201,Control,1739.87,5,24,Consumer,West,7.7,0
C016202,Treatment,1817.61,6,12,Consumer,North,0.7,0
C016203,Control,1634.74,2,5,Enterprise,East,18.3,0
C016204,Treatment,928.31,7,26,Consumer,South,3.4,0
C016205,Treatment,1615.53,4,18,SMB,West,12.5,0
C016206,Treatment,1763.37,4,5,Consumer,North,12.0,0
C016207,Treatment,2710.83,4,20,Consumer,West,5.4,0
C016208,Control,3054.05,10,64,SMB,South,13.4,0
C016209,Treatment,4093.95,6,9,SMB,South,11.3,0
C016210,Control,1437.23,5,8,Consumer,West,3.7,0
C016211,Treatment,1578.28,10,33,Consumer,North,7.3,0
C016212,Treatment,1637.22,11,19,Consumer,West,7.1,0
C016213,Control,1347.26,1,8,Consumer,South,11.5,0
C016214,Control,4388.53,6,9,SMB,South,12.0,1
C016215,Treatment,1874.89,6,21,SMB,East,6.5,0
C016216,Treatment,1286.01,1,6,Consumer,North,11.5,0
C016217,Treatment,1865.12,7,24,Enterprise,East,8.0,1
C016218,Control,3609.31,4,3,Enterprise,South,10.2,1
C016219,Treatment,845.02,3,21,Consumer,East,11.5,0
C016220,Treatment,805.18,4,20,Consumer,East,12.4,0
C016221,Control,1233.43,13,62,Consumer,South,6.9,0
C016222,Treatment,1576.5,1,11,Enterprise,South,2.4,0
C016223,Treatment,1818.41,8,18,Consumer,North,8.3,0
C016224,Treatment,1353.26,7,6,Consumer,West,9.4,0
C016225,Control,1648.31,4,22,Enterprise,South,0.0,1
C016226,Control,2104.31,11,52,Consumer,South,7.6,0
C016227,Treatment,2858.58,5,12,Enterprise,North,6.0,0
C016228,Treatment,1882.13,7,12,SMB,West,5.9,0
C016229,Control,537.07,1,18,Consumer,South,4.9,1
C016230,Treatment,2755.15,4,10,SMB,North,11.5,1
C016231,Control,2686.83,4,25,SMB,West,3.2,0
C016232,Treatment,1301.8,3,7,Consumer,West,11.5,1
C016233,Control,3369.93,6,24,SMB,West,13.5,0
C016234,Control,7903.83,5,4,Consumer,South,14.9,0
C016235,Treatment,1112.15,5,12,SMB,South,10.0,0
C016236,Control,2640.21,2,10,SMB,North,14.7,0
C016237,Treatment,2056.41,4,16,Enterprise,South,7.5,0
C016238,Control,1100.93,7,20,SMB,East,8.8,0
C016239,Control,3384.8,4,27,Enterprise,South,12.8,0
C016240,Treatment,1123.27,7,13,Consumer,South,9.4,1
C016241,Treatment,2460.81,1,13,Consumer,South,5.8,0
C016242,Treatment,1763.52,13,24,Consumer,East,4.0,0
C016243,Treatment,2649.51,8,13,Consumer,North,12.5,1
C016244,Control,2037.67,4,9,Enterprise,West,9.7,0
C016245,Control,2642.61,8,26,Consumer,South,9.1,1
C016246,Control,1254.92,6,29,Consumer,East,11.4,0
C016247,Treatment,2791.3,7,30,Consumer,West,4.4,0
C016248,Control,2343.14,6,17,SMB,North,10.8,0
C016249,Control,1801.96,13,58,Consumer,West,8.7,1
C016250,Treatment,5044.97,2,8,Enterprise,West,4.2,0
C016251,Control,930.97,7,14,Consumer,West,6.8,0
C016252,Treatment,1482.52,3,14,Consumer,South,14.9,0
C016253,Control,2112.53,7,26,Consumer,North,6.4,1
C016254,Control,2169.61,1,2,SMB,North,10.1,0
C016255,Control,776.04,3,6,Consumer,West,12.7,0
C016256,Control,860.55,5,19,Consumer,North,6.7,0
C016257,Treatment,1225.46,1,12,Consumer,South,18.5,1
C016258,Control,1658.16,1,31,Consumer,West,13.1,1
C016259,Treatment,1355.98,4,19,Consumer,South,6.9,1
C016260,Treatment,2082.78,11,37,Consumer,South,9.5,0
C016261,Control,2246.13,4,3,Consumer,West,0.0,0
C016262,Treatment,2583.61,6,19,SMB,South,10.7,0
C016263,Treatment,1526.32,2,16,Consumer,South,20.3,1
C016264,Control,2040.62,1,23,Consumer,North,9.6,0
C016265,Treatment,2304.75,6,16,Enterprise,South,6.7,0
C016266,Control,1437.11,8,13,SMB,North,10.9,0
C016267,Treatment,1526.61,4,10,SMB,West,1.2,0
C016268,Control,1499.97,9,12,Consumer,South,14.7,0
C016269,Treatment,3125.67,8,21,Consumer,South,8.2,0
C016270,Treatment,1972.44,2,5,Consumer,West,5.4,0
C016271,Treatment,1999.84,1,3,Consumer,West,6.0,0
C016272,Treatment,852.78,1,5,Consumer,South,10.7,1
C016273,Control,1180.1,1,27,Consumer,West,12.9,0
C016274,Treatment,2666.38,5,13,Consumer,South,8.8,1
C016275,Control,1508.01,4,11,Consumer,South,12.1,0
C016276,Control,909.67,7,13,Consumer,West,11.1,0
C016277,Control,2830.95,7,30,Consumer,South,3.5,0
C016278,Treatment,718.03,1,3,Consumer,South,12.5,0
C016279,Treatment,2052.83,8,30,Consumer,West,10.8,0
C016280,Control,806.55,2,8,Consumer,North,8.2,0
C016281,Treatment,3255.32,10,32,SMB,North,14.2,0
C016282,Treatment,1868.51,16,53,Consumer,East,8.7,0
C016283,Control,1992.72,2,14,Consumer,North,11.9,0
C016284,Control,1069.67,8,11,Consumer,North,3.0,0
C016285,Treatment,1002.52,13,41,Consumer,South,15.0,1
C016286,Treatment,1177.16,2,8,Consumer,South,15.9,0
C016287,Control,916.74,5,15,Consumer,South,3.5,0
C016288,Treatment,1307.36,3,12,Consumer,East,3.8,0
C016289,Control,2328.87,4,18,Enterprise,South,9.8,0
C016290,Treatment,2160.67,1,8,Consumer,East,16.5,1
C016291,Control,1094.97,4,25,Consumer,North,13.9,1
C016292,Control,1607.4,6,18,SMB,South,9.1,0
C016293,Control,1020.83,2,18,Consumer,West,9.4,1
C016294,Treatment,2343.84,3,20,Consumer,South,5.3,1
C016295,Control,2036.6,6,7,SMB,South,12.0,0
C016296,Control,1249.5,9,25,Enterprise,West,4.6,1
C016297,Control,3475.74,3,5,Consumer,South,15.4,0
C016298,Treatment,2358.83,3,16,Consumer,South,10.9,0
C016299,Control,1637.23,13,38,Consumer,South,2.6,0
C016300,Control,513.1,1,7,Consumer,East,10.5,0
C016301,Control,2092.41,4,12,SMB,South,9.0,0
C016302,Treatment,1617.36,1,14,SMB,East,2.8,0
C016303,Control,1155.74,2,16,Consumer,West,7.0,1
C016304,Control,1607.74,2,13,Consumer,East,12.7,0
C016305,Treatment,3037.23,9,30,SMB,North,11.0,1
C016306,Treatment,3292.05,1,4,Consumer,North,9.2,1
C016307,Treatment,1776.13,7,34,Enterprise,West,8.3,0
C016308,Control,2197.5,2,12,Consumer,West,4.0,0
C016309,Treatment,1842.84,6,26,Enterprise,North,8.0,1
C016310,Treatment,2411.9,7,25,Consumer,South,10.9,0
C016311,Treatment,1372.36,3,13,Consumer,East,7.4,0
C016312,Treatment,3038.28,5,10,Enterprise,West,12.9,0
C016313,Treatment,2850.4,16,48,Consumer,West,4.4,0
C016314,Treatment,1076.04,15,48,Consumer,East,9.5,0
C016315,Control,801.0,11,17,Consumer,North,10.0,1
C016316,Treatment,1846.95,6,30,Consumer,West,13.4,0
C016317,Treatment,1124.58,6,15,Enterprise,West,11.7,0
C016318,Treatment,2722.52,4,12,SMB,South,5.4,0
C016319,Control,2376.83,11,19,SMB,South,13.4,0
C016320,Control,690.82,5,8,Consumer,North,7.0,0
C016321,Treatment,2020.25,5,8,Consumer,South,6.1,0
C016322,Treatment,3215.56,10,39,SMB,West,7.7,1
C016323,Control,994.63,6,24,Consumer,North,9.2,0
C016324,Treatment,1771.53,10,9,Consumer,West,14.6,0
C016325,Control,1438.02,3,26,Consumer,North,11.1,0
C016326,Control,971.2,4,13,SMB,South,14.2,0
C016327,Treatment,2263.59,7,14,Consumer,East,12.5,0
C016328,Treatment,1472.68,1,10,Consumer,North,14.2,0
C016329,Control,4581.79,5,20,Enterprise,East,8.2,0
C016330,Control,1205.38,9,22,Consumer,South,0.0,0
C016331,Control,1209.08,4,15,Consumer,East,16.4,0
C016332,Treatment,1518.66,1,7,Consumer,West,10.9,0
C016333,Treatment,2783.02,12,26,Consumer,South,14.2,1
C016334,Treatment,1570.46,4,10,SMB,North,0.0,0
C016335,Treatment,1978.39,5,23,Consumer,West,15.5,0
C016336,Control,1320.91,13,39,Consumer,South,17.3,0
C016337,Control,3044.66,7,39,Consumer,North,18.0,0
C016338,Treatment,494.78,1,7,Consumer,West,3.7,0
C016339,Treatment,2781.47,3,12,Consumer,South,0.0,0
C016340,Control,1025.63,6,21,Consumer,East,4.7,0
C016341,Treatment,1010.94,3,31,Consumer,South,9.4,0
C016342,Treatment,2928.71,1,6,Consumer,East,12.0,0
C016343,Control,1285.95,8,33,Consumer,East,6.6,0
C016344,Control,1565.78,5,22,Consumer,South,12.5,1
C016345,Treatment,2807.29,6,35,Consumer,South,7.4,0
C016346,Control,1739.26,1,6,Consumer,South,8.3,0
C016347,Control,1875.59,4,13,Consumer,North,8.7,0
C016348,Treatment,1789.07,7,22,Consumer,West,3.0,0
C016349,Treatment,1083.11,4,16,Consumer,West,7.3,0
C016350,Control,2225.13,1,15,SMB,West,8.6,0
C016351,Control,3002.87,1,4,Consumer,East,6.5,0
C016352,Control,2793.35,6,14,SMB,South,6.2,0
C016353,Control,1068.97,3,7,Consumer,East,9.9,0
C016354,Treatment,1753.84,8,55,Consumer,East,1.4,0
C016355,Treatment,2161.08,12,23,SMB,North,13.8,1
C016356,Control,1533.85,18,72,Consumer,South,15.4,0
C016357,Treatment,2609.74,6,12,Consumer,South,7.7,1
C016358,Control,1172.16,3,16,Consumer,South,11.1,0
C016359,Treatment,2804.62,10,40,SMB,East,12.2,0
C016360,Treatment,5154.13,3,15,Consumer,South,14.0,0
C016361,Control,1711.46,12,43,SMB,East,9.0,1
C016362,Control,1519.37,13,50,Consumer,West,13.3,0
C016363,Treatment,2335.64,1,19,SMB,West,12.0,0
C016364,Control,2618.17,13,38,Consumer,West,6.4,0
C016365,Control,1075.9,10,29,Consumer,West,4.9,0
C016366,Control,1775.93,4,4,Consumer,South,4.2,1
C016367,Control,2039.1,8,43,Consumer,East,2.4,0
C016368,Treatment,934.19,8,26,Consumer,East,7.5,0
C016369,Control,1529.99,1,19,SMB,West,9.8,0
C016370,Control,3550.57,7,17,SMB,South,5.6,0
C016371,Control,1714.98,12,54,Consumer,South,6.2,0
C016372,Treatment,726.09,7,17,Consumer,West,4.1,0
C016373,Treatment,1700.09,2,24,SMB,East,12.8,0
C016374,Treatment,4549.77,6,33,SMB,North,10.0,0
C016375,Treatment,621.36,6,29,Consumer,East,11.2,1
C016376,Treatment,1437.29,5,16,Consumer,East,7.4,0
C016377,Control,3931.66,14,57,Enterprise,East,7.5,1
C016378,Control,1249.43,7,7,Consumer,West,9.1,0
C016379,Control,764.29,6,28,Consumer,East,2.8,0
C016380,Control,1124.25,2,13,Consumer,West,9.0,0
C016381,Treatment,1683.93,10,21,SMB,South,7.7,0
C016382,Control,4553.01,4,20,SMB,North,2.8,0
C016383,Treatment,1646.55,6,13,Enterprise,South,6.6,0
C016384,Control,3177.7,6,36,SMB,South,7.1,0
C016385,Control,1005.24,6,33,Consumer,West,5.5,0
C016386,Control,1599.0,8,10,Consumer,East,15.1,0
C016387,Control,2393.69,16,59,SMB,South,13.7,1
C016388,Control,1621.37,6,16,SMB,South,8.1,0
C016389,Treatment,2679.04,10,23,Consumer,West,10.6,0
C016390,Control,1015.49,3,6,Consumer,North,7.5,0
C016391,Treatment,1126.3,4,19,SMB,South,8.7,0
C016392,Treatment,1124.09,6,31,Consumer,East,12.3,0
C016393,Control,1619.23,5,9,SMB,East,4.5,1
C016394,Treatment,3139.27,5,19,SMB,South,6.9,0
C016395,Control,680.4,5,22,Consumer,North,9.3,1
C016396,Control,1470.86,11,23,Consumer,South,4.3,0
C016397,Control,955.53,4,3,SMB,North,10.5,1
C016398,Treatment,623.24,1,11,Consumer,North,14.2,0
C016399,Treatment,4544.46,11,22,SMB,South,12.3,0
C016400,Treatment,1611.12,5,27,Consumer,North,12.4,1
C016401,Treatment,921.32,4,16,Consumer,South,5.5,0
C016402,Control,1431.89,10,42,Consumer,West,8.9,0
C016403,Treatment,1131.36,9,23,Consumer,North,13.6,0
C016404,Treatment,1533.81,8,18,SMB,South,4.2,0
C016405,Control,2719.12,2,17,SMB,South,3.2,0
C016406,Control,3059.17,7,20,Consumer,North,9.1,0
C016407,Control,1835.69,1,8,Consumer,East,8.2,1
C016408,Control,1197.78,6,19,SMB,North,14.4,0
C016409,Treatment,1034.84,1,13,Consumer,West,13.9,0
C016410,Control,1036.91,8,20,Consumer,East,9.2,0
C016411,Control,2487.3,2,13,SMB,South,8.0,1
C016412,Treatment,1798.44,6,16,Consumer,West,7.6,0
C016413,Treatment,1136.57,5,18,Consumer,South,4.3,0
C016414,Treatment,1831.92,6,11,Consumer,South,6.4,0
C016415,Treatment,2351.43,6,21,Consumer,South,3.3,0
C016416,Treatment,1743.61,7,25,Consumer,East,8.0,1
C016417,Control,1050.54,5,26,Consumer,East,6.5,0
C016418,Treatment,2424.02,10,39,Consumer,East,11.2,0
C016419,Control,3071.8,1,15,Enterprise,West,13.4,1
C016420,Control,1483.84,9,26,Consumer,West,11.1,0
C016421,Treatment,3423.0,14,32,SMB,North,11.0,0
C016422,Treatment,2039.79,4,9,Consumer,West,12.8,0
C016423,Treatment,4540.43,9,22,Consumer,North,9.2,0
C016424,Control,1729.34,6,36,Consumer,West,18.9,0
C016425,Treatment,2457.81,8,21,SMB,South,12.0,0
C016426,Control,1037.12,10,37,Consumer,South,6.8,0
C016427,Control,2257.08,8,24,Consumer,South,6.7,0
C016428,Control,2207.26,10,38,SMB,North,5.4,0
C016429,Control,1675.19,9,37,Consumer,West,9.1,0
C016430,Control,1249.26,8,35,SMB,North,2.8,0
C016431,Treatment,1161.44,4,22,Consumer,South,8.0,0
C016432,Control,1912.78,12,27,SMB,West,0.0,0
C016433,Treatment,799.53,6,22,Consumer,East,14.7,0
C016434,Treatment,1815.14,3,9,Consumer,East,8.6,0
C016435,Control,1482.86,7,9,Consumer,West,20.2,0
C016436,Treatment,3201.74,9,30,SMB,North,8.9,0
C016437,Control,2241.29,17,66,Consumer,South,8.4,0
C016438,Treatment,2879.85,5,12,Consumer,North,4.2,0
C016439,Control,4405.29,10,20,Consumer,North,8.1,0
C016440,Control,1476.2,4,21,Consumer,South,17.6,0
C016441,Control,1336.73,3,14,Consumer,East,10.1,0
C016442,Treatment,1684.75,3,23,Consumer,South,14.0,1
C016443,Control,1423.57,7,25,SMB,East,9.2,0
C016444,Treatment,784.16,9,31,Consumer,East,15.8,0
C016445,Control,1863.71,3,22,SMB,South,12.7,1
C016446,Treatment,3590.83,5,7,Enterprise,South,5.6,0
C016447,Control,1943.26,12,46,Consumer,North,11.7,0
C016448,Control,1460.76,10,21,SMB,West,14.0,0
C016449,Control,2671.31,10,15,Consumer,South,0.0,0
C016450,Control,1669.42,2,14,Consumer,West,6.0,0
C016451,Treatment,5482.38,2,8,Consumer,South,1.5,0
C016452,Treatment,1919.48,2,17,Consumer,East,13.1,0
C016453,Control,1926.63,4,15,Consumer,South,11.8,0
C016454,Control,1625.18,3,35,Consumer,South,8.3,0
C016455,Control,2084.77,1,10,Consumer,South,8.6,0
C016456,Treatment,1455.21,6,12,Enterprise,East,10.1,0
C016457,Treatment,3254.87,9,25,Enterprise,South,10.5,0
C016458,Treatment,1799.66,7,16,SMB,West,19.8,0
C016459,Treatment,2647.82,12,47,Consumer,North,8.0,1
C016460,Control,2742.11,5,12,Enterprise,West,9.6,1
C016461,Control,2883.84,10,28,Enterprise,West,11.8,0
C016462,Treatment,4239.54,6,30,SMB,South,13.3,0
C016463,Control,3481.65,5,7,SMB,North,9.6,0
C016464,Control,3001.08,8,18,Consumer,South,10.5,0
C016465,Control,2625.77,4,7,SMB,North,8.9,0
C016466,Treatment,1996.9,4,14,Consumer,South,7.8,0
C016467,Treatment,2007.42,6,4,Consumer,South,22.1,0
C016468,Treatment,1662.74,1,12,Consumer,East,9.6,0
C016469,Control,2289.42,1,22,Consumer,North,16.2,0
C016470,Control,2225.24,3,11,Enterprise,West,7.8,0
C016471,Control,1780.75,1,22,Consumer,North,4.5,1
C016472,Treatment,5696.56,18,57,SMB,North,2.8,0
C016473,Control,2433.67,13,28,Consumer,North,7.6,0
C016474,Treatment,2553.95,9,35,Consumer,West,0.0,0
C016475,Treatment,1328.61,1,6,Consumer,West,15.0,0
C016476,Treatment,1973.28,1,6,SMB,North,8.2,0
C016477,Treatment,936.39,1,12,Consumer,East,9.8,0
C016478,Control,1380.36,2,6,Consumer,North,4.8,0
C016479,Treatment,1517.91,1,3,Consumer,North,2.7,0
C016480,Control,1683.28,9,13,Consumer,North,4.2,0
C016481,Treatment,943.73,5,22,Consumer,West,14.3,0
C016482,Treatment,4161.26,2,11,SMB,South,13.2,0
C016483,Treatment,1905.99,6,15,SMB,South,8.5,0
C016484,Control,836.26,4,16,Consumer,North,3.5,0
C016485,Treatment,1023.92,1,12,Consumer,West,9.4,0
C016486,Treatment,1493.34,7,8,Enterprise,West,14.4,0
C016487,Treatment,1274.48,4,22,Consumer,South,17.6,0
C016488,Treatment,1608.37,3,14,Consumer,East,19.3,1
C016489,Treatment,2083.63,7,9,Consumer,East,10.6,1
C016490,Control,1657.5,7,47,Consumer,West,5.6,0
C016491,Control,561.57,4,18,Consumer,South,10.2,0
C016492,Control,804.72,6,6,Consumer,South,5.8,0
C016493,Treatment,1909.83,5,14,Consumer,South,14.6,0
C016494,Treatment,965.59,4,28,Consumer,East,15.4,0
C016495,Control,1485.04,3,14,Consumer,South,8.2,0
C016496,Control,1108.15,2,13,SMB,North,12.4,0
C016497,Treatment,1384.69,1,17,Consumer,West,14.4,0
C016498,Treatment,1229.38,1,8,Consumer,West,3.7,0
C016499,Treatment,1306.36,2,4,Consumer,South,14.0,0
C016500,Control,1541.98,2,35,Consumer,South,9.9,0
C016501,Treatment,946.27,3,21,Consumer,South,6.9,0
C016502,Control,2530.4,1,19,Consumer,South,3.0,0
C016503,Control,1776.3,4,17,SMB,North,10.7,0
C016504,Treatment,2381.75,6,18,Consumer,South,12.1,0
C016505,Control,2140.23,10,52,Consumer,South,18.9,0
C016506,Treatment,1778.53,3,10,Consumer,West,5.3,0
C016507,Control,1489.94,11,34,Consumer,North,14.4,0
C016508,Control,2357.65,5,35,SMB,South,15.1,0
C016509,Treatment,2251.72,6,23,Enterprise,South,7.3,0
C016510,Control,1643.57,12,34,Consumer,West,13.6,0
C016511,Control,1854.9,10,20,Consumer,South,2.9,0
C016512,Control,1172.4,8,13,SMB,South,18.0,0
C016513,Control,1865.83,3,22,Consumer,South,8.3,0
C016514,Treatment,4759.14,14,72,SMB,South,5.6,1
C016515,Control,4496.41,8,21,SMB,South,8.7,0
C016516,Treatment,1495.71,9,23,Consumer,East,9.6,0
C016517,Treatment,1746.18,5,5,SMB,South,5.2,0
C016518,Treatment,623.62,1,7,Consumer,East,14.8,0
C016519,Control,1188.17,1,13,Consumer,North,10.7,0
C016520,Treatment,3241.8,8,17,Enterprise,East,9.6,0
C016521,Treatment,1515.42,8,27,Consumer,West,4.2,0
C016522,Control,763.87,11,46,Consumer,South,12.5,0
C016523,Treatment,1169.98,2,8,Consumer,West,13.3,0
C016524,Control,1516.41,2,17,Consumer,South,11.4,1
C016525,Control,1562.34,7,29,Consumer,East,8.8,0
C016526,Treatment,3760.29,1,10,SMB,South,7.2,0
C016527,Control,3137.6,10,49,SMB,West,10.2,0
C016528,Control,1517.94,12,19,SMB,South,9.9,0
C016529,Control,1334.55,5,13,Consumer,North,13.1,0
C016530,Control,1017.56,3,16,Consumer,North,11.0,0
C016531,Treatment,1863.48,1,5,Consumer,South,1.2,0
C016532,Control,1581.16,9,40,Consumer,East,11.0,0
C016533,Treatment,1633.49,1,20,Consumer,East,7.1,0
C016534,Treatment,1653.88,12,44,Consumer,North,4.1,0
C016535,Control,903.2,10,18,SMB,East,2.9,1
C016536,Control,2168.41,14,56,Consumer,North,5.7,0
C016537,Control,1540.31,1,7,Consumer,West,0.9,0
C016538,Treatment,4389.96,6,31,SMB,South,7.7,0
C016539,Control,2104.55,4,13,SMB,South,14.4,0
C016540,Control,1747.15,11,44,Consumer,South,9.0,0
C016541,Treatment,3335.19,4,14,Consumer,South,3.0,0
C016542,Control,1490.88,3,5,SMB,East,4.3,0
C016543,Control,987.33,2,8,Consumer,West,19.5,1
C016544,Treatment,1535.53,6,9,Consumer,South,9.9,0
C016545,Treatment,1969.42,1,9,SMB,South,10.1,0
C016546,Control,1073.01,1,7,Consumer,South,9.3,0
C016547,Control,1018.47,11,33,Consumer,East,0.9,0
C016548,Control,1707.84,4,20,Consumer,South,1.3,0
C016549,Control,1196.71,4,11,Enterprise,West,4.0,0
C016550,Control,1992.3,4,17,Enterprise,East,5.9,0
C016551,Control,1696.23,5,41,Consumer,South,4.7,0
C016552,Treatment,1560.17,7,23,Consumer,West,8.4,0
C016553,Treatment,1566.68,4,13,Consumer,North,13.6,0
C016554,Treatment,1089.29,12,11,Consumer,East,14.9,0
C016555,Treatment,1948.39,10,43,Consumer,South,6.7,1
C016556,Control,1512.84,8,11,Consumer,North,8.0,0
C016557,Control,2072.49,2,3,Enterprise,North,10.7,0
C016558,Treatment,1200.55,11,30,Consumer,East,10.0,0
C016559,Control,1338.34,1,6,Consumer,North,9.3,0
C016560,Control,3389.97,4,31,Consumer,West,11.9,0
C016561,Treatment,1599.66,1,10,Consumer,South,12.5,0
C016562,Control,2087.31,1,8,SMB,South,13.1,0
C016563,Control,931.38,1,4,Consumer,East,9.3,0
C016564,Treatment,1438.94,2,21,Consumer,South,12.8,1
C016565,Treatment,1346.69,10,28,Consumer,North,0.0,0
C016566,Treatment,1583.64,1,18,Consumer,South,9.6,1
C016567,Control,2057.34,6,14,Consumer,South,12.0,0
C016568,Treatment,2003.02,3,11,SMB,South,4.2,0
C016569,Treatment,3205.86,9,13,SMB,South,14.2,0
C016570,Control,1444.63,5,18,Consumer,East,0.0,0
C016571,Treatment,1050.77,4,15,Consumer,West,0.8,0
C016572,Treatment,1611.26,7,13,Consumer,South,9.3,0
C016573,Treatment,1028.92,1,13,Consumer,West,0.0,1
C016574,Control,1259.79,8,35,Consumer,North,9.2,0
C016575,Treatment,1251.32,5,6,Consumer,South,14.9,0
C016576,Control,6931.74,16,72,SMB,South,9.0,0
C016577,Control,3163.18,16,54,Consumer,South,5.7,0
C016578,Control,1099.86,1,8,SMB,North,13.5,0
C016579,Control,3096.49,7,39,Enterprise,North,0.0,0
C016580,Control,2458.11,7,15,Consumer,South,11.0,0
C016581,Treatment,1780.81,1,4,Consumer,South,8.9,0
C016582,Treatment,3030.98,4,23,Enterprise,South,2.1,0
C016583,Control,719.99,4,13,Consumer,South,7.1,0
C016584,Treatment,1255.72,10,37,Consumer,South,9.1,0
C016585,Treatment,1846.97,16,58,Consumer,East,10.2,0
C016586,Control,2132.93,3,7,Consumer,South,17.1,0
C016587,Treatment,4487.1,5,10,Enterprise,North,7.9,0
C016588,Treatment,1322.75,9,16,Consumer,South,7.6,0
C016589,Treatment,2526.65,9,21,Consumer,South,6.2,1
C016590,Treatment,946.63,3,9,Consumer,East,5.8,0
C016591,Treatment,1977.0,8,25,Consumer,West,17.3,0
C016592,Treatment,936.41,8,6,Enterprise,South,13.8,0
C016593,Control,936.3,5,7,Consumer,South,2.4,0
C016594,Control,1505.09,7,32,SMB,South,10.0,0
C016595,Treatment,764.67,11,16,Consumer,West,6.8,0
C016596,Control,1921.55,9,15,SMB,East,9.8,1
C016597,Control,1975.18,11,29,Enterprise,North,0.0,1
C016598,Control,1388.11,1,2,Enterprise,West,1.5,0
C016599,Treatment,2655.52,2,14,Enterprise,South,8.2,0
C016600,Treatment,1147.8,9,18,SMB,West,12.2,0
C016601,Control,1092.64,1,6,SMB,South,8.4,0
C016602,Control,1927.04,1,16,Consumer,South,3.5,0
C016603,Control,2224.65,10,35,Consumer,South,11.1,0
C016604,Control,3390.16,11,25,SMB,North,7.8,0
C016605,Treatment,1896.23,1,2,Consumer,East,7.7,0
C016606,Control,908.96,10,16,Consumer,North,5.1,0
C016607,Treatment,8593.47,6,35,Consumer,North,15.7,0
C016608,Control,3262.23,8,27,Consumer,South,7.8,0
C016609,Control,1832.03,8,14,Consumer,West,13.9,0
C016610,Treatment,1439.24,8,31,SMB,West,7.7,0
C016611,Control,2328.94,10,33,Consumer,South,1.2,0
C016612,Control,1439.88,3,11,SMB,South,10.6,0
C016613,Control,1528.97,10,29,Consumer,South,11.5,0
C016614,Treatment,2574.13,8,11,SMB,South,2.4,0
C016615,Control,2072.3,3,10,SMB,West,13.7,0
C016616,Treatment,7282.57,4,21,Enterprise,West,7.1,1
C016617,Treatment,630.48,2,7,Consumer,East,14.6,0
C016618,Treatment,1889.51,6,15,SMB,South,10.1,0
C016619,Treatment,1420.13,1,10,Consumer,West,5.8,0
C016620,Treatment,592.71,6,15,Consumer,West,6.8,1
C016621,Treatment,1572.85,11,47,Consumer,West,16.6,1
C016622,Control,1829.13,15,62,SMB,East,12.5,1
C016623,Treatment,2007.98,3,8,Enterprise,North,10.3,0
C016624,Treatment,2063.28,14,52,SMB,West,13.0,0
C016625,Control,641.88,1,10,Consumer,South,13.2,0
C016626,Treatment,1343.62,1,30,Consumer,North,14.1,1
C016627,Control,1013.83,5,9,Consumer,North,16.4,0
C016628,Treatment,1952.36,2,22,Consumer,South,15.3,1
C016629,Control,1063.14,7,26,SMB,West,18.3,0
C016630,Control,1617.25,5,32,Consumer,West,7.1,0
C016631,Control,1602.25,15,53,SMB,West,6.4,1
C016632,Control,1756.4,2,13,Consumer,South,18.2,0
C016633,Control,2261.21,5,27,Consumer,West,10.6,0
C016634,Control,2513.52,8,21,Consumer,North,7.7,0
C016635,Treatment,4599.93,13,48,Consumer,North,6.7,0
C016636,Control,508.69,11,36,Consumer,North,11.2,0
C016637,Treatment,1665.82,5,33,SMB,West,6.0,0
C016638,Treatment,3415.08,1,3,Enterprise,West,5.1,0
C016639,Control,1292.2,15,60,Consumer,West,9.8,0
C016640,Control,2227.91,2,6,Consumer,West,10.1,1
C016641,Control,1451.57,1,7,Consumer,South,10.6,0
C016642,Control,1983.57,5,13,SMB,West,5.0,0
C016643,Control,1265.91,13,19,Consumer,South,5.9,0
C016644,Treatment,4272.21,6,27,Enterprise,West,13.1,1
C016645,Treatment,2270.59,4,27,Consumer,West,9.2,0
C016646,Control,2225.21,4,18,SMB,South,17.1,0
C016647,Treatment,940.22,5,31,SMB,North,9.7,1
C016648,Control,1566.19,19,72,Consumer,South,8.0,0
C016649,Treatment,700.51,16,48,Consumer,West,1.8,0
C016650,Treatment,2019.06,6,13,Consumer,East,4.9,1
C016651,Control,2462.18,5,14,Consumer,South,4.9,0
C016652,Treatment,1136.83,3,10,Consumer,West,10.1,0
C016653,Treatment,2466.31,12,26,SMB,South,2.1,1
C016654,Control,1273.39,6,8,Consumer,South,9.4,1
C016655,Control,3202.82,8,9,SMB,West,9.8,1
C016656,Treatment,1776.21,1,18,Consumer,South,2.9,1
C016657,Control,1287.99,10,20,Consumer,South,8.0,0
C016658,Control,1885.64,8,23,SMB,East,5.1,1
C016659,Treatment,1457.24,6,4,Consumer,South,9.8,0
C016660,Control,1694.75,8,9,Consumer,South,7.3,0
C016661,Control,1020.02,3,20,Consumer,North,14.5,0
C016662,Treatment,1255.93,11,40,Consumer,West,0.0,0
C016663,Control,682.48,1,14,Consumer,South,14.7,0
C016664,Treatment,1439.89,16,51,Consumer,West,2.2,0
C016665,Treatment,2055.53,6,37,Consumer,East,12.6,0
C016666,Control,2100.23,1,4,SMB,South,2.9,0
C016667,Treatment,2869.23,5,33,Consumer,South,10.9,0
C016668,Treatment,446.51,2,10,Consumer,South,13.2,1
C016669,Control,1766.84,4,23,Consumer,East,7.0,0
C016670,Treatment,2224.87,4,9,Enterprise,South,11.2,0
C016671,Treatment,1246.86,5,6,Consumer,East,5.6,1
C016672,Treatment,1520.72,1,7,SMB,West,14.0,1
C016673,Control,1477.05,10,23,Consumer,South,4.9,0
C016674,Control,1543.01,8,27,Consumer,West,5.2,0
C016675,Treatment,2861.06,6,6,SMB,South,9.2,0
C016676,Treatment,1934.76,4,9,Consumer,East,12.6,0
C016677,Treatment,869.79,7,9,Consumer,South,5.7,1
C016678,Control,1591.33,1,5,Consumer,South,8.1,0
C016679,Treatment,948.44,4,13,Consumer,East,7.4,0
C016680,Control,3785.71,11,58,Enterprise,South,13.9,0
C016681,Control,2508.49,8,21,Enterprise,West,13.0,1
C016682,Treatment,1888.08,6,16,Consumer,East,4.7,1
C016683,Control,1133.82,10,28,SMB,East,0.0,0
C016684,Treatment,2421.98,10,33,Consumer,South,1.3,0
C016685,Control,1335.28,6,10,Consumer,West,15.2,0
C016686,Treatment,2012.92,4,10,Consumer,West,16.4,0
C016687,Treatment,1723.55,3,13,SMB,South,7.2,1
C016688,Control,1767.92,6,5,Consumer,South,7.8,0
C016689,Treatment,1434.63,1,7,Enterprise,West,9.2,0
C016690,Treatment,1600.85,6,28,SMB,North,9.0,0
C016691,Control,1505.26,5,8,Consumer,South,14.6,0
C016692,Treatment,1185.23,3,8,SMB,West,14.4,0
C016693,Treatment,2561.04,9,44,Consumer,South,3.4,0
C016694,Control,1053.39,18,61,SMB,West,5.2,0
C016695,Treatment,1583.15,1,15,Consumer,South,9.6,0
C016696,Control,1606.33,9,24,Consumer,South,17.8,0
C016697,Control,1772.02,1,21,SMB,South,11.0,0
C016698,Control,2143.32,4,15,Consumer,South,10.0,0
C016699,Treatment,2532.96,11,33,SMB,West,7.3,0
C016700,Treatment,1074.69,5,7,Consumer,East,4.4,1
C016701,Control,1408.57,3,15,SMB,West,5.1,0
C016702,Control,1627.28,6,17,Consumer,South,5.4,0
C016703,Control,1198.69,1,5,Consumer,West,14.1,0
C016704,Treatment,1699.07,1,16,SMB,East,14.5,0
C016705,Control,1783.6,1,8,Consumer,North,13.4,0
C016706,Control,1428.75,3,21,SMB,South,6.5,0
C016707,Control,2623.77,8,22,Enterprise,South,8.7,1
C016708,Control,4560.8,15,28,SMB,South,22.2,0
C016709,Treatment,2326.88,6,18,Enterprise,West,12.2,0
C016710,Treatment,1186.91,4,21,Consumer,West,7.5,0
C016711,Control,2675.36,3,28,Enterprise,North,4.3,1
C016712,Control,2381.66,13,69,SMB,North,12.4,1
C016713,Control,1625.27,1,6,SMB,South,10.5,0
C016714,Treatment,4318.52,9,51,Enterprise,West,5.5,0
C016715,Control,1255.19,1,3,Consumer,East,11.8,0
C016716,Control,629.24,3,9,Consumer,South,4.4,0
C016717,Treatment,3384.84,4,25,SMB,East,16.8,0
C016718,Control,1530.05,7,10,SMB,West,7.5,0
C016719,Treatment,1191.01,8,16,Consumer,South,12.6,0
C016720,Control,1886.99,7,27,Consumer,North,15.1,0
C016721,Control,2209.08,1,6,Consumer,East,5.9,0
C016722,Treatment,2378.62,9,34,Consumer,West,11.1,1
C016723,Control,1115.33,6,11,Consumer,East,18.7,0
C016724,Control,1867.77,6,39,Consumer,West,16.1,0
C016725,Treatment,1516.76,1,20,Consumer,West,0.0,0
C016726,Control,1470.9,9,14,Enterprise,South,11.3,0
C016727,Treatment,881.03,1,5,Consumer,East,15.6,0
C016728,Control,1147.35,1,9,Enterprise,West,13.9,0
C016729,Treatment,4068.86,3,19,Consumer,North,11.5,0
C016730,Treatment,1879.52,5,27,Enterprise,East,15.9,0
C016731,Control,2146.19,2,11,SMB,South,9.7,0
C016732,Treatment,2165.61,7,32,Consumer,West,22.0,0
C016733,Treatment,1899.53,4,31,Consumer,South,5.3,0
C016734,Control,3350.54,1,23,Enterprise,South,10.7,0
C016735,Control,1298.31,4,7,SMB,East,6.7,0
C016736,Treatment,1815.92,1,9,Consumer,South,15.1,0
C016737,Treatment,2214.64,5,40,Enterprise,North,9.6,0
C016738,Treatment,1311.23,3,9,Consumer,South,1.1,0
C016739,Treatment,2169.02,5,20,Consumer,West,0.9,0
C016740,Treatment,1130.96,7,11,Consumer,West,1.6,1
C016741,Treatment,2635.63,1,20,SMB,East,0.7,0
C016742,Treatment,980.56,4,12,Consumer,North,12.6,0
C016743,Treatment,3913.43,4,22,SMB,East,6.8,1
C016744,Treatment,2797.96,4,26,Consumer,East,9.9,0
C016745,Control,1315.34,5,7,Consumer,South,11.9,0
C016746,Treatment,2313.92,3,4,Consumer,South,2.0,0
C016747,Control,2898.57,12,54,SMB,North,6.9,0
C016748,Treatment,895.7,1,11,Consumer,North,19.2,0
C016749,Treatment,3669.77,6,7,Enterprise,East,14.7,0
C016750,Treatment,1016.23,1,27,Consumer,South,11.8,0
C016751,Control,2389.39,7,15,Enterprise,South,11.2,0
C016752,Treatment,1179.22,2,15,Consumer,South,8.9,1
C016753,Control,1967.32,1,5,Consumer,East,4.5,0
C016754,Treatment,1401.07,10,21,Consumer,East,16.9,0
C016755,Treatment,1458.8,7,10,Consumer,South,1.1,0
C016756,Control,1974.58,4,9,SMB,North,2.2,0
C016757,Control,2500.77,4,6,Consumer,North,9.5,0
C016758,Treatment,4816.49,6,28,Enterprise,South,9.5,0
C016759,Control,2904.3,7,13,Consumer,South,16.1,0
C016760,Treatment,1668.54,5,11,SMB,South,0.0,0
C016761,Treatment,2609.43,8,20,Consumer,South,11.1,1
C016762,Treatment,2316.01,3,25,Enterprise,North,10.0,0
C016763,Control,1050.04,8,29,SMB,North,8.8,0
C016764,Control,1858.29,5,19,Enterprise,East,2.7,1
C016765,Treatment,1498.16,4,22,Consumer,South,7.0,0
C016766,Treatment,793.53,5,17,Consumer,East,7.8,0
C016767,Control,3864.81,8,9,SMB,North,19.9,0
C016768,Treatment,1411.81,10,35,SMB,West,11.8,0
C016769,Control,1526.77,4,15,Consumer,South,3.7,0
C016770,Control,1089.84,10,50,Consumer,East,16.4,0
C016771,Treatment,2485.95,6,27,Consumer,South,12.4,0
C016772,Treatment,1423.98,3,7,Consumer,South,8.5,0
C016773,Treatment,1836.99,9,36,Consumer,West,8.7,0
C016774,Control,1959.51,9,20,Consumer,North,6.6,0
C016775,Control,998.33,3,13,Consumer,North,9.8,0
C016776,Treatment,2072.99,6,6,Consumer,North,11.4,0
C016777,Treatment,1397.09,3,17,Consumer,West,9.4,0
C016778,Control,457.34,7,12,Consumer,West,8.1,1
C016779,Treatment,1437.12,14,29,SMB,East,10.2,0
C016780,Control,6680.89,13,25,Enterprise,South,12.0,0
C016781,Treatment,2052.13,9,17,Consumer,North,10.7,0
C016782,Treatment,1730.13,9,5,Enterprise,West,12.1,0
C016783,Control,1566.48,2,16,Consumer,North,5.1,0
C016784,Control,3096.08,1,8,Enterprise,South,11.9,0
C016785,Treatment,1864.14,5,16,Consumer,West,3.6,0
C016786,Treatment,4720.56,6,12,SMB,South,13.0,0
C016787,Control,2120.5,10,41,Consumer,West,1.8,0
C016788,Control,3272.75,3,6,Enterprise,West,14.2,0
C016789,Treatment,1871.65,7,11,Consumer,West,14.0,0
C016790,Control,1076.17,6,24,Consumer,East,10.6,0
C016791,Treatment,3607.53,6,33,SMB,South,5.9,1
C016792,Treatment,1745.55,12,47,Consumer,East,8.6,0
C016793,Control,2112.74,8,27,Enterprise,West,13.2,0
C016794,Treatment,1939.15,5,26,Consumer,East,12.0,0
C016795,Treatment,2892.13,8,37,Consumer,West,6.2,0
C016796,Treatment,2276.88,12,42,Consumer,West,7.2,0
C016797,Treatment,5247.91,10,51,SMB,East,20.4,0
C016798,Control,2626.06,7,50,Consumer,West,3.2,0
C016799,Control,5756.26,2,24,Enterprise,South,0.0,0
C016800,Control,1208.8,1,9,Consumer,West,0.0,0
C016801,Control,732.03,4,30,Consumer,West,8.9,0
C016802,Control,1169.94,11,39,Consumer,North,5.8,1
C016803,Control,1609.45,5,23,Consumer,East,8.2,0
C016804,Treatment,1106.58,8,25,Consumer,South,13.2,0
C016805,Control,2153.18,3,6,Enterprise,West,17.6,0
C016806,Treatment,3084.67,5,17,Enterprise,North,9.8,0
C016807,Treatment,1090.57,4,12,Consumer,South,9.7,0
C016808,Control,1746.84,5,8,Consumer,South,17.0,0
C016809,Treatment,1872.54,2,13,Consumer,South,11.8,0
C016810,Control,1247.89,9,28,SMB,West,11.3,0
C016811,Treatment,1672.67,6,17,Consumer,South,15.2,0
C016812,Treatment,5917.85,6,9,Enterprise,South,8.2,0
C016813,Treatment,1480.6,1,15,Consumer,West,2.4,0
C016814,Treatment,1028.69,10,34,Consumer,North,9.1,0
C016815,Treatment,1476.45,10,35,SMB,South,5.1,0
C016816,Treatment,2403.74,2,13,Consumer,South,7.2,0
C016817,Treatment,2418.18,6,31,Enterprise,West,6.0,0
C016818,Control,2119.1,6,34,Consumer,West,9.0,0
C016819,Treatment,1367.35,9,41,Consumer,East,9.9,0
C016820,Treatment,2416.27,7,17,Enterprise,South,2.6,0
C016821,Control,1664.55,1,3,Consumer,South,15.3,0
C016822,Treatment,2003.0,9,14,Consumer,South,12.9,1
C016823,Treatment,3439.31,6,37,SMB,South,4.1,0
C016824,Treatment,2607.17,1,7,Enterprise,South,10.3,0
C016825,Control,4597.29,2,20,Enterprise,North,19.8,0
C016826,Treatment,2841.7,2,6,Enterprise,West,9.8,0
C016827,Treatment,936.66,4,11,Consumer,East,9.1,0
C016828,Control,1564.07,3,4,SMB,North,2.6,0
C016829,Treatment,1686.26,3,24,Consumer,West,5.5,0
C016830,Treatment,963.25,4,15,Consumer,South,9.6,0
C016831,Control,1012.58,2,8,Consumer,East,11.8,0
C016832,Treatment,2791.36,9,17,Consumer,North,6.5,0
C016833,Control,942.76,4,20,Consumer,West,9.5,0
C016834,Treatment,1967.18,4,8,Enterprise,North,16.1,1
C016835,Treatment,6240.17,4,9,Enterprise,West,9.7,0
C016836,Control,1396.87,8,11,Consumer,East,14.1,0
C016837,Treatment,1843.77,4,4,Consumer,South,8.4,0
C016838,Control,1464.94,5,32,Consumer,North,13.9,0
C016839,Control,2233.47,13,27,Consumer,West,11.4,0
C016840,Treatment,1272.03,4,8,SMB,North,5.4,0
C016841,Control,1353.47,9,15,SMB,North,4.4,0
C016842,Control,2447.76,3,1,Consumer,East,14.9,0
C016843,Control,4185.11,14,64,Enterprise,North,11.8,1
C016844,Treatment,1870.72,4,11,Consumer,South,4.6,0
C016845,Treatment,1369.62,1,17,SMB,South,8.8,0
C016846,Control,1819.76,2,20,Consumer,North,11.7,1
C016847,Control,1323.43,7,20,SMB,South,0.1,0
C016848,Control,1271.93,9,13,Consumer,North,10.0,0
C016849,Control,940.91,2,16,Consumer,West,12.1,0
C016850,Control,1302.56,6,11,Consumer,South,9.3,0
C016851,Treatment,1038.74,6,6,Consumer,East,12.4,0
C016852,Treatment,1811.35,5,10,Consumer,East,4.5,0
C016853,Control,1733.68,6,28,SMB,West,17.5,0
C016854,Treatment,1722.62,8,30,Consumer,South,0.0,0
C016855,Treatment,1760.06,2,28,Consumer,North,2.0,1
C016856,Control,3963.7,12,21,SMB,South,12.6,0
C016857,Control,2867.76,12,16,Consumer,East,9.8,0
C016858,Treatment,976.92,4,8,Consumer,West,1.2,0
C016859,Control,999.18,3,8,Consumer,North,14.3,0
C016860,Treatment,1364.7,3,1,Consumer,West,3.9,0
C016861,Treatment,1917.24,10,19,Consumer,North,11.8,0
C016862,Treatment,5632.48,9,34,SMB,South,0.0,0
C016863,Control,2030.77,5,28,SMB,South,2.0,0
C016864,Control,1857.77,8,22,Consumer,North,13.2,0
C016865,Treatment,1671.05,7,24,Consumer,West,17.8,0
C016866,Control,1668.55,2,2,Enterprise,East,9.8,0
C016867,Control,2198.67,8,28,SMB,South,9.6,1
C016868,Treatment,1361.97,2,14,Consumer,North,2.3,0
C016869,Control,1031.67,8,42,Consumer,West,5.8,0
C016870,Treatment,7328.0,1,20,Enterprise,West,4.6,0
C016871,Treatment,5379.97,6,26,Enterprise,North,5.6,1
C016872,Treatment,3052.83,2,8,Consumer,South,2.1,0
C016873,Control,1079.67,3,18,Consumer,East,12.4,0
C016874,Treatment,1300.71,10,27,Consumer,South,6.8,0
C016875,Treatment,3964.32,11,23,SMB,South,15.5,0
C016876,Control,2116.43,3,26,Enterprise,South,4.8,0
C016877,Treatment,5525.2,16,57,Consumer,South,8.0,1
C016878,Control,1650.78,4,23,Consumer,North,9.5,0
C016879,Control,4975.79,5,23,SMB,South,6.7,1
C016880,Treatment,3537.46,2,10,Enterprise,North,2.1,0
C016881,Control,2018.91,7,40,SMB,North,10.2,0
C016882,Control,2197.62,6,4,Consumer,West,12.6,0
C016883,Treatment,1587.01,1,3,SMB,North,10.4,0
C016884,Control,1583.31,10,21,Consumer,North,13.8,0
C016885,Treatment,2453.63,6,13,Enterprise,West,5.6,0
C016886,Control,1105.97,7,20,SMB,West,19.0,0
C016887,Treatment,1417.34,7,37,Consumer,West,8.2,0
C016888,Treatment,3026.15,13,26,Consumer,North,8.2,0
C016889,Control,663.18,5,15,Consumer,East,11.6,0
C016890,Treatment,1323.6,4,28,Consumer,East,17.8,0
C016891,Control,1689.94,6,26,Consumer,West,7.6,0
C016892,Control,1747.26,3,14,Enterprise,North,14.9,0
C016893,Control,1802.18,3,11,Consumer,South,9.8,0
C016894,Control,5782.9,10,41,Enterprise,South,1.2,0
C016895,Control,1558.96,2,7,Consumer,East,10.2,1
C016896,Treatment,3224.23,10,59,Consumer,South,8.3,0
C016897,Treatment,1779.28,3,24,SMB,South,16.1,0
C016898,Treatment,1154.94,2,2,Consumer,East,4.5,0
C016899,Treatment,1187.81,1,11,Consumer,West,6.4,0
C016900,Control,2578.15,10,17,SMB,West,3.8,0
C016901,Control,2476.39,4,18,Consumer,East,12.8,0
C016902,Control,2026.7,10,32,Consumer,North,8.9,0
C016903,Treatment,1257.04,2,8,SMB,West,10.8,0
C016904,Treatment,706.62,10,24,Consumer,South,11.4,1
C016905,Control,1595.89,2,13,Consumer,North,0.0,0
C016906,Control,2212.0,10,15,Consumer,South,0.0,0
C016907,Control,1452.87,8,34,SMB,East,14.2,0
C016908,Treatment,2449.33,1,6,Enterprise,North,5.9,1
C016909,Control,832.78,1,6,Consumer,South,11.8,0
C016910,Treatment,1541.23,3,5,Consumer,North,9.2,0
C016911,Control,862.67,9,46,Consumer,East,17.2,0
C016912,Control,3060.51,8,18,Enterprise,East,8.5,0
C016913,Control,2081.33,1,17,Enterprise,South,12.8,0
C016914,Treatment,1930.15,2,19,Consumer,South,9.2,0
C016915,Treatment,1721.65,7,39,Consumer,West,10.0,0
C016916,Control,2119.94,4,10,Consumer,South,7.3,0
C016917,Control,2189.09,5,12,Consumer,South,9.5,0
C016918,Control,1391.74,1,13,Consumer,South,7.0,0
C016919,Control,3545.9,11,36,Consumer,East,4.2,0
C016920,Control,1443.82,5,6,Consumer,West,6.9,0
C016921,Control,634.05,4,11,Consumer,North,7.6,0
C016922,Treatment,1495.42,2,18,SMB,West,11.3,0
C016923,Treatment,1050.59,7,22,Consumer,South,3.3,0
C016924,Treatment,941.14,2,15,Consumer,West,2.5,0
C016925,Treatment,2563.07,6,20,Enterprise,South,11.5,1
C016926,Treatment,1766.49,5,27,SMB,South,8.6,1
C016927,Treatment,2016.7,2,12,SMB,North,16.2,0
C016928,Control,1155.85,1,10,Consumer,South,2.6,0
C016929,Control,3566.26,7,21,Consumer,South,6.8,0
C016930,Control,1597.1,4,15,Consumer,West,15.8,0
C016931,Treatment,799.22,10,31,Consumer,West,1.2,0
C016932,Control,3454.37,16,51,SMB,South,11.3,0
C016933,Control,1473.03,4,21,Consumer,West,9.2,0
C016934,Treatment,699.56,1,11,Consumer,West,12.6,1
C016935,Treatment,1841.01,10,37,SMB,West,12.7,0
C016936,Treatment,1507.74,8,12,Consumer,South,4.5,0
C016937,Treatment,3145.51,13,71,SMB,South,15.7,0
C016938,Treatment,735.2,1,5,Consumer,West,9.6,0
C016939,Treatment,3033.26,5,21,SMB,East,10.2,0
C016940,Control,3235.16,10,20,Enterprise,South,11.1,0
C016941,Treatment,2126.72,1,10,Consumer,South,12.1,0
C016942,Treatment,1839.18,10,32,Consumer,North,3.5,0
C016943,Control,1759.49,10,44,Consumer,South,10.4,0
C016944,Treatment,4220.05,10,22,Enterprise,South,10.5,0
C016945,Treatment,1651.41,5,13,Consumer,South,5.9,0
C016946,Treatment,2815.27,6,12,SMB,South,11.0,0
C016947,Treatment,1787.28,2,6,Consumer,South,9.7,1
C016948,Control,2550.97,8,44,SMB,North,3.0,0
C016949,Control,2546.37,5,10,Consumer,North,11.0,0
C016950,Control,2281.06,5,6,Consumer,South,6.3,0
C016951,Treatment,2296.31,2,14,Consumer,North,15.5,1
C016952,Treatment,1769.19,2,5,Enterprise,West,9.4,0
C016953,Treatment,1065.04,10,36,Consumer,South,4.2,0
C016954,Treatment,1449.77,1,20,Consumer,South,12.8,0
C016955,Treatment,1391.67,3,16,Consumer,South,4.0,0
C016956,Control,3153.34,3,4,SMB,East,11.4,0
C016957,Control,468.41,2,2,Consumer,North,5.7,0
C016958,Control,3299.85,8,24,Consumer,East,10.5,0
C016959,Treatment,2102.23,1,21,Consumer,North,0.7,0
C016960,Control,2274.3,6,24,Consumer,South,1.2,1
C016961,Treatment,4277.63,1,9,SMB,South,14.3,0
C016962,Treatment,3057.38,5,6,Consumer,South,13.3,0
C016963,Control,2527.47,7,30,SMB,East,11.8,0
C016964,Treatment,1566.99,1,12,Consumer,West,13.8,0
C016965,Treatment,1847.2,1,6,Consumer,South,6.9,0
C016966,Treatment,2702.77,8,23,SMB,North,5.4,1
C016967,Control,2572.53,4,14,Enterprise,East,5.7,0
C016968,Control,2276.55,8,24,Consumer,South,6.9,0
C016969,Control,1637.72,8,37,SMB,East,14.3,1
C016970,Treatment,2757.09,1,8,SMB,South,7.4,0
C016971,Treatment,1728.54,13,38,SMB,South,5.1,0
C016972,Treatment,2465.52,7,18,Enterprise,East,11.3,0
C016973,Treatment,1981.35,6,9,Consumer,South,6.3,0
C016974,Control,831.53,1,19,SMB,West,9.3,1
C016975,Treatment,1096.99,14,23,Enterprise,East,13.3,0
C016976,Control,1880.34,8,23,Consumer,South,8.6,0
C016977,Control,1329.15,18,48,SMB,South,10.1,0
C016978,Treatment,1433.32,3,7,Consumer,North,12.6,0
C016979,Treatment,1441.37,8,25,Consumer,South,12.4,1
C016980,Treatment,1903.83,5,11,Consumer,South,5.8,0
C016981,Treatment,2710.88,4,30,Consumer,North,5.5,0
C016982,Control,1018.71,12,48,Consumer,East,4.7,0
C016983,Control,3560.02,5,14,SMB,South,9.9,0
C016984,Control,1511.69,6,21,Consumer,North,8.1,0
C016985,Treatment,3029.22,12,54,Consumer,South,11.1,0
C016986,Control,2655.74,4,12,Consumer,West,3.1,0
C016987,Control,3192.75,15,42,SMB,South,5.8,0
C016988,Control,1428.5,6,30,Consumer,West,13.2,0
C016989,Treatment,2274.66,8,36,SMB,West,7.9,0
C016990,Treatment,1546.94,6,11,Consumer,West,8.2,0
C016991,Control,2429.02,5,13,SMB,East,3.2,0
C016992,Control,3734.45,8,25,SMB,West,12.9,0
C016993,Treatment,3019.81,6,23,SMB,South,12.8,0
C016994,Treatment,830.46,3,26,SMB,East,10.4,0
C016995,Control,4742.64,1,8,Enterprise,South,3.7,0
C016996,Control,1643.63,5,13,Consumer,South,13.0,1
C016997,Treatment,2183.14,2,11,Consumer,West,0.3,1
C016998,Treatment,1865.32,5,12,Consumer,South,8.8,0
C016999,Control,1459.79,8,32,Enterprise,North,7.7,0
C017000,Treatment,724.67,11,27,Consumer,North,15.2,1
C017001,Treatment,1505.03,3,15,SMB,South,13.6,0
C017002,Control,2287.41,5,9,Enterprise,West,19.0,0
C017003,Control,1047.48,5,35,Consumer,West,3.6,0
C017004,Treatment,2104.78,4,3,Consumer,North,12.8,0
C017005,Treatment,1836.7,18,70,Consumer,North,10.7,0
C017006,Control,1572.22,6,6,Consumer,North,6.6,0
C017007,Treatment,1931.27,5,22,Consumer,East,7.3,1
C017008,Control,2166.69,17,62,Consumer,South,15.7,0
C017009,Treatment,1142.39,12,29,Consumer,East,8.7,1
C017010,Control,1302.48,5,24,Consumer,East,4.4,1
C017011,Control,1005.83,3,5,Consumer,North,14.2,0
C017012,Control,1524.94,13,52,Consumer,South,12.7,0
C017013,Treatment,997.67,2,10,Consumer,South,10.1,0
C017014,Treatment,2415.77,8,38,Consumer,East,3.8,0
C017015,Treatment,4809.9,1,7,Enterprise,East,0.0,0
C017016,Control,1519.54,7,24,Consumer,West,19.3,1
C017017,Treatment,1554.45,1,3,Consumer,North,7.7,1
C017018,Control,1212.12,1,14,Consumer,West,18.3,0
C017019,Treatment,1421.06,10,14,Consumer,South,10.9,0
C017020,Control,1794.2,7,18,Enterprise,South,12.2,0
C017021,Treatment,3022.82,1,11,SMB,North,3.2,0
C017022,Control,1727.2,2,22,Consumer,South,17.9,1
C017023,Control,2629.5,1,2,Enterprise,North,8.8,0
C017024,Treatment,1465.18,1,13,Consumer,South,9.3,0
C017025,Control,924.07,1,9,SMB,South,12.7,0
C017026,Control,1014.13,5,16,Consumer,West,4.1,0
C017027,Treatment,2045.19,9,41,Consumer,East,16.3,1
C017028,Control,1421.35,1,5,Consumer,West,3.9,1
C017029,Treatment,1509.51,8,21,Consumer,East,10.3,0
C017030,Treatment,3028.96,1,8,Enterprise,West,9.7,1
C017031,Treatment,1018.39,9,25,Consumer,North,15.6,0
C017032,Control,2251.72,3,23,Consumer,West,1.9,0
C017033,Treatment,4116.59,10,30,Consumer,South,4.3,0
C017034,Treatment,2872.58,5,27,Consumer,South,10.4,0
C017035,Control,1376.74,2,12,Consumer,South,0.0,0
C017036,Treatment,2417.51,6,3,Consumer,North,0.0,0
C017037,Treatment,2156.0,4,31,Consumer,North,4.8,0
C017038,Control,2026.6,15,51,Consumer,South,8.6,0
C017039,Control,2271.64,2,8,SMB,West,2.0,0
C017040,Treatment,2842.92,4,26,Consumer,West,10.8,1
C017041,Control,808.9,3,6,Enterprise,North,12.5,0
C017042,Treatment,772.3,7,21,Consumer,South,1.7,0
C017043,Control,1608.36,8,49,Enterprise,East,12.7,1
C017044,Control,2446.18,7,26,Enterprise,South,11.8,0
C017045,Treatment,1822.72,4,7,Consumer,South,10.0,0
C017046,Treatment,3620.03,1,8,SMB,South,15.6,0
C017047,Control,921.11,10,32,Consumer,East,12.7,0
C017048,Treatment,2779.73,7,15,Consumer,North,9.8,1
C017049,Control,1719.28,7,22,SMB,North,9.0,0
C017050,Control,1826.39,4,9,Consumer,North,11.9,0
C017051,Treatment,1985.82,5,16,SMB,South,8.8,0
C017052,Control,1115.66,8,43,Consumer,South,12.8,0
C017053,Treatment,2959.73,8,30,Consumer,South,14.1,0
C017054,Control,1006.2,11,21,Consumer,West,10.5,0
C017055,Control,1612.96,1,25,Enterprise,South,7.6,0
C017056,Control,3996.04,6,40,SMB,North,5.0,1
C017057,Treatment,2906.49,5,27,SMB,North,10.8,0
C017058,Treatment,3757.99,4,28,SMB,West,15.5,0
C017059,Control,3455.67,1,4,SMB,South,12.5,1
C017060,Control,2128.65,8,32,Consumer,West,0.4,0
C017061,Treatment,1451.24,8,13,Enterprise,West,13.9,1
C017062,Control,805.34,5,21,Consumer,West,6.7,0
C017063,Treatment,963.51,9,13,Consumer,West,10.6,1
C017064,Treatment,4509.19,10,16,SMB,South,5.2,0
C017065,Treatment,3191.54,12,39,SMB,South,8.0,0
C017066,Control,1531.09,8,37,Consumer,West,0.0,0
C017067,Control,1818.86,1,10,Consumer,East,7.5,0
C017068,Control,1754.2,4,9,Consumer,West,4.3,0
C017069,Control,1431.82,6,13,Consumer,West,1.1,0
C017070,Control,2519.79,7,21,SMB,East,17.0,0
C017071,Treatment,1079.38,8,9,SMB,East,7.5,0
C017072,Control,3483.47,11,11,Consumer,East,17.2,0
C017073,Control,584.92,8,15,Consumer,South,8.1,0
C017074,Control,1001.54,4,12,Consumer,South,10.7,0
C017075,Control,1063.94,4,24,Consumer,East,10.4,0
C017076,Treatment,1297.68,3,22,Consumer,West,6.1,0
C017077,Control,1656.44,8,16,SMB,West,11.3,0
C017078,Treatment,2418.62,3,14,Consumer,South,17.6,0
C017079,Treatment,2622.13,1,5,Enterprise,West,11.0,0
C017080,Control,1573.25,2,9,SMB,North,7.5,0
C017081,Treatment,1992.24,4,6,Consumer,East,10.2,0
C017082,Control,1231.7,5,27,Consumer,West,12.3,0
C017083,Control,1433.39,10,21,Consumer,West,7.5,0
C017084,Treatment,1187.9,1,3,SMB,East,7.6,0
C017085,Treatment,928.28,14,43,Consumer,East,7.4,0
C017086,Control,1290.26,1,10,Consumer,South,10.6,0
C017087,Control,1655.36,1,2,SMB,East,14.6,0
C017088,Control,3782.79,8,25,Consumer,South,9.5,0
C017089,Treatment,1163.54,4,5,Consumer,North,11.6,0
C017090,Treatment,1307.14,4,11,Consumer,West,10.8,0
C017091,Control,1411.2,4,10,SMB,North,0.0,0
C017092,Treatment,1263.41,7,23,Enterprise,East,7.8,1
C017093,Treatment,2569.25,9,38,Enterprise,South,0.0,0
C017094,Control,1113.32,2,15,Consumer,North,4.4,0
C017095,Treatment,3045.74,1,11,SMB,North,1.1,0
C017096,Treatment,1256.72,4,7,Consumer,North,8.3,1
C017097,Control,2741.31,8,25,Enterprise,South,5.8,0
C017098,Treatment,2110.08,6,9,Consumer,East,9.7,1
C017099,Treatment,2281.92,3,19,Consumer,South,11.8,0
C017100,Treatment,2337.73,10,24,Consumer,South,7.0,0
C017101,Control,4106.87,17,48,SMB,West,6.0,0
C017102,Treatment,1549.54,11,48,SMB,West,9.0,1
C017103,Treatment,545.23,1,10,Consumer,East,11.0,0
C017104,Treatment,3116.18,6,38,Enterprise,East,4.6,0
C017105,Control,1765.22,7,37,SMB,East,4.9,0
C017106,Treatment,2561.25,1,14,Consumer,South,13.2,0
C017107,Treatment,1790.79,8,33,Consumer,South,12.4,0
C017108,Control,3900.81,7,21,Consumer,South,13.6,0
C017109,Control,2530.24,7,24,Consumer,East,11.6,0
C017110,Treatment,3072.3,7,49,Consumer,South,7.1,0
C017111,Treatment,4103.86,1,11,Enterprise,West,0.3,0
C017112,Treatment,1036.48,7,18,Consumer,North,9.2,0
C017113,Control,1477.67,19,55,Consumer,South,16.5,0
C017114,Treatment,1167.96,14,40,Consumer,North,10.1,0
C017115,Control,1376.73,7,28,Consumer,West,6.7,1
C017116,Treatment,1192.82,3,21,SMB,South,1.1,0
C017117,Control,1295.29,7,35,SMB,East,1.6,0
C017118,Control,1897.45,7,20,Enterprise,East,7.5,1
C017119,Treatment,828.65,9,44,Consumer,North,8.3,0
C017120,Treatment,1244.99,2,8,Consumer,West,5.9,0
C017121,Control,715.45,5,19,Consumer,West,12.1,0
C017122,Control,976.04,6,7,Consumer,East,6.4,0
C017123,Treatment,684.47,7,7,Consumer,South,3.8,0
C017124,Treatment,2126.7,8,10,Consumer,East,13.6,0
C017125,Control,3633.42,1,15,Enterprise,East,9.5,0
C017126,Treatment,2242.33,11,51,Enterprise,West,8.1,1
C017127,Control,1645.9,3,3,SMB,North,5.1,0
C017128,Treatment,2811.01,3,14,Consumer,West,3.8,0
C017129,Control,2804.85,3,17,Consumer,West,3.1,0
C017130,Control,1762.4,9,16,SMB,South,9.3,0
C017131,Treatment,935.6,12,15,Consumer,East,10.4,0
C017132,Control,3464.77,1,11,Consumer,South,4.6,0
C017133,Treatment,1289.91,1,12,SMB,South,6.3,1
C017134,Control,1706.61,1,8,Consumer,East,7.1,0
C017135,Control,1141.01,2,6,Consumer,North,6.2,0
C017136,Treatment,1418.65,11,23,Consumer,North,5.2,0
C017137,Treatment,992.75,2,11,Consumer,East,10.5,1
C017138,Control,1522.55,4,9,Consumer,West,6.1,0
C017139,Treatment,2074.22,12,17,SMB,North,9.8,0
C017140,Control,890.39,8,25,Consumer,North,7.9,0
C017141,Treatment,1540.13,8,17,Consumer,North,8.2,0
C017142,Control,1078.9,3,15,Consumer,North,6.1,0
C017143,Treatment,1582.93,6,26,Consumer,West,1.3,1
C017144,Control,2262.25,10,32,Consumer,South,6.3,1
C017145,Treatment,1370.79,12,35,Consumer,East,7.7,0
C017146,Treatment,2159.83,2,27,SMB,South,7.7,1
C017147,Treatment,1974.35,6,19,Enterprise,West,4.4,0
C017148,Control,1754.49,2,9,Consumer,South,4.9,0
C017149,Control,1453.67,2,26,Consumer,West,12.1,0
C017150,Control,2344.43,5,24,SMB,East,2.6,0
C017151,Treatment,1942.44,5,13,SMB,West,12.7,0
C017152,Control,4878.63,13,56,Consumer,South,3.7,0
C017153,Treatment,2956.13,7,15,Enterprise,West,11.0,0
C017154,Control,1719.09,8,22,Consumer,South,9.4,0
C017155,Treatment,2715.36,2,16,Enterprise,East,0.0,1
C017156,Treatment,3675.15,2,15,SMB,East,17.9,0
C017157,Treatment,4469.95,7,10,Enterprise,South,16.2,1
C017158,Treatment,2906.71,6,12,Consumer,South,1.9,0
C017159,Treatment,1676.3,9,26,Consumer,North,11.8,0
C017160,Treatment,1769.49,1,3,Consumer,West,6.1,0
C017161,Treatment,1970.02,8,7,SMB,South,2.4,0
C017162,Treatment,1952.96,3,9,Consumer,North,3.9,0
C017163,Control,1329.95,13,17,Consumer,East,9.0,0
C017164,Control,1200.3,4,10,Consumer,East,8.1,0
C017165,Treatment,1371.23,7,20,Consumer,North,11.6,0
C017166,Treatment,2587.67,10,23,SMB,South,11.0,0
C017167,Control,3046.33,1,6,Enterprise,East,11.1,0
C017168,Control,1879.45,3,8,Consumer,West,14.2,0
C017169,Treatment,1374.59,3,23,Consumer,South,9.4,1
C017170,Control,1912.49,4,9,SMB,South,7.2,1
C017171,Treatment,1036.17,3,30,Consumer,East,9.5,0
C017172,Treatment,1715.52,14,44,Consumer,South,17.4,0
C017173,Control,1578.55,17,64,Consumer,West,9.3,0
C017174,Control,1074.31,10,45,Consumer,West,4.3,0
C017175,Control,1227.66,6,14,Consumer,West,7.1,0
C017176,Control,3950.85,10,37,Consumer,South,6.5,1
C017177,Treatment,2570.96,7,16,Enterprise,North,12.8,0
C017178,Treatment,4190.04,5,29,Enterprise,East,5.1,0
C017179,Treatment,2147.62,7,19,SMB,North,9.5,0
C017180,Control,1391.68,2,18,Consumer,South,11.4,0
C017181,Treatment,5023.46,9,24,Enterprise,South,14.8,0
C017182,Control,5036.64,11,38,SMB,South,7.5,1
C017183,Treatment,1011.99,3,16,Consumer,South,12.8,1
C017184,Control,2560.98,8,13,Consumer,South,12.4,0
C017185,Treatment,2905.92,12,32,SMB,South,3.3,1
C017186,Treatment,1527.07,9,48,SMB,East,8.8,0
C017187,Control,1286.5,1,11,Consumer,South,9.1,0
C017188,Treatment,1218.61,1,9,Consumer,East,20.8,1
C017189,Control,1842.85,6,19,Consumer,East,13.1,1
C017190,Control,2122.83,9,47,Consumer,East,11.9,0
C017191,Treatment,1508.22,8,30,Consumer,West,2.4,0
C017192,Treatment,1960.68,7,13,Consumer,West,7.1,0
C017193,Control,1282.32,11,23,Consumer,North,0.0,0
C017194,Control,1653.87,1,6,SMB,South,0.1,0
C017195,Control,4092.11,4,46,Consumer,West,8.7,0
C017196,Treatment,824.04,5,22,Consumer,West,4.7,0
C017197,Treatment,2716.32,1,8,SMB,North,7.7,0
C017198,Control,798.81,1,7,Consumer,West,12.0,0
C017199,Control,2244.0,11,48,Consumer,West,4.0,1
C017200,Treatment,1838.0,11,35,Consumer,West,10.4,0
C017201,Treatment,1687.61,5,16,SMB,South,11.1,0
C017202,Control,1443.75,2,11,Consumer,South,11.0,0
C017203,Treatment,1137.79,6,19,Consumer,South,12.1,0
C017204,Control,2052.02,6,21,Consumer,South,11.0,0
C017205,Control,2940.5,4,19,SMB,South,9.6,0
C017206,Treatment,2360.75,1,5,Consumer,North,5.5,1
C017207,Treatment,3949.17,9,45,Consumer,West,5.8,0
C017208,Control,1862.27,6,13,SMB,South,0.0,0
C017209,Treatment,980.22,5,7,Consumer,East,15.8,0
C017210,Treatment,1576.97,1,10,SMB,South,19.6,0
C017211,Treatment,2873.02,6,26,Consumer,West,7.2,0
C017212,Treatment,2057.92,1,13,Enterprise,West,9.0,0
C017213,Treatment,1676.56,6,12,Consumer,East,12.9,0
C017214,Treatment,1251.67,4,13,SMB,South,10.1,0
C017215,Control,1584.42,3,19,Consumer,South,8.5,0
C017216,Treatment,1591.16,3,15,Consumer,East,10.6,0
C017217,Control,1398.64,1,29,Consumer,West,17.6,1
C017218,Treatment,1648.95,10,50,Consumer,West,8.7,1
C017219,Control,757.01,6,15,Consumer,North,10.7,0
C017220,Control,4587.27,7,19,SMB,South,7.0,0
C017221,Treatment,2329.85,8,42,Consumer,South,9.1,0
C017222,Control,4464.23,4,12,SMB,South,13.2,0
C017223,Control,2059.56,10,33,Consumer,East,8.8,0
C017224,Control,2682.55,9,25,Consumer,South,5.1,0
C017225,Treatment,1325.99,3,13,Consumer,West,1.6,0
C017226,Control,1484.1,5,5,Consumer,South,4.9,0
C017227,Control,2402.66,4,27,SMB,South,15.7,0
C017228,Treatment,1764.2,6,17,Consumer,South,8.2,0
C017229,Treatment,2921.12,3,6,Consumer,West,1.0,0
C017230,Treatment,1342.18,1,9,Consumer,West,0.8,0
C017231,Control,1460.6,4,15,Consumer,West,11.0,0
C017232,Treatment,1469.16,10,24,Consumer,South,1.1,0
C017233,Treatment,2271.41,1,4,SMB,South,2.7,0
C017234,Treatment,1035.78,4,11,Consumer,East,10.6,0
C017235,Treatment,1628.94,6,12,SMB,West,15.2,0
C017236,Control,3986.68,12,40,Consumer,South,12.4,0
C017237,Treatment,1714.68,8,28,Consumer,North,2.7,0
C017238,Treatment,930.58,2,7,Consumer,North,11.9,1
C017239,Control,3839.45,18,72,Consumer,East,14.6,0
C017240,Control,1544.61,5,16,Consumer,South,4.5,0
C017241,Control,2156.35,1,10,Consumer,North,10.8,1
C017242,Treatment,3569.49,6,27,SMB,North,14.1,0
C017243,Control,1725.94,1,24,Consumer,East,12.5,0
C017244,Treatment,2370.81,8,31,Consumer,South,0.6,0
C017245,Treatment,1545.05,8,33,Consumer,South,5.6,0
C017246,Control,2126.55,4,29,SMB,East,7.6,0
C017247,Control,2780.13,13,23,Consumer,North,8.2,0
C017248,Control,1260.22,1,9,Consumer,North,7.7,0
C017249,Control,1230.72,7,24,Consumer,South,2.8,0
C017250,Treatment,1626.21,6,26,Enterprise,South,5.7,1
C017251,Treatment,1598.07,2,10,Consumer,North,5.8,0
C017252,Treatment,1105.91,3,11,Consumer,North,9.8,0
C017253,Treatment,2651.65,1,9,Consumer,North,6.7,1
C017254,Control,2693.29,10,39,SMB,East,8.1,0
C017255,Treatment,3131.96,17,55,SMB,West,0.0,0
C017256,Control,1834.37,13,32,Consumer,North,12.1,0
C017257,Control,1336.97,7,16,Consumer,East,9.0,0
C017258,Control,2001.01,6,33,Consumer,South,11.2,0
C017259,Control,1037.47,9,32,Consumer,West,5.5,1
C017260,Treatment,2108.62,4,11,Consumer,South,8.6,0
C017261,Treatment,1318.19,4,7,Consumer,North,9.5,0
C017262,Control,1606.48,1,5,Consumer,South,7.4,0
C017263,Control,1168.32,1,9,SMB,North,8.8,0
C017264,Treatment,940.89,9,19,Consumer,North,12.6,0
C017265,Treatment,1453.86,7,30,Consumer,South,8.7,0
C017266,Treatment,2443.83,4,18,Enterprise,East,12.6,0
C017267,Control,3026.87,8,31,Consumer,North,12.0,0
C017268,Control,409.78,1,12,Consumer,South,1.8,0
C017269,Treatment,3546.22,11,24,Consumer,West,13.7,0
C017270,Treatment,1156.95,2,23,Consumer,South,7.9,0
C017271,Control,2711.93,9,60,Consumer,North,12.1,0
C017272,Control,2037.9,7,8,Consumer,South,9.7,1
C017273,Control,1697.12,22,60,Consumer,North,5.3,0
C017274,Treatment,2468.33,9,53,Consumer,West,0.0,0
C017275,Control,1449.06,4,8,SMB,South,20.6,0
C017276,Treatment,1505.95,14,19,Consumer,North,5.4,0
C017277,Treatment,1084.3,5,42,Consumer,West,7.3,0
C017278,Control,1401.02,3,4,SMB,West,3.0,0
C017279,Control,2142.01,7,10,Consumer,East,4.1,0
C017280,Control,2452.32,1,1,Consumer,South,7.9,0
C017281,Control,1470.07,12,31,Consumer,South,4.7,0
C017282,Treatment,1040.55,4,3,Consumer,West,6.2,1
C017283,Treatment,1364.83,1,15,SMB,South,7.9,0
C017284,Control,2668.88,2,24,SMB,West,12.7,0
C017285,Treatment,1792.87,1,6,SMB,East,10.3,0
C017286,Control,1756.52,11,55,Consumer,West,2.7,0
C017287,Treatment,1309.56,7,27,Consumer,North,14.0,0
C017288,Treatment,2192.7,14,32,Consumer,West,5.5,0
C017289,Control,1370.61,3,18,Consumer,West,1.2,0
C017290,Treatment,3342.52,6,20,Enterprise,West,9.5,1
C017291,Treatment,1374.94,9,12,Consumer,West,6.3,0
C017292,Control,2058.09,7,13,Consumer,West,0.0,0
C017293,Treatment,2085.16,4,12,Consumer,South,6.8,1
C017294,Control,1192.07,2,7,SMB,East,13.3,0
C017295,Control,1222.86,1,13,Consumer,West,9.1,0
C017296,Treatment,623.14,2,5,Consumer,East,2.8,0
C017297,Control,2982.89,21,61,SMB,East,11.0,1
C017298,Control,831.98,2,12,Consumer,East,11.5,0
C017299,Control,1554.45,7,10,Consumer,West,9.6,0
C017300,Control,902.82,2,15,Consumer,North,16.3,1
C017301,Control,1087.68,8,22,Consumer,East,14.8,1
C017302,Control,841.57,6,9,Consumer,South,12.2,0
C017303,Treatment,2760.35,4,23,Consumer,West,3.7,0
C017304,Control,1719.2,1,8,Consumer,South,10.8,0
C017305,Treatment,3146.66,5,7,Enterprise,South,8.9,1
C017306,Treatment,943.11,10,32,Consumer,North,7.1,1
C017307,Control,1156.25,7,12,Consumer,East,7.6,0
C017308,Treatment,1873.58,4,13,Consumer,West,0.0,0
C017309,Treatment,1792.95,1,4,Consumer,East,9.7,0
C017310,Treatment,1944.42,6,22,SMB,South,8.0,0
C017311,Treatment,1704.82,1,13,SMB,South,1.1,0
C017312,Control,1085.12,10,32,Consumer,East,5.0,1
C017313,Control,4288.6,5,32,Enterprise,West,0.0,0
C017314,Treatment,645.36,3,18,Consumer,East,14.0,0
C017315,Treatment,2128.63,4,17,SMB,North,18.3,0
C017316,Treatment,745.65,8,12,SMB,South,9.3,0
C017317,Treatment,2978.96,10,63,Consumer,East,9.1,0
C017318,Control,1082.16,2,11,Consumer,South,2.9,1
C017319,Control,4359.03,8,38,Enterprise,East,12.6,0
C017320,Treatment,978.64,7,19,Consumer,West,3.9,1
C017321,Control,1826.25,1,3,SMB,West,5.5,0
C017322,Treatment,2962.48,11,66,Consumer,North,0.0,0
C017323,Treatment,1724.44,1,9,SMB,South,9.0,1
C017324,Control,635.17,5,11,Consumer,East,4.5,0
C017325,Control,1065.26,1,20,Consumer,West,0.0,0
C017326,Treatment,1394.34,11,32,Consumer,South,2.5,0
C017327,Treatment,2156.56,8,22,Consumer,North,17.0,0
C017328,Treatment,1645.88,6,14,SMB,East,12.8,0
C017329,Control,2120.33,6,15,Consumer,South,12.6,1
C017330,Control,4137.01,5,14,SMB,South,0.0,0
C017331,Control,600.64,3,18,Consumer,West,9.9,0
C017332,Control,1838.79,5,25,Consumer,South,11.4,1
C017333,Control,1916.45,7,34,SMB,North,12.8,0
C017334,Treatment,2091.72,1,20,Consumer,North,8.3,1
C017335,Control,1828.97,9,16,SMB,South,9.4,0
C017336,Treatment,2076.93,7,47,Consumer,North,10.0,0
C017337,Treatment,927.86,3,13,Consumer,South,13.8,1
C017338,Treatment,1424.36,4,16,SMB,North,6.2,0
C017339,Treatment,1658.1,5,12,Consumer,South,9.7,0
C017340,Control,767.39,3,12,Consumer,South,18.0,1
C017341,Treatment,929.86,4,23,Consumer,East,9.7,0
C017342,Control,2326.32,6,6,Enterprise,West,8.6,1
C017343,Control,2340.22,14,15,Enterprise,West,17.4,0
C017344,Treatment,1255.25,10,11,Consumer,South,9.0,0
C017345,Control,1852.24,5,16,SMB,South,14.0,0
C017346,Control,1048.1,1,15,Consumer,East,15.3,0
C017347,Treatment,3180.96,5,45,Enterprise,South,7.0,0
C017348,Control,1176.69,11,33,Consumer,West,10.8,0
C017349,Control,860.85,9,38,Consumer,East,8.6,0
C017350,Control,2888.17,5,16,SMB,North,3.9,0
C017351,Control,3623.18,7,21,Enterprise,South,4.1,0
C017352,Treatment,787.67,4,23,Consumer,West,11.9,0
C017353,Treatment,936.61,4,12,Consumer,South,11.8,0
C017354,Control,3369.86,4,6,SMB,East,11.4,0
C017355,Treatment,1665.73,9,11,Consumer,East,8.4,0
C017356,Treatment,3984.76,11,24,SMB,South,4.3,1
C017357,Treatment,1655.05,10,33,SMB,South,18.2,0
C017358,Treatment,3119.87,14,72,Consumer,East,5.2,0
C017359,Treatment,1022.11,3,5,Consumer,North,10.8,1
C017360,Treatment,1009.9,11,28,Consumer,East,5.6,0
C017361,Treatment,3031.16,11,20,Enterprise,North,6.7,0
C017362,Control,1614.23,16,54,SMB,West,6.5,0
C017363,Control,1316.74,7,33,Consumer,East,9.0,0
C017364,Control,1493.4,8,13,SMB,North,11.0,0
C017365,Treatment,899.9,2,12,Enterprise,West,12.3,1
C017366,Control,1070.06,7,12,Enterprise,East,2.1,0
C017367,Treatment,1382.26,6,5,Consumer,East,2.2,0
C017368,Control,1392.84,5,4,SMB,South,6.7,0
C017369,Treatment,2101.4,2,9,Consumer,South,8.5,0
C017370,Control,1307.4,1,6,Consumer,East,5.2,0
C017371,Control,1254.78,1,2,Consumer,South,10.1,0
C017372,Control,3039.99,6,15,Consumer,South,8.2,0
C017373,Treatment,2093.78,3,18,Consumer,South,5.0,0
C017374,Control,2040.95,7,54,Consumer,West,12.7,1
C017375,Control,1499.24,6,1,Consumer,West,10.8,0
C017376,Treatment,1891.9,1,14,Consumer,South,10.2,0
C017377,Treatment,2746.44,5,16,Enterprise,South,7.2,0
C017378,Treatment,1836.06,6,16,Consumer,South,5.7,0
C017379,Treatment,1518.25,10,52,Consumer,West,13.8,0
C017380,Control,2349.1,2,4,SMB,North,9.0,0
C017381,Treatment,1723.88,9,14,SMB,West,3.3,0
C017382,Control,1544.16,1,6,Consumer,West,12.3,0
C017383,Treatment,1642.03,7,10,SMB,South,18.2,0
C017384,Treatment,734.56,3,8,SMB,West,5.4,0
C017385,Control,2683.01,5,29,SMB,South,9.1,0
C017386,Control,3776.19,6,16,Consumer,South,8.4,0
C017387,Treatment,1475.41,6,27,SMB,West,12.0,0
C017388,Treatment,2659.51,11,45,SMB,South,8.7,0
C017389,Treatment,1982.07,10,30,Consumer,North,6.3,0
C017390,Treatment,1972.7,6,7,SMB,East,11.9,0
C017391,Treatment,2359.53,7,35,Consumer,East,10.8,0
C017392,Control,1091.32,7,16,Consumer,East,14.9,0
C017393,Treatment,1303.38,12,20,Consumer,South,14.9,0
C017394,Control,1058.97,5,37,Consumer,East,8.0,0
C017395,Treatment,1715.13,1,4,Consumer,South,12.8,0
C017396,Treatment,4151.84,1,22,Enterprise,South,12.6,1
C017397,Control,1540.29,8,4,Consumer,South,14.1,0
C017398,Treatment,1399.34,4,10,Consumer,East,9.5,0
C017399,Treatment,2254.81,8,36,SMB,West,1.9,0
C017400,Control,3113.34,5,11,SMB,North,4.0,0
C017401,Treatment,3108.4,8,17,Consumer,North,6.6,0
C017402,Treatment,2837.92,9,34,Enterprise,West,6.3,0
C017403,Control,1402.29,8,14,SMB,South,12.2,0
C017404,Control,1211.07,4,14,SMB,South,10.7,0
C017405,Control,2108.88,1,13,Consumer,South,10.1,0
C017406,Treatment,929.0,7,7,Consumer,South,9.7,1
C017407,Control,1775.28,6,26,SMB,North,6.2,0
C017408,Control,1100.29,1,24,Consumer,West,17.0,0
C017409,Treatment,3893.46,2,46,Consumer,North,10.1,0
C017410,Treatment,1962.64,1,10,Consumer,West,9.6,0
C017411,Treatment,2812.31,4,22,Consumer,West,8.7,0
C017412,Treatment,1283.05,4,10,Consumer,North,3.0,0
C017413,Control,3586.71,11,44,SMB,West,14.4,0
C017414,Control,2568.86,1,19,SMB,East,12.0,0
C017415,Treatment,2345.32,12,56,Consumer,West,18.4,0
C017416,Control,983.7,2,13,Consumer,East,12.3,0
C017417,Control,1609.91,7,20,Consumer,South,12.3,0
C017418,Treatment,1678.86,7,13,Consumer,East,6.6,1
C017419,Control,1673.25,16,51,Consumer,East,10.5,0
C017420,Treatment,2169.7,12,33,Enterprise,East,11.7,0
C017421,Treatment,4039.33,3,29,Consumer,South,0.3,0
C017422,Treatment,2624.48,8,31,SMB,West,17.2,0
C017423,Control,1777.45,7,34,Consumer,South,11.3,0
C017424,Control,2680.1,6,23,SMB,West,14.5,0
C017425,Treatment,2576.12,4,16,Consumer,South,14.1,0
C017426,Treatment,1300.08,8,8,SMB,North,4.6,0
C017427,Control,1102.39,5,7,Enterprise,South,5.6,0
C017428,Control,2540.71,3,8,Enterprise,West,8.3,1
C017429,Treatment,3297.98,8,28,SMB,West,7.6,0
C017430,Control,2681.83,2,20,Consumer,South,10.4,0
C017431,Control,1659.13,6,12,Consumer,West,13.4,0
C017432,Control,1594.19,3,10,Enterprise,South,1.4,0
C017433,Control,2794.87,1,5,Enterprise,South,7.6,1
C017434,Control,1840.25,1,14,Consumer,North,13.3,1
C017435,Control,1335.44,9,10,Consumer,South,1.8,0
C017436,Treatment,2038.24,2,8,Consumer,South,11.7,0
C017437,Control,728.45,5,4,Consumer,North,13.9,0
C017438,Control,2703.48,4,10,Consumer,North,4.6,0
C017439,Control,1461.6,7,7,SMB,South,10.4,1
C017440,Treatment,943.72,2,28,Consumer,South,12.2,0
C017441,Control,1115.07,8,15,Consumer,South,11.2,1
C017442,Control,2302.94,11,26,Consumer,South,12.4,0
C017443,Treatment,2115.09,2,16,Consumer,North,10.7,0
C017444,Treatment,2607.39,11,36,SMB,North,10.4,0
C017445,Treatment,515.97,1,2,Consumer,East,10.2,0
C017446,Control,1466.31,3,11,Enterprise,West,13.6,0
C017447,Control,1514.8,4,28,Consumer,South,6.5,0
C017448,Control,1702.53,5,11,SMB,South,12.4,0
C017449,Treatment,875.99,3,11,Consumer,West,3.2,0
C017450,Control,1186.68,3,6,Consumer,West,2.8,1
C017451,Control,3079.2,1,11,SMB,South,0.0,0
C017452,Control,1441.94,7,16,Consumer,West,6.5,0
C017453,Treatment,4102.85,11,49,Consumer,South,4.9,0
C017454,Control,1908.03,4,10,SMB,South,8.1,0
C017455,Control,2451.63,3,16,Consumer,East,9.6,1
C017456,Treatment,5368.07,11,72,Consumer,South,5.7,1
C017457,Treatment,2263.03,8,49,Consumer,West,12.6,0
C017458,Treatment,2448.35,7,29,SMB,North,11.2,0
C017459,Treatment,3087.91,6,24,Consumer,South,3.7,0
C017460,Control,3226.01,9,16,SMB,North,0.0,0
C017461,Treatment,2421.72,12,28,Enterprise,East,8.7,0
C017462,Control,1906.38,7,18,SMB,South,4.4,0
C017463,Treatment,1697.06,8,3,Consumer,South,13.6,0
C017464,Control,812.62,3,15,Consumer,West,11.5,0
C017465,Treatment,1825.55,6,12,Consumer,North,6.5,0
C017466,Treatment,1512.73,5,13,Consumer,North,10.7,0
C017467,Control,1002.39,6,17,Consumer,South,9.7,0
C017468,Control,1248.33,1,12,Consumer,South,13.6,1
C017469,Treatment,3873.22,8,32,Enterprise,North,5.7,0
C017470,Control,2245.6,8,39,SMB,South,21.0,0
C017471,Treatment,2205.42,5,35,Consumer,South,11.5,0
C017472,Control,1954.23,5,9,Consumer,South,9.8,0
C017473,Treatment,4626.35,4,40,SMB,West,11.4,0
C017474,Treatment,1415.49,8,15,Consumer,South,7.0,0
C017475,Control,2301.59,16,70,Consumer,South,8.3,0
C017476,Treatment,4387.18,9,57,Enterprise,South,4.7,1
C017477,Treatment,3858.72,2,6,SMB,West,13.5,0
C017478,Treatment,3121.89,5,17,SMB,West,8.1,0
C017479,Treatment,1449.86,7,11,SMB,South,8.7,0
C017480,Treatment,1122.9,11,25,SMB,East,7.8,0
C017481,Control,3954.95,6,26,SMB,South,7.9,0
C017482,Control,1962.21,9,37,Consumer,North,5.7,0
C017483,Control,3690.49,16,44,Consumer,South,8.1,0
C017484,Treatment,2922.52,1,6,Consumer,South,0.0,0
C017485,Treatment,1824.32,8,52,Consumer,South,14.5,0
C017486,Control,1553.45,9,17,Consumer,South,7.8,0
C017487,Treatment,2656.92,4,17,SMB,East,6.3,0
C017488,Control,863.61,4,4,Consumer,West,13.7,0
C017489,Treatment,2691.28,10,20,Enterprise,West,17.1,0
C017490,Treatment,1509.13,1,12,Consumer,South,3.0,0
C017491,Treatment,1020.18,6,5,Consumer,East,14.8,0
C017492,Treatment,2264.79,7,16,Consumer,South,3.4,0
C017493,Treatment,1572.36,1,14,Consumer,South,9.5,0
C017494,Control,1202.02,9,44,Consumer,East,15.6,0
C017495,Treatment,2917.14,10,40,Consumer,North,4.5,1
C017496,Control,3000.86,6,13,SMB,West,5.1,0
C017497,Treatment,2582.47,3,22,Consumer,South,14.8,0
C017498,Treatment,2818.36,11,36,Enterprise,South,0.0,0
C017499,Control,1623.92,3,5,Consumer,South,15.4,1
C017500,Control,1531.65,2,16,Consumer,West,3.0,0
C017501,Control,2754.87,3,14,Enterprise,South,10.5,0
C017502,Treatment,2118.18,4,3,SMB,East,2.9,0
C017503,Control,1981.79,2,12,Consumer,South,8.6,0
C017504,Treatment,2423.69,1,3,Consumer,East,6.1,0
C017505,Control,1502.89,1,5,Consumer,East,6.8,0
C017506,Treatment,1706.81,1,12,Consumer,West,5.0,1
C017507,Treatment,2901.55,5,26,SMB,South,10.3,1
C017508,Control,3875.1,2,6,SMB,South,6.8,1
C017509,Treatment,919.09,6,21,Consumer,North,11.7,0
C017510,Control,2857.81,10,31,Consumer,South,10.2,0
C017511,Treatment,1796.43,1,11,Consumer,West,8.7,1
C017512,Control,3043.58,9,26,Enterprise,South,11.1,0
C017513,Treatment,3222.57,5,24,Enterprise,West,9.3,1
C017514,Control,2807.39,4,16,Consumer,North,0.1,0
C017515,Treatment,1775.92,1,12,Consumer,West,10.7,0
C017516,Control,2284.12,1,14,SMB,East,6.6,0
C017517,Treatment,2259.95,17,65,Consumer,West,4.5,0
C017518,Control,3682.54,1,7,Enterprise,South,3.5,0
C017519,Control,3689.47,9,52,SMB,East,5.1,1
C017520,Treatment,825.91,3,8,SMB,North,11.6,0
C017521,Control,2108.81,9,27,Consumer,South,0.0,1
C017522,Control,3589.67,2,4,Consumer,West,11.6,0
C017523,Treatment,2877.15,1,4,Consumer,North,2.8,0
C017524,Control,3883.31,6,43,SMB,West,8.9,0
C017525,Treatment,1497.55,7,6,Consumer,South,17.3,0
C017526,Control,3017.03,9,30,Consumer,South,10.6,0
C017527,Treatment,2332.59,1,21,SMB,East,6.5,0
C017528,Treatment,815.86,4,17,Consumer,North,1.3,0
C017529,Control,1958.13,12,28,SMB,East,10.2,0
C017530,Control,870.97,7,27,Consumer,West,5.3,1
C017531,Treatment,1598.94,3,17,Consumer,North,5.7,0
C017532,Treatment,3669.06,1,2,Consumer,South,18.6,0
C017533,Control,1145.9,3,16,Consumer,North,8.5,0
C017534,Control,3281.46,15,54,Consumer,South,4.6,0
C017535,Control,722.85,10,10,Consumer,East,7.7,0
C017536,Treatment,2197.41,8,14,SMB,West,4.9,1
C017537,Treatment,1320.99,4,5,Enterprise,South,7.6,0
C017538,Control,833.8,4,13,Consumer,North,6.4,1
C017539,Treatment,2110.22,2,17,Consumer,North,10.0,0
C017540,Treatment,1507.92,3,12,Consumer,South,7.1,0
C017541,Treatment,1558.36,1,16,Consumer,South,15.5,0
C017542,Control,2324.76,7,14,Enterprise,West,13.8,0
C017543,Control,824.99,10,42,Consumer,South,5.1,1
C017544,Control,1888.54,3,9,Enterprise,West,6.4,1
C017545,Treatment,1978.92,4,34,Consumer,South,4.9,0
C017546,Control,1562.15,5,11,Consumer,West,9.4,0
C017547,Control,728.9,3,9,Enterprise,West,12.5,0
C017548,Treatment,3423.43,8,28,SMB,West,8.0,0
C017549,Treatment,1269.89,3,8,SMB,South,15.1,0
C017550,Control,1969.2,8,17,Consumer,South,12.1,0
C017551,Control,1579.72,1,15,Consumer,South,12.1,0
C017552,Control,3092.9,12,51,Consumer,South,15.2,0
C017553,Control,2599.19,7,17,Consumer,East,10.0,1
C017554,Control,1234.75,3,2,Consumer,West,11.0,0
C017555,Control,1571.71,6,21,Consumer,East,10.6,0
C017556,Control,696.63,12,34,Consumer,South,8.6,0
C017557,Treatment,1347.86,3,27,Consumer,South,5.9,0
C017558,Treatment,1288.11,2,20,SMB,East,13.4,0
C017559,Control,1496.04,4,13,Consumer,South,6.3,1
C017560,Treatment,1651.41,9,25,Consumer,North,8.4,0
C017561,Control,1849.77,6,17,SMB,North,14.1,0
C017562,Treatment,1691.49,9,20,Consumer,West,17.5,0
C017563,Treatment,4399.45,12,27,Consumer,South,17.1,0
C017564,Treatment,3452.23,9,43,SMB,West,12.1,1
C017565,Treatment,2043.49,6,11,Consumer,South,10.1,0
C017566,Control,2193.18,6,11,Enterprise,East,13.4,0
C017567,Control,1492.0,7,19,Consumer,West,6.3,0
C017568,Control,1707.82,3,17,Consumer,West,9.1,1
C017569,Control,1956.47,4,18,SMB,North,16.9,0
C017570,Treatment,3284.23,3,11,Consumer,South,9.7,1
C017571,Control,939.11,6,6,Consumer,North,9.3,0
C017572,Control,1885.5,1,5,Consumer,South,8.8,0
C017573,Treatment,1347.02,4,6,SMB,North,15.7,0
C017574,Treatment,2086.75,1,9,SMB,East,10.3,0
C017575,Treatment,2819.49,13,50,Consumer,South,5.4,0
C017576,Treatment,2542.62,5,23,SMB,West,7.2,0
C017577,Treatment,1551.11,10,30,Consumer,West,9.8,0
C017578,Control,990.5,6,6,SMB,East,3.9,0
C017579,Treatment,1227.52,1,16,Consumer,East,8.6,0
C017580,Control,3499.59,5,28,Enterprise,North,6.5,1
C017581,Control,740.01,3,8,SMB,North,2.9,0
C017582,Treatment,3378.43,4,18,Enterprise,South,10.3,0
C017583,Control,1568.36,1,11,SMB,West,12.4,0
C017584,Control,1007.39,3,5,SMB,North,14.1,0
C017585,Control,1475.08,1,4,Consumer,South,9.0,0
C017586,Treatment,5150.16,9,20,Enterprise,West,7.2,0
C017587,Treatment,2579.07,2,12,Consumer,South,8.1,1
C017588,Control,1253.07,3,15,SMB,West,16.6,0
C017589,Treatment,3298.48,6,5,Consumer,West,4.9,1
C017590,Control,2030.58,3,24,Consumer,North,8.7,0
C017591,Treatment,2873.63,9,57,Consumer,East,5.8,0
C017592,Control,1719.98,7,31,Consumer,North,13.3,0
C017593,Control,1742.79,5,10,SMB,South,6.6,0
C017594,Treatment,894.25,1,3,SMB,West,1.7,0
C017595,Treatment,3405.17,1,28,Consumer,North,6.9,0
C017596,Control,1962.06,8,35,Consumer,West,9.8,0
C017597,Control,1368.86,6,24,Consumer,West,12.9,0
C017598,Treatment,2229.84,3,15,Consumer,East,13.8,0
C017599,Control,2782.89,8,34,SMB,South,5.0,0
C017600,Control,964.02,8,19,Consumer,South,7.1,1
C017601,Treatment,1627.37,4,14,Consumer,South,8.5,0
C017602,Control,1831.35,8,30,SMB,North,8.5,0
C017603,Control,2702.85,11,40,Enterprise,North,1.8,0
C017604,Control,3560.74,4,11,SMB,North,8.4,0
C017605,Control,1587.07,2,9,Consumer,East,5.5,0
C017606,Treatment,2924.18,6,19,SMB,North,11.9,0
C017607,Treatment,2823.28,9,21,Consumer,South,16.4,1
C017608,Control,1802.61,3,16,Consumer,East,11.6,0
C017609,Treatment,2581.41,5,38,Consumer,North,7.1,0
C017610,Control,2259.98,9,26,Consumer,South,8.4,0
C017611,Control,2150.74,4,21,SMB,North,16.2,0
C017612,Treatment,2283.43,6,15,SMB,North,1.5,0
C017613,Control,1563.8,7,50,Consumer,South,9.9,0
C017614,Treatment,1560.54,6,32,Consumer,North,12.3,0
C017615,Control,2468.15,13,54,Consumer,South,14.5,1
C017616,Treatment,3167.81,4,19,Enterprise,North,0.3,0
C017617,Treatment,1229.49,5,12,Consumer,South,5.1,0
C017618,Control,1508.9,11,34,Consumer,East,7.0,0
C017619,Treatment,2136.77,4,16,Enterprise,East,7.9,0
C017620,Control,2512.92,3,11,Consumer,South,6.5,0
C017621,Control,1371.47,3,15,Consumer,West,7.5,0
C017622,Control,2265.81,6,28,Enterprise,West,8.1,0
C017623,Treatment,921.56,7,17,Consumer,East,8.5,1
C017624,Treatment,995.34,5,12,Consumer,South,8.1,0
C017625,Treatment,823.52,3,15,Consumer,North,11.3,0
C017626,Treatment,1948.49,8,11,Consumer,South,14.3,0
C017627,Control,1167.73,8,9,SMB,South,16.4,0
C017628,Treatment,1138.48,2,5,SMB,West,8.2,0
C017629,Treatment,695.79,6,37,Consumer,West,14.3,0
C017630,Treatment,1425.58,7,37,Consumer,North,9.9,0
C017631,Treatment,764.85,5,20,Consumer,West,4.0,0
C017632,Treatment,1235.57,4,10,Enterprise,West,5.4,1
C017633,Control,1753.25,9,14,Consumer,East,13.4,0
C017634,Treatment,1314.06,7,7,Consumer,West,12.7,0
C017635,Treatment,1142.96,4,6,Consumer,South,14.5,0
C017636,Treatment,3018.17,1,10,SMB,South,10.1,0
C017637,Control,1811.82,3,24,SMB,West,3.5,0
C017638,Control,736.42,1,5,Consumer,North,17.2,0
C017639,Treatment,2135.14,10,26,Consumer,East,9.2,0
C017640,Treatment,2798.29,3,22,SMB,West,7.0,0
C017641,Treatment,1099.47,1,21,Consumer,West,3.7,1
C017642,Treatment,1319.89,10,17,Consumer,South,5.4,0
C017643,Treatment,1181.39,4,21,Consumer,East,11.8,0
C017644,Treatment,3051.47,5,16,Consumer,North,8.5,0
C017645,Control,1025.28,3,5,Consumer,West,0.5,0
C017646,Control,2335.83,13,47,SMB,South,6.0,0
C017647,Treatment,1009.41,1,13,Consumer,East,4.9,0
C017648,Control,972.4,1,13,Consumer,West,5.9,0
C017649,Control,1931.75,9,18,Consumer,South,9.6,0
C017650,Treatment,5486.16,9,53,SMB,South,1.2,0
C017651,Control,1268.16,7,32,Consumer,South,9.3,0
C017652,Treatment,498.02,11,20,Consumer,East,19.7,1
C017653,Control,1420.97,10,17,Consumer,East,5.6,1
C017654,Treatment,453.12,6,13,Consumer,West,14.8,1
C017655,Control,1401.96,4,23,Consumer,North,6.5,0
C017656,Treatment,1580.03,5,11,Consumer,South,3.1,0
C017657,Treatment,928.29,2,17,Consumer,South,0.0,0
C017658,Control,2525.76,11,39,SMB,North,13.8,0
C017659,Control,1283.37,7,16,Consumer,West,10.3,0
C017660,Control,1079.22,3,24,SMB,South,0.0,0
C017661,Control,962.57,13,13,Consumer,North,9.1,0
C017662,Control,1292.98,6,13,Consumer,East,2.0,0
C017663,Control,3508.85,7,37,SMB,South,18.9,0
C017664,Treatment,1621.03,12,28,SMB,East,8.9,0
C017665,Control,1963.48,8,34,SMB,North,7.2,0
C017666,Control,1009.8,6,23,Consumer,North,7.1,0
C017667,Control,1590.65,3,18,Consumer,North,10.6,0
C017668,Control,1291.41,5,4,Consumer,South,7.2,0
C017669,Treatment,1612.91,8,8,Consumer,East,3.9,1
C017670,Treatment,951.53,2,7,Consumer,East,11.3,1
C017671,Treatment,1815.07,5,15,Enterprise,North,4.8,0
C017672,Control,1162.45,3,21,Consumer,East,13.1,0
C017673,Control,1686.21,2,7,SMB,South,14.7,0
C017674,Control,1408.34,5,6,Consumer,West,7.3,0
C017675,Treatment,2752.68,7,14,SMB,South,1.3,1
C017676,Control,1394.4,2,5,Consumer,East,7.6,0
C017677,Treatment,1432.54,9,38,Consumer,East,8.8,0
C017678,Treatment,2019.17,3,8,Consumer,East,2.6,0
C017679,Treatment,1817.53,3,14,Consumer,South,0.0,0
C017680,Treatment,2841.15,6,10,Consumer,North,0.0,1
C017681,Treatment,1887.78,5,14,Consumer,North,14.2,0
C017682,Control,695.1,4,3,SMB,West,12.6,0
C017683,Control,904.82,6,40,Consumer,East,2.9,0
C017684,Treatment,5252.92,13,45,SMB,South,13.7,1
C017685,Treatment,1885.14,1,6,Consumer,South,9.8,0
C017686,Control,2038.18,4,19,SMB,North,10.6,0
C017687,Control,4015.16,3,20,Consumer,South,0.0,0
C017688,Control,726.32,3,17,SMB,East,5.5,0
C017689,Treatment,1218.5,8,35,Consumer,North,13.8,0
C017690,Control,2365.85,6,27,SMB,West,0.0,0
C017691,Control,1207.08,2,12,Consumer,North,16.3,0
C017692,Control,2181.97,11,27,Consumer,East,12.0,0
C017693,Treatment,6296.06,6,11,Enterprise,South,7.8,0
C017694,Treatment,1875.55,4,5,Consumer,West,4.3,0
C017695,Control,764.55,14,44,Consumer,West,12.4,0
C017696,Treatment,4513.11,11,52,Consumer,South,10.2,0
C017697,Control,1401.45,4,7,Consumer,South,7.4,0
C017698,Treatment,1122.97,5,18,Consumer,West,11.4,0
C017699,Treatment,799.91,3,35,Consumer,East,3.9,0
C017700,Control,2023.99,7,17,SMB,North,6.2,0
C017701,Treatment,1272.78,3,15,Enterprise,West,7.3,0
C017702,Treatment,1258.53,6,21,Consumer,South,6.1,0
C017703,Control,1215.85,4,23,SMB,South,9.3,0
C017704,Control,1615.52,5,17,SMB,West,8.1,0
C017705,Treatment,1452.87,16,33,Consumer,West,11.6,0
C017706,Control,1210.36,1,19,SMB,North,10.5,0
C017707,Treatment,1886.44,7,14,SMB,South,13.8,1
C017708,Control,2717.38,18,52,Consumer,South,1.6,1
C017709,Treatment,2166.87,1,9,Enterprise,West,13.8,1
C017710,Treatment,4356.96,4,22,Consumer,West,6.5,0
C017711,Treatment,1184.76,6,14,Consumer,West,5.4,0
C017712,Control,1963.0,5,22,SMB,North,5.3,1
C017713,Treatment,2324.93,1,8,Consumer,North,4.7,0
C017714,Treatment,1027.31,5,7,Consumer,South,5.8,0
C017715,Treatment,2063.43,1,19,Consumer,North,10.4,0
C017716,Treatment,1015.89,8,22,Consumer,North,15.5,0
C017717,Control,1005.9,5,3,Consumer,South,10.6,0
C017718,Treatment,1685.81,9,21,Consumer,East,5.1,0
C017719,Control,971.98,6,15,Consumer,East,2.7,1
C017720,Control,1003.06,5,4,Consumer,West,7.0,0
C017721,Treatment,603.16,3,7,Consumer,North,8.1,0
C017722,Control,3363.32,1,6,SMB,West,5.4,0
C017723,Treatment,2965.65,3,17,SMB,South,8.0,0
C017724,Control,2084.39,1,2,SMB,South,7.6,0
C017725,Control,1063.57,5,22,Consumer,East,15.2,1
C017726,Treatment,664.65,2,13,Consumer,West,1.7,0
C017727,Control,2345.6,11,53,Consumer,North,9.1,0
C017728,Treatment,2530.52,4,2,Enterprise,West,8.0,0
C017729,Treatment,687.46,4,11,Consumer,South,10.8,0
C017730,Control,609.13,1,2,Consumer,East,10.9,0
C017731,Control,1300.02,6,15,Consumer,West,14.8,0
C017732,Control,2471.17,4,11,Enterprise,East,8.6,1
C017733,Treatment,1568.31,4,34,Consumer,East,6.9,1
C017734,Control,457.49,4,10,Consumer,South,10.5,1
C017735,Treatment,1644.89,5,7,Consumer,South,0.0,0
C017736,Treatment,1736.63,1,11,SMB,West,9.0,0
C017737,Control,765.2,5,18,Consumer,West,10.2,0
C017738,Treatment,2467.21,1,14,Enterprise,West,9.3,0
C017739,Control,1953.78,4,23,Enterprise,West,6.8,0
C017740,Treatment,817.73,7,24,SMB,East,10.3,0
C017741,Control,1308.61,8,10,Consumer,West,9.8,0
C017742,Treatment,3783.37,5,8,Enterprise,South,11.6,0
C017743,Control,2590.49,3,19,Consumer,South,11.1,0
C017744,Treatment,2587.41,9,29,Consumer,South,10.0,1
C017745,Control,1180.23,2,3,Consumer,South,9.4,1
C017746,Treatment,1436.81,8,18,SMB,East,7.0,0
C017747,Treatment,1430.41,5,12,Enterprise,West,11.2,1
C017748,Treatment,859.67,1,7,Enterprise,West,17.7,0
C017749,Treatment,1584.42,6,22,Consumer,West,13.4,0
C017750,Control,1383.94,3,10,Consumer,West,7.0,0
C017751,Control,2355.19,2,33,Enterprise,West,4.2,1
C017752,Control,2844.06,12,46,Consumer,East,10.5,0
C017753,Treatment,2257.29,10,7,Consumer,South,13.1,0
C017754,Control,1751.62,3,16,Consumer,West,7.7,0
C017755,Control,1096.37,1,12,Consumer,South,8.1,0
C017756,Treatment,2845.01,2,11,Consumer,East,7.2,0
C017757,Control,3195.14,11,13,SMB,North,18.5,0
C017758,Treatment,1504.27,1,12,Enterprise,South,9.7,0
C017759,Control,3655.03,13,41,Enterprise,South,12.4,1
C017760,Control,1920.41,5,27,Consumer,East,4.3,0
C017761,Treatment,1170.49,11,41,Consumer,West,7.6,0
C017762,Treatment,1853.09,3,7,Consumer,North,18.6,0
C017763,Treatment,2833.23,4,28,Consumer,North,8.7,0
C017764,Control,1038.34,2,19,Consumer,West,12.2,0
C017765,Control,2684.02,10,28,Enterprise,South,3.6,1
C017766,Control,1547.72,7,8,Consumer,East,9.1,0
C017767,Control,2578.54,4,5,Consumer,West,0.0,0
C017768,Treatment,2205.49,1,8,SMB,East,6.7,0
C017769,Control,1075.54,3,9,Consumer,North,8.9,1
C017770,Treatment,1140.81,4,15,Consumer,East,13.5,0
C017771,Treatment,2720.22,10,36,SMB,West,8.2,0
C017772,Control,1761.15,6,25,Consumer,South,8.6,0
C017773,Treatment,1315.59,1,8,Consumer,East,4.7,0
C017774,Control,1190.63,3,14,SMB,South,8.3,0
C017775,Treatment,1616.56,5,18,Consumer,West,12.3,0
C017776,Control,1702.51,6,1,Consumer,South,0.0,0
C017777,Treatment,1414.67,12,28,Consumer,South,12.8,0
C017778,Control,2650.81,8,24,SMB,North,7.3,0
C017779,Control,3904.56,7,23,Enterprise,West,8.2,0
C017780,Control,2776.29,1,12,SMB,South,7.0,0
C017781,Control,3221.87,7,31,Consumer,South,6.1,0
C017782,Treatment,1000.63,5,18,Consumer,North,3.5,1
C017783,Control,1832.46,8,19,Consumer,West,4.9,0
C017784,Treatment,3767.43,8,36,Consumer,North,4.0,0
C017785,Control,2319.45,2,14,Consumer,East,11.7,0
C017786,Control,456.31,2,4,Consumer,East,15.6,0
C017787,Control,1326.24,11,32,Consumer,West,7.1,0
C017788,Control,1760.79,5,5,SMB,East,6.4,0
C017789,Treatment,563.85,5,14,Consumer,West,8.4,0
C017790,Control,2029.49,2,4,SMB,North,3.8,0
C017791,Treatment,970.34,1,7,SMB,South,10.6,0
C017792,Control,1706.12,5,20,SMB,North,8.4,0
C017793,Control,1383.07,6,28,Consumer,South,0.0,0
C017794,Control,1404.81,6,33,Consumer,South,11.5,0
C017795,Treatment,1488.27,6,34,Consumer,East,2.9,0
C017796,Treatment,713.89,7,32,Consumer,West,7.9,0
C017797,Treatment,3097.31,6,16,Enterprise,West,7.2,1
C017798,Control,2008.67,9,35,Consumer,South,12.1,0
C017799,Control,1505.68,3,10,Consumer,East,6.7,0
C017800,Treatment,1906.27,3,3,Consumer,East,15.1,0
C017801,Treatment,3088.57,3,22,SMB,West,13.9,0
C017802,Treatment,2358.33,1,5,Enterprise,North,8.6,1
C017803,Control,1366.26,1,7,Consumer,East,18.2,0
C017804,Treatment,3124.27,5,7,SMB,South,7.1,1
C017805,Control,939.32,8,9,Consumer,South,5.5,0
C017806,Treatment,1717.09,5,23,Consumer,East,17.1,0
C017807,Control,1219.87,11,41,Consumer,South,12.6,1
C017808,Treatment,1004.36,2,27,Consumer,North,13.0,1
C017809,Control,950.01,1,8,Consumer,West,12.4,0
C017810,Treatment,1416.14,4,12,Consumer,North,12.5,0
C017811,Treatment,1674.47,6,2,Consumer,South,10.1,0
C017812,Treatment,1272.64,4,14,SMB,East,5.4,0
C017813,Control,2497.5,1,21,Consumer,East,2.2,0
C017814,Control,1657.64,6,30,Consumer,East,6.9,1
C017815,Treatment,1171.39,1,7,Consumer,West,10.1,0
C017816,Treatment,2633.2,8,30,Enterprise,South,14.0,1
C017817,Treatment,2051.7,1,9,Enterprise,North,7.0,0
C017818,Control,1081.49,11,30,Consumer,North,1.1,0
C017819,Control,1069.5,5,30,Consumer,South,15.3,0
C017820,Control,2243.77,7,42,SMB,South,14.5,0
C017821,Treatment,2014.75,20,68,Consumer,West,7.3,0
C017822,Control,2561.67,1,10,SMB,South,10.5,0
C017823,Control,4269.07,11,28,Consumer,South,7.1,0
C017824,Treatment,1672.67,1,12,Consumer,West,3.9,0
C017825,Treatment,1131.2,1,6,SMB,West,8.4,1
C017826,Treatment,1273.16,8,21,Consumer,East,1.9,1
C017827,Control,3788.43,7,25,Consumer,South,9.9,0
C017828,Control,4832.59,1,13,SMB,South,10.6,0
C017829,Treatment,1609.22,1,8,Consumer,South,5.2,0
C017830,Control,3063.15,1,22,Consumer,North,13.0,1
C017831,Treatment,2451.31,1,8,Consumer,South,2.6,1
C017832,Control,1672.31,5,14,Consumer,West,3.8,1
C017833,Treatment,1985.51,4,25,Consumer,South,12.4,1
C017834,Control,2456.68,10,21,Consumer,North,10.8,0
C017835,Treatment,2700.89,5,28,Consumer,North,6.6,0
C017836,Treatment,1414.03,1,9,Enterprise,West,9.5,0
C017837,Control,1482.23,4,14,SMB,South,6.6,0
C017838,Control,2118.94,2,11,SMB,South,6.4,1
C017839,Control,1613.64,3,17,SMB,West,10.2,1
C017840,Treatment,1248.13,1,10,SMB,South,7.9,0
C017841,Control,643.36,5,14,Consumer,East,7.0,0
C017842,Control,2046.65,4,16,Enterprise,North,7.2,0
C017843,Treatment,1196.97,13,39,Consumer,East,19.8,1
C017844,Treatment,2128.92,10,12,Consumer,North,12.1,0
C017845,Treatment,2664.71,3,20,Consumer,South,6.5,0
C017846,Control,2397.41,8,37,SMB,South,4.4,1
C017847,Treatment,1719.04,10,5,Consumer,West,8.5,0
C017848,Control,1902.9,1,23,SMB,South,1.2,0
C017849,Control,4376.04,11,23,SMB,West,14.9,0
C017850,Treatment,1785.45,7,18,Consumer,East,5.9,0
C017851,Control,2038.42,1,15,Consumer,West,8.5,1
C017852,Treatment,3564.15,7,35,Enterprise,South,13.2,1
C017853,Control,1921.19,7,1,Consumer,South,15.9,0
C017854,Control,3237.5,7,21,SMB,East,6.1,0
C017855,Treatment,947.97,3,18,Consumer,South,12.0,0
C017856,Control,1759.56,2,18,Consumer,West,18.0,0
C017857,Treatment,2698.8,1,12,Enterprise,West,1.9,0
C017858,Treatment,876.68,4,11,Consumer,North,5.6,0
C017859,Control,1254.03,7,11,Consumer,West,10.3,0
C017860,Treatment,1461.47,6,14,SMB,North,5.1,0
C017861,Treatment,2036.58,4,14,Consumer,East,6.5,0
C017862,Treatment,925.03,3,2,Consumer,West,11.6,1
C017863,Control,2441.96,5,23,Consumer,South,15.2,1
C017864,Treatment,1456.66,4,6,SMB,North,14.7,0
C017865,Treatment,1364.47,1,19,SMB,West,5.5,0
C017866,Treatment,998.19,1,9,Consumer,South,8.2,0
C017867,Control,3059.62,3,19,Consumer,South,4.1,1
C017868,Control,1951.81,6,43,Consumer,West,16.4,0
C017869,Treatment,1308.96,7,6,Consumer,South,10.9,0
C017870,Treatment,4670.32,4,18,Enterprise,North,8.5,0
C017871,Treatment,3486.81,5,17,Consumer,West,9.0,0
C017872,Treatment,1301.75,5,6,SMB,East,8.3,0
C017873,Control,2906.43,7,37,Consumer,East,6.6,1
C017874,Treatment,1382.35,1,7,Consumer,South,7.8,1
C017875,Control,1354.24,1,4,Consumer,West,6.5,0
C017876,Control,1987.6,2,11,Enterprise,South,11.3,0
C017877,Control,2156.66,10,38,Consumer,North,3.8,0
C017878,Treatment,2308.41,2,19,Consumer,South,10.2,0
C017879,Control,2298.39,8,36,Consumer,East,1.0,0
C017880,Control,1158.53,6,22,Consumer,South,11.9,0
C017881,Control,3335.75,6,27,Consumer,South,4.2,0
C017882,Control,6068.83,8,7,Enterprise,South,6.5,0
C017883,Treatment,2909.27,3,3,Enterprise,East,7.6,0
C017884,Control,2611.77,7,25,Consumer,North,7.0,1
C017885,Control,846.68,7,10,SMB,East,20.3,0
C017886,Control,1007.73,4,4,Consumer,South,5.2,1
C017887,Treatment,5952.05,1,24,Enterprise,South,8.2,0
C017888,Treatment,2863.34,10,22,Consumer,North,3.4,0
C017889,Treatment,2076.47,7,46,Consumer,West,17.3,0
C017890,Control,1122.34,4,13,Consumer,East,8.2,0
C017891,Control,2702.88,1,15,Enterprise,North,3.3,0
C017892,Control,2096.46,7,25,Consumer,South,15.9,0
C017893,Treatment,3175.29,8,46,Consumer,North,11.8,1
C017894,Control,1715.23,8,33,Consumer,South,8.9,0
C017895,Control,647.3,5,7,Consumer,East,8.9,1
C017896,Treatment,1726.34,1,13,Consumer,North,9.2,1
C017897,Treatment,1117.57,2,19,SMB,West,13.9,0
C017898,Control,4077.14,1,16,SMB,South,14.7,0
C017899,Treatment,2871.31,8,8,SMB,South,0.0,0
C017900,Control,3424.36,9,43,Consumer,North,6.2,0
C017901,Control,2105.7,3,13,Consumer,North,9.2,0
C017902,Control,2888.39,1,5,Enterprise,West,5.6,0
C017903,Treatment,1086.99,2,14,Consumer,South,5.1,0
C017904,Control,1272.13,1,27,Consumer,West,11.2,0
C017905,Treatment,1898.58,10,37,SMB,South,15.9,0
C017906,Control,1654.11,1,10,SMB,South,9.0,0
C017907,Treatment,2917.93,5,17,Enterprise,South,7.5,0
C017908,Treatment,1261.5,6,17,Consumer,South,3.4,0
C017909,Treatment,922.24,12,17,Consumer,North,15.7,0
C017910,Treatment,924.26,6,42,Consumer,North,10.7,0
C017911,Treatment,1137.61,3,7,SMB,West,10.1,0
C017912,Treatment,2437.97,11,55,Consumer,East,10.1,0
C017913,Control,2215.28,1,3,Enterprise,North,13.5,0
C017914,Treatment,1870.34,12,15,Consumer,West,7.4,0
C017915,Control,1636.71,6,36,Consumer,South,11.9,0
C017916,Control,2008.12,10,40,SMB,West,7.6,0
C017917,Treatment,2125.89,8,34,Consumer,West,5.9,0
C017918,Control,1609.36,5,13,Consumer,North,5.0,0
C017919,Treatment,3593.96,21,39,Enterprise,West,4.4,0
C017920,Control,2466.14,11,42,SMB,North,1.5,1
C017921,Control,3649.27,7,33,Enterprise,South,16.2,1
C017922,Treatment,677.27,3,4,Consumer,East,14.0,0
C017923,Treatment,1514.78,3,9,Consumer,East,7.6,0
C017924,Control,1229.58,9,21,Consumer,North,8.9,0
C017925,Treatment,1881.3,11,31,Consumer,North,9.4,0
C017926,Control,1047.66,3,8,Consumer,South,11.8,0
C017927,Control,1322.2,6,12,Enterprise,South,13.5,0
C017928,Treatment,1052.64,9,15,Consumer,South,11.7,0
C017929,Treatment,2813.94,5,17,SMB,North,4.2,0
C017930,Treatment,1786.4,9,21,SMB,West,7.5,0
C017931,Control,1558.65,6,26,Consumer,West,7.1,0
C017932,Control,1367.9,3,2,Consumer,West,0.0,1
C017933,Control,1011.22,3,26,Consumer,North,9.6,0
C017934,Treatment,839.48,4,28,Consumer,North,0.0,1
C017935,Control,1456.69,9,13,Consumer,South,16.0,0
C017936,Control,1750.97,8,31,SMB,East,2.4,0
C017937,Control,1613.88,3,11,Consumer,East,8.6,0
C017938,Treatment,1516.37,12,32,Consumer,North,14.8,0
C017939,Control,570.17,7,17,SMB,West,4.7,0
C017940,Treatment,2106.42,3,9,Consumer,South,10.2,0
C017941,Treatment,2559.28,7,32,Consumer,South,4.3,0
C017942,Control,1315.45,10,31,Consumer,South,7.8,0
C017943,Control,2288.18,11,37,SMB,North,5.7,0
C017944,Control,1243.18,7,23,Consumer,South,11.7,0
C017945,Treatment,2512.11,12,20,Enterprise,West,10.3,0
C017946,Treatment,2584.51,1,10,SMB,South,11.1,1
C017947,Control,1319.76,4,8,Consumer,North,9.2,1
C017948,Treatment,2669.9,10,48,Consumer,South,5.9,0
C017949,Control,734.76,1,4,Consumer,North,11.5,0
C017950,Treatment,869.22,5,22,Consumer,West,10.3,0
C017951,Treatment,2662.89,4,6,SMB,West,3.3,0
C017952,Treatment,1766.17,4,22,Consumer,South,12.7,0
C017953,Control,2666.07,6,33,Enterprise,West,12.2,0
C017954,Control,3451.2,1,25,Consumer,South,13.3,0
C017955,Treatment,2458.31,6,6,Consumer,West,10.9,1
C017956,Control,1773.95,5,15,Consumer,South,4.9,0
C017957,Treatment,1201.29,8,22,Consumer,West,9.1,0
C017958,Treatment,2395.51,1,7,Enterprise,West,2.9,1
C017959,Treatment,1180.99,6,17,Consumer,South,11.8,0
C017960,Treatment,2120.83,6,18,SMB,North,14.7,0
C017961,Treatment,1588.69,4,10,Consumer,North,18.3,0
C017962,Treatment,5097.3,3,15,Enterprise,South,7.2,0
C017963,Control,1669.31,4,28,Consumer,South,0.9,0
C017964,Treatment,2369.51,6,16,SMB,South,5.4,0
C017965,Control,2507.06,7,31,SMB,South,5.5,1
C017966,Treatment,2587.27,7,29,Consumer,North,6.2,0
C017967,Treatment,763.91,5,31,Consumer,West,16.8,0
C017968,Treatment,2721.74,4,17,Consumer,North,9.9,0
C017969,Control,2014.02,10,26,Consumer,North,15.4,0
C017970,Control,1119.08,10,31,Consumer,North,13.1,0
C017971,Treatment,1042.21,7,24,Consumer,West,12.7,0
C017972,Treatment,1112.13,10,34,Consumer,South,11.4,0
C017973,Control,1732.45,1,3,Consumer,North,6.9,0
C017974,Treatment,5308.9,16,45,Enterprise,North,11.5,0
C017975,Treatment,1942.96,12,21,Consumer,South,18.6,0
C017976,Treatment,3259.23,3,25,SMB,West,9.5,0
C017977,Treatment,3317.34,14,65,Consumer,South,10.7,0
C017978,Treatment,1107.72,9,33,Consumer,South,5.0,0
C017979,Treatment,950.68,5,12,Consumer,South,7.7,1
C017980,Control,2501.56,6,32,SMB,North,7.1,0
C017981,Treatment,1152.88,12,52,Consumer,South,16.7,0
C017982,Treatment,1147.57,8,23,Consumer,South,8.3,1
C017983,Treatment,3428.35,1,16,SMB,East,10.1,0
C017984,Treatment,2659.76,9,44,Consumer,North,16.3,0
C017985,Treatment,505.31,9,24,Consumer,North,12.3,0
C017986,Control,768.84,7,10,Consumer,East,9.8,0
C017987,Control,1081.35,7,15,Consumer,East,10.3,0
C017988,Control,950.71,8,23,Consumer,South,9.7,0
C017989,Treatment,1759.13,2,5,Consumer,West,14.0,0
C017990,Treatment,1485.7,8,34,Enterprise,West,7.2,0
C017991,Control,1762.51,4,11,SMB,West,8.1,0
C017992,Control,1516.29,3,18,Consumer,South,6.9,0
C017993,Treatment,3124.47,8,35,Consumer,West,14.1,0
C017994,Control,1775.82,8,31,Enterprise,East,14.6,0
C017995,Control,920.87,11,25,SMB,East,9.4,0
C017996,Control,1357.37,9,6,Consumer,South,10.3,0
C017997,Treatment,997.46,12,25,Consumer,North,16.4,0
C017998,Treatment,2029.33,1,11,Consumer,South,12.0,0
C017999,Treatment,974.67,8,13,Consumer,West,5.6,1
C018000,Control,2040.39,8,29,Consumer,West,6.1,0
C018001,Control,1591.92,2,9,Consumer,South,10.4,1
C018002,Treatment,2991.27,6,26,Enterprise,West,15.5,0
C018003,Treatment,742.54,6,42,Consumer,North,11.6,0
C018004,Control,2067.19,5,17,Consumer,West,6.7,0
C018005,Treatment,3151.1,12,39,Enterprise,East,14.5,0
C018006,Treatment,2459.44,1,16,SMB,East,6.9,0
C018007,Treatment,1253.02,1,12,Consumer,South,9.0,0
C018008,Control,1091.99,3,13,Consumer,West,20.1,0
C018009,Control,1355.2,12,30,Consumer,North,7.0,0
C018010,Control,1437.76,1,17,Consumer,South,9.7,0
C018011,Treatment,1221.2,6,14,SMB,West,10.7,0
C018012,Treatment,1668.98,12,46,Consumer,North,3.7,0
C018013,Control,2011.27,12,43,Consumer,South,13.7,0
C018014,Control,1112.49,1,18,Consumer,South,9.4,0
C018015,Control,1901.56,2,16,SMB,West,10.8,1
C018016,Treatment,7680.8,1,5,Enterprise,West,9.0,0
C018017,Treatment,1643.17,1,15,Consumer,South,4.0,0
C018018,Control,1827.15,8,4,Consumer,East,12.7,0
C018019,Treatment,6169.45,8,24,SMB,South,15.0,0
C018020,Treatment,2371.0,5,4,Consumer,East,4.2,0
C018021,Treatment,2994.58,7,17,Consumer,South,9.6,0
C018022,Treatment,2076.94,1,19,Consumer,South,13.9,1
C018023,Control,1264.98,1,22,Consumer,South,8.0,1
C018024,Treatment,3776.45,19,72,Consumer,North,8.8,0
C018025,Treatment,1225.4,1,4,SMB,East,10.8,0
C018026,Treatment,5522.63,12,48,Consumer,North,7.9,0
C018027,Treatment,2498.5,6,40,Consumer,West,10.8,0
C018028,Control,710.16,3,22,Consumer,West,6.5,0
C018029,Treatment,1881.85,10,45,Consumer,East,10.4,0
C018030,Treatment,2444.67,7,44,Consumer,West,7.9,0
C018031,Control,1196.25,1,33,Consumer,West,9.9,0
C018032,Treatment,2230.25,4,10,SMB,West,11.4,0
C018033,Control,966.7,11,13,Consumer,East,6.0,0
C018034,Treatment,4210.27,10,30,Enterprise,South,6.5,1
C018035,Control,1466.76,1,11,Enterprise,West,9.3,0
C018036,Control,1737.67,1,9,Consumer,East,3.7,1
C018037,Treatment,2275.83,6,25,SMB,South,6.7,0
C018038,Treatment,1826.06,5,15,SMB,South,4.5,0
C018039,Treatment,712.41,1,7,Consumer,South,8.8,1
C018040,Treatment,1735.62,7,7,SMB,West,12.0,0
C018041,Control,1175.95,7,39,Consumer,West,13.4,0
C018042,Treatment,1465.18,11,46,Consumer,North,15.2,0
C018043,Treatment,783.63,8,6,Consumer,North,9.9,0
C018044,Control,2337.51,7,29,SMB,West,3.9,0
C018045,Treatment,4051.29,17,46,Enterprise,North,3.7,0
C018046,Control,1715.79,7,21,Consumer,East,10.9,0
C018047,Control,980.14,1,3,Consumer,South,7.5,0
C018048,Treatment,1526.3,4,17,Consumer,South,5.2,0
C018049,Treatment,1965.21,5,25,SMB,North,13.2,0
C018050,Treatment,1886.21,1,15,Consumer,North,16.2,1
C018051,Treatment,1873.78,3,65,Consumer,South,11.1,1
C018052,Control,1316.12,3,20,SMB,South,13.1,0
C018053,Treatment,2444.99,3,39,SMB,West,6.9,0
C018054,Control,906.88,2,18,Consumer,West,7.2,0
C018055,Control,1271.03,13,42,Consumer,West,0.0,0
C018056,Control,3428.03,2,8,SMB,South,14.0,0
C018057,Control,893.19,8,8,Consumer,South,12.3,0
C018058,Control,1227.61,1,5,Consumer,North,9.1,0
C018059,Treatment,1193.96,4,1,Consumer,East,14.9,0
C018060,Treatment,1322.57,5,21,Consumer,South,11.1,0
C018061,Treatment,1598.88,2,8,Consumer,West,9.4,0
C018062,Control,861.47,7,8,Consumer,East,14.3,0
C018063,Treatment,2161.7,12,22,SMB,North,7.0,1
C018064,Control,1576.55,8,38,Consumer,South,7.0,0
C018065,Treatment,2799.71,5,33,Consumer,East,7.2,0
C018066,Treatment,1996.54,3,6,Consumer,West,3.9,0
C018067,Control,1161.86,6,17,Consumer,South,17.3,0
C018068,Treatment,2498.86,5,8,Enterprise,East,4.8,1
C018069,Treatment,2065.89,6,20,Enterprise,North,7.9,1
C018070,Control,1209.48,7,39,Consumer,West,10.6,0
C018071,Treatment,2034.0,10,10,Consumer,South,11.5,1
C018072,Treatment,2147.62,4,25,Consumer,West,11.9,0
C018073,Control,1362.48,8,37,Consumer,South,2.3,0
C018074,Control,3450.05,10,25,Enterprise,West,3.2,1
C018075,Control,870.43,5,35,Consumer,East,10.9,0
C018076,Treatment,2280.35,6,21,Consumer,North,16.1,0
C018077,Control,2187.14,8,23,Consumer,South,15.9,1
C018078,Control,1307.04,5,16,Consumer,South,14.2,0
C018079,Control,1477.83,4,4,SMB,West,8.2,0
C018080,Treatment,1916.22,3,11,SMB,West,7.1,0
C018081,Treatment,2499.19,13,53,SMB,South,3.8,0
C018082,Treatment,3141.83,5,30,Consumer,South,11.5,0
C018083,Treatment,2475.34,1,12,Consumer,West,13.0,0
C018084,Treatment,2445.17,7,40,SMB,West,10.2,0
C018085,Treatment,2116.43,6,24,Consumer,South,14.0,0
C018086,Control,1207.77,5,7,Consumer,East,12.2,0
C018087,Control,2373.84,9,18,SMB,South,11.1,0
C018088,Treatment,1859.38,8,11,SMB,South,9.0,0
C018089,Control,878.99,1,14,Consumer,West,1.6,0
C018090,Control,6786.83,5,31,Enterprise,East,9.1,0
C018091,Treatment,4850.55,1,3,SMB,North,3.1,0
C018092,Treatment,5154.04,5,12,Enterprise,South,9.0,1
C018093,Control,3980.28,3,9,SMB,South,0.0,0
C018094,Control,1452.49,4,4,SMB,South,8.0,0
C018095,Control,466.56,5,11,Consumer,West,11.6,0
C018096,Control,1444.19,10,33,Consumer,North,2.0,1
C018097,Control,979.42,1,17,Consumer,South,11.4,0
C018098,Treatment,2059.64,3,7,SMB,West,5.2,1
C018099,Treatment,2276.56,10,39,Enterprise,North,10.4,1
C018100,Control,1854.16,3,5,Consumer,South,8.2,0
C018101,Control,3809.87,9,36,SMB,East,8.1,0
C018102,Treatment,723.02,10,18,Consumer,South,14.5,0
C018103,Control,1300.21,5,17,SMB,South,12.2,0
C018104,Control,1234.69,7,47,Consumer,South,0.6,0
C018105,Control,475.8,1,17,Consumer,West,5.2,0
C018106,Treatment,2047.06,4,19,Consumer,West,6.7,0
C018107,Control,1231.58,2,21,SMB,North,15.1,0
C018108,Control,2993.87,15,40,SMB,South,7.1,0
C018109,Treatment,901.96,10,21,Consumer,East,4.1,0
C018110,Treatment,1065.34,2,12,Consumer,South,7.5,1
C018111,Treatment,2008.28,6,16,SMB,South,6.6,0
C018112,Treatment,1193.34,1,4,Consumer,East,6.4,0
C018113,Treatment,1398.36,3,12,Consumer,South,9.2,0
C018114,Control,2802.45,6,33,Enterprise,West,12.3,0
C018115,Control,1768.69,4,6,Consumer,North,11.6,0
C018116,Control,1951.74,6,26,Consumer,North,16.0,1
C018117,Control,1125.43,1,4,Consumer,West,11.1,0
C018118,Control,1298.23,4,20,Consumer,West,11.6,0
C018119,Control,1784.88,10,26,Consumer,South,10.0,0
C018120,Treatment,1556.02,3,19,Consumer,West,6.3,0
C018121,Treatment,1453.04,9,45,Consumer,West,6.6,0
C018122,Control,2718.15,3,17,Consumer,South,4.3,0
C018123,Treatment,1521.91,7,15,Consumer,East,1.1,0
C018124,Control,1413.66,10,19,Consumer,East,11.5,0
C018125,Treatment,1108.48,5,28,Consumer,South,10.2,0
C018126,Treatment,1473.72,12,32,SMB,West,3.6,0
C018127,Control,1216.61,11,28,SMB,West,10.4,0
C018128,Control,2341.59,11,63,Consumer,South,10.3,0
C018129,Treatment,1678.45,6,19,Consumer,North,12.1,0
C018130,Treatment,1555.71,8,51,Consumer,West,7.3,0
C018131,Treatment,1075.56,3,12,Consumer,South,5.8,0
C018132,Control,1231.51,1,1,Consumer,North,6.1,1
C018133,Control,2798.75,3,16,SMB,East,12.6,0
C018134,Control,2065.63,6,27,Enterprise,East,12.9,0
C018135,Treatment,1562.96,1,10,Consumer,North,5.2,0
C018136,Control,1462.98,6,16,Consumer,South,9.1,0
C018137,Control,2370.63,14,44,Enterprise,West,7.3,0
C018138,Treatment,1564.28,10,34,Consumer,West,6.5,0
C018139,Control,4332.01,1,7,Enterprise,South,10.8,0
C018140,Control,1890.34,11,29,SMB,North,9.6,0
C018141,Treatment,2797.62,5,16,SMB,South,0.0,0
C018142,Control,1788.05,1,5,SMB,South,10.0,1
C018143,Treatment,2137.31,6,23,Consumer,South,15.6,1
C018144,Control,1342.42,13,40,SMB,East,9.1,0
C018145,Treatment,2428.2,12,54,Consumer,North,15.3,0
C018146,Control,2109.99,1,6,SMB,West,10.3,1
C018147,Treatment,923.57,1,1,Consumer,West,17.9,0
C018148,Treatment,1410.35,5,36,SMB,West,18.0,0
C018149,Treatment,4892.23,6,35,Consumer,South,18.0,0
C018150,Treatment,2069.41,7,16,Consumer,East,12.1,0
C018151,Treatment,2708.19,8,33,Consumer,South,10.1,0
C018152,Control,3040.16,6,30,Consumer,South,3.4,0
C018153,Control,2489.27,4,15,Consumer,East,2.9,0
C018154,Control,1017.82,6,12,Consumer,West,15.3,0
C018155,Control,2582.58,13,16,SMB,West,5.2,0
C018156,Control,1330.72,1,7,SMB,South,15.9,0
C018157,Treatment,1077.74,4,13,Consumer,East,5.7,0
C018158,Treatment,2262.01,3,14,SMB,South,0.0,0
C018159,Treatment,975.61,11,29,Consumer,East,5.1,1
C018160,Control,4286.03,2,7,SMB,South,2.7,0
C018161,Treatment,1241.68,2,12,Consumer,West,15.5,0
C018162,Treatment,1431.58,5,24,Consumer,West,7.8,0
C018163,Treatment,2882.42,9,14,SMB,South,7.6,0
C018164,Treatment,2033.9,1,7,Enterprise,West,6.6,0
C018165,Control,1180.07,6,19,Consumer,East,8.9,0
C018166,Control,1286.83,6,19,Consumer,South,10.3,0
C018167,Treatment,3772.35,16,47,SMB,South,6.5,1
C018168,Treatment,1018.94,1,4,Consumer,South,1.7,0
C018169,Treatment,1507.29,7,36,Consumer,South,1.9,1
C018170,Treatment,1260.54,5,9,Consumer,North,4.7,0
C018171,Treatment,1827.12,9,46,Consumer,East,2.3,0
C018172,Treatment,2428.06,2,27,SMB,South,14.8,0
C018173,Treatment,3078.23,16,59,Enterprise,South,6.9,1
C018174,Treatment,1191.27,5,17,Consumer,West,1.2,0
C018175,Control,2087.02,1,2,SMB,East,10.9,0
C018176,Control,1972.59,3,25,Consumer,North,5.6,0
C018177,Control,1764.24,5,12,Consumer,East,13.5,0
C018178,Control,1547.67,2,24,Consumer,South,5.9,0
C018179,Treatment,1742.46,4,9,Consumer,West,7.1,0
C018180,Treatment,1103.48,14,18,Consumer,North,19.1,0
C018181,Control,2487.6,2,21,Enterprise,North,9.4,1
C018182,Control,2219.94,12,27,Consumer,West,9.1,1
C018183,Treatment,2986.52,9,18,Enterprise,South,9.6,0
C018184,Treatment,2085.2,1,6,Consumer,North,6.1,0
C018185,Treatment,1710.75,8,37,Consumer,South,18.4,0
C018186,Control,1363.79,1,6,Consumer,South,5.0,0
C018187,Control,1917.69,4,5,Consumer,West,14.7,1
C018188,Treatment,848.75,4,13,SMB,North,7.4,0
C018189,Treatment,2958.47,2,8,SMB,North,7.0,0
C018190,Treatment,2429.83,4,25,SMB,West,6.3,0
C018191,Treatment,2446.19,3,17,SMB,South,0.0,0
C018192,Control,842.91,11,34,Consumer,North,7.2,0
C018193,Control,1157.22,4,26,Consumer,North,12.7,0
C018194,Control,3724.25,5,26,Enterprise,West,8.8,0
C018195,Control,1744.37,6,11,Consumer,South,3.8,1
C018196,Control,967.55,2,10,Consumer,East,11.8,0
C018197,Control,1833.17,1,2,SMB,East,8.5,0
C018198,Control,1445.87,6,30,Consumer,South,7.7,0
C018199,Treatment,1460.64,14,35,Consumer,West,1.8,0
C018200,Control,4758.36,3,25,Consumer,West,6.1,0
C018201,Treatment,977.72,6,4,Consumer,East,8.4,1
C018202,Control,410.94,2,14,Consumer,West,8.4,0
C018203,Control,1725.6,4,7,Enterprise,North,12.8,0
C018204,Control,840.33,4,20,Consumer,South,0.3,0
C018205,Control,1125.95,5,5,SMB,East,5.0,0
C018206,Control,1430.83,2,25,Consumer,South,7.5,0
C018207,Treatment,1415.28,6,34,SMB,North,11.0,0
C018208,Treatment,3678.29,1,6,SMB,North,9.2,0
C018209,Control,1180.37,3,1,Consumer,South,8.1,0
C018210,Control,1538.67,4,11,Consumer,West,13.5,0
C018211,Control,765.55,1,2,Consumer,North,25.0,1
C018212,Treatment,1550.63,2,16,SMB,East,8.1,0
C018213,Control,1939.9,11,21,SMB,North,15.5,0
C018214,Control,1057.22,7,29,Consumer,East,17.1,0
C018215,Treatment,2738.77,1,12,SMB,South,6.2,0
C018216,Treatment,1206.68,8,21,Consumer,North,9.8,0
C018217,Treatment,1699.53,4,11,SMB,South,0.2,0
C018218,Control,2713.4,7,21,Consumer,South,7.5,0
C018219,Control,2454.09,5,8,Consumer,South,11.8,0
C018220,Control,2607.64,2,18,Consumer,East,7.5,0
C018221,Treatment,3868.65,7,21,SMB,West,9.7,0
C018222,Treatment,1632.72,9,22,SMB,East,11.2,0
C018223,Control,1742.73,3,13,Consumer,South,10.3,1
C018224,Treatment,2209.16,13,37,SMB,South,10.1,0
C018225,Control,3296.87,1,8,Enterprise,South,10.2,0
C018226,Treatment,3132.72,5,7,Consumer,South,10.7,1
C018227,Control,2011.9,1,12,Consumer,South,9.8,0
C018228,Control,4922.7,1,12,Enterprise,South,5.9,0
C018229,Control,895.09,1,5,Consumer,West,3.8,0
C018230,Treatment,1811.22,1,12,SMB,South,9.1,0
C018231,Control,2730.08,14,42,Consumer,North,6.1,1
C018232,Control,1328.23,1,2,Consumer,East,15.4,0
C018233,Treatment,871.56,3,2,SMB,West,1.5,0
C018234,Treatment,3981.69,3,17,SMB,West,6.8,1
C018235,Treatment,1327.04,8,7,Consumer,South,12.2,0
C018236,Treatment,998.78,3,18,Consumer,East,2.8,0
C018237,Treatment,1674.08,8,30,SMB,West,5.6,0
C018238,Treatment,2528.56,5,31,SMB,North,7.4,0
C018239,Control,1395.95,8,23,Consumer,South,17.0,0
C018240,Control,2380.55,4,14,Consumer,South,7.0,0
C018241,Control,2452.76,6,14,SMB,West,11.0,1
C018242,Control,1193.02,1,5,Consumer,South,8.1,1
C018243,Control,1426.13,6,15,SMB,East,7.1,0
C018244,Control,4938.45,5,17,SMB,North,14.9,0
C018245,Control,1815.74,1,1,SMB,North,4.1,0
C018246,Treatment,2575.61,1,10,Consumer,North,9.3,1
C018247,Treatment,2484.82,11,29,Consumer,South,9.7,0
C018248,Treatment,2000.13,5,10,Consumer,West,14.7,0
C018249,Treatment,1591.7,4,7,Enterprise,North,8.0,0
C018250,Control,1864.09,17,55,Consumer,North,2.5,0
C018251,Control,2058.96,9,27,Consumer,West,3.3,0
C018252,Control,884.66,8,12,Consumer,South,4.6,0
C018253,Treatment,1483.82,1,11,SMB,East,12.8,0
C018254,Control,2350.13,9,40,SMB,North,7.2,0
C018255,Treatment,1351.84,18,45,Consumer,West,11.6,0
C018256,Control,1230.04,8,25,SMB,South,16.7,1
C018257,Control,3046.46,1,20,SMB,North,12.3,0
C018258,Treatment,2340.42,4,7,Enterprise,East,12.9,0
C018259,Control,4677.52,1,6,SMB,South,10.3,0
C018260,Treatment,3242.44,5,29,SMB,South,4.7,0
C018261,Treatment,1800.16,8,14,Consumer,South,18.2,0
C018262,Treatment,3112.11,6,30,Enterprise,South,6.1,0
C018263,Treatment,1595.11,6,20,SMB,East,13.2,0
C018264,Control,3929.86,4,24,SMB,North,13.3,0
C018265,Control,2573.54,6,20,SMB,West,3.0,0
C018266,Treatment,2572.6,10,31,SMB,North,2.3,0
C018267,Control,1803.7,7,21,Consumer,East,11.5,0
C018268,Control,1618.62,1,5,Consumer,North,4.5,0
C018269,Control,1573.87,8,27,Consumer,South,15.3,0
C018270,Treatment,1450.46,10,11,Consumer,South,6.4,0
C018271,Control,1204.87,12,39,Consumer,East,14.2,1
C018272,Treatment,1681.73,4,19,Consumer,West,13.9,0
C018273,Control,2032.52,6,40,Consumer,South,10.3,0
C018274,Control,708.09,3,36,SMB,West,8.7,0
C018275,Control,1475.11,2,26,SMB,West,11.3,0
C018276,Control,3793.39,1,23,SMB,West,8.3,0
C018277,Control,1060.99,1,11,Consumer,South,7.7,0
C018278,Treatment,3708.56,9,31,SMB,North,3.4,0
C018279,Control,1590.24,7,11,Enterprise,East,12.8,0
C018280,Control,3564.37,4,18,SMB,South,7.1,0
C018281,Control,1379.95,5,18,Consumer,West,11.7,1
C018282,Control,2815.83,7,18,Enterprise,North,11.3,0
C018283,Treatment,2285.25,5,8,Consumer,West,2.8,0
C018284,Control,989.36,5,9,Consumer,North,10.8,0
C018285,Treatment,1938.66,5,4,Consumer,West,12.2,0
C018286,Control,1835.61,9,28,SMB,East,9.1,0
C018287,Control,2964.34,1,9,SMB,North,10.9,0
C018288,Treatment,1205.14,4,10,SMB,South,10.6,0
C018289,Control,2038.2,10,14,Consumer,South,16.7,0
C018290,Treatment,1233.24,2,8,Consumer,West,9.4,0
C018291,Control,2707.87,10,33,Enterprise,South,13.5,0
C018292,Control,3838.67,19,57,SMB,South,2.4,0
C018293,Treatment,1081.38,1,2,SMB,South,7.8,0
C018294,Control,1774.02,2,24,SMB,East,11.6,0
C018295,Treatment,2352.52,2,5,Consumer,North,7.9,0
C018296,Treatment,1622.35,4,20,Consumer,West,11.4,0
C018297,Control,1423.84,7,28,Consumer,East,11.5,0
C018298,Control,2289.05,1,3,Consumer,West,11.3,1
C018299,Treatment,1447.11,3,27,Consumer,West,5.1,0
C018300,Control,2714.99,10,46,Consumer,South,11.1,1
C018301,Treatment,3059.62,7,36,SMB,South,5.9,0
C018302,Control,3415.14,7,4,SMB,South,7.4,1
C018303,Control,2886.76,10,52,Consumer,South,16.9,0
C018304,Treatment,4197.11,12,56,Enterprise,North,13.1,0
C018305,Treatment,765.37,6,14,Consumer,West,9.3,0
C018306,Treatment,2499.25,10,4,Enterprise,South,8.8,0
C018307,Treatment,3342.25,6,28,Consumer,East,12.8,0
C018308,Control,3369.95,9,22,Consumer,South,14.4,0
C018309,Control,1934.77,7,36,SMB,North,11.0,0
C018310,Control,1598.14,1,12,Consumer,South,14.2,0
C018311,Control,905.28,3,21,Consumer,South,8.9,0
C018312,Control,2676.31,5,23,SMB,West,11.5,0
C018313,Treatment,938.47,10,17,Consumer,East,6.4,1
C018314,Control,1821.74,6,12,SMB,North,9.2,0
C018315,Control,2314.38,10,32,Consumer,East,1.4,1
C018316,Treatment,1307.5,1,6,Consumer,South,6.1,1
C018317,Control,2136.74,3,17,SMB,North,6.6,1
C018318,Treatment,4240.17,1,13,Enterprise,North,8.6,1
C018319,Control,3010.79,11,38,Consumer,North,7.2,0
C018320,Control,1120.25,7,11,Consumer,West,0.3,0
C018321,Treatment,826.89,6,6,Consumer,West,14.1,0
C018322,Treatment,1563.42,5,37,Consumer,East,9.3,0
C018323,Treatment,2133.57,3,22,Enterprise,North,11.7,0
C018324,Control,1368.45,16,40,SMB,South,11.7,0
C018325,Control,12426.19,10,31,SMB,South,5.2,0
C018326,Treatment,912.5,8,14,Consumer,South,7.8,1
C018327,Control,1389.71,4,16,Consumer,East,10.1,0
C018328,Treatment,2528.3,18,70,Consumer,North,11.0,1
C018329,Control,936.63,4,18,Consumer,North,14.0,1
C018330,Control,1977.59,17,69,Consumer,East,14.7,1
C018331,Control,2311.94,6,22,Consumer,South,15.7,0
C018332,Treatment,1947.12,3,10,SMB,East,8.4,0
C018333,Control,1362.6,4,14,SMB,West,1.4,0
C018334,Treatment,1945.58,1,9,Consumer,East,13.1,1
C018335,Control,1393.81,3,24,Consumer,West,10.6,0
C018336,Control,2596.06,9,22,SMB,East,4.2,0
C018337,Control,1657.39,6,15,Consumer,West,5.0,0
C018338,Treatment,1492.46,5,10,Consumer,East,7.3,0
C018339,Treatment,2253.05,1,16,Enterprise,West,8.3,0
C018340,Control,2631.1,13,64,SMB,South,5.5,0
C018341,Control,2054.84,6,4,Enterprise,South,12.2,0
C018342,Treatment,2119.72,5,41,SMB,South,11.8,0
C018343,Control,6055.16,7,39,SMB,South,9.6,0
C018344,Treatment,1757.56,1,15,Consumer,South,4.2,0
C018345,Treatment,1045.23,6,11,Consumer,West,10.6,0
C018346,Control,1751.13,3,20,Consumer,East,7.7,0
C018347,Treatment,2879.72,7,11,Consumer,South,0.5,0
C018348,Treatment,1572.9,4,12,SMB,South,11.5,0
C018349,Control,1903.41,6,17,Consumer,West,5.0,1
C018350,Control,1475.82,6,15,Consumer,West,6.8,0
C018351,Control,664.37,12,28,Consumer,East,7.9,0
C018352,Treatment,1197.6,6,11,SMB,North,1.5,0
C018353,Treatment,956.23,5,2,Consumer,West,10.9,0
C018354,Control,1254.61,6,31,Consumer,West,9.1,1
C018355,Control,1037.45,4,25,Consumer,West,9.6,0
C018356,Control,1189.81,1,11,Consumer,East,6.0,0
C018357,Control,2777.35,12,46,Consumer,North,10.3,0
C018358,Control,1240.25,8,41,Consumer,West,10.5,0
C018359,Control,2830.98,3,7,SMB,North,8.9,0
C018360,Control,2851.44,10,40,Consumer,North,11.5,0
C018361,Treatment,1184.59,4,6,Consumer,East,8.6,0
C018362,Treatment,1786.88,5,24,Consumer,South,1.7,0
C018363,Control,3026.87,8,28,SMB,West,6.7,1
C018364,Treatment,920.91,1,9,Consumer,East,7.1,0
C018365,Control,917.28,12,35,Consumer,North,10.5,0
C018366,Control,774.48,2,36,Consumer,East,6.7,0
C018367,Treatment,1757.83,1,3,SMB,West,7.7,0
C018368,Treatment,970.22,6,15,Consumer,West,11.1,0
C018369,Control,403.97,4,6,Consumer,North,12.2,0
C018370,Control,3118.11,8,21,Consumer,South,10.8,0
C018371,Treatment,5829.19,3,28,SMB,North,10.1,1
C018372,Control,1374.25,1,39,Consumer,West,10.5,0
C018373,Treatment,5495.14,15,49,Consumer,East,19.1,0
C018374,Control,1880.34,8,32,Consumer,South,10.7,0
C018375,Control,4049.36,7,16,Enterprise,South,8.0,1
C018376,Treatment,2705.99,4,26,SMB,West,8.2,0
C018377,Treatment,2964.4,9,40,Enterprise,West,15.3,0
C018378,Control,1043.03,1,16,Consumer,South,5.8,0
C018379,Treatment,1774.14,5,24,Consumer,North,8.9,0
C018380,Treatment,1086.13,6,9,SMB,South,11.7,0
C018381,Control,765.42,2,36,Consumer,West,12.9,0
C018382,Control,938.49,12,20,Consumer,East,1.2,1
C018383,Control,1465.34,1,3,Consumer,West,10.4,0
C018384,Treatment,2537.73,1,5,Enterprise,South,3.5,1
C018385,Treatment,1356.16,3,12,SMB,South,21.9,1
C018386,Control,1796.99,10,12,Consumer,North,7.7,0
C018387,Treatment,2526.77,1,3,SMB,South,7.3,0
C018388,Control,1195.05,6,15,SMB,North,18.4,0
C018389,Treatment,1532.78,5,37,Consumer,South,7.3,0
C018390,Treatment,1548.16,1,6,Consumer,South,5.2,0
C018391,Control,1766.2,5,18,SMB,West,15.3,0
C018392,Control,956.35,1,22,Consumer,South,19.9,0
C018393,Control,2018.88,4,33,Consumer,South,9.1,0
C018394,Treatment,1393.04,2,13,Consumer,North,9.1,0
C018395,Control,1563.78,6,14,Consumer,South,3.7,1
C018396,Treatment,1003.25,8,34,SMB,East,15.8,0
C018397,Control,1883.84,7,18,Consumer,East,7.5,0
C018398,Control,1749.74,1,5,SMB,East,5.7,0
C018399,Treatment,2280.6,9,16,Consumer,West,14.2,0
C018400,Control,2358.2,9,28,Consumer,South,2.4,0
C018401,Treatment,2414.55,2,7,Consumer,South,11.7,1
C018402,Control,1315.26,1,4,Consumer,North,0.0,0
C018403,Control,814.42,2,10,Consumer,South,12.3,0
C018404,Control,2365.53,3,20,Consumer,South,8.9,0
C018405,Control,1331.43,6,31,Consumer,East,13.0,1
C018406,Treatment,1774.93,4,13,Consumer,West,3.2,1
C018407,Control,1321.36,9,34,Consumer,South,8.5,0
C018408,Control,2524.89,7,17,SMB,South,4.5,0
C018409,Control,885.37,7,26,Consumer,West,3.2,0
C018410,Treatment,2613.69,4,33,Consumer,West,11.2,0
C018411,Treatment,2332.74,3,11,Enterprise,East,13.2,0
C018412,Treatment,2226.76,6,14,Consumer,South,0.0,0
C018413,Treatment,1172.24,12,24,Consumer,South,14.1,0
C018414,Control,1220.71,4,13,Consumer,East,15.6,1
C018415,Control,1794.86,5,17,Consumer,North,18.4,0
C018416,Treatment,2544.11,2,7,SMB,South,0.0,1
C018417,Control,1771.83,7,26,Consumer,North,15.3,0
C018418,Treatment,1124.61,3,21,Consumer,East,9.9,0
C018419,Treatment,1626.86,8,17,Consumer,South,7.7,0
C018420,Control,1143.63,4,8,Consumer,North,17.3,1
C018421,Treatment,1345.08,15,32,SMB,South,8.6,0
C018422,Control,1015.72,3,8,Consumer,North,9.1,0
C018423,Treatment,1622.22,12,40,Consumer,West,1.3,0
C018424,Control,1357.2,1,5,SMB,West,0.6,0
C018425,Treatment,1876.64,3,4,SMB,South,9.5,0
C018426,Control,2952.41,8,22,Enterprise,North,17.9,0
C018427,Treatment,1285.24,8,6,Consumer,West,13.9,0
C018428,Treatment,1583.89,3,14,SMB,West,13.4,0
C018429,Treatment,2441.22,6,29,Consumer,West,2.5,0
C018430,Treatment,916.07,3,6,Consumer,South,11.7,0
C018431,Treatment,1564.94,1,23,SMB,North,14.1,0
C018432,Treatment,1014.6,9,24,Consumer,West,10.8,0
C018433,Treatment,2217.63,6,22,Consumer,South,1.0,0
C018434,Treatment,2353.26,10,37,Consumer,South,17.3,1
C018435,Treatment,1609.65,2,9,Consumer,West,10.8,0
C018436,Treatment,3598.38,2,6,SMB,East,2.8,0
C018437,Control,911.14,4,3,Consumer,North,16.6,0
C018438,Treatment,1639.19,8,25,Consumer,West,8.1,0
C018439,Control,2560.38,2,16,SMB,South,12.2,0
C018440,Control,1531.52,11,34,Consumer,North,6.4,0
C018441,Treatment,1825.58,4,7,Consumer,North,5.1,0
C018442,Control,2054.56,3,9,Consumer,South,12.8,0
C018443,Control,1716.73,2,8,Consumer,East,3.1,1
C018444,Treatment,4921.7,6,14,Enterprise,North,17.0,0
C018445,Treatment,5109.56,1,6,Enterprise,South,8.7,1
C018446,Control,1825.87,1,10,Consumer,South,9.1,0
C018447,Control,1174.19,8,16,Consumer,South,8.9,0
C018448,Control,7441.69,6,19,SMB,West,11.3,1
C018449,Control,1333.1,6,17,SMB,South,5.0,0
C018450,Control,1206.55,2,6,Consumer,West,8.7,0
C018451,Control,2905.95,7,17,SMB,South,18.3,0
C018452,Treatment,1652.32,2,12,Consumer,North,12.5,0
C018453,Treatment,2600.32,9,29,SMB,North,6.9,0
C018454,Treatment,2139.67,5,35,Consumer,West,4.8,0
C018455,Treatment,2624.79,11,34,Consumer,North,2.0,0
C018456,Treatment,994.98,7,13,Consumer,South,12.3,0
C018457,Treatment,2300.36,3,13,Consumer,South,4.7,0
C018458,Control,1502.31,4,22,Consumer,East,13.1,0
C018459,Treatment,3606.41,5,8,Enterprise,South,9.4,0
C018460,Treatment,1635.85,3,20,Consumer,North,9.9,0
C018461,Control,1020.06,3,17,Consumer,South,7.8,0
C018462,Control,2180.33,12,35,Consumer,West,6.2,0
C018463,Control,799.79,4,15,Consumer,West,5.8,0
C018464,Control,1773.01,6,19,Consumer,West,11.2,0
C018465,Treatment,9481.83,4,30,Enterprise,South,4.8,1
C018466,Control,1150.73,6,16,Consumer,North,6.6,0
C018467,Control,940.74,8,9,Consumer,North,5.3,0
C018468,Control,1562.95,7,23,Consumer,West,16.0,0
C018469,Treatment,1158.72,7,7,Consumer,East,0.0,0
C018470,Control,2032.25,3,18,SMB,East,11.8,0
C018471,Control,1077.07,10,10,Consumer,South,18.6,0
C018472,Treatment,1626.79,2,4,Enterprise,South,0.0,0
C018473,Treatment,682.5,3,22,SMB,South,11.3,0
C018474,Treatment,1041.07,1,17,Consumer,South,5.0,0
C018475,Treatment,2096.39,11,37,Consumer,South,12.8,1
C018476,Control,2102.64,6,5,Consumer,South,3.4,0
C018477,Treatment,2385.36,1,9,SMB,North,13.5,0
C018478,Treatment,2568.73,10,33,Consumer,South,6.4,1
C018479,Treatment,3215.01,8,35,SMB,West,3.4,0
C018480,Control,1154.09,10,25,Consumer,West,8.7,0
C018481,Treatment,647.6,2,15,Consumer,West,5.7,1
C018482,Control,1519.34,9,29,Consumer,West,0.0,0
C018483,Control,729.36,10,12,Consumer,North,3.1,0
C018484,Treatment,1377.61,1,1,Consumer,North,15.3,0
C018485,Treatment,3010.23,6,35,Enterprise,North,7.9,0
C018486,Control,3203.54,10,12,Consumer,North,11.8,0
C018487,Treatment,3513.34,14,62,Consumer,East,4.7,0
C018488,Control,2129.48,2,6,SMB,North,11.5,0
C018489,Treatment,1805.13,6,34,SMB,West,9.6,0
C018490,Control,719.4,9,18,Consumer,East,15.0,0
C018491,Control,5290.64,7,31,SMB,North,9.4,0
C018492,Treatment,1299.01,3,9,Consumer,West,8.0,0
C018493,Control,2277.57,11,55,Consumer,West,7.8,0
C018494,Treatment,2699.24,11,48,Enterprise,South,8.2,0
C018495,Control,3761.28,5,12,SMB,North,11.1,0
C018496,Treatment,1430.08,8,13,SMB,South,11.1,0
C018497,Control,1846.95,2,19,SMB,South,3.6,0
C018498,Treatment,1975.28,2,8,SMB,East,15.3,0
C018499,Treatment,2370.64,9,9,Consumer,South,4.0,0
C018500,Treatment,1480.99,8,32,Consumer,West,8.0,0
C018501,Control,1818.85,4,1,SMB,South,8.5,0
C018502,Treatment,1029.31,2,8,Consumer,West,8.2,0
C018503,Treatment,3253.3,9,43,Enterprise,North,9.4,0
C018504,Control,2146.48,12,38,Consumer,West,4.9,0
C018505,Treatment,2859.01,4,15,Consumer,North,9.5,0
C018506,Treatment,1352.37,4,3,Consumer,West,7.5,1
C018507,Treatment,1405.31,12,37,SMB,West,15.6,1
C018508,Control,3025.58,1,11,Consumer,South,7.9,0
C018509,Control,2151.28,7,28,Consumer,North,16.0,0
C018510,Treatment,1878.74,6,23,Consumer,West,10.4,0
C018511,Treatment,3577.0,9,28,Consumer,West,7.4,0
C018512,Treatment,3019.75,10,25,Consumer,West,15.8,0
C018513,Treatment,1134.57,5,26,Consumer,South,16.9,0
C018514,Control,1415.82,8,19,Consumer,North,7.1,0
C018515,Control,1270.56,9,26,SMB,South,10.0,1
C018516,Treatment,1459.83,7,23,Consumer,East,12.4,0
C018517,Treatment,1692.93,5,14,Consumer,North,9.6,0
C018518,Treatment,633.52,1,1,Consumer,North,7.4,0
C018519,Treatment,1730.77,1,8,SMB,West,7.1,0
C018520,Control,926.57,4,3,Consumer,East,15.8,0
C018521,Control,2217.14,7,23,Consumer,East,15.3,0
C018522,Control,2670.93,4,10,Consumer,West,7.1,0
C018523,Treatment,2411.8,6,6,Consumer,South,8.0,0
C018524,Control,1812.5,2,11,SMB,South,6.4,0
C018525,Treatment,2562.75,3,11,SMB,West,16.0,0
C018526,Control,1548.36,1,14,SMB,West,7.6,0
C018527,Control,1058.65,7,20,Consumer,North,10.6,0
C018528,Control,1099.28,2,17,Consumer,South,14.2,0
C018529,Treatment,2852.03,6,21,Consumer,South,0.3,0
C018530,Control,4360.28,1,23,SMB,North,9.2,0
C018531,Treatment,1859.1,2,2,SMB,South,1.5,0
C018532,Treatment,4575.8,12,49,Enterprise,North,16.2,1
C018533,Control,1921.58,5,20,Enterprise,East,1.2,0
C018534,Treatment,4139.1,11,50,SMB,North,0.0,0
C018535,Control,642.19,1,9,Consumer,West,16.9,0
C018536,Control,5975.68,20,72,Enterprise,East,6.2,0
C018537,Control,2497.93,1,9,Consumer,South,3.2,0
C018538,Treatment,1055.74,8,7,Consumer,West,2.4,0
C018539,Treatment,3125.24,3,9,SMB,East,10.8,0
C018540,Control,361.54,8,9,Consumer,West,10.5,0
C018541,Treatment,1173.42,3,8,Consumer,West,11.6,0
C018542,Treatment,2071.4,6,11,Consumer,West,8.2,0
C018543,Treatment,1823.75,2,17,SMB,West,18.2,1
C018544,Treatment,629.35,1,8,Consumer,East,9.6,0
C018545,Treatment,1808.17,9,17,Consumer,South,8.0,1
C018546,Treatment,987.02,8,12,Consumer,East,3.8,0
C018547,Control,2476.55,1,4,Consumer,South,2.5,0
C018548,Treatment,679.36,10,16,Consumer,West,18.7,0
C018549,Control,1824.48,1,2,SMB,South,2.4,0
C018550,Treatment,818.6,3,8,Consumer,South,3.8,0
C018551,Treatment,1594.21,2,9,Consumer,South,9.0,1
C018552,Control,1358.64,6,23,SMB,South,16.1,0
C018553,Control,1796.75,13,36,Consumer,South,4.3,1
C018554,Treatment,1342.58,1,6,SMB,East,8.2,0
C018555,Treatment,995.18,3,2,Consumer,West,10.8,1
C018556,Treatment,1662.7,1,12,Consumer,South,10.1,1
C018557,Treatment,2532.2,2,13,SMB,West,15.0,0
C018558,Control,2764.04,8,26,Enterprise,West,11.4,1
C018559,Control,2451.85,13,55,SMB,North,19.8,0
C018560,Treatment,4698.08,5,17,Enterprise,South,11.7,0
C018561,Control,1338.03,8,53,Consumer,West,10.8,0
C018562,Treatment,1813.0,7,11,Consumer,West,3.3,0
C018563,Control,1904.51,5,28,SMB,North,10.7,0
C018564,Control,4401.93,7,12,SMB,East,5.2,0
C018565,Treatment,1413.02,8,36,Consumer,South,8.2,0
C018566,Treatment,821.27,5,6,Consumer,East,10.5,1
C018567,Treatment,1546.36,11,22,Consumer,North,11.6,1
C018568,Control,2117.06,7,28,SMB,South,9.8,0
C018569,Treatment,2244.6,9,9,SMB,South,4.3,0
C018570,Control,1716.98,8,23,Consumer,South,4.2,0
C018571,Treatment,1457.44,4,6,Consumer,South,3.7,0
C018572,Treatment,4204.11,7,44,SMB,East,11.6,0
C018573,Control,2485.66,3,17,Consumer,West,8.2,0
C018574,Treatment,1863.54,5,14,SMB,East,10.4,0
C018575,Treatment,2171.4,6,29,SMB,West,3.9,0
C018576,Treatment,2903.29,7,23,Enterprise,West,6.1,0
C018577,Treatment,1774.94,5,13,Consumer,North,14.7,0
C018578,Control,1163.98,5,35,SMB,North,7.5,0
C018579,Treatment,2172.44,1,5,Consumer,East,16.3,0
C018580,Control,2092.78,10,24,Consumer,East,12.0,0
C018581,Control,1081.84,1,4,Consumer,West,6.9,0
C018582,Treatment,1014.34,1,7,Consumer,North,14.3,0
C018583,Control,995.35,4,24,Consumer,South,10.3,0
C018584,Treatment,1739.58,5,8,Consumer,West,4.1,1
C018585,Control,3456.06,6,29,Consumer,West,9.2,0
C018586,Control,855.49,5,36,SMB,South,9.3,0
C018587,Control,2056.77,4,16,SMB,South,5.7,0
C018588,Control,1115.55,11,39,SMB,West,6.7,0
C018589,Control,1699.32,2,12,SMB,South,0.6,1
C018590,Control,1378.13,10,35,Consumer,West,9.6,0
C018591,Control,2619.32,6,20,Consumer,West,6.9,0
C018592,Control,1817.71,7,23,Consumer,South,6.6,1
C018593,Control,2132.85,2,16,Consumer,South,12.4,1
C018594,Control,1448.52,2,19,SMB,West,22.1,0
C018595,Control,2867.34,7,11,Enterprise,South,7.1,0
C018596,Control,2202.75,15,56,Consumer,North,10.7,0
C018597,Control,3515.05,6,16,Consumer,South,13.8,1
C018598,Control,1067.53,3,1,Consumer,East,10.9,0
C018599,Control,2131.63,5,9,SMB,South,9.2,0
C018600,Control,2327.76,5,24,Consumer,East,10.9,0
C018601,Treatment,1247.43,8,18,Consumer,South,10.4,0
C018602,Control,848.19,6,25,Consumer,North,6.6,0
C018603,Control,1454.7,6,28,Consumer,South,12.4,0
C018604,Treatment,4479.59,21,72,SMB,South,9.6,0
C018605,Control,1332.29,9,26,Consumer,West,8.9,0
C018606,Control,2385.92,4,23,SMB,South,7.9,0
C018607,Treatment,2172.25,8,25,Enterprise,West,11.8,0
C018608,Treatment,1771.98,8,38,Consumer,North,8.4,0
C018609,Treatment,1335.97,6,21,SMB,South,15.4,0
C018610,Treatment,2335.17,6,20,Consumer,South,5.4,0
C018611,Treatment,2102.11,1,24,Consumer,West,10.0,0
C018612,Treatment,3324.14,2,11,SMB,East,18.8,0
C018613,Control,1811.89,7,34,Enterprise,West,8.5,0
C018614,Treatment,4020.53,6,19,Consumer,South,3.2,1
C018615,Treatment,1713.5,2,22,SMB,West,12.3,0
C018616,Control,710.91,1,4,SMB,West,4.1,1
C018617,Control,1954.84,3,6,Consumer,West,16.3,0
C018618,Treatment,3259.88,13,38,Consumer,South,8.0,1
C018619,Treatment,1117.69,3,4,Consumer,North,8.2,0
C018620,Treatment,948.71,13,21,Consumer,East,8.2,0
C018621,Control,508.43,5,18,Consumer,South,7.1,1
C018622,Treatment,1326.09,3,10,Enterprise,West,8.2,0
C018623,Control,1400.92,3,19,SMB,North,7.6,0
C018624,Treatment,1783.82,7,9,Consumer,East,8.6,0
C018625,Control,1573.93,2,12,Consumer,North,10.9,1
C018626,Control,1672.34,5,16,Consumer,South,7.9,0
C018627,Control,1626.59,6,59,Consumer,North,22.6,0
C018628,Control,1336.19,8,14,Consumer,West,9.7,0
C018629,Control,2931.29,10,30,SMB,North,13.1,1
C018630,Treatment,3302.84,15,72,Consumer,South,5.6,0
C018631,Control,2721.92,9,39,SMB,North,8.3,0
C018632,Treatment,2809.26,3,5,SMB,North,7.2,0
C018633,Treatment,870.76,9,8,Consumer,South,17.6,0
C018634,Control,1924.58,8,38,Enterprise,North,10.8,1
C018635,Treatment,3457.12,3,2,Enterprise,South,6.7,0
C018636,Treatment,1123.22,1,4,Consumer,North,1.8,0
C018637,Treatment,1500.27,12,38,Consumer,East,11.9,0
C018638,Treatment,1533.56,10,25,SMB,West,11.3,0
C018639,Treatment,966.84,1,2,Consumer,West,14.4,0
C018640,Treatment,1912.47,3,11,Enterprise,North,7.8,1
C018641,Control,3045.41,9,18,Consumer,South,10.6,0
C018642,Control,1935.15,5,13,SMB,North,12.6,0
C018643,Treatment,2160.5,3,28,Consumer,South,4.8,0
C018644,Control,876.94,12,38,Consumer,West,14.4,0
C018645,Treatment,1098.31,3,14,Consumer,North,1.7,0
C018646,Control,994.69,1,7,Consumer,South,11.5,0
C018647,Control,1549.51,5,9,Consumer,West,7.0,0
C018648,Treatment,1273.86,13,23,Consumer,South,7.9,0
C018649,Control,3000.73,9,36,SMB,South,12.6,0
C018650,Control,672.57,4,17,Consumer,West,15.1,0
C018651,Treatment,1251.2,5,43,Consumer,North,10.4,1
C018652,Treatment,781.57,1,18,Consumer,West,8.0,0
C018653,Treatment,1798.38,1,5,SMB,North,6.0,0
C018654,Control,945.93,3,21,Consumer,West,2.7,0
C018655,Treatment,3290.63,11,58,Enterprise,West,6.4,0
C018656,Treatment,1224.3,3,22,SMB,South,11.7,0
C018657,Treatment,1435.56,7,29,Enterprise,West,11.1,0
C018658,Control,936.06,2,4,Consumer,North,8.3,0
C018659,Control,2800.52,2,21,Consumer,West,8.0,0
C018660,Treatment,942.52,4,13,SMB,East,14.1,0
C018661,Treatment,2509.0,8,24,Enterprise,North,12.2,0
C018662,Control,2200.33,6,7,SMB,South,10.8,0
C018663,Treatment,3886.69,13,52,Enterprise,North,3.5,0
C018664,Treatment,1230.67,10,23,Consumer,South,7.9,0
C018665,Control,895.39,2,24,Consumer,East,15.6,1
C018666,Treatment,2027.82,1,41,Consumer,South,11.0,0
C018667,Control,2404.68,8,23,Consumer,West,0.5,1
C018668,Treatment,1849.3,7,5,Enterprise,West,9.7,1
C018669,Treatment,1588.39,1,3,Consumer,South,12.8,1
C018670,Treatment,2119.77,15,70,Consumer,East,7.4,0
C018671,Treatment,3115.64,5,23,Consumer,North,10.7,0
C018672,Treatment,1171.02,10,16,SMB,West,19.6,0
C018673,Control,2186.27,6,15,Consumer,West,2.2,0
C018674,Treatment,1179.45,3,10,SMB,West,3.3,0
C018675,Treatment,2403.23,10,25,Enterprise,West,5.9,1
C018676,Control,2552.56,6,19,Consumer,South,2.8,0
C018677,Treatment,2338.27,2,16,Consumer,South,10.9,0
C018678,Control,820.94,7,8,Consumer,South,10.5,0
C018679,Treatment,1589.14,1,19,Consumer,North,8.8,0
C018680,Treatment,2573.21,4,16,Consumer,South,8.4,1
C018681,Treatment,2267.31,6,26,Consumer,South,9.4,0
C018682,Treatment,827.25,11,13,Consumer,East,9.2,0
C018683,Control,1132.82,1,10,Consumer,East,5.4,0
C018684,Treatment,2472.43,1,10,SMB,South,9.6,0
C018685,Treatment,1131.05,6,8,Consumer,East,14.5,0
C018686,Control,822.99,1,4,Consumer,South,11.1,0
C018687,Control,2165.24,5,14,SMB,South,5.1,0
C018688,Treatment,4480.69,2,6,SMB,South,9.2,0
C018689,Treatment,2705.98,7,40,SMB,North,0.3,0
C018690,Control,867.44,7,27,Consumer,South,0.0,0
C018691,Control,863.93,5,11,Consumer,South,8.3,0
C018692,Control,2278.72,3,22,Consumer,North,12.0,0
C018693,Treatment,2186.19,3,28,Consumer,South,12.4,1
C018694,Control,3148.59,3,13,Enterprise,South,0.0,0
C018695,Control,1537.45,2,10,Consumer,West,20.6,0
C018696,Treatment,3546.8,4,2,SMB,North,7.6,0
C018697,Control,3997.68,8,31,Enterprise,South,9.4,0
C018698,Treatment,1292.36,5,10,Consumer,North,8.0,0
C018699,Control,1742.68,11,48,Consumer,North,12.1,0
C018700,Control,2150.23,6,30,Consumer,South,4.6,0
C018701,Treatment,960.88,9,17,SMB,South,2.0,1
C018702,Treatment,4442.51,6,20,SMB,East,19.2,0
C018703,Treatment,2105.43,1,11,Enterprise,West,9.9,1
C018704,Control,929.45,7,19,Consumer,West,5.6,0
C018705,Control,1859.5,1,18,SMB,West,9.7,0
C018706,Control,989.67,4,6,Consumer,North,17.6,0
C018707,Treatment,3194.13,7,8,Consumer,North,14.7,0
C018708,Control,2035.33,5,14,SMB,South,13.2,0
C018709,Treatment,2864.57,17,47,SMB,East,4.3,0
C018710,Treatment,2309.76,1,5,SMB,East,5.8,0
C018711,Control,1066.72,5,4,Consumer,South,10.0,0
C018712,Control,1209.2,2,7,Consumer,West,11.7,0
C018713,Control,2120.53,6,41,Consumer,South,17.4,0
C018714,Treatment,1628.28,7,3,Consumer,West,6.5,1
C018715,Treatment,1223.64,4,18,SMB,West,10.6,0
C018716,Treatment,1049.67,3,5,Consumer,South,12.6,0
C018717,Treatment,469.47,5,17,Consumer,North,9.9,0
C018718,Control,1430.4,17,37,Consumer,South,14.0,0
C018719,Control,1582.63,7,15,Consumer,South,21.4,0
C018720,Control,2393.36,11,30,Consumer,West,12.7,0
C018721,Treatment,1926.23,1,12,Consumer,West,0.6,0
C018722,Treatment,962.98,1,5,Consumer,North,12.8,0
C018723,Treatment,1600.76,8,42,Consumer,North,13.9,1
C018724,Treatment,2306.41,5,24,Consumer,West,5.7,0
C018725,Control,1419.4,3,22,Consumer,South,10.0,0
C018726,Treatment,1336.25,4,15,Consumer,West,4.8,0
C018727,Treatment,3161.34,11,30,Consumer,South,15.9,0
C018728,Control,3418.72,5,16,Enterprise,North,14.7,0
C018729,Control,915.8,1,4,Consumer,South,7.8,0
C018730,Treatment,1583.62,9,15,SMB,North,11.7,0
C018731,Treatment,6593.48,2,28,Enterprise,South,5.2,0
C018732,Control,3238.28,10,23,Enterprise,North,1.3,0
C018733,Treatment,3226.94,2,4,SMB,South,12.4,0
C018734,Treatment,1095.01,10,4,SMB,West,2.9,0
C018735,Treatment,1988.34,10,19,Consumer,North,3.9,0
C018736,Control,1835.31,7,16,Consumer,West,8.2,1
C018737,Control,2347.59,4,11,Consumer,North,6.9,0
C018738,Treatment,2983.76,13,35,Consumer,East,0.0,0
C018739,Control,1787.75,5,17,SMB,South,7.5,0
C018740,Control,1655.63,7,19,Consumer,West,7.0,0
C018741,Treatment,1248.08,3,6,Consumer,North,12.5,0
C018742,Control,2888.83,4,24,SMB,South,15.6,0
C018743,Control,721.88,5,14,Consumer,West,12.7,0
C018744,Treatment,645.63,1,9,Consumer,North,5.0,0
C018745,Control,1680.06,9,24,Consumer,West,11.9,0
C018746,Treatment,2185.24,8,34,SMB,East,12.5,0
C018747,Control,2206.55,2,10,SMB,South,7.9,0
C018748,Control,1373.37,4,22,Consumer,North,6.3,0
C018749,Control,2891.59,9,12,SMB,West,2.6,0
C018750,Control,1843.8,2,20,Consumer,West,3.4,0
C018751,Control,1067.3,3,5,Consumer,North,9.4,0
C018752,Treatment,1217.42,1,5,Consumer,West,11.9,1
C018753,Treatment,708.28,7,20,Consumer,West,10.0,0
C018754,Control,3729.52,2,9,Consumer,South,13.2,0
C018755,Control,1351.41,6,23,Consumer,West,6.5,0
C018756,Treatment,2733.97,4,17,SMB,North,5.2,1
C018757,Control,1587.77,1,7,Consumer,South,9.6,0
C018758,Control,1345.78,6,15,Consumer,West,12.5,0
C018759,Control,1498.55,5,14,Consumer,West,6.9,1
C018760,Control,1215.59,4,27,Enterprise,South,3.1,0
C018761,Treatment,2503.63,5,19,SMB,East,14.5,0
C018762,Control,1651.26,5,13,SMB,South,6.6,1
C018763,Treatment,2314.44,7,22,Consumer,South,14.2,0
C018764,Control,2050.33,7,25,Consumer,North,12.0,0
C018765,Control,1276.98,1,6,Consumer,North,7.1,0
C018766,Treatment,3839.68,8,20,SMB,South,6.1,0
C018767,Control,4058.98,3,4,SMB,South,9.0,0
C018768,Treatment,1310.08,1,7,SMB,West,0.0,0
C018769,Treatment,1456.18,3,12,SMB,West,16.8,0
C018770,Treatment,655.1,4,2,Consumer,South,9.8,0
C018771,Control,1634.55,13,33,Consumer,North,12.5,1
C018772,Control,1795.57,7,26,Consumer,West,2.8,0
C018773,Control,1028.99,2,20,Consumer,North,16.5,0
C018774,Treatment,1812.54,1,6,SMB,South,6.6,0
C018775,Treatment,4636.38,9,35,Consumer,South,8.0,0
C018776,Control,1811.3,7,29,Consumer,West,8.9,0
C018777,Control,1460.8,5,12,Consumer,South,4.8,0
C018778,Control,1591.96,1,12,Consumer,West,6.1,0
C018779,Control,1725.11,7,25,Consumer,West,14.1,0
C018780,Control,555.72,4,13,Consumer,West,13.0,1
C018781,Treatment,1185.98,1,3,Consumer,West,10.2,1
C018782,Treatment,1452.31,14,37,Consumer,East,4.2,0
C018783,Control,4091.77,7,15,Enterprise,West,6.8,0
C018784,Control,1395.22,5,18,Consumer,South,10.1,0
C018785,Control,2622.75,1,9,Consumer,West,10.4,0
C018786,Control,2229.68,8,23,Consumer,North,12.6,0
C018787,Treatment,3107.88,3,19,Consumer,South,3.6,0
C018788,Control,1548.19,7,18,SMB,South,9.7,0
C018789,Treatment,1469.84,5,12,Consumer,West,15.8,0
C018790,Treatment,4788.22,1,13,SMB,South,9.8,0
C018791,Control,811.45,5,16,Consumer,South,13.1,0
C018792,Treatment,2218.35,12,36,Consumer,East,4.7,0
C018793,Treatment,2699.41,4,36,Consumer,East,12.3,0
C018794,Treatment,1352.75,4,8,Consumer,North,8.4,0
C018795,Control,2616.82,18,59,Consumer,South,0.3,0
C018796,Treatment,2544.11,3,23,Consumer,East,20.7,0
C018797,Control,4109.18,1,25,SMB,West,10.8,0
C018798,Control,915.34,12,14,SMB,West,15.5,1
C018799,Treatment,2664.88,1,17,Consumer,South,12.8,0
C018800,Control,1144.8,8,32,Consumer,South,3.7,0
C018801,Control,2018.93,11,29,Consumer,East,6.9,1
C018802,Control,1279.12,8,10,Enterprise,South,9.2,1
C018803,Control,655.27,5,14,Consumer,East,22.6,1
C018804,Control,3434.27,8,10,Consumer,West,10.5,0
C018805,Control,1938.77,2,5,Consumer,North,3.5,0
C018806,Treatment,642.11,5,23,Consumer,West,4.7,0
C018807,Treatment,1337.54,5,14,SMB,South,15.5,0
C018808,Control,1072.23,8,27,Consumer,West,7.3,0
C018809,Treatment,1494.28,7,23,Consumer,South,5.9,0
C018810,Treatment,936.94,1,9,Consumer,West,9.3,0
C018811,Treatment,951.58,9,34,Consumer,North,20.2,0
C018812,Treatment,1212.19,1,12,Consumer,South,9.8,0
C018813,Treatment,1723.68,9,40,Consumer,North,14.5,0
C018814,Control,1154.62,6,14,SMB,East,11.4,0
C018815,Treatment,3556.67,5,11,Enterprise,West,6.4,0
C018816,Treatment,876.97,10,11,Consumer,West,7.9,0
C018817,Treatment,1860.54,5,24,Consumer,East,12.3,0
C018818,Control,2420.59,8,19,SMB,North,0.0,0
C018819,Treatment,1550.75,10,13,SMB,West,4.9,0
C018820,Treatment,1327.23,12,19,Consumer,South,4.4,0
C018821,Control,2553.53,13,44,Consumer,East,11.5,0
C018822,Treatment,1693.37,2,24,SMB,South,6.0,0
C018823,Treatment,2094.53,1,7,Consumer,West,6.6,0
C018824,Treatment,1574.88,1,12,Consumer,South,9.9,0
C018825,Control,2950.65,7,24,Consumer,South,0.3,0
C018826,Treatment,1004.96,9,7,SMB,North,1.0,0
C018827,Treatment,1912.12,9,42,Consumer,South,12.7,0
C018828,Control,1379.17,6,34,Consumer,South,6.4,1
C018829,Treatment,2928.85,8,14,Consumer,West,1.3,0
C018830,Control,1719.13,6,31,Consumer,West,10.7,0
C018831,Treatment,1843.87,19,72,Consumer,West,7.7,1
C018832,Treatment,1029.96,4,19,Consumer,South,14.7,0
C018833,Treatment,998.33,8,21,Consumer,East,10.6,0
C018834,Treatment,2440.62,4,7,SMB,South,3.4,0
C018835,Control,1746.52,3,10,Consumer,West,6.5,0
C018836,Treatment,5319.5,1,11,Enterprise,South,11.3,0
C018837,Control,2799.56,6,20,Enterprise,South,11.9,0
C018838,Treatment,937.08,1,17,SMB,South,13.3,0
C018839,Control,2289.18,10,38,Consumer,South,5.8,1
C018840,Treatment,1896.87,9,22,Consumer,West,12.4,0
C018841,Treatment,1406.39,8,23,Consumer,South,19.2,0
C018842,Control,5204.89,7,30,Consumer,East,13.6,0
C018843,Control,2993.79,6,21,Enterprise,South,11.9,0
C018844,Control,2251.89,5,6,SMB,North,7.3,0
C018845,Control,1529.26,13,66,SMB,West,13.1,0
C018846,Control,2667.36,3,6,Enterprise,West,2.3,0
C018847,Treatment,1320.57,1,11,Enterprise,West,9.8,0
C018848,Treatment,1023.51,1,10,Consumer,South,4.7,0
C018849,Treatment,2291.92,3,2,Enterprise,West,6.4,0
C018850,Control,1254.38,5,37,Consumer,East,12.4,0
C018851,Control,1309.65,3,6,SMB,East,0.0,0
C018852,Control,1854.21,5,6,SMB,North,2.8,0
C018853,Treatment,1706.39,5,26,Consumer,North,6.0,0
C018854,Treatment,973.22,8,29,Consumer,North,0.0,0
C018855,Treatment,1152.85,1,7,Consumer,East,9.6,0
C018856,Control,1936.06,5,11,Consumer,West,6.4,0
C018857,Treatment,2255.43,5,25,SMB,East,12.1,1
C018858,Treatment,3677.45,2,17,Consumer,North,10.1,1
C018859,Control,1695.23,3,14,Consumer,West,7.8,0
C018860,Treatment,3627.46,1,6,SMB,North,5.3,0
C018861,Treatment,885.72,8,23,Consumer,West,14.3,0
C018862,Control,2396.79,9,37,SMB,South,11.6,0
C018863,Treatment,1139.34,14,48,Consumer,East,14.2,0
C018864,Treatment,2297.56,3,36,Enterprise,North,8.1,0
C018865,Treatment,5499.2,6,9,Enterprise,South,6.8,0
C018866,Control,966.19,1,13,SMB,South,6.6,0
C018867,Control,2202.18,4,14,Consumer,South,17.2,0
C018868,Treatment,2102.43,15,31,Consumer,North,17.5,0
C018869,Control,2530.55,5,39,Consumer,South,10.2,0
C018870,Control,1614.85,3,8,SMB,North,2.4,0
C018871,Control,3035.52,6,37,Consumer,West,10.0,0
C018872,Control,1590.71,2,11,Consumer,South,10.5,0
C018873,Treatment,2110.06,2,18,Consumer,South,13.4,1
C018874,Treatment,932.08,3,45,Consumer,South,3.8,0
C018875,Control,1033.59,4,7,SMB,West,10.9,1
C018876,Treatment,1392.44,8,31,Consumer,North,24.3,0
C018877,Control,1661.52,1,12,Consumer,East,3.4,0
C018878,Control,847.17,10,22,Consumer,West,12.2,0
C018879,Control,718.44,6,14,Consumer,South,12.3,0
C018880,Control,1351.83,3,5,Consumer,North,3.9,0
C018881,Control,1060.55,8,22,Consumer,South,12.3,0
C018882,Treatment,2005.32,5,10,SMB,West,8.9,0
C018883,Control,1446.57,2,5,SMB,North,12.0,0
C018884,Treatment,1678.88,3,3,Consumer,North,8.2,0
C018885,Control,784.21,7,24,Consumer,West,10.5,1
C018886,Treatment,956.74,1,2,Consumer,West,10.5,0
C018887,Treatment,1938.11,3,20,SMB,South,7.9,0
C018888,Control,2594.15,1,8,SMB,North,7.9,1
C018889,Treatment,1596.78,4,24,SMB,East,8.6,0
C018890,Treatment,1717.34,2,5,SMB,West,7.3,0
C018891,Control,891.38,4,7,Consumer,South,7.5,0
C018892,Treatment,2594.73,8,17,SMB,North,2.7,0
C018893,Treatment,1952.24,6,18,Consumer,West,5.7,0
C018894,Control,1209.58,6,7,Consumer,West,1.8,1
C018895,Treatment,1308.58,3,24,Consumer,South,13.7,0
C018896,Control,1007.12,7,12,Consumer,West,11.1,1
C018897,Treatment,1651.6,8,19,SMB,East,11.2,0
C018898,Treatment,2713.61,3,28,SMB,West,6.7,0
C018899,Treatment,2314.55,1,17,Enterprise,North,4.9,0
C018900,Treatment,3715.48,4,21,SMB,South,6.9,0
C018901,Treatment,1328.74,6,17,Consumer,East,5.6,0
C018902,Control,1063.0,1,24,Consumer,South,1.2,1
C018903,Control,2700.64,2,1,Consumer,South,8.8,0
C018904,Treatment,1050.45,6,16,Consumer,East,6.0,1
C018905,Control,1049.45,14,33,Consumer,East,9.2,0
C018906,Treatment,2498.76,10,20,Enterprise,South,4.5,0
C018907,Control,3186.38,2,9,SMB,South,2.8,0
C018908,Control,2009.04,4,20,Consumer,East,8.9,0
C018909,Control,1851.92,10,24,Consumer,East,0.0,1
C018910,Treatment,2694.87,10,23,SMB,South,13.9,0
C018911,Control,2181.38,5,9,SMB,South,9.5,0
C018912,Control,1627.01,1,15,Consumer,North,6.9,0
C018913,Treatment,2092.07,9,36,Consumer,West,8.2,0
C018914,Treatment,1733.48,5,24,SMB,West,15.0,0
C018915,Treatment,969.85,1,15,Consumer,East,8.3,0
C018916,Control,2900.35,13,54,Consumer,South,9.2,0
C018917,Control,1772.47,4,25,Enterprise,North,5.7,1
C018918,Treatment,1590.71,12,17,Consumer,South,15.3,0
C018919,Control,1133.93,1,15,Consumer,South,10.7,0
C018920,Control,978.41,1,8,Consumer,South,14.8,0
C018921,Treatment,2111.75,5,13,Consumer,South,0.0,0
C018922,Control,2499.09,12,30,SMB,North,3.9,0
C018923,Treatment,2565.9,7,23,Consumer,West,9.1,0
C018924,Control,1430.05,5,27,Consumer,South,12.5,1
C018925,Control,1558.17,1,10,Consumer,West,13.7,0
C018926,Control,1364.67,2,24,SMB,East,9.0,0
C018927,Treatment,1637.29,3,15,Consumer,West,5.1,0
C018928,Treatment,919.65,1,7,Consumer,South,5.2,0
C018929,Treatment,1277.16,9,36,Consumer,North,15.1,0
C018930,Control,1648.23,6,23,Consumer,East,11.5,0
C018931,Treatment,870.1,7,26,Consumer,South,13.5,0
C018932,Treatment,2101.95,1,4,Consumer,North,17.6,0
C018933,Treatment,1873.73,3,8,SMB,East,0.0,0
C018934,Treatment,2017.12,6,8,Enterprise,North,4.4,0
C018935,Treatment,2196.58,1,10,SMB,North,3.4,1
C018936,Treatment,3121.07,6,35,SMB,West,0.0,1
C018937,Control,3160.03,2,8,Consumer,South,11.1,0
C018938,Treatment,1648.91,5,22,Enterprise,South,3.7,1
C018939,Control,1575.45,10,21,SMB,North,5.9,0
C018940,Treatment,2997.34,1,10,SMB,West,8.8,0
C018941,Control,1533.63,1,37,Consumer,West,8.9,0
C018942,Control,2355.24,8,16,SMB,South,15.8,0
C018943,Control,1029.38,3,31,SMB,South,10.9,0
C018944,Treatment,1707.61,2,14,Consumer,East,0.0,1
C018945,Control,1356.42,5,11,Consumer,North,5.8,0
C018946,Treatment,1491.27,6,4,Consumer,South,5.2,0
C018947,Treatment,2335.58,3,19,SMB,South,17.6,1
C018948,Control,2025.63,8,40,Enterprise,South,15.5,0
C018949,Treatment,1067.6,3,24,Consumer,East,8.5,1
C018950,Treatment,3120.03,6,24,Consumer,South,5.5,0
C018951,Treatment,1652.55,12,32,Consumer,South,10.9,0
C018952,Control,4973.83,4,23,SMB,South,11.2,0
C018953,Treatment,2408.02,1,8,Consumer,South,8.4,0
C018954,Control,1953.76,4,14,SMB,West,0.0,0
C018955,Treatment,1790.89,8,24,Consumer,South,6.8,0
C018956,Treatment,1870.15,11,36,Consumer,South,6.4,0
C018957,Control,1375.43,4,17,Consumer,South,5.8,1
C018958,Control,1423.17,12,28,Consumer,West,1.2,0
C018959,Treatment,5862.12,5,10,Enterprise,East,12.8,0
C018960,Control,1882.41,12,51,Consumer,North,8.9,0
C018961,Control,3421.05,6,24,SMB,North,5.7,0
C018962,Control,2457.54,1,22,Enterprise,South,2.8,0
C018963,Treatment,1071.14,4,23,SMB,West,5.7,0
C018964,Control,2837.57,12,69,Enterprise,North,10.2,1
C018965,Control,1338.81,2,8,Consumer,South,14.1,0
C018966,Treatment,1542.8,1,7,SMB,East,14.3,0
C018967,Treatment,1837.84,1,14,Consumer,South,4.8,0
C018968,Treatment,1413.73,5,6,SMB,East,20.3,0
C018969,Treatment,858.98,1,3,SMB,South,19.4,0
C018970,Control,2636.05,14,28,SMB,East,3.0,0
C018971,Control,1398.75,3,24,Consumer,West,4.0,1
C018972,Control,1917.53,8,34,SMB,West,8.2,0
C018973,Control,1648.85,1,4,SMB,East,14.1,1
C018974,Control,2483.39,5,34,Consumer,South,15.1,0
C018975,Treatment,1823.0,7,16,Consumer,East,11.0,0
C018976,Control,1535.67,4,24,Consumer,West,12.3,1
C018977,Control,3820.27,6,35,SMB,South,9.5,0
C018978,Treatment,2405.36,10,30,Consumer,South,10.8,0
C018979,Control,1144.69,13,31,Consumer,North,11.0,1
C018980,Treatment,2098.48,5,24,Enterprise,East,6.2,0
C018981,Control,1571.78,2,33,Consumer,South,19.0,0
C018982,Treatment,3943.72,2,8,SMB,North,14.1,0
C018983,Control,1898.84,2,5,SMB,South,12.9,0
C018984,Control,764.28,2,4,Consumer,West,7.9,0
C018985,Treatment,2734.27,10,35,Consumer,North,6.3,1
C018986,Control,1096.24,5,4,Consumer,South,1.6,0
C018987,Control,3927.84,4,24,Consumer,West,7.7,0
C018988,Control,1424.74,3,5,Consumer,West,10.1,0
C018989,Treatment,859.34,9,33,Consumer,South,3.5,0
C018990,Control,1185.59,8,5,Consumer,North,7.2,0
C018991,Treatment,2274.47,5,3,Enterprise,South,7.3,1
C018992,Treatment,1266.05,1,5,Consumer,South,12.4,0
C018993,Treatment,2036.93,1,4,Consumer,South,12.1,0
C018994,Treatment,1656.69,2,10,Consumer,East,5.4,0
C018995,Control,2464.82,6,24,Consumer,West,7.4,1
C018996,Treatment,2349.85,10,48,Consumer,East,6.8,0
C018997,Control,1548.97,1,8,Consumer,West,4.4,0
C018998,Control,762.68,1,11,Consumer,East,6.7,0
C018999,Treatment,2294.39,13,42,Consumer,South,10.0,0
C019000,Treatment,2044.37,1,17,Consumer,North,2.0,1
C019001,Control,2106.98,14,44,Consumer,West,11.2,1
C019002,Treatment,2127.46,3,7,SMB,East,4.7,0
C019003,Treatment,853.59,2,14,Consumer,South,2.6,0
C019004,Control,1592.43,3,6,Consumer,South,6.0,0
C019005,Treatment,1144.17,7,14,Consumer,East,8.2,0
C019006,Treatment,2553.46,5,15,SMB,North,11.0,0
C019007,Treatment,2346.14,3,18,Consumer,West,6.1,0
C019008,Treatment,2574.58,6,29,Consumer,South,11.0,1
C019009,Control,1494.66,9,40,Consumer,East,9.8,0
C019010,Treatment,1362.8,4,6,SMB,South,14.2,0
C019011,Control,1661.47,1,22,Consumer,South,7.9,0
C019012,Treatment,1615.78,6,31,Consumer,West,6.4,0
C019013,Treatment,2949.84,4,14,SMB,South,20.9,1
C019014,Treatment,2018.84,3,6,Consumer,North,13.4,0
C019015,Control,2284.78,6,31,Consumer,North,5.5,0
C019016,Control,1532.85,4,11,SMB,North,13.4,1
C019017,Treatment,2914.26,4,42,Consumer,South,18.1,0
C019018,Control,1521.7,1,4,Consumer,North,9.8,0
C019019,Control,1176.14,11,24,SMB,South,9.7,0
C019020,Control,1119.71,10,45,Consumer,East,5.8,1
C019021,Treatment,808.75,3,8,Consumer,West,14.1,0
C019022,Control,1315.16,1,26,Consumer,South,11.1,0
C019023,Treatment,3252.6,1,6,Enterprise,West,1.9,0
C019024,Treatment,3188.54,5,11,SMB,West,8.3,0
C019025,Treatment,1236.5,8,14,Consumer,East,8.6,0
C019026,Treatment,1437.43,3,21,Consumer,East,7.7,0
C019027,Control,1376.13,8,27,Consumer,South,7.9,0
C019028,Control,2630.27,7,9,Enterprise,North,1.3,0
C019029,Control,1935.36,12,57,SMB,West,18.5,0
C019030,Treatment,1970.45,6,5,SMB,West,8.0,0
C019031,Treatment,5225.12,6,30,Enterprise,South,15.9,0
C019032,Treatment,1329.23,4,9,Consumer,North,6.9,0
C019033,Treatment,1712.15,16,44,Consumer,North,2.5,1
C019034,Treatment,2566.07,5,9,Enterprise,South,9.3,0
C019035,Treatment,1428.64,2,3,SMB,West,13.3,0
C019036,Treatment,2052.98,6,32,Consumer,North,5.9,0
C019037,Control,1910.11,8,16,Consumer,East,14.2,0
C019038,Control,1127.1,12,44,Consumer,West,6.7,0
C019039,Treatment,1340.87,7,20,SMB,South,3.6,0
C019040,Treatment,1030.44,5,14,Consumer,East,10.4,0
C019041,Treatment,2469.32,13,44,Consumer,South,15.3,0
C019042,Control,3224.82,3,21,Enterprise,North,18.3,0
C019043,Treatment,3429.99,2,15,Consumer,South,2.7,1
C019044,Control,3312.49,2,15,Enterprise,North,5.9,0
C019045,Control,1456.85,9,30,Consumer,East,6.4,0
C019046,Treatment,977.78,1,10,Consumer,South,6.9,0
C019047,Treatment,3403.98,9,49,Enterprise,West,9.8,0
C019048,Control,2285.94,4,12,Enterprise,East,19.1,0
C019049,Control,1972.18,1,7,Enterprise,West,19.2,1
C019050,Treatment,1445.73,4,6,SMB,East,21.1,0
C019051,Control,1707.53,5,28,Consumer,East,13.6,0
C019052,Control,2060.03,13,39,Consumer,South,8.6,0
C019053,Treatment,3554.47,11,26,Consumer,South,3.6,1
C019054,Treatment,1326.47,12,29,Consumer,East,0.0,0
C019055,Control,3007.76,4,27,Enterprise,East,13.4,0
C019056,Treatment,1263.16,4,19,Consumer,East,9.4,0
C019057,Treatment,1317.54,8,18,Consumer,North,17.4,0
C019058,Control,1850.26,8,8,SMB,North,8.0,0
C019059,Control,3002.81,4,36,Consumer,North,15.4,0
C019060,Control,2798.77,13,50,Consumer,North,14.1,0
C019061,Control,1487.57,4,12,Enterprise,West,0.0,0
C019062,Treatment,1636.95,4,6,Consumer,South,10.3,0
C019063,Control,784.28,2,19,Consumer,South,8.4,0
C019064,Treatment,1481.12,5,25,Consumer,North,3.0,0
C019065,Control,2471.95,11,35,Consumer,West,18.3,0
C019066,Treatment,1721.27,15,54,Consumer,North,11.5,0
C019067,Treatment,1815.16,7,24,SMB,South,18.2,0
C019068,Treatment,3332.15,9,19,Consumer,West,10.2,0
C019069,Treatment,1799.54,9,22,Consumer,East,10.4,1
C019070,Treatment,2098.88,7,3,Consumer,North,10.6,0
C019071,Control,3916.78,5,8,Enterprise,North,9.9,0
C019072,Treatment,1651.83,14,21,Consumer,South,13.8,1
C019073,Treatment,2338.85,6,27,Consumer,East,10.0,0
C019074,Treatment,2233.12,11,17,SMB,South,2.1,0
C019075,Control,1901.46,5,32,SMB,East,17.8,0
C019076,Control,2669.92,6,22,SMB,South,5.0,0
C019077,Control,2907.68,8,24,SMB,East,7.5,0
C019078,Treatment,1892.92,1,22,SMB,East,8.6,0
C019079,Control,3946.77,7,35,Enterprise,West,1.5,0
C019080,Control,1042.56,12,19,Consumer,North,8.1,0
C019081,Treatment,1893.7,10,18,Consumer,North,6.2,0
C019082,Control,691.64,1,18,Consumer,North,10.9,0
C019083,Treatment,2222.24,1,17,SMB,North,13.9,0
C019084,Control,1696.32,3,28,Enterprise,South,2.1,0
C019085,Treatment,2450.28,3,18,Consumer,North,6.1,0
C019086,Control,1363.71,5,20,Consumer,West,7.6,0
C019087,Treatment,1353.37,8,17,Consumer,West,18.3,0
C019088,Treatment,2083.66,8,16,SMB,East,7.3,0
C019089,Control,1245.15,8,7,Consumer,South,0.0,0
C019090,Control,1315.42,6,4,SMB,East,9.3,0
C019091,Treatment,1446.93,1,11,Consumer,South,12.7,0
C019092,Treatment,1053.44,6,28,Consumer,East,4.9,0
C019093,Control,1543.63,5,39,Enterprise,North,4.4,0
C019094,Treatment,1108.72,10,9,Consumer,West,7.5,0
C019095,Control,1153.01,2,9,Consumer,South,10.2,0
C019096,Control,831.29,5,29,Consumer,South,6.7,0
C019097,Control,1623.04,5,7,Consumer,South,14.2,0
C019098,Control,1414.25,4,17,Consumer,South,7.9,0
C019099,Control,1642.81,6,6,Consumer,West,13.7,1
C019100,Control,1674.4,8,39,Consumer,East,5.5,0
C019101,Control,1344.13,10,28,Consumer,West,14.2,0
C019102,Control,2440.78,1,14,Enterprise,West,3.9,0
C019103,Treatment,699.42,12,14,Consumer,East,11.4,1
C019104,Treatment,1807.6,9,27,SMB,West,8.1,1
C019105,Control,3849.72,8,28,Enterprise,West,1.9,1
C019106,Control,4447.76,2,8,SMB,North,11.5,0
C019107,Treatment,1499.27,4,12,SMB,South,11.9,0
C019108,Treatment,1824.2,2,2,Consumer,South,8.1,0
C019109,Treatment,1417.2,8,36,Consumer,East,12.8,1
C019110,Control,2800.12,9,35,SMB,West,13.1,0
C019111,Control,2369.64,5,18,SMB,South,7.8,0
C019112,Control,833.28,6,23,Consumer,West,7.7,1
C019113,Treatment,2337.2,3,12,Enterprise,East,14.5,0
C019114,Control,1599.1,3,9,Consumer,South,5.7,0
C019115,Control,1509.56,4,8,SMB,East,19.9,0
C019116,Control,849.52,3,4,SMB,West,6.5,0
C019117,Treatment,2000.76,4,11,SMB,South,16.4,1
C019118,Control,1331.83,3,9,Consumer,South,6.5,1
C019119,Treatment,2016.13,8,23,SMB,East,4.5,1
C019120,Control,3554.76,10,50,SMB,South,12.6,0
C019121,Control,1475.06,1,14,SMB,North,7.2,0
C019122,Control,1376.97,2,5,Consumer,West,0.0,0
C019123,Treatment,1556.27,6,8,Consumer,South,13.4,0
C019124,Control,1177.24,5,8,SMB,South,11.6,0
C019125,Control,993.54,9,27,SMB,West,1.2,0
C019126,Treatment,2745.05,7,31,Enterprise,East,3.5,0
C019127,Control,1513.04,7,22,Consumer,South,8.5,0
C019128,Control,1114.93,9,6,Consumer,South,7.1,0
C019129,Control,2485.48,4,31,SMB,North,13.9,0
C019130,Treatment,2686.21,4,5,Enterprise,North,11.4,0
C019131,Control,1131.04,4,20,Consumer,West,7.2,0
C019132,Treatment,2948.42,11,27,Consumer,North,4.1,0
C019133,Treatment,2068.5,5,17,Enterprise,North,2.7,0
C019134,Treatment,3096.22,4,17,Consumer,West,13.0,1
C019135,Control,1813.61,1,10,Consumer,West,3.9,0
C019136,Treatment,2249.7,1,7,Enterprise,East,8.0,0
C019137,Treatment,1489.75,8,40,SMB,South,8.8,0
C019138,Treatment,1007.54,8,17,Consumer,South,2.8,0
C019139,Control,2620.29,9,15,Enterprise,West,10.3,0
C019140,Treatment,2047.97,9,38,SMB,East,13.2,0
C019141,Treatment,1640.84,1,4,Enterprise,West,8.8,0
C019142,Treatment,1815.59,3,3,Consumer,South,3.1,0
C019143,Control,2390.42,12,48,SMB,West,12.5,0
C019144,Treatment,955.61,4,16,Consumer,West,5.9,0
C019145,Treatment,1457.24,5,18,Consumer,South,4.9,0
C019146,Treatment,1796.96,4,10,SMB,South,18.7,0
C019147,Treatment,1999.35,8,14,Consumer,North,0.9,0
C019148,Treatment,1280.38,1,5,Consumer,East,3.6,0
C019149,Control,1635.89,2,20,Consumer,South,10.6,0
C019150,Control,2994.06,9,36,Consumer,South,8.3,0
C019151,Control,1130.21,2,15,Enterprise,East,10.0,0
C019152,Treatment,4068.64,10,20,SMB,East,9.9,1
C019153,Control,847.5,6,17,Consumer,South,8.3,0
C019154,Treatment,1233.01,7,31,SMB,West,13.8,0
C019155,Treatment,2206.14,4,11,Enterprise,North,12.8,0
C019156,Treatment,1413.65,9,31,Consumer,South,8.1,0
C019157,Treatment,3925.57,6,11,SMB,East,7.9,0
C019158,Treatment,978.33,13,20,Consumer,East,10.4,0
C019159,Control,1757.42,2,20,Enterprise,East,8.2,0
C019160,Control,1492.71,11,35,Consumer,East,14.9,0
C019161,Treatment,4694.92,17,42,SMB,West,13.3,0
C019162,Treatment,2207.5,5,11,Consumer,West,11.5,0
C019163,Control,1956.79,5,15,SMB,West,15.2,0
C019164,Control,1012.84,8,40,Consumer,West,11.5,1
C019165,Treatment,767.92,4,14,Consumer,South,9.7,0
C019166,Control,1373.79,3,6,Enterprise,East,9.0,0
C019167,Treatment,938.0,14,47,Consumer,South,9.9,0
C019168,Control,871.93,11,29,Consumer,East,16.0,0
C019169,Treatment,1186.87,3,17,Enterprise,North,10.5,0
C019170,Treatment,1844.46,7,10,Consumer,South,3.2,0
C019171,Treatment,812.97,4,9,Consumer,West,6.0,0
C019172,Treatment,1944.31,4,9,Consumer,East,13.5,1
C019173,Control,1738.17,10,27,Consumer,North,5.8,1
C019174,Control,2441.67,8,36,SMB,South,10.1,1
C019175,Treatment,2576.36,3,6,SMB,South,11.7,0
C019176,Control,1113.22,5,12,Consumer,West,9.9,1
C019177,Treatment,1420.86,7,5,Consumer,North,8.5,0
C019178,Control,904.68,1,14,Consumer,East,4.9,0
C019179,Treatment,2760.41,5,14,SMB,East,12.2,1
C019180,Control,2460.26,2,19,Consumer,East,4.4,0
C019181,Treatment,1168.28,6,3,Consumer,South,11.1,0
C019182,Treatment,4458.23,1,15,Enterprise,West,0.0,0
C019183,Control,1463.19,9,22,Consumer,West,5.5,0
C019184,Control,3716.53,4,19,Enterprise,South,9.3,0
C019185,Treatment,1757.53,13,26,Consumer,South,8.5,0
C019186,Treatment,1329.24,3,21,Consumer,East,12.3,0
C019187,Treatment,1201.06,3,3,Consumer,South,0.6,0
C019188,Treatment,4431.52,11,38,Enterprise,South,5.5,0
C019189,Treatment,1188.38,8,34,Consumer,South,4.3,0
C019190,Treatment,2210.09,1,10,SMB,South,13.7,1
C019191,Treatment,3010.81,6,15,SMB,West,5.0,1
C019192,Treatment,877.92,1,8,Consumer,West,8.1,0
C019193,Control,1978.45,7,23,Consumer,East,9.8,1
C019194,Treatment,4677.51,7,24,Enterprise,North,6.4,0
C019195,Treatment,1335.98,7,33,Consumer,South,11.3,0
C019196,Control,1732.9,1,15,SMB,North,6.3,0
C019197,Control,1404.78,1,20,SMB,East,0.9,0
C019198,Treatment,1863.25,1,8,SMB,East,4.6,0
C019199,Treatment,1057.25,6,27,Consumer,West,0.7,1
C019200,Control,3593.69,10,37,SMB,South,9.6,0
C019201,Treatment,2311.1,8,30,Enterprise,North,8.4,0
C019202,Treatment,1506.36,6,42,SMB,East,7.7,0
C019203,Control,3174.32,9,15,Enterprise,South,11.3,1
C019204,Treatment,884.65,6,6,Consumer,North,11.6,0
C019205,Control,1780.87,1,2,SMB,South,4.5,0
C019206,Treatment,2516.98,7,13,Consumer,South,10.4,0
C019207,Control,2115.43,2,15,Consumer,North,4.2,0
C019208,Treatment,3851.86,6,27,SMB,South,1.7,0
C019209,Control,1184.42,1,14,Consumer,West,14.3,1
C019210,Treatment,2269.58,1,8,Enterprise,West,8.4,0
C019211,Treatment,2849.17,5,24,SMB,South,11.2,0
C019212,Control,1475.29,8,21,Consumer,South,3.5,0
C019213,Treatment,3667.59,10,31,Enterprise,West,10.6,0
C019214,Control,962.61,5,37,Consumer,West,7.9,0
C019215,Treatment,2269.66,6,35,SMB,West,8.7,0
C019216,Treatment,2735.47,5,21,Consumer,South,16.3,0
C019217,Treatment,1328.63,9,17,Consumer,West,0.5,0
C019218,Treatment,1239.36,5,4,Consumer,East,11.5,0
C019219,Treatment,5602.45,8,26,SMB,North,14.2,0
C019220,Control,1694.14,9,30,SMB,North,11.2,1
C019221,Control,2064.77,3,8,Enterprise,West,13.7,0
C019222,Control,985.21,3,4,Enterprise,West,5.4,0
C019223,Control,1788.21,2,13,Consumer,South,8.9,0
C019224,Treatment,2209.59,7,37,Consumer,East,12.8,0
C019225,Control,2019.29,2,16,Consumer,South,6.3,1
C019226,Treatment,4539.79,6,5,Enterprise,East,2.4,1
C019227,Control,1997.37,11,22,Consumer,South,19.6,1
C019228,Control,1859.07,3,9,SMB,South,12.0,0
C019229,Treatment,4711.15,14,39,Enterprise,South,12.4,0
C019230,Control,1176.67,5,8,Consumer,South,9.1,0
C019231,Treatment,1900.45,5,17,Consumer,West,11.7,1
C019232,Treatment,4543.18,1,8,Consumer,West,6.8,0
C019233,Treatment,5186.43,13,23,SMB,North,9.5,0
C019234,Treatment,3278.3,8,17,Consumer,South,9.8,0
C019235,Treatment,2295.59,8,35,Consumer,South,10.8,0
C019236,Control,1170.4,8,30,Consumer,North,7.2,0
C019237,Treatment,2432.33,9,15,Enterprise,South,7.7,1
C019238,Control,6887.57,4,15,Enterprise,South,12.0,0
C019239,Control,1352.06,1,17,Consumer,North,10.5,0
C019240,Treatment,2561.6,10,22,Consumer,West,13.0,0
C019241,Treatment,1634.12,14,72,Consumer,West,3.7,0
C019242,Treatment,2054.29,6,28,Consumer,North,11.9,0
C019243,Treatment,3230.49,1,16,Enterprise,East,4.7,0
C019244,Treatment,1093.41,7,5,Consumer,South,15.5,0
C019245,Treatment,737.25,5,4,Consumer,East,9.3,1
C019246,Control,1394.34,1,4,SMB,South,8.8,0
C019247,Control,4468.25,12,36,Enterprise,North,9.9,1
C019248,Treatment,2861.28,6,12,Consumer,South,10.7,0
C019249,Treatment,1825.92,13,39,SMB,West,13.2,0
C019250,Control,1610.3,3,14,Enterprise,East,14.5,0
C019251,Control,863.66,1,11,Consumer,East,1.3,0
C019252,Control,3468.31,5,28,SMB,West,8.0,1
C019253,Treatment,1020.31,1,3,Consumer,West,6.9,0
C019254,Control,1329.65,14,48,SMB,West,5.9,0
C019255,Control,1244.91,1,8,Consumer,North,3.3,0
C019256,Control,1090.69,4,17,Consumer,North,9.2,0
C019257,Control,2475.27,1,13,Consumer,West,3.4,0
C019258,Treatment,2299.6,5,29,Consumer,West,13.3,0
C019259,Treatment,1812.9,3,13,Consumer,South,5.7,0
C019260,Control,3111.67,11,39,Consumer,West,10.8,0
C019261,Treatment,2484.81,9,35,SMB,East,5.5,0
C019262,Treatment,1525.43,7,26,Consumer,North,5.3,0
C019263,Treatment,1271.79,2,7,SMB,West,7.2,1
C019264,Control,1065.19,6,3,Consumer,West,4.7,1
C019265,Control,1156.67,8,22,SMB,South,13.9,0
C019266,Treatment,2715.4,5,26,Consumer,East,10.4,0
C019267,Treatment,1262.0,1,18,Consumer,South,12.4,0
C019268,Control,724.13,6,18,Consumer,East,7.5,0
C019269,Treatment,4318.06,11,45,SMB,South,13.8,0
C019270,Control,1342.84,1,7,Consumer,South,11.5,0
C019271,Control,860.17,3,20,SMB,East,5.1,0
C019272,Control,915.75,9,29,Consumer,North,9.6,0
C019273,Treatment,2077.5,18,49,Enterprise,North,12.4,1
C019274,Control,708.98,8,10,Consumer,North,6.9,0
C019275,Control,1159.48,3,19,Consumer,East,12.2,0
C019276,Control,3020.8,5,15,SMB,South,2.5,0
C019277,Control,1796.41,7,23,Consumer,South,8.4,1
C019278,Control,827.75,9,30,Consumer,South,7.2,0
C019279,Treatment,1636.34,11,23,SMB,North,15.5,0
C019280,Treatment,2235.5,3,11,SMB,West,4.9,1
C019281,Control,1258.31,3,19,Consumer,East,9.4,0
C019282,Control,1602.52,6,19,Consumer,East,15.3,0
C019283,Treatment,1450.79,1,6,Consumer,North,10.2,0
C019284,Control,1346.59,16,72,Consumer,East,5.2,0
C019285,Control,1174.11,2,13,SMB,South,12.4,0
C019286,Treatment,1490.68,9,29,Consumer,West,17.4,0
C019287,Treatment,1341.02,6,3,SMB,North,9.4,0
C019288,Control,1830.11,1,14,SMB,East,16.4,0
C019289,Control,1979.2,1,8,Consumer,West,11.6,1
C019290,Control,2026.17,1,12,Consumer,West,17.9,1
C019291,Control,733.32,2,7,Consumer,West,11.6,0
C019292,Treatment,1318.39,9,26,Consumer,North,18.7,0
C019293,Treatment,974.04,1,9,Consumer,South,7.3,0
C019294,Control,2202.65,7,25,Consumer,South,9.9,0
C019295,Control,2991.42,9,11,Enterprise,South,4.7,1
C019296,Control,2949.44,1,11,SMB,East,12.6,0
C019297,Control,1148.22,4,24,Consumer,East,10.1,0
C019298,Treatment,1114.48,1,7,Consumer,West,12.2,0
C019299,Control,1579.98,10,19,SMB,West,11.6,0
C019300,Treatment,1873.88,4,10,Consumer,South,11.3,0
C019301,Treatment,1779.49,8,20,Consumer,West,13.0,0
C019302,Treatment,1390.35,6,34,SMB,West,13.5,0
C019303,Treatment,1018.37,10,31,SMB,East,11.0,0
C019304,Treatment,1356.76,3,7,Consumer,South,10.4,0
C019305,Treatment,1094.11,7,2,SMB,North,5.5,0
C019306,Control,2032.4,11,34,SMB,South,14.0,0
C019307,Control,2747.5,13,34,SMB,North,5.3,0
C019308,Control,1313.75,9,22,SMB,South,8.2,0
C019309,Treatment,1022.47,3,20,Consumer,North,9.4,0
C019310,Treatment,1352.4,7,2,Consumer,South,3.2,0
C019311,Control,4972.08,9,13,SMB,East,3.5,0
C019312,Treatment,1356.79,3,28,Consumer,North,5.8,0
C019313,Treatment,1644.86,2,5,Consumer,West,11.3,0
C019314,Treatment,812.91,2,12,Consumer,North,10.7,0
C019315,Control,3753.28,5,14,SMB,South,6.6,0
C019316,Control,2179.14,9,33,SMB,South,15.2,0
C019317,Treatment,1877.14,6,13,SMB,East,7.4,0
C019318,Control,1718.76,6,30,SMB,South,16.0,1
C019319,Treatment,2408.32,3,32,Enterprise,East,7.8,0
C019320,Control,3193.31,1,17,Consumer,South,6.1,0
C019321,Control,1387.63,12,44,Consumer,South,21.0,0
C019322,Control,1367.85,2,15,Consumer,South,0.0,0
C019323,Treatment,1801.56,2,27,Consumer,North,10.5,0
C019324,Control,1540.02,4,24,Consumer,West,5.7,0
C019325,Treatment,1508.32,7,14,Consumer,South,3.6,0
C019326,Control,1614.33,5,32,Consumer,North,8.9,0
C019327,Treatment,5115.73,12,46,Enterprise,West,16.2,0
C019328,Control,2254.18,4,12,SMB,East,11.6,1
C019329,Control,2388.89,12,52,SMB,South,1.9,0
C019330,Treatment,1544.54,5,12,Consumer,West,3.8,1
C019331,Treatment,2507.16,2,25,Consumer,South,6.6,1
C019332,Treatment,6864.14,6,19,Consumer,South,4.8,0
C019333,Treatment,687.89,2,6,Consumer,West,15.3,0
C019334,Control,2508.27,4,19,Consumer,West,11.6,0
C019335,Treatment,897.31,4,20,Consumer,South,6.9,0
C019336,Control,3999.79,7,32,Consumer,North,8.8,0
C019337,Treatment,1803.74,6,16,SMB,East,4.9,0
C019338,Treatment,5203.7,9,25,Enterprise,East,6.7,0
C019339,Treatment,1277.51,6,11,Consumer,South,3.6,0
C019340,Treatment,1848.22,14,10,Consumer,West,9.5,1
C019341,Treatment,906.07,5,17,Consumer,North,7.2,0
C019342,Treatment,1566.45,8,14,Consumer,West,9.1,1
C019343,Control,879.84,3,14,Consumer,West,13.9,0
C019344,Treatment,1789.94,2,16,Consumer,North,8.4,0
C019345,Treatment,3604.49,2,9,Consumer,South,0.0,0
C019346,Control,2355.62,6,33,Consumer,North,17.0,1
C019347,Treatment,2381.14,14,46,Consumer,East,10.1,0
C019348,Control,1685.15,11,22,Consumer,South,3.5,0
C019349,Treatment,1151.28,4,2,SMB,West,8.3,0
C019350,Treatment,8513.97,9,37,Enterprise,South,13.2,0
C019351,Control,687.53,3,5,Consumer,South,7.5,0
C019352,Control,3227.1,4,8,SMB,North,8.7,0
C019353,Treatment,2157.04,12,27,Consumer,North,8.2,0
C019354,Control,1359.32,9,21,Consumer,South,16.4,0
C019355,Treatment,2351.61,15,39,Consumer,West,20.0,0
C019356,Control,1417.09,2,8,Consumer,West,13.3,0
C019357,Control,2690.46,10,42,SMB,South,16.7,0
C019358,Control,1855.96,4,7,Enterprise,West,2.4,0
C019359,Treatment,836.82,2,13,Consumer,North,7.4,1
C019360,Treatment,1330.76,8,19,SMB,West,5.3,0
C019361,Treatment,2223.16,4,23,Consumer,South,12.1,0
C019362,Treatment,2034.47,5,36,SMB,North,14.5,0
C019363,Treatment,1909.16,14,27,Consumer,West,8.1,0
C019364,Control,904.43,7,9,Consumer,South,7.8,0
C019365,Control,1396.9,9,31,SMB,West,9.5,0
C019366,Treatment,1103.27,7,14,Consumer,East,5.7,1
C019367,Control,2896.31,4,3,Consumer,North,1.5,1
C019368,Treatment,2195.5,5,20,Enterprise,North,13.4,0
C019369,Treatment,1177.04,11,24,Consumer,South,6.7,0
C019370,Treatment,3166.22,10,23,Consumer,South,7.9,0
C019371,Treatment,3845.33,9,24,Consumer,South,12.1,0
C019372,Treatment,1196.73,1,18,SMB,South,4.3,1
C019373,Treatment,1021.34,1,8,Consumer,South,17.4,0
C019374,Treatment,8100.13,10,34,Enterprise,South,11.2,0
C019375,Control,1454.02,9,20,Consumer,North,5.9,1
C019376,Control,1996.02,2,18,Consumer,South,14.2,1
C019377,Control,1413.63,9,23,Consumer,North,16.4,1
C019378,Treatment,1864.7,3,16,Consumer,West,1.0,0
C019379,Treatment,1596.34,9,30,Consumer,East,0.0,1
C019380,Treatment,1670.06,9,42,Consumer,North,8.1,0
C019381,Control,1176.98,2,6,SMB,West,9.1,1
C019382,Treatment,1956.32,2,4,SMB,South,10.2,0
C019383,Control,1920.09,5,11,SMB,South,15.9,0
C019384,Treatment,2142.25,7,7,Consumer,South,10.4,1
C019385,Control,1512.64,4,21,Consumer,South,8.0,0
C019386,Treatment,1333.48,10,49,Consumer,West,13.0,0
C019387,Treatment,1405.86,13,50,Consumer,North,15.7,0
C019388,Control,1190.26,6,12,Consumer,East,1.2,0
C019389,Control,719.91,1,8,Consumer,South,14.7,0
C019390,Control,2049.77,1,13,Consumer,South,7.6,0
C019391,Control,2808.53,3,26,SMB,South,14.0,0
C019392,Control,14872.22,1,8,Consumer,North,5.3,1
C019393,Control,720.41,2,5,Consumer,North,5.1,0
C019394,Control,2172.64,7,13,Enterprise,South,12.6,0
C019395,Control,1110.19,1,17,Consumer,South,14.2,0
C019396,Treatment,3917.1,4,18,Enterprise,West,15.7,0
C019397,Control,1840.88,8,10,Consumer,East,2.3,0
C019398,Control,1349.44,1,6,Consumer,West,10.8,0
C019399,Treatment,1708.36,9,20,Consumer,West,12.9,1
C019400,Control,2577.72,8,19,Consumer,North,2.1,0
C019401,Treatment,2157.84,7,9,Enterprise,West,1.8,0
C019402,Treatment,2007.46,4,22,Consumer,West,10.4,0
C019403,Treatment,2126.19,5,19,Consumer,South,9.9,0
C019404,Treatment,1054.75,4,21,Consumer,East,10.3,1
C019405,Treatment,1183.37,9,18,Consumer,South,7.0,1
C019406,Treatment,1072.33,3,9,Consumer,North,6.6,0
C019407,Treatment,3471.02,10,42,Consumer,South,17.5,0
C019408,Control,2111.09,1,23,Consumer,North,7.3,1
C019409,Treatment,2628.76,1,8,Consumer,South,9.9,0
C019410,Treatment,1597.9,10,27,SMB,East,4.2,0
C019411,Treatment,3515.05,11,33,Consumer,North,13.7,0
C019412,Control,1667.25,8,30,SMB,South,9.1,0
C019413,Control,748.29,13,18,Consumer,North,11.6,0
C019414,Treatment,670.31,4,15,SMB,West,15.7,0
C019415,Control,1201.85,7,15,Consumer,West,8.9,1
C019416,Treatment,1467.13,8,23,Consumer,North,20.5,0
C019417,Control,1200.87,12,37,Consumer,West,15.7,0
C019418,Control,936.08,12,38,SMB,West,8.8,0
C019419,Control,1828.07,1,6,Consumer,West,6.1,0
C019420,Treatment,1484.51,1,11,Consumer,West,4.5,0
C019421,Treatment,2470.98,2,4,SMB,South,6.2,1
C019422,Treatment,3195.13,8,22,Consumer,South,2.4,0
C019423,Treatment,857.94,16,42,Consumer,West,13.4,0
C019424,Treatment,2124.13,7,14,Consumer,West,12.2,0
C019425,Control,2041.97,6,29,Consumer,South,9.4,0
C019426,Control,3036.74,2,3,Enterprise,East,12.9,0
C019427,Treatment,3895.95,8,21,SMB,South,8.8,0
C019428,Treatment,1570.9,4,17,Consumer,South,7.2,0
C019429,Control,5603.63,10,30,Consumer,East,12.5,1
C019430,Treatment,3204.78,1,5,SMB,North,6.9,1
C019431,Control,1823.08,2,19,SMB,South,14.2,1
C019432,Treatment,1604.7,13,49,Consumer,South,9.8,0
C019433,Treatment,1416.65,10,9,Enterprise,North,19.1,0
C019434,Control,1955.27,1,8,Enterprise,South,10.6,0
C019435,Treatment,2237.27,10,32,Consumer,South,4.9,1
C019436,Treatment,2891.61,13,35,Enterprise,South,10.0,0
C019437,Treatment,3589.26,8,26,SMB,North,10.7,0
C019438,Treatment,5752.07,15,68,SMB,South,8.6,1
C019439,Control,2041.19,9,18,Consumer,South,12.8,0
C019440,Control,1447.38,3,26,Consumer,North,14.8,0
C019441,Control,2647.24,1,25,Consumer,West,10.0,0
C019442,Control,1343.93,1,13,Consumer,East,13.3,0
C019443,Control,3488.48,1,11,Consumer,South,9.7,0
C019444,Treatment,690.4,2,16,Consumer,East,6.1,0
C019445,Control,1703.94,3,12,Consumer,South,0.7,0
C019446,Treatment,3327.11,3,18,Enterprise,North,16.6,0
C019447,Control,3773.74,1,30,Consumer,South,16.5,0
C019448,Control,1545.14,2,6,SMB,West,5.0,0
C019449,Treatment,1863.23,3,7,Consumer,East,1.5,1
C019450,Treatment,587.64,6,14,Consumer,West,7.8,0
C019451,Treatment,1879.59,8,16,SMB,West,8.6,0
C019452,Control,2070.93,5,9,Consumer,South,3.8,0
C019453,Treatment,1999.66,1,26,Consumer,West,7.3,0
C019454,Control,1081.69,1,8,Consumer,East,15.3,0
C019455,Treatment,1288.21,1,5,SMB,South,9.5,0
C019456,Treatment,2310.27,2,21,SMB,South,5.7,0
C019457,Control,1758.02,11,24,Consumer,South,11.3,1
C019458,Treatment,1667.21,4,21,Consumer,North,7.5,0
C019459,Treatment,5897.79,1,7,Enterprise,North,4.8,1
C019460,Control,1348.1,4,4,SMB,South,1.8,0
C019461,Control,3424.78,7,52,Consumer,South,11.9,1
C019462,Treatment,2770.59,3,22,SMB,North,2.9,0
C019463,Control,1631.79,12,46,Consumer,North,10.5,0
C019464,Control,2350.59,1,10,SMB,West,18.4,0
C019465,Control,3760.1,15,40,Consumer,South,12.8,0
C019466,Treatment,1007.05,11,41,Consumer,West,9.8,0
C019467,Control,4559.16,8,29,Consumer,South,15.5,0
C019468,Treatment,4517.03,5,15,SMB,North,14.6,1
C019469,Treatment,2934.12,1,9,SMB,North,17.2,0
C019470,Control,1524.28,6,24,Consumer,South,6.4,0
C019471,Control,1126.65,1,7,Consumer,South,4.8,0
C019472,Treatment,4679.46,8,12,Consumer,South,2.4,0
C019473,Control,2183.59,12,21,Consumer,West,13.1,0
C019474,Control,3398.97,6,43,Consumer,South,14.1,0
C019475,Control,7069.36,9,43,SMB,South,0.0,0
C019476,Treatment,4107.8,10,41,Consumer,South,14.2,0
C019477,Treatment,1675.79,14,44,Consumer,East,11.0,0
C019478,Treatment,1076.43,10,14,Consumer,West,5.8,0
C019479,Control,1075.77,4,11,Consumer,South,13.8,0
C019480,Control,1733.08,7,4,SMB,South,10.6,0
C019481,Treatment,999.77,7,26,Consumer,West,11.8,0
C019482,Control,2042.17,3,13,SMB,West,4.7,0
C019483,Treatment,1095.7,1,14,SMB,West,4.7,1
C019484,Treatment,4535.95,2,13,Enterprise,West,9.0,0
C019485,Control,4408.76,5,16,SMB,South,7.9,1
C019486,Treatment,3005.42,4,19,SMB,South,8.0,0
C019487,Treatment,2221.19,14,21,Consumer,South,15.3,0
C019488,Treatment,2051.2,5,12,Consumer,East,10.9,0
C019489,Control,855.52,2,4,Consumer,West,6.0,1
C019490,Treatment,1223.25,1,18,Consumer,South,9.5,0
C019491,Control,3162.15,9,42,SMB,South,17.8,0
C019492,Treatment,673.78,4,20,Consumer,West,6.0,0
C019493,Control,2059.11,7,28,Consumer,South,3.1,1
C019494,Control,2146.39,10,12,Consumer,East,8.2,1
C019495,Treatment,1340.84,11,39,Consumer,West,6.2,0
C019496,Control,2132.18,5,13,Consumer,North,10.4,0
C019497,Control,2506.38,3,13,SMB,South,8.8,0
C019498,Treatment,1574.83,5,23,Consumer,North,11.1,0
C019499,Control,1213.84,8,30,Consumer,North,7.4,0
C019500,Treatment,1633.43,6,14,Consumer,South,6.6,0
C019501,Treatment,2447.51,8,22,Enterprise,East,8.8,0
C019502,Control,4675.16,18,71,Enterprise,South,3.2,1
C019503,Treatment,1245.61,8,19,Consumer,East,12.9,0
C019504,Treatment,1074.91,1,8,Consumer,North,22.0,0
C019505,Treatment,2225.77,4,7,Enterprise,West,7.8,0
C019506,Treatment,2947.2,12,33,SMB,South,15.7,0
C019507,Treatment,3115.62,2,8,SMB,East,14.7,1
C019508,Treatment,2174.06,2,16,Consumer,North,10.8,1
C019509,Control,1145.07,1,9,SMB,West,2.4,0
C019510,Treatment,2504.62,1,7,SMB,South,2.8,1
C019511,Control,3413.82,8,36,SMB,West,3.5,1
C019512,Control,3189.58,5,3,SMB,South,2.3,1
C019513,Control,2242.61,5,38,SMB,West,4.2,0
C019514,Treatment,8665.02,6,4,Enterprise,South,2.8,0
C019515,Control,3062.86,5,15,Enterprise,North,7.6,0
C019516,Control,1160.48,1,19,Consumer,East,16.3,0
C019517,Control,1547.39,8,24,Enterprise,North,3.5,0
C019518,Control,2011.68,6,12,Consumer,West,6.9,0
C019519,Treatment,1382.15,5,15,Consumer,South,7.6,0
C019520,Control,861.27,7,23,Consumer,West,6.2,1
C019521,Control,2018.55,14,50,Consumer,South,7.3,0
C019522,Treatment,3912.62,6,22,Consumer,South,12.1,1
C019523,Control,2795.28,13,43,Enterprise,East,5.9,0
C019524,Control,1194.13,3,25,Consumer,East,5.5,0
C019525,Treatment,2203.82,11,43,Enterprise,East,10.5,1
C019526,Treatment,3104.59,4,5,Consumer,East,11.5,0
C019527,Control,1046.48,7,9,Consumer,East,10.2,0
C019528,Treatment,1532.75,7,16,Consumer,West,6.1,0
C019529,Treatment,2240.33,3,14,Consumer,South,2.3,1
C019530,Treatment,1494.97,8,22,Enterprise,North,2.2,0
C019531,Control,925.64,1,12,Consumer,East,4.6,0
C019532,Treatment,1550.7,2,18,Consumer,South,11.2,0
C019533,Treatment,1497.0,4,14,SMB,West,11.8,0
C019534,Treatment,1337.95,2,19,Consumer,West,9.9,0
C019535,Treatment,3799.17,3,11,Consumer,West,7.5,0
C019536,Treatment,3367.11,7,18,Consumer,South,5.5,0
C019537,Treatment,1073.93,8,19,SMB,West,4.4,0
C019538,Control,1317.26,1,9,Consumer,South,8.2,0
C019539,Control,2937.44,1,4,SMB,North,9.4,0
C019540,Treatment,2027.93,4,29,SMB,West,9.5,0
C019541,Control,1212.17,9,45,Consumer,West,6.8,0
C019542,Treatment,3308.78,11,13,SMB,North,7.7,0
C019543,Treatment,3229.52,6,31,Enterprise,West,9.7,0
C019544,Treatment,964.15,10,18,Consumer,West,9.3,0
C019545,Control,1333.85,9,26,Consumer,South,7.2,0
C019546,Treatment,1577.47,7,30,Consumer,North,8.9,0
C019547,Treatment,1689.68,8,34,SMB,West,17.0,0
C019548,Treatment,1074.48,9,18,Consumer,North,2.6,1
C019549,Treatment,3443.87,1,7,Enterprise,South,12.9,0
C019550,Control,1178.68,10,15,Consumer,South,9.6,0
C019551,Treatment,814.77,9,30,Consumer,West,7.8,1
C019552,Control,2061.81,4,18,Consumer,West,8.7,1
C019553,Treatment,1817.26,3,3,SMB,East,2.7,1
C019554,Control,1378.33,12,37,Consumer,West,3.2,0
C019555,Control,1645.93,7,2,Consumer,East,8.6,1
C019556,Control,2180.41,5,12,Enterprise,East,17.5,1
C019557,Control,1576.79,2,8,Consumer,North,5.1,0
C019558,Treatment,1477.36,3,5,Consumer,South,8.4,0
C019559,Treatment,3128.77,8,48,SMB,South,13.0,1
C019560,Control,1631.19,7,18,Consumer,North,4.0,0
C019561,Control,2124.64,3,16,Consumer,South,6.4,0
C019562,Treatment,1218.56,4,20,Consumer,South,8.6,0
C019563,Control,1811.71,7,12,SMB,North,7.7,0
C019564,Control,1625.28,5,2,Consumer,South,12.6,0
C019565,Control,1447.75,7,39,SMB,South,15.9,0
C019566,Treatment,2175.49,4,8,SMB,North,4.4,0
C019567,Treatment,1548.02,8,29,Consumer,West,7.7,0
C019568,Control,1685.86,1,7,Consumer,West,13.4,0
C019569,Treatment,2156.35,8,29,SMB,East,18.8,0
C019570,Treatment,1787.11,2,2,Consumer,North,13.5,0
C019571,Treatment,2335.6,5,20,Consumer,East,9.2,0
C019572,Treatment,1013.45,13,44,Consumer,East,13.0,0
C019573,Treatment,2966.87,2,22,SMB,South,8.2,0
C019574,Treatment,10233.0,2,6,Consumer,North,13.9,0
C019575,Treatment,1773.12,3,18,Consumer,South,8.6,1
C019576,Control,2162.86,1,2,SMB,South,7.3,1
C019577,Treatment,2362.62,4,10,Enterprise,North,11.0,1
C019578,Treatment,2718.31,7,42,Consumer,North,6.8,0
C019579,Control,1783.49,4,21,Consumer,South,14.4,0
C019580,Control,3065.04,8,20,Consumer,South,14.9,0
C019581,Control,2345.77,5,39,Consumer,South,10.4,0
C019582,Control,682.81,6,12,Consumer,West,11.7,0
C019583,Control,2326.82,9,14,SMB,North,10.4,0
C019584,Control,1180.7,5,12,Consumer,West,3.2,1
C019585,Control,2451.58,6,9,Enterprise,South,12.8,0
C019586,Treatment,813.95,12,11,Consumer,West,1.3,0
C019587,Control,1034.92,7,25,SMB,East,14.4,0
C019588,Control,1536.77,8,27,Consumer,East,8.1,0
C019589,Control,3606.74,6,5,SMB,East,4.5,0
C019590,Control,1372.01,8,41,Enterprise,East,9.2,0
C019591,Control,1752.67,6,35,Enterprise,East,13.2,0
C019592,Treatment,2031.31,5,16,SMB,North,14.2,0
C019593,Control,2778.81,3,12,Consumer,South,14.0,0
C019594,Control,1929.14,1,11,SMB,West,5.6,0
C019595,Treatment,1512.27,1,16,Enterprise,South,4.6,0
C019596,Treatment,1003.1,1,18,Consumer,North,7.7,0
C019597,Control,909.97,2,10,Consumer,West,8.5,0
C019598,Control,1275.02,1,10,Consumer,West,8.9,0
C019599,Treatment,3109.1,5,8,SMB,South,2.7,0
C019600,Control,4098.74,20,72,Consumer,South,9.0,0
C019601,Control,1157.05,6,14,Consumer,South,11.9,0
C019602,Treatment,2714.12,11,56,Consumer,South,6.9,0
C019603,Treatment,2410.66,11,13,SMB,West,9.2,0
C019604,Treatment,3332.85,2,12,Consumer,South,14.0,1
C019605,Control,4057.92,3,13,Enterprise,South,3.1,0
C019606,Treatment,818.55,5,23,Consumer,West,10.8,0
C019607,Treatment,4889.7,10,27,Consumer,South,0.8,1
C019608,Treatment,3285.66,7,38,SMB,West,3.5,0
C019609,Control,2260.03,9,14,Consumer,South,16.6,0
C019610,Control,2597.28,1,28,SMB,North,5.7,0
C019611,Control,1520.84,1,9,SMB,West,9.9,1
C019612,Treatment,2655.3,13,43,Consumer,South,2.4,0
C019613,Control,1418.14,10,7,Consumer,East,7.7,1
C019614,Control,652.27,8,7,Consumer,North,10.8,0
C019615,Control,1789.44,7,17,Consumer,East,12.2,0
C019616,Control,1433.51,3,21,Consumer,South,11.5,0
C019617,Treatment,2294.89,2,13,SMB,West,8.1,1
C019618,Control,2871.4,8,19,Consumer,West,12.7,0
C019619,Control,1099.43,8,18,SMB,North,10.1,0
C019620,Treatment,562.79,3,11,Consumer,South,1.6,0
C019621,Treatment,1275.32,5,24,Consumer,East,7.9,0
C019622,Treatment,1185.21,9,22,Consumer,West,4.4,0
C019623,Treatment,1694.04,9,27,Consumer,South,4.2,1
C019624,Control,3237.98,11,43,Consumer,West,8.9,0
C019625,Control,1955.74,10,51,SMB,West,4.7,0
C019626,Control,2822.06,8,25,Enterprise,East,11.4,0
C019627,Treatment,1543.85,4,19,Consumer,South,11.9,0
C019628,Treatment,4768.98,7,27,Enterprise,South,0.0,0
C019629,Control,2013.17,7,24,Consumer,East,13.5,0
C019630,Treatment,3765.37,4,5,Enterprise,East,8.9,0
C019631,Treatment,917.05,1,5,Consumer,South,11.1,1
C019632,Treatment,2913.94,10,29,Consumer,South,13.3,0
C019633,Control,2352.51,11,31,SMB,West,3.6,0
C019634,Control,1050.7,5,5,Consumer,South,9.1,0
C019635,Treatment,2442.8,4,9,Enterprise,South,11.8,0
C019636,Treatment,3701.41,4,32,Enterprise,South,9.5,0
C019637,Treatment,1661.81,8,17,Consumer,North,16.3,0
C019638,Treatment,1883.9,4,20,Consumer,North,5.3,0
C019639,Control,2145.56,1,4,Consumer,South,9.1,0
C019640,Treatment,3111.36,13,28,Consumer,East,8.9,1
C019641,Control,2163.68,3,4,SMB,West,16.7,0
C019642,Control,1488.03,6,28,Consumer,North,11.0,0
C019643,Control,1632.61,10,48,Consumer,South,9.1,1
C019644,Control,1806.89,12,52,Consumer,West,18.7,0
C019645,Control,3157.48,5,29,SMB,North,12.9,0
C019646,Treatment,2197.2,1,5,Consumer,West,6.6,0
C019647,Treatment,1749.16,4,27,SMB,East,8.7,1
C019648,Control,837.18,4,14,Consumer,West,12.9,0
C019649,Control,1117.94,5,5,Consumer,East,5.4,0
C019650,Control,2124.51,7,20,SMB,West,13.0,1
C019651,Control,1167.31,11,38,Consumer,East,14.8,0
C019652,Control,1262.41,1,2,SMB,South,11.7,0
C019653,Treatment,799.16,4,10,Consumer,West,6.5,0
C019654,Treatment,1593.53,13,45,Consumer,South,7.6,0
C019655,Treatment,3265.56,6,13,Enterprise,South,12.1,1
C019656,Treatment,1404.72,3,14,Consumer,South,11.0,0
C019657,Treatment,1603.9,5,10,Consumer,West,20.0,0
C019658,Control,1132.08,2,2,Consumer,West,5.6,0
C019659,Control,899.84,1,5,SMB,West,12.0,0
C019660,Control,2039.16,5,35,SMB,South,8.0,0
C019661,Control,1810.93,3,10,Consumer,West,0.0,0
C019662,Treatment,1551.59,2,14,Consumer,West,14.9,0
C019663,Control,785.93,1,10,SMB,South,8.1,0
C019664,Control,2707.02,3,12,SMB,North,15.1,0
C019665,Control,1561.57,6,27,SMB,South,12.9,1
C019666,Control,1424.52,19,55,Consumer,North,12.8,0
C019667,Treatment,3646.86,13,46,Consumer,East,7.6,1
C019668,Control,664.36,4,20,Consumer,North,6.7,0
C019669,Treatment,1393.53,11,33,Consumer,South,18.8,1
C019670,Control,4746.36,11,40,SMB,East,10.9,0
C019671,Control,5181.57,4,35,Enterprise,South,18.6,0
C019672,Control,6060.94,3,6,SMB,West,9.4,0
C019673,Treatment,1552.11,6,20,Consumer,South,11.3,0
C019674,Control,1978.82,6,27,Consumer,South,12.1,0
C019675,Treatment,2109.6,1,9,Consumer,West,14.5,0
C019676,Control,843.06,1,8,Consumer,South,0.0,0
C019677,Treatment,1780.22,8,23,Consumer,South,7.5,0
C019678,Treatment,1546.4,6,21,SMB,West,11.9,1
C019679,Treatment,1658.94,7,39,SMB,South,16.3,0
C019680,Control,1459.14,5,4,Enterprise,West,13.5,0
C019681,Control,2203.0,10,43,Consumer,West,7.6,0
C019682,Treatment,1258.1,1,13,Consumer,South,11.4,0
C019683,Treatment,1387.0,3,6,Consumer,West,21.6,0
C019684,Control,2619.86,9,26,Enterprise,East,10.5,0
C019685,Control,1639.47,1,15,Consumer,West,8.5,0
C019686,Control,2854.62,11,34,Consumer,East,13.0,1
C019687,Control,951.45,8,17,Consumer,West,8.7,0
C019688,Control,2174.01,5,7,SMB,South,10.7,0
C019689,Control,1735.58,3,6,Consumer,East,11.8,0
C019690,Control,973.79,3,3,Consumer,West,6.9,1
C019691,Treatment,4035.94,3,23,SMB,West,7.0,1
C019692,Treatment,987.28,1,5,Consumer,South,18.1,0
C019693,Treatment,2710.03,9,15,Consumer,North,4.6,1
C019694,Treatment,2122.99,3,16,Consumer,West,5.0,0
C019695,Treatment,1283.35,5,22,Consumer,East,10.0,0
C019696,Control,3192.92,6,12,Consumer,North,5.3,0
C019697,Treatment,1576.49,1,7,Enterprise,South,12.1,0
C019698,Control,1561.78,2,12,Consumer,West,10.7,1
C019699,Control,794.34,4,18,Consumer,West,12.8,1
C019700,Treatment,1981.42,9,37,Consumer,South,14.7,0
C019701,Control,1481.35,12,44,Consumer,West,11.3,0
C019702,Treatment,1432.83,8,35,Consumer,South,14.7,0
C019703,Treatment,2906.94,6,21,SMB,South,1.3,1
C019704,Control,1959.74,1,12,SMB,West,9.3,0
C019705,Control,2058.08,1,19,Consumer,South,1.3,1
C019706,Treatment,2229.82,6,28,SMB,South,10.9,1
C019707,Treatment,1055.36,2,17,Consumer,South,15.5,0
C019708,Treatment,2359.98,5,23,Consumer,North,3.6,0
C019709,Control,2675.36,6,18,Consumer,South,0.7,1
C019710,Treatment,1337.81,1,12,Consumer,West,6.2,0
C019711,Control,2494.55,9,16,Consumer,South,13.1,0
C019712,Control,3819.42,5,7,SMB,East,10.3,0
C019713,Treatment,4099.64,4,15,SMB,South,6.8,0
C019714,Control,3085.45,8,25,Enterprise,West,10.3,1
C019715,Control,1208.36,5,26,Consumer,East,2.6,0
C019716,Control,1589.54,10,53,SMB,West,10.1,0
C019717,Treatment,3073.39,1,15,SMB,South,6.2,0
C019718,Treatment,1275.22,1,14,Consumer,South,13.0,1
C019719,Treatment,2273.23,5,18,Consumer,North,2.9,0
C019720,Control,1520.85,3,31,SMB,North,9.7,0
C019721,Control,3106.88,13,45,Consumer,East,7.9,0
C019722,Treatment,1501.1,9,43,Consumer,West,14.0,0
C019723,Control,879.06,1,8,Consumer,North,5.8,0
C019724,Control,1576.09,4,23,Consumer,East,0.2,0
C019725,Control,1844.81,1,30,Enterprise,East,12.1,0
C019726,Treatment,1825.53,17,69,Consumer,South,3.6,0
C019727,Treatment,4396.78,10,37,Enterprise,West,8.6,0
C019728,Control,1025.7,1,10,Consumer,East,11.0,0
C019729,Control,2823.61,13,51,Consumer,West,0.0,1
C019730,Treatment,1867.92,1,16,Consumer,West,4.1,1
C019731,Treatment,2352.77,5,40,SMB,West,14.0,1
C019732,Control,1885.53,14,44,Consumer,South,13.5,0
C019733,Control,1233.26,1,26,Consumer,West,8.7,0
C019734,Treatment,1103.92,1,10,Consumer,West,4.3,0
C019735,Treatment,3004.98,3,20,Enterprise,North,21.0,0
C019736,Treatment,2474.98,8,27,Consumer,South,10.7,0
C019737,Treatment,2512.47,9,46,Consumer,West,13.0,0
C019738,Treatment,4531.43,10,26,SMB,South,6.3,0
C019739,Control,1954.63,12,33,Consumer,South,4.4,0
C019740,Control,2842.68,5,21,Consumer,East,13.9,1
C019741,Control,1719.85,7,35,Consumer,West,8.3,0
C019742,Treatment,1660.38,6,10,Consumer,North,10.2,0
C019743,Control,5420.63,12,34,Consumer,South,8.4,1
C019744,Control,2169.09,1,7,Consumer,South,15.7,0
C019745,Control,1597.84,7,13,Consumer,North,8.3,1
C019746,Treatment,2271.9,4,21,Consumer,North,11.5,1
C019747,Treatment,2419.44,7,27,SMB,East,9.8,0
C019748,Control,4163.58,12,36,Consumer,West,2.6,0
C019749,Control,1247.75,2,14,Consumer,West,5.3,1
C019750,Treatment,1643.68,10,24,Enterprise,West,10.4,0
C019751,Control,1810.98,1,14,SMB,West,7.2,0
C019752,Treatment,1286.22,4,14,Consumer,North,8.0,1
C019753,Control,1732.68,1,16,SMB,South,15.8,0
C019754,Treatment,1504.04,8,38,SMB,North,7.7,0
C019755,Control,2363.16,11,30,Consumer,East,18.9,0
C019756,Treatment,2077.03,1,19,Consumer,West,8.0,1
C019757,Control,2972.6,1,4,Consumer,North,6.4,0
C019758,Control,4033.64,12,38,Enterprise,South,16.0,0
C019759,Treatment,2707.34,4,20,Consumer,South,10.4,0
C019760,Treatment,2464.74,8,39,SMB,North,15.3,0
C019761,Treatment,1426.99,10,31,Consumer,West,3.8,0
C019762,Treatment,1136.24,5,9,Consumer,South,0.0,0
C019763,Treatment,3041.53,2,23,Consumer,South,0.0,0
C019764,Treatment,1924.59,2,6,Consumer,West,2.5,0
C019765,Control,2143.31,5,16,Consumer,South,2.9,1
C019766,Treatment,1386.89,5,22,Consumer,South,11.5,1
C019767,Control,2742.95,1,10,Consumer,West,8.1,1
C019768,Control,2173.17,16,67,Consumer,South,7.5,1
C019769,Treatment,2475.83,8,43,SMB,East,3.2,1
C019770,Control,1456.82,7,24,Consumer,South,13.0,0
C019771,Control,2100.5,2,5,SMB,South,12.2,1
C019772,Control,3233.76,5,13,SMB,North,1.8,0
C019773,Treatment,2038.31,1,11,SMB,West,7.3,0
C019774,Treatment,3134.41,7,27,Enterprise,South,5.4,1
C019775,Control,906.92,9,17,Consumer,West,16.9,0
C019776,Control,3449.99,11,32,Consumer,North,10.0,0
C019777,Control,892.77,6,30,Consumer,West,9.0,0
C019778,Control,801.55,5,13,Consumer,West,9.9,0
C019779,Control,1829.26,3,15,Consumer,North,9.9,0
C019780,Control,2395.52,4,25,Enterprise,East,10.2,0
C019781,Treatment,2031.81,7,23,Consumer,West,0.0,1
C019782,Treatment,1828.14,4,15,SMB,East,9.0,0
C019783,Control,976.64,6,51,Consumer,West,22.2,1
C019784,Control,918.77,5,3,SMB,North,4.7,0
C019785,Control,590.77,4,4,Consumer,West,13.2,0
C019786,Control,4348.06,9,23,Consumer,South,11.7,0
C019787,Control,2087.1,11,37,Enterprise,South,8.6,1
C019788,Treatment,1829.24,8,14,SMB,South,4.8,0
C019789,Treatment,2326.89,4,6,Consumer,South,11.4,1
C019790,Control,2094.66,1,4,Consumer,South,7.3,0
C019791,Control,961.35,1,6,Consumer,North,8.5,0
C019792,Treatment,1076.33,2,9,Consumer,West,11.0,1
C019793,Treatment,1454.85,1,6,Consumer,South,4.7,0
C019794,Control,2904.31,6,57,Enterprise,South,7.3,0
C019795,Treatment,1660.97,1,2,Consumer,West,12.2,0
C019796,Control,4867.49,8,18,Consumer,West,8.8,1
C019797,Treatment,1639.72,1,13,SMB,West,0.8,0
C019798,Control,1580.12,6,21,SMB,North,10.8,1
C019799,Treatment,2465.46,1,9,SMB,West,11.6,0
C019800,Control,517.36,5,18,Consumer,North,12.1,0
C019801,Treatment,1611.63,1,5,Consumer,South,8.1,0
C019802,Treatment,1018.02,2,16,Consumer,West,4.7,0
C019803,Treatment,3567.09,9,31,Consumer,North,3.5,0
C019804,Treatment,2212.16,7,35,Enterprise,North,7.2,1
C019805,Control,1793.2,5,35,Consumer,South,12.3,1
C019806,Treatment,2547.62,9,37,SMB,South,5.8,0
C019807,Control,2704.6,7,5,Enterprise,South,17.1,1
C019808,Treatment,1902.95,1,9,Consumer,West,6.3,0
C019809,Control,1666.0,4,16,Consumer,West,15.3,0
C019810,Control,1163.97,13,48,Consumer,West,10.8,0
C019811,Control,3231.86,8,30,Enterprise,North,6.6,0
C019812,Treatment,1959.91,1,3,Consumer,East,3.7,0
C019813,Treatment,1354.54,6,39,Consumer,West,11.3,0
C019814,Control,1456.55,1,26,Consumer,South,8.4,0
C019815,Treatment,3347.85,6,28,SMB,South,5.6,0
C019816,Control,1002.73,3,27,Consumer,North,9.2,0
C019817,Control,1823.0,2,14,Consumer,North,10.0,1
C019818,Control,1665.15,3,4,Consumer,North,5.0,0
C019819,Treatment,1021.13,8,36,Consumer,East,9.5,0
C019820,Treatment,1642.81,1,7,Consumer,East,0.0,0
C019821,Treatment,1448.65,4,13,Consumer,North,2.9,1
C019822,Control,1117.9,6,22,Consumer,East,13.1,0
C019823,Control,1926.12,8,10,Consumer,North,7.2,0
C019824,Treatment,1824.15,4,9,Enterprise,South,11.9,0
C019825,Control,1394.79,6,9,Consumer,West,11.4,0
C019826,Treatment,2057.26,13,28,Consumer,South,13.3,0
C019827,Treatment,1707.76,7,11,Consumer,West,12.0,0
C019828,Control,2464.3,1,7,Consumer,South,12.9,0
C019829,Control,2509.98,4,16,SMB,North,2.3,0
C019830,Treatment,2902.67,15,25,Enterprise,West,16.3,0
C019831,Treatment,1305.15,4,24,Consumer,North,11.6,0
C019832,Treatment,2538.02,2,4,SMB,South,20.2,0
C019833,Treatment,2724.17,10,30,SMB,East,8.2,0
C019834,Control,1116.07,4,6,SMB,East,5.1,0
C019835,Treatment,1694.67,3,13,SMB,West,14.1,0
C019836,Treatment,1068.76,9,22,Consumer,West,12.8,1
C019837,Treatment,1819.4,1,11,Consumer,North,1.2,0
C019838,Control,2215.53,12,59,Consumer,South,8.6,0
C019839,Treatment,1653.93,5,10,Consumer,East,6.1,0
C019840,Control,1317.3,1,15,Consumer,North,6.7,0
C019841,Control,3621.09,13,37,Enterprise,South,9.3,0
C019842,Treatment,1947.43,7,16,Consumer,South,4.8,0
C019843,Treatment,4277.82,15,50,Enterprise,West,13.9,0
C019844,Treatment,1609.74,11,20,Consumer,West,5.4,1
C019845,Treatment,1292.93,4,7,SMB,South,5.4,0
C019846,Control,3059.41,8,51,Consumer,North,3.3,0
C019847,Treatment,2397.4,7,23,Consumer,West,10.3,1
C019848,Treatment,4127.82,7,23,SMB,North,3.7,1
C019849,Treatment,1119.74,10,24,Consumer,North,11.5,0
C019850,Treatment,2672.03,14,72,SMB,South,14.0,0
C019851,Treatment,1067.89,1,13,Consumer,South,6.7,0
C019852,Treatment,699.32,6,28,Consumer,North,15.5,1
C019853,Control,2850.45,8,11,SMB,South,7.7,0
C019854,Treatment,833.43,6,17,Consumer,North,14.2,0
C019855,Control,2440.69,4,17,SMB,West,12.7,0
C019856,Control,982.53,7,27,Consumer,South,6.1,0
C019857,Treatment,891.4,3,8,SMB,West,9.5,0
C019858,Treatment,1796.74,11,30,SMB,East,10.0,0
C019859,Treatment,3044.34,3,4,Enterprise,South,5.0,0
C019860,Control,787.54,13,32,Consumer,West,4.0,0
C019861,Control,1105.48,2,4,Consumer,South,6.4,0
C019862,Treatment,799.58,4,12,Consumer,North,5.8,1
C019863,Treatment,3305.92,9,24,SMB,South,0.0,0
C019864,Treatment,1641.85,7,27,Consumer,North,18.7,0
C019865,Treatment,2373.43,14,22,SMB,South,6.8,0
C019866,Control,3982.06,6,33,Enterprise,West,14.8,0
C019867,Treatment,2304.23,4,17,Enterprise,West,11.6,0
C019868,Control,1848.51,1,13,Consumer,South,5.6,1
C019869,Treatment,3291.53,9,19,Consumer,South,12.7,0
C019870,Treatment,1599.64,9,10,Consumer,South,5.1,0
C019871,Control,1277.24,8,27,Enterprise,North,17.7,0
C019872,Treatment,2833.67,10,21,SMB,South,6.0,0
C019873,Treatment,1361.74,4,32,Consumer,South,5.6,1
C019874,Control,1203.63,6,10,Consumer,South,14.4,0
C019875,Control,2069.25,7,18,Enterprise,South,8.7,0
C019876,Treatment,1458.16,10,14,Consumer,East,16.2,0
C019877,Treatment,1395.77,5,5,Consumer,South,5.0,0
C019878,Treatment,1837.69,5,10,SMB,South,18.4,0
C019879,Control,1922.79,4,19,Consumer,West,3.8,0
C019880,Treatment,1227.06,6,9,Consumer,West,11.4,0
C019881,Control,2134.62,1,1,Enterprise,East,5.8,0
C019882,Control,2443.99,2,10,Consumer,South,8.8,0
C019883,Control,2455.29,5,22,Consumer,East,14.8,0
C019884,Control,4192.03,1,19,SMB,East,5.5,0
C019885,Control,3712.56,18,72,Consumer,East,16.9,0
C019886,Control,733.82,1,20,Consumer,East,12.4,0
C019887,Control,1387.88,7,10,SMB,North,0.6,1
C019888,Treatment,2452.88,4,29,Consumer,South,7.4,0
C019889,Control,1909.08,7,28,Consumer,West,9.6,0
C019890,Control,1374.53,8,18,Consumer,North,9.8,0
C019891,Treatment,3082.27,9,4,Enterprise,East,4.5,1
C019892,Treatment,1336.34,4,19,SMB,West,6.2,0
C019893,Treatment,2380.47,5,27,Consumer,North,3.4,0
C019894,Control,2415.34,11,32,Consumer,West,15.9,0
C019895,Treatment,1320.89,5,16,Enterprise,West,1.1,0
C019896,Treatment,2118.08,7,20,SMB,East,1.2,0
C019897,Treatment,1417.27,4,5,Consumer,East,5.2,0
C019898,Treatment,1554.2,8,35,SMB,West,6.4,0
C019899,Control,854.91,4,16,Consumer,North,6.1,0
C019900,Control,1510.93,10,17,Consumer,East,7.9,0
C019901,Control,4032.81,5,39,Enterprise,South,14.2,0
C019902,Control,1325.13,1,16,Consumer,West,5.1,0
C019903,Treatment,1463.54,3,20,Consumer,South,6.3,1
C019904,Control,1579.35,9,11,Consumer,West,12.1,0
C019905,Treatment,952.21,15,34,Consumer,North,16.2,0
C019906,Treatment,5954.49,12,38,Enterprise,South,12.6,1
C019907,Treatment,3455.62,1,5,Consumer,West,0.0,0
C019908,Control,2397.52,9,26,SMB,South,9.3,0
C019909,Treatment,3476.53,3,8,SMB,South,14.9,0
C019910,Control,3247.45,6,36,SMB,East,0.0,0
C019911,Control,5924.38,10,20,SMB,North,9.1,0
C019912,Control,820.58,10,23,SMB,South,7.6,0
C019913,Control,2334.08,7,34,Consumer,South,18.5,0
C019914,Treatment,467.34,6,8,Consumer,West,10.6,0
C019915,Control,1691.68,3,17,Enterprise,North,11.6,0
C019916,Treatment,1428.03,3,7,Consumer,South,14.2,1
C019917,Control,1423.35,4,31,Consumer,West,0.0,0
C019918,Treatment,2162.76,1,6,Consumer,West,11.5,0
C019919,Control,2807.81,1,14,Consumer,East,5.6,0
C019920,Treatment,1951.09,3,12,Consumer,South,3.9,0
C019921,Control,5139.29,4,39,Consumer,West,7.1,0
C019922,Treatment,1156.87,19,45,Consumer,West,8.0,0
C019923,Treatment,1465.93,5,27,SMB,West,10.5,1
C019924,Treatment,1587.81,7,22,Enterprise,East,12.9,0
C019925,Control,1818.91,4,6,Consumer,East,15.9,0
C019926,Treatment,4388.87,1,16,Enterprise,West,5.4,0
C019927,Treatment,884.71,9,30,Consumer,West,8.9,0
C019928,Treatment,1028.48,3,16,Consumer,East,0.0,0
C019929,Treatment,1515.96,7,22,Consumer,North,5.0,0
C019930,Treatment,980.1,2,2,Consumer,West,10.9,0
C019931,Treatment,2000.77,2,9,Enterprise,South,12.5,0
C019932,Treatment,1446.31,5,27,Consumer,North,21.2,0
C019933,Control,1180.93,7,6,SMB,North,8.0,0
C019934,Control,3031.66,8,9,SMB,South,5.4,1
C019935,Treatment,2869.37,4,3,Consumer,South,8.4,0
C019936,Treatment,926.98,6,18,Consumer,South,8.1,1
C019937,Control,1449.42,1,9,Consumer,East,4.3,0
C019938,Control,2290.76,11,42,Consumer,West,11.1,0
C019939,Control,1472.11,5,24,SMB,North,2.9,0
C019940,Control,777.64,1,24,Consumer,North,11.1,0
C019941,Treatment,2414.29,2,8,Enterprise,South,9.7,0
C019942,Treatment,1575.02,5,19,SMB,West,10.4,0
C019943,Control,1155.26,5,5,Consumer,South,12.1,0
C019944,Control,1719.43,4,10,Consumer,North,15.7,0
C019945,Control,3232.16,11,50,Consumer,North,9.3,0
C019946,Treatment,4322.84,3,7,Consumer,North,9.2,0
C019947,Treatment,1646.22,7,15,Consumer,East,10.6,0
C019948,Control,1267.23,1,13,Consumer,East,7.5,0
C019949,Control,1812.56,9,36,Enterprise,South,14.2,1
C019950,Treatment,1910.83,6,7,Consumer,South,3.0,0
C019951,Treatment,1588.89,6,20,Consumer,East,11.0,0
C019952,Treatment,1217.63,2,3,Consumer,West,7.7,0
C019953,Control,1497.06,5,22,Consumer,East,11.6,1
C019954,Treatment,822.65,3,34,Consumer,West,5.4,0
C019955,Treatment,603.06,5,16,Consumer,West,18.8,0
C019956,Treatment,2707.21,2,19,Consumer,South,11.9,0
C019957,Control,1151.9,6,21,Enterprise,North,7.7,0
C019958,Control,693.46,2,9,Consumer,East,10.0,0
C019959,Control,897.77,10,14,Consumer,North,9.6,0
C019960,Treatment,1784.18,2,8,Consumer,South,11.3,0
C019961,Treatment,4102.38,1,22,Consumer,East,9.2,0
C019962,Control,2376.73,3,8,Enterprise,South,14.3,0
C019963,Treatment,1252.76,1,14,Consumer,South,0.0,0
C019964,Treatment,4644.74,4,7,Enterprise,South,6.1,0
C019965,Control,959.68,7,13,Consumer,South,9.3,0
C019966,Treatment,2015.9,1,8,Consumer,North,2.7,0
C019967,Treatment,2337.61,4,6,SMB,South,11.0,0
C019968,Control,1127.23,6,20,Consumer,North,13.1,0
C019969,Treatment,2073.46,4,27,SMB,West,17.6,0
C019970,Control,2220.19,8,39,Consumer,South,13.3,0
C019971,Treatment,1108.06,8,9,Consumer,West,11.3,0
C019972,Treatment,1352.05,4,13,Consumer,West,11.9,0
C019973,Treatment,2125.55,6,25,Consumer,South,7.2,0
C019974,Treatment,3017.38,5,16,SMB,South,6.6,1
C019975,Control,799.21,6,29,Consumer,West,9.3,0
C019976,Control,1496.39,5,19,Consumer,North,11.8,0
C019977,Treatment,1200.96,5,10,Consumer,South,5.1,0
C019978,Control,2665.79,4,12,Consumer,South,13.3,1
C019979,Treatment,1468.12,13,16,Consumer,West,10.7,0
C019980,Control,1236.82,8,10,Consumer,West,10.7,0
C019981,Control,2363.46,3,9,Consumer,East,5.7,0
C019982,Treatment,1109.77,7,25,Consumer,South,10.1,0
C019983,Treatment,1798.11,2,21,Consumer,South,15.3,1
C019984,Treatment,1948.0,1,1,Enterprise,South,13.6,0
C019985,Treatment,4088.65,10,41,Consumer,East,10.7,0
C019986,Control,914.99,6,9,Consumer,West,6.0,0
C019987,Treatment,1923.57,8,27,Consumer,South,7.4,0
C019988,Treatment,2157.0,5,16,SMB,South,9.0,0
C019989,Treatment,1653.76,5,23,Consumer,North,7.6,0
C019990,Control,3307.57,2,21,SMB,East,13.1,0
C019991,Treatment,1908.11,1,10,Consumer,West,1.2,0
C019992,Control,1545.64,2,9,Consumer,South,5.6,0
C019993,Treatment,2724.25,4,6,SMB,South,9.8,0
C019994,Control,1576.91,11,22,Consumer,West,4.5,0
C019995,Treatment,1009.15,5,29,Consumer,North,4.4,0
C019996,Treatment,1566.48,4,10,Consumer,West,12.3,0
C019997,Treatment,5184.61,11,20,Consumer,West,6.9,0
C019998,Treatment,1914.12,2,6,Consumer,West,4.0,1
C019999,Treatment,1200.4,9,22,Consumer,South,6.4,0
C020000,Control,579.26,1,6,Consumer,East,6.0,0
